  0
SECTION
  2
HEADER
  9
$ANGBASE
  50
0.0
  9
$ANGDIR
  70
1
  9
$MEASUREMENT
  70
1
  9
$INSUNITS
  70
4
  0
ENDSEC
  0
SECTION
  2
TABLES
  0
TABLE
  2
LTYPE
  70
4
  0
LTYPE
  5
40F
  2
CONTINUOUS
  70
0
  3
Solid line
  72
65
  73
0
  40
0.0
  0
LTYPE
  5
410
  2
DASHDOT
 70
0
  3
Dash Dot ____ _ ____ _
 72
65
 73
4
 40
2.0
 49
1.25
 49
-0.25
 49
0.25
 49
-0.25
  0
LTYPE
  5
411
  2
DASHED
 70
0
  3
Dashed __ __ __ __ __
 72
65
 73
2
 40
0.75
 49
0.5
 49
-0.25
  0
LTYPE
  5
43B
  2
DOTTED
 70
0
  3
Dotted .  .  .  .
 72
65
 73
2
 40
0.2
 49
0.0
 49
-0.2
  0
ENDTAB
  0
TABLE
  2
STYLE
  70
4
  0
STYLE
  2
KICAD
  70
0
  40
0
  41
1
  42
1
  50
0
  71
0
  3
isocp.shx
  0
STYLE
  2
KICADB
  70
0
  40
0
  41
1
  42
1
  50
0
  71
0
  3
isocp.shx
  0
STYLE
  2
KICADI
  70
0
  40
0
  41
1
  42
1
  50
15
  71
0
  3
isocp.shx
  0
STYLE
  2
KICADBI
  70
0
  40
0
  41
1
  42
1
  50
15
  71
0
  3
isocp.shx
  0
ENDTAB
  0
TABLE
  2
LAYER
  70
1
  0
LAYER
  2
BLACK
  70
0
  62
250
  6
CONTINUOUS
  0
ENDTAB
  0
ENDSEC
  0
SECTION
  2
ENTITIES
0
LINE
8
BLACK
6
CONTINUOUS
10
61.1999999999999957
20
-45.6000000000000014
11
145.9000000000000057
21
-45.6000000000000014
0
LINE
8
BLACK
6
CONTINUOUS
10
145.9000000000000057
20
-45.6000000000000014
11
145.9000000000000057
21
-87.5
0
LINE
8
BLACK
6
CONTINUOUS
10
145.9000000000000057
20
-87.5
11
61.1999999999999957
21
-87.5
0
LINE
8
BLACK
6
CONTINUOUS
10
61.1999999999999957
20
-87.5
11
61.1999999999999957
21
-45.6000000000000014
0
LINE
8
BLACK
6
CONTINUOUS
10
62.3499999999999943
20
-54.0499999999999972
11
62.6499999999999986
21
-54.3499999999999943
0
LINE
8
BLACK
6
CONTINUOUS
10
62.6499999999999986
20
-54.0499999999999972
11
62.3499999999999943
21
-54.3499999999999943
0
LINE
8
BLACK
6
CONTINUOUS
10
62.3499999999999943
20
-59.1933140000000009
11
62.6499999999999986
21
-59.493313999999998
0
LINE
8
BLACK
6
CONTINUOUS
10
62.6499999999999986
20
-59.1933140000000009
11
62.3499999999999943
21
-59.493313999999998
0
LINE
8
BLACK
6
CONTINUOUS
10
62.3499999999999943
20
-64.25
11
62.6499999999999986
21
-64.5499999999999972
0
LINE
8
BLACK
6
CONTINUOUS
10
62.6499999999999986
20
-64.25
11
62.3499999999999943
21
-64.5499999999999972
0
LINE
8
BLACK
6
CONTINUOUS
10
62.3499999999999943
20
-68.3499999999999943
11
62.6499999999999986
21
-68.6499999999999915
0
LINE
8
BLACK
6
CONTINUOUS
10
62.6499999999999986
20
-68.3499999999999943
11
62.3499999999999943
21
-68.6499999999999915
0
LINE
8
BLACK
6
CONTINUOUS
10
62.3499999999999943
20
-74.1697839999999928
11
62.6499999999999986
21
-74.46978399999999
0
LINE
8
BLACK
6
CONTINUOUS
10
62.6499999999999986
20
-74.1697839999999928
11
62.3499999999999943
21
-74.46978399999999
0
LINE
8
BLACK
6
CONTINUOUS
10
62.3499999999999943
20
-78.8499999999999943
11
62.6499999999999986
21
-79.1499999999999915
0
LINE
8
BLACK
6
CONTINUOUS
10
62.6499999999999986
20
-78.8499999999999943
11
62.3499999999999943
21
-79.1499999999999915
0
LINE
8
BLACK
6
CONTINUOUS
10
68.2540049999999923
20
-57.3499999999999943
11
68.5540050000000036
21
-57.6499999999999986
0
LINE
8
BLACK
6
CONTINUOUS
10
68.5540050000000036
20
-57.3499999999999943
11
68.2540049999999923
21
-57.6499999999999986
0
LINE
8
BLACK
6
CONTINUOUS
10
68.75
20
-86.0499999999999972
11
69.0499999999999972
21
-86.3499999999999943
0
LINE
8
BLACK
6
CONTINUOUS
10
69.0499999999999972
20
-86.0499999999999972
11
68.75
21
-86.3499999999999943
0
LINE
8
BLACK
6
CONTINUOUS
10
70.0499999999999972
20
-78.9500000000000028
11
70.3499999999999943
21
-79.25
0
LINE
8
BLACK
6
CONTINUOUS
10
70.3499999999999943
20
-78.9500000000000028
11
70.0499999999999972
21
-79.25
0
LINE
8
BLACK
6
CONTINUOUS
10
70.1499999999999915
20
-46.75
11
70.4500000000000028
21
-47.0499999999999972
0
LINE
8
BLACK
6
CONTINUOUS
10
70.4500000000000028
20
-46.75
11
70.1499999999999915
21
-47.0499999999999972
0
LINE
8
BLACK
6
CONTINUOUS
10
70.5499999999999972
20
-73.1499999999999915
11
70.8499999999999943
21
-73.4500000000000028
0
LINE
8
BLACK
6
CONTINUOUS
10
70.8499999999999943
20
-73.1499999999999915
11
70.5499999999999972
21
-73.4500000000000028
0
LINE
8
BLACK
6
CONTINUOUS
10
71.25
20
-65.6499999999999915
11
71.5499999999999972
21
-65.9500000000000028
0
LINE
8
BLACK
6
CONTINUOUS
10
71.5499999999999972
20
-65.6499999999999915
11
71.25
21
-65.9500000000000028
0
LINE
8
BLACK
6
CONTINUOUS
10
73.9500000000000028
20
-68.4500000000000028
11
74.25
21
-68.75
0
LINE
8
BLACK
6
CONTINUOUS
10
74.25
20
-68.4500000000000028
11
73.9500000000000028
21
-68.75
0
LINE
8
BLACK
6
CONTINUOUS
10
74.8499999999999943
20
-86.0499999999999972
11
75.1499999999999915
21
-86.3499999999999943
0
LINE
8
BLACK
6
CONTINUOUS
10
75.1499999999999915
20
-86.0499999999999972
11
74.8499999999999943
21
-86.3499999999999943
0
LINE
8
BLACK
6
CONTINUOUS
10
75.25
20
-46.75
11
75.5499999999999972
21
-47.0499999999999972
0
LINE
8
BLACK
6
CONTINUOUS
10
75.5499999999999972
20
-46.75
11
75.25
21
-47.0499999999999972
0
LINE
8
BLACK
6
CONTINUOUS
10
76.3499999999999943
20
-67.25
11
76.6499999999999915
21
-67.5499999999999972
0
LINE
8
BLACK
6
CONTINUOUS
10
76.6499999999999915
20
-67.25
11
76.3499999999999943
21
-67.5499999999999972
0
LINE
8
BLACK
6
CONTINUOUS
10
76.6499999999999915
20
-60.25
11
76.9500000000000028
21
-60.5499999999999972
0
LINE
8
BLACK
6
CONTINUOUS
10
76.9500000000000028
20
-60.25
11
76.6499999999999915
21
-60.5499999999999972
0
LINE
8
BLACK
6
CONTINUOUS
10
76.8499999999999943
20
-68.0499999999999972
11
77.1499999999999915
21
-68.3499999999999943
0
LINE
8
BLACK
6
CONTINUOUS
10
77.1499999999999915
20
-68.0499999999999972
11
76.8499999999999943
21
-68.3499999999999943
0
LINE
8
BLACK
6
CONTINUOUS
10
78.5499999999999972
20
-67.25
11
78.8499999999999943
21
-67.5499999999999972
0
LINE
8
BLACK
6
CONTINUOUS
10
78.8499999999999943
20
-67.25
11
78.5499999999999972
21
-67.5499999999999972
0
LINE
8
BLACK
6
CONTINUOUS
10
80.1499999999999915
20
-46.75
11
80.4500000000000028
21
-47.0499999999999972
0
LINE
8
BLACK
6
CONTINUOUS
10
80.4500000000000028
20
-46.75
11
80.1499999999999915
21
-47.0499999999999972
0
LINE
8
BLACK
6
CONTINUOUS
10
80.25
20
-72.5499999999999972
11
80.5499999999999972
21
-72.8499999999999943
0
LINE
8
BLACK
6
CONTINUOUS
10
80.5499999999999972
20
-72.5499999999999972
11
80.25
21
-72.8499999999999943
0
LINE
8
BLACK
6
CONTINUOUS
10
81.5499999999999972
20
-68.3499999999999943
11
81.8499999999999943
21
-68.6499999999999915
0
LINE
8
BLACK
6
CONTINUOUS
10
81.8499999999999943
20
-68.3499999999999943
11
81.5499999999999972
21
-68.6499999999999915
0
LINE
8
BLACK
6
CONTINUOUS
10
81.8499999999999943
20
-86.0499999999999972
11
82.1499999999999915
21
-86.3499999999999943
0
LINE
8
BLACK
6
CONTINUOUS
10
82.1499999999999915
20
-86.0499999999999972
11
81.8499999999999943
21
-86.3499999999999943
0
LINE
8
BLACK
6
CONTINUOUS
10
82.25
20
-72.6499999999999915
11
82.5499999999999972
21
-72.9500000000000028
0
LINE
8
BLACK
6
CONTINUOUS
10
82.5499999999999972
20
-72.6499999999999915
11
82.25
21
-72.9500000000000028
0
LINE
8
BLACK
6
CONTINUOUS
10
82.3499999999999943
20
-63.8499999999999943
11
82.6499999999999915
21
-64.1499999999999915
0
LINE
8
BLACK
6
CONTINUOUS
10
82.6499999999999915
20
-63.8499999999999943
11
82.3499999999999943
21
-64.1499999999999915
0
LINE
8
BLACK
6
CONTINUOUS
10
83.7000000000000028
20
-59.5319999999999965
11
84.
21
-59.8320000000000007
0
LINE
8
BLACK
6
CONTINUOUS
10
84.
20
-59.5319999999999965
11
83.7000000000000028
21
-59.8320000000000007
0
LINE
8
BLACK
6
CONTINUOUS
10
85.0499999999999972
20
-46.75
11
85.3499999999999943
21
-47.0499999999999972
0
LINE
8
BLACK
6
CONTINUOUS
10
85.3499999999999943
20
-46.75
11
85.0499999999999972
21
-47.0499999999999972
0
LINE
8
BLACK
6
CONTINUOUS
10
85.25
20
-70.3499999999999943
11
85.5499999999999972
21
-70.6499999999999915
0
LINE
8
BLACK
6
CONTINUOUS
10
85.5499999999999972
20
-70.3499999999999943
11
85.25
21
-70.6499999999999915
0
LINE
8
BLACK
6
CONTINUOUS
10
87.0499999999999972
20
-77.0499999999999972
11
87.3499999999999943
21
-77.3499999999999943
0
LINE
8
BLACK
6
CONTINUOUS
10
87.3499999999999943
20
-77.0499999999999972
11
87.0499999999999972
21
-77.3499999999999943
0
LINE
8
BLACK
6
CONTINUOUS
10
87.9500000000000028
20
-52.4499999999999957
11
88.25
21
-52.75
0
LINE
8
BLACK
6
CONTINUOUS
10
88.25
20
-52.4499999999999957
11
87.9500000000000028
21
-52.75
0
LINE
8
BLACK
6
CONTINUOUS
10
88.7693909999999988
20
-86.0499999999999972
11
89.069390999999996
21
-86.3499999999999943
0
LINE
8
BLACK
6
CONTINUOUS
10
89.069390999999996
20
-86.0499999999999972
11
88.7693909999999988
21
-86.3499999999999943
0
LINE
8
BLACK
6
CONTINUOUS
10
90.25
20
-46.75
11
90.5499999999999972
21
-47.0499999999999972
0
LINE
8
BLACK
6
CONTINUOUS
10
90.5499999999999972
20
-46.75
11
90.25
21
-47.0499999999999972
0
LINE
8
BLACK
6
CONTINUOUS
10
93.4198229999999938
20
-70.3964469999999949
11
93.719822999999991
21
-70.696446999999992
0
LINE
8
BLACK
6
CONTINUOUS
10
93.719822999999991
20
-70.3964469999999949
11
93.4198229999999938
21
-70.696446999999992
0
LINE
8
BLACK
6
CONTINUOUS
10
94.4499999999999886
20
-79.3499999999999943
11
94.75
21
-79.6499999999999915
0
LINE
8
BLACK
6
CONTINUOUS
10
94.75
20
-79.3499999999999943
11
94.4499999999999886
21
-79.6499999999999915
0
LINE
8
BLACK
6
CONTINUOUS
10
94.5499999999999972
20
-71.6499999999999915
11
94.8499999999999943
21
-71.9500000000000028
0
LINE
8
BLACK
6
CONTINUOUS
10
94.8499999999999943
20
-71.6499999999999915
11
94.5499999999999972
21
-71.9500000000000028
0
LINE
8
BLACK
6
CONTINUOUS
10
94.8198229999999995
20
-63.1964469999999992
11
95.1198229999999967
21
-63.4964469999999963
0
LINE
8
BLACK
6
CONTINUOUS
10
95.1198229999999967
20
-63.1964469999999992
11
94.8198229999999995
21
-63.4964469999999963
0
LINE
8
BLACK
6
CONTINUOUS
10
94.9242939999999891
20
-86.0499999999999972
11
95.2242940000000004
21
-86.3499999999999943
0
LINE
8
BLACK
6
CONTINUOUS
10
95.2242940000000004
20
-86.0499999999999972
11
94.9242939999999891
21
-86.3499999999999943
0
LINE
8
BLACK
6
CONTINUOUS
10
95.3499999999999943
20
-46.75
11
95.6499999999999915
21
-47.0499999999999972
0
LINE
8
BLACK
6
CONTINUOUS
10
95.6499999999999915
20
-46.75
11
95.3499999999999943
21
-47.0499999999999972
0
LINE
8
BLACK
6
CONTINUOUS
10
95.6198229999999967
20
-72.696446999999992
11
95.9198229999999938
21
-72.9964470000000034
0
LINE
8
BLACK
6
CONTINUOUS
10
95.9198229999999938
20
-72.696446999999992
11
95.6198229999999967
21
-72.9964470000000034
0
LINE
8
BLACK
6
CONTINUOUS
10
96.25
20
-68.0499999999999972
11
96.5499999999999972
21
-68.3499999999999943
0
LINE
8
BLACK
6
CONTINUOUS
10
96.5499999999999972
20
-68.0499999999999972
11
96.25
21
-68.3499999999999943
0
LINE
8
BLACK
6
CONTINUOUS
10
96.4499999999999886
20
-75.3499999999999943
11
96.75
21
-75.6499999999999915
0
LINE
8
BLACK
6
CONTINUOUS
10
96.75
20
-75.3499999999999943
11
96.4499999999999886
21
-75.6499999999999915
0
LINE
8
BLACK
6
CONTINUOUS
10
96.8499999999999943
20
-56.75
11
97.1499999999999915
21
-57.0499999999999972
0
LINE
8
BLACK
6
CONTINUOUS
10
97.1499999999999915
20
-56.75
11
96.8499999999999943
21
-57.0499999999999972
0
LINE
8
BLACK
6
CONTINUOUS
10
96.9510889999999961
20
-71.3651799999999952
11
97.2510889999999932
21
-71.6651799999999923
0
LINE
8
BLACK
6
CONTINUOUS
10
97.2510889999999932
20
-71.3651799999999952
11
96.9510889999999961
21
-71.6651799999999923
0
LINE
8
BLACK
6
CONTINUOUS
10
97.9198229999999938
20
-66.0964469999999977
11
98.219822999999991
21
-66.3964469999999949
0
LINE
8
BLACK
6
CONTINUOUS
10
98.219822999999991
20
-66.0964469999999977
11
97.9198229999999938
21
-66.3964469999999949
0
LINE
8
BLACK
6
CONTINUOUS
10
100.5081349999999958
20
-68.3169919999999991
11
100.8081349999999929
21
-68.6169919999999962
0
LINE
8
BLACK
6
CONTINUOUS
10
100.8081349999999929
20
-68.3169919999999991
11
100.5081349999999958
21
-68.6169919999999962
0
LINE
8
BLACK
6
CONTINUOUS
10
100.9499999999999886
20
-46.75
11
101.25
21
-47.0499999999999972
0
LINE
8
BLACK
6
CONTINUOUS
10
101.25
20
-46.75
11
100.9499999999999886
21
-47.0499999999999972
0
LINE
8
BLACK
6
CONTINUOUS
10
101.2506130000000013
20
-86.0499999999999972
11
101.5506129999999985
21
-86.3499999999999943
0
LINE
8
BLACK
6
CONTINUOUS
10
101.5506129999999985
20
-86.0499999999999972
11
101.2506130000000013
21
-86.3499999999999943
0
LINE
8
BLACK
6
CONTINUOUS
10
101.8499999999999943
20
-75.4500000000000028
11
102.1499999999999915
21
-75.75
0
LINE
8
BLACK
6
CONTINUOUS
10
102.1499999999999915
20
-75.4500000000000028
11
101.8499999999999943
21
-75.75
0
LINE
8
BLACK
6
CONTINUOUS
10
102.4499999999999886
20
-63.9499999999999957
11
102.75
21
-64.25
0
LINE
8
BLACK
6
CONTINUOUS
10
102.75
20
-63.9499999999999957
11
102.4499999999999886
21
-64.25
0
LINE
8
BLACK
6
CONTINUOUS
10
102.4499999999999886
20
-65.25
11
102.75
21
-65.5499999999999972
0
LINE
8
BLACK
6
CONTINUOUS
10
102.75
20
-65.25
11
102.4499999999999886
21
-65.5499999999999972
0
LINE
8
BLACK
6
CONTINUOUS
10
102.9499999999999886
20
-63.4499999999999957
11
103.25
21
-63.75
0
LINE
8
BLACK
6
CONTINUOUS
10
103.25
20
-63.4499999999999957
11
102.9499999999999886
21
-63.75
0
LINE
8
BLACK
6
CONTINUOUS
10
105.0198229999999882
20
-63.9964469999999963
11
105.3198229999999995
21
-64.2964470000000006
0
LINE
8
BLACK
6
CONTINUOUS
10
105.3198229999999995
20
-63.9964469999999963
11
105.0198229999999882
21
-64.2964470000000006
0
LINE
8
BLACK
6
CONTINUOUS
10
105.6198229999999967
20
-71.8964469999999949
11
105.9198229999999938
21
-72.196446999999992
0
LINE
8
BLACK
6
CONTINUOUS
10
105.9198229999999938
20
-71.8964469999999949
11
105.6198229999999967
21
-72.196446999999992
0
LINE
8
BLACK
6
CONTINUOUS
10
105.8198229999999995
20
-64.696446999999992
11
106.1198229999999967
21
-64.9964470000000034
0
LINE
8
BLACK
6
CONTINUOUS
10
106.1198229999999967
20
-64.696446999999992
11
105.8198229999999995
21
-64.9964470000000034
0
LINE
8
BLACK
6
CONTINUOUS
10
105.8499999999999943
20
-77.9500000000000028
11
106.1499999999999915
21
-78.25
0
LINE
8
BLACK
6
CONTINUOUS
10
106.1499999999999915
20
-77.9500000000000028
11
105.8499999999999943
21
-78.25
0
LINE
8
BLACK
6
CONTINUOUS
10
106.5198229999999882
20
-70.9964470000000034
11
106.8198229999999995
21
-71.2964470000000006
0
LINE
8
BLACK
6
CONTINUOUS
10
106.8198229999999995
20
-70.9964470000000034
11
106.5198229999999882
21
-71.2964470000000006
0
LINE
8
BLACK
6
CONTINUOUS
10
106.75
20
-51.75
11
107.0499999999999972
21
-52.0499999999999972
0
LINE
8
BLACK
6
CONTINUOUS
10
107.0499999999999972
20
-51.75
11
106.75
21
-52.0499999999999972
0
LINE
8
BLACK
6
CONTINUOUS
10
106.8676969999999926
20
-72.7513029999999929
11
107.1676969999999898
21
-73.0513029999999901
0
LINE
8
BLACK
6
CONTINUOUS
10
107.1676969999999898
20
-72.7513029999999929
11
106.8676969999999926
21
-73.0513029999999901
0
LINE
8
BLACK
6
CONTINUOUS
10
106.9499999999999886
20
-46.75
11
107.25
21
-47.0499999999999972
0
LINE
8
BLACK
6
CONTINUOUS
10
107.25
20
-46.75
11
106.9499999999999886
21
-47.0499999999999972
0
LINE
8
BLACK
6
CONTINUOUS
10
106.9499999999999886
20
-86.0499999999999972
11
107.25
21
-86.3499999999999943
0
LINE
8
BLACK
6
CONTINUOUS
10
107.25
20
-86.0499999999999972
11
106.9499999999999886
21
-86.3499999999999943
0
LINE
8
BLACK
6
CONTINUOUS
10
107.4198229999999938
20
-70.0964469999999977
11
107.719822999999991
21
-70.3964469999999949
0
LINE
8
BLACK
6
CONTINUOUS
10
107.719822999999991
20
-70.0964469999999977
11
107.4198229999999938
21
-70.3964469999999949
0
LINE
8
BLACK
6
CONTINUOUS
10
108.4676970000000011
20
-71.1513029999999986
11
108.7676969999999983
21
-71.4513029999999958
0
LINE
8
BLACK
6
CONTINUOUS
10
108.7676969999999983
20
-71.1513029999999986
11
108.4676970000000011
21
-71.4513029999999958
0
LINE
8
BLACK
6
CONTINUOUS
10
108.6499999999999915
20
-57.6499999999999986
11
108.9499999999999886
21
-57.9499999999999957
0
LINE
8
BLACK
6
CONTINUOUS
10
108.9499999999999886
20
-57.6499999999999986
11
108.6499999999999915
21
-57.9499999999999957
0
LINE
8
BLACK
6
CONTINUOUS
10
111.8803999999999945
20
-60.9350009999999997
11
112.1803999999999917
21
-61.2350009999999969
0
LINE
8
BLACK
6
CONTINUOUS
10
112.1803999999999917
20
-60.9350009999999997
11
111.8803999999999945
21
-61.2350009999999969
0
LINE
8
BLACK
6
CONTINUOUS
10
112.0553999999999917
20
-68.7000000000000028
11
112.3553999999999888
21
-69.
0
LINE
8
BLACK
6
CONTINUOUS
10
112.3553999999999888
20
-68.7000000000000028
11
112.0553999999999917
21
-69.
0
LINE
8
BLACK
6
CONTINUOUS
10
112.3499999999999943
20
-86.0499999999999972
11
112.6499999999999915
21
-86.3499999999999943
0
LINE
8
BLACK
6
CONTINUOUS
10
112.6499999999999915
20
-86.0499999999999972
11
112.3499999999999943
21
-86.3499999999999943
0
LINE
8
BLACK
6
CONTINUOUS
10
112.4499999999999886
20
-46.75
11
112.75
21
-47.0499999999999972
0
LINE
8
BLACK
6
CONTINUOUS
10
112.75
20
-46.75
11
112.4499999999999886
21
-47.0499999999999972
0
LINE
8
BLACK
6
CONTINUOUS
10
112.7804000000000002
20
-50.3350009999999983
11
113.0803999999999974
21
-50.6350009999999955
0
LINE
8
BLACK
6
CONTINUOUS
10
113.0803999999999974
20
-50.3350009999999983
11
112.7804000000000002
21
-50.6350009999999955
0
LINE
8
BLACK
6
CONTINUOUS
10
113.4499999999999886
20
-55.0499999999999972
11
113.75
21
-55.3499999999999943
0
LINE
8
BLACK
6
CONTINUOUS
10
113.75
20
-55.0499999999999972
11
113.4499999999999886
21
-55.3499999999999943
0
LINE
8
BLACK
6
CONTINUOUS
10
113.4553999999999974
20
-65.0999999999999943
11
113.7553999999999945
21
-65.3999999999999915
0
LINE
8
BLACK
6
CONTINUOUS
10
113.7553999999999945
20
-65.0999999999999943
11
113.4553999999999974
21
-65.3999999999999915
0
LINE
8
BLACK
6
CONTINUOUS
10
113.9803999999999888
20
-52.3350009999999983
11
114.2804000000000002
21
-52.6350009999999955
0
LINE
8
BLACK
6
CONTINUOUS
10
114.2804000000000002
20
-52.3350009999999983
11
113.9803999999999888
21
-52.6350009999999955
0
LINE
8
BLACK
6
CONTINUOUS
10
114.5803999999999974
20
-61.2350009999999969
11
114.8803999999999945
21
-61.5350009999999941
0
LINE
8
BLACK
6
CONTINUOUS
10
114.8803999999999945
20
-61.2350009999999969
11
114.5803999999999974
21
-61.5350009999999941
0
LINE
8
BLACK
6
CONTINUOUS
10
115.0499999999999972
20
-72.8499999999999943
11
115.3499999999999943
21
-73.1499999999999915
0
LINE
8
BLACK
6
CONTINUOUS
10
115.3499999999999943
20
-72.8499999999999943
11
115.0499999999999972
21
-73.1499999999999915
0
LINE
8
BLACK
6
CONTINUOUS
10
115.0803999999999974
20
-48.8350009999999983
11
115.3803999999999945
21
-49.1350009999999955
0
LINE
8
BLACK
6
CONTINUOUS
10
115.3803999999999945
20
-48.8350009999999983
11
115.0803999999999974
21
-49.1350009999999955
0
LINE
8
BLACK
6
CONTINUOUS
10
115.0803999999999974
20
-59.5350009999999941
11
115.3803999999999945
21
-59.8350009999999983
0
LINE
8
BLACK
6
CONTINUOUS
10
115.3803999999999945
20
-59.5350009999999941
11
115.0803999999999974
21
-59.8350009999999983
0
LINE
8
BLACK
6
CONTINUOUS
10
115.8499999999999943
20
-67.25
11
116.1499999999999915
21
-67.5499999999999972
0
LINE
8
BLACK
6
CONTINUOUS
10
116.1499999999999915
20
-67.25
11
115.8499999999999943
21
-67.5499999999999972
0
LINE
8
BLACK
6
CONTINUOUS
10
115.8553999999999888
20
-64.2000000000000028
11
116.1554000000000002
21
-64.5
0
LINE
8
BLACK
6
CONTINUOUS
10
116.1554000000000002
20
-64.2000000000000028
11
115.8553999999999888
21
-64.5
0
LINE
8
BLACK
6
CONTINUOUS
10
116.6499999999999915
20
-66.7879999999999967
11
116.9499999999999886
21
-67.0879999999999939
0
LINE
8
BLACK
6
CONTINUOUS
10
116.9499999999999886
20
-66.7879999999999967
11
116.6499999999999915
21
-67.0879999999999939
0
LINE
8
BLACK
6
CONTINUOUS
10
116.6499999999999915
20
-68.9879999999999995
11
116.9499999999999886
21
-69.2879999999999967
0
LINE
8
BLACK
6
CONTINUOUS
10
116.9499999999999886
20
-68.9879999999999995
11
116.6499999999999915
21
-69.2879999999999967
0
LINE
8
BLACK
6
CONTINUOUS
10
118.3499999999999943
20
-46.75
11
118.6499999999999915
21
-47.0499999999999972
0
LINE
8
BLACK
6
CONTINUOUS
10
118.6499999999999915
20
-46.75
11
118.3499999999999943
21
-47.0499999999999972
0
LINE
8
BLACK
6
CONTINUOUS
10
119.3553999999999888
20
-63.1999999999999957
11
119.6554000000000002
21
-63.5
0
LINE
8
BLACK
6
CONTINUOUS
10
119.6554000000000002
20
-63.1999999999999957
11
119.3553999999999888
21
-63.5
0
LINE
8
BLACK
6
CONTINUOUS
10
119.3553999999999888
20
-72.3999999999999915
11
119.6554000000000002
21
-72.7000000000000028
0
LINE
8
BLACK
6
CONTINUOUS
10
119.6554000000000002
20
-72.3999999999999915
11
119.3553999999999888
21
-72.7000000000000028
0
LINE
8
BLACK
6
CONTINUOUS
10
119.4499999999999886
20
-52.25
11
119.75
21
-52.5499999999999972
0
LINE
8
BLACK
6
CONTINUOUS
10
119.75
20
-52.25
11
119.4499999999999886
21
-52.5499999999999972
0
LINE
8
BLACK
6
CONTINUOUS
10
120.9803999999999888
20
-52.1350009999999955
11
121.2804000000000002
21
-52.4350009999999997
0
LINE
8
BLACK
6
CONTINUOUS
10
121.2804000000000002
20
-52.1350009999999955
11
120.9803999999999888
21
-52.4350009999999997
0
LINE
8
BLACK
6
CONTINUOUS
10
122.25
20
-76.0499999999999972
11
122.5499999999999972
21
-76.3499999999999943
0
LINE
8
BLACK
6
CONTINUOUS
10
122.5499999999999972
20
-76.0499999999999972
11
122.25
21
-76.3499999999999943
0
LINE
8
BLACK
6
CONTINUOUS
10
122.75
20
-50.25
11
123.0499999999999972
21
-50.5499999999999972
0
LINE
8
BLACK
6
CONTINUOUS
10
123.0499999999999972
20
-50.25
11
122.75
21
-50.5499999999999972
0
LINE
8
BLACK
6
CONTINUOUS
10
122.75
20
-81.0499999999999972
11
123.0499999999999972
21
-81.3499999999999943
0
LINE
8
BLACK
6
CONTINUOUS
10
123.0499999999999972
20
-81.0499999999999972
11
122.75
21
-81.3499999999999943
0
LINE
8
BLACK
6
CONTINUOUS
10
123.8803999999999945
20
-60.5350009999999941
11
124.1803999999999917
21
-60.8350009999999983
0
LINE
8
BLACK
6
CONTINUOUS
10
124.1803999999999917
20
-60.5350009999999941
11
123.8803999999999945
21
-60.8350009999999983
0
LINE
8
BLACK
6
CONTINUOUS
10
124.3499999999999943
20
-46.75
11
124.6499999999999915
21
-47.0499999999999972
0
LINE
8
BLACK
6
CONTINUOUS
10
124.6499999999999915
20
-46.75
11
124.3499999999999943
21
-47.0499999999999972
0
LINE
8
BLACK
6
CONTINUOUS
10
124.4553999999999974
20
-66.
11
124.7553999999999945
21
-66.2999999999999972
0
LINE
8
BLACK
6
CONTINUOUS
10
124.7553999999999945
20
-66.
11
124.4553999999999974
21
-66.2999999999999972
0
LINE
8
BLACK
6
CONTINUOUS
10
124.8499999999999943
20
-70.6499999999999915
11
125.1499999999999915
21
-70.9500000000000028
0
LINE
8
BLACK
6
CONTINUOUS
10
125.1499999999999915
20
-70.6499999999999915
11
124.8499999999999943
21
-70.9500000000000028
0
LINE
8
BLACK
6
CONTINUOUS
10
125.0499999999999972
20
-81.0499999999999972
11
125.3499999999999943
21
-81.3499999999999943
0
LINE
8
BLACK
6
CONTINUOUS
10
125.3499999999999943
20
-81.0499999999999972
11
125.0499999999999972
21
-81.3499999999999943
0
LINE
8
BLACK
6
CONTINUOUS
10
126.9803999999999888
20
-60.2350009999999969
11
127.2804000000000002
21
-60.5350009999999941
0
LINE
8
BLACK
6
CONTINUOUS
10
127.2804000000000002
20
-60.2350009999999969
11
126.9803999999999888
21
-60.5350009999999941
0
LINE
8
BLACK
6
CONTINUOUS
10
128.1500000000000057
20
-62.3499999999999943
11
128.4499999999999886
21
-62.6499999999999986
0
LINE
8
BLACK
6
CONTINUOUS
10
128.4499999999999886
20
-62.3499999999999943
11
128.1500000000000057
21
-62.6499999999999986
0
LINE
8
BLACK
6
CONTINUOUS
10
128.1500000000000057
20
-63.1499999999999986
11
128.4499999999999886
21
-63.4499999999999957
0
LINE
8
BLACK
6
CONTINUOUS
10
128.4499999999999886
20
-63.1499999999999986
11
128.1500000000000057
21
-63.4499999999999957
0
LINE
8
BLACK
6
CONTINUOUS
10
129.5803999999999974
20
-58.4350009999999997
11
129.8803999999999803
21
-58.7350009999999969
0
LINE
8
BLACK
6
CONTINUOUS
10
129.8803999999999803
20
-58.4350009999999997
11
129.5803999999999974
21
-58.7350009999999969
0
LINE
8
BLACK
6
CONTINUOUS
10
129.855400000000003
20
-72.5
11
130.155399999999986
21
-72.7999999999999972
0
LINE
8
BLACK
6
CONTINUOUS
10
130.155399999999986
20
-72.5
11
129.855400000000003
21
-72.7999999999999972
0
LINE
8
BLACK
6
CONTINUOUS
10
129.855400000000003
20
-73.3999999999999915
11
130.155399999999986
21
-73.7000000000000028
0
LINE
8
BLACK
6
CONTINUOUS
10
130.155399999999986
20
-73.3999999999999915
11
129.855400000000003
21
-73.7000000000000028
0
LINE
8
BLACK
6
CONTINUOUS
10
130.25
20
-86.0499999999999972
11
130.5499999999999829
21
-86.3499999999999943
0
LINE
8
BLACK
6
CONTINUOUS
10
130.5499999999999829
20
-86.0499999999999972
11
130.25
21
-86.3499999999999943
0
LINE
8
BLACK
6
CONTINUOUS
10
130.5499999999999829
20
-46.75
11
130.8499999999999943
21
-47.0499999999999972
0
LINE
8
BLACK
6
CONTINUOUS
10
130.8499999999999943
20
-46.75
11
130.5499999999999829
21
-47.0499999999999972
0
LINE
8
BLACK
6
CONTINUOUS
10
131.980400000000003
20
-52.4350009999999997
11
132.280399999999986
21
-52.7350009999999969
0
LINE
8
BLACK
6
CONTINUOUS
10
132.280399999999986
20
-52.4350009999999997
11
131.980400000000003
21
-52.7350009999999969
0
LINE
8
BLACK
6
CONTINUOUS
10
131.980400000000003
20
-53.5350009999999941
11
132.280399999999986
21
-53.8350009999999983
0
LINE
8
BLACK
6
CONTINUOUS
10
132.280399999999986
20
-53.5350009999999941
11
131.980400000000003
21
-53.8350009999999983
0
LINE
8
BLACK
6
CONTINUOUS
10
135.8499999999999943
20
-61.25
11
136.1500000000000057
21
-61.5499999999999972
0
LINE
8
BLACK
6
CONTINUOUS
10
136.1500000000000057
20
-61.25
11
135.8499999999999943
21
-61.5499999999999972
0
LINE
8
BLACK
6
CONTINUOUS
10
136.3499999999999943
20
-76.0499999999999972
11
136.6500000000000057
21
-76.3499999999999943
0
LINE
8
BLACK
6
CONTINUOUS
10
136.6500000000000057
20
-76.0499999999999972
11
136.3499999999999943
21
-76.3499999999999943
0
LINE
8
BLACK
6
CONTINUOUS
10
136.5499999999999829
20
-46.75
11
136.8499999999999943
21
-47.0499999999999972
0
LINE
8
BLACK
6
CONTINUOUS
10
136.8499999999999943
20
-46.75
11
136.5499999999999829
21
-47.0499999999999972
0
LINE
8
BLACK
6
CONTINUOUS
10
136.8499999999999943
20
-53.0499999999999972
11
137.1500000000000057
21
-53.3499999999999943
0
LINE
8
BLACK
6
CONTINUOUS
10
137.1500000000000057
20
-53.0499999999999972
11
136.8499999999999943
21
-53.3499999999999943
0
LINE
8
BLACK
6
CONTINUOUS
10
137.655399999999986
20
-65.5
11
137.9553999999999974
21
-65.7999999999999972
0
LINE
8
BLACK
6
CONTINUOUS
10
137.9553999999999974
20
-65.5
11
137.655399999999986
21
-65.7999999999999972
0
LINE
8
BLACK
6
CONTINUOUS
10
137.655399999999986
20
-66.5
11
137.9553999999999974
21
-66.7999999999999972
0
LINE
8
BLACK
6
CONTINUOUS
10
137.9553999999999974
20
-66.5
11
137.655399999999986
21
-66.7999999999999972
0
LINE
8
BLACK
6
CONTINUOUS
10
138.25
20
-66.0499999999999972
11
138.5499999999999829
21
-66.3499999999999943
0
LINE
8
BLACK
6
CONTINUOUS
10
138.5499999999999829
20
-66.0499999999999972
11
138.25
21
-66.3499999999999943
0
LINE
8
BLACK
6
CONTINUOUS
10
141.0553999999999917
20
-68.7999999999999972
11
141.355400000000003
21
-69.0999999999999943
0
LINE
8
BLACK
6
CONTINUOUS
10
141.355400000000003
20
-68.7999999999999972
11
141.0553999999999917
21
-69.0999999999999943
0
LINE
8
BLACK
6
CONTINUOUS
10
144.4499999999999886
20
-54.1499999999999986
11
144.75
21
-54.4499999999999957
0
LINE
8
BLACK
6
CONTINUOUS
10
144.75
20
-54.1499999999999986
11
144.4499999999999886
21
-54.4499999999999957
0
LINE
8
BLACK
6
CONTINUOUS
10
144.4499999999999886
20
-59.3499999999999943
11
144.75
21
-59.6499999999999986
0
LINE
8
BLACK
6
CONTINUOUS
10
144.75
20
-59.3499999999999943
11
144.4499999999999886
21
-59.6499999999999986
0
LINE
8
BLACK
6
CONTINUOUS
10
144.4499999999999886
20
-66.1499999999999915
11
144.75
21
-66.4500000000000028
0
LINE
8
BLACK
6
CONTINUOUS
10
144.75
20
-66.1499999999999915
11
144.4499999999999886
21
-66.4500000000000028
0
LINE
8
BLACK
6
CONTINUOUS
10
144.4499999999999886
20
-73.3499999999999943
11
144.75
21
-73.6499999999999915
0
LINE
8
BLACK
6
CONTINUOUS
10
144.75
20
-73.3499999999999943
11
144.4499999999999886
21
-73.6499999999999915
0
LINE
8
BLACK
6
CONTINUOUS
10
144.4499999999999886
20
-78.8499999999999943
11
144.75
21
-79.1499999999999915
0
LINE
8
BLACK
6
CONTINUOUS
10
144.75
20
-78.8499999999999943
11
144.4499999999999886
21
-79.1499999999999915
0
CIRCLE
8
BLACK
10
62.8999999999999986
20
-61.9499999999999957
40
0.4
0
CIRCLE
8
BLACK
10
62.8999999999999986
20
-71.0499999999999972
40
0.4
0
CIRCLE
8
BLACK
10
90.8999999999999915
20
-63.8999999999999986
40
0.4
0
CIRCLE
8
BLACK
10
90.8999999999999915
20
-66.0999999999999943
40
0.4
0
CIRCLE
8
BLACK
10
90.8999999999999915
20
-68.2000000000000028
40
0.4
0
CIRCLE
8
BLACK
10
96.3999999999999915
20
-61.6999999999999957
40
0.4
0
CIRCLE
8
BLACK
10
98.5
20
-61.6999999999999957
40
0.4
0
CIRCLE
8
BLACK
10
100.5999999999999943
20
-61.6999999999999957
40
0.4
0
CIRCLE
8
BLACK
10
116.6499999999999915
20
-77.7000000000000028
40
0.4
0
CIRCLE
8
BLACK
10
116.6499999999999915
20
-85.7999999999999972
40
0.4
0
CIRCLE
8
BLACK
10
119.1499999999999915
20
-77.7000000000000028
40
0.4
0
CIRCLE
8
BLACK
10
119.1499999999999915
20
-85.7999999999999972
40
0.4
0
CIRCLE
8
BLACK
10
121.6499999999999915
20
-77.7000000000000028
40
0.4
0
CIRCLE
8
BLACK
10
121.6499999999999915
20
-85.7999999999999972
40
0.4
0
CIRCLE
8
BLACK
10
124.1499999999999915
20
-77.7000000000000028
40
0.4
0
CIRCLE
8
BLACK
10
124.1499999999999915
20
-85.7999999999999972
40
0.4
0
CIRCLE
8
BLACK
10
126.6499999999999915
20
-77.7000000000000028
40
0.4
0
CIRCLE
8
BLACK
10
126.6499999999999915
20
-85.7999999999999972
40
0.4
0
CIRCLE
8
BLACK
10
134.1500000000000057
20
-77.7000000000000028
40
0.4
0
CIRCLE
8
BLACK
10
134.1500000000000057
20
-85.7999999999999972
40
0.4
0
CIRCLE
8
BLACK
10
144.
20
-62.8999999999999986
40
0.4
0
CIRCLE
8
BLACK
10
144.
20
-70.
40
0.4
0
LINE
8
BLACK
6
CONTINUOUS
10
75.8599999999999994
20
-78.3649999999999949
11
75.8599999999999994
21
-79.4350000000000023
0
LINE
8
BLACK
6
CONTINUOUS
10
75.3250000000000028
20
-78.8999999999999915
11
76.394999999999996
21
-78.8999999999999915
0
LINE
8
BLACK
6
CONTINUOUS
10
75.8599999999999994
20
-80.9050000000000011
11
75.8599999999999994
21
-81.9749999999999943
0
LINE
8
BLACK
6
CONTINUOUS
10
75.3250000000000028
20
-81.4399999999999977
11
76.394999999999996
21
-81.4399999999999977
0
LINE
8
BLACK
6
CONTINUOUS
10
78.3999999999999915
20
-78.3649999999999949
11
78.3999999999999915
21
-79.4350000000000023
0
LINE
8
BLACK
6
CONTINUOUS
10
77.8649999999999949
20
-78.8999999999999915
11
78.9350000000000023
21
-78.8999999999999915
0
LINE
8
BLACK
6
CONTINUOUS
10
78.3999999999999915
20
-80.9050000000000011
11
78.3999999999999915
21
-81.9749999999999943
0
LINE
8
BLACK
6
CONTINUOUS
10
77.8649999999999949
20
-81.4399999999999977
11
78.9350000000000023
21
-81.4399999999999977
0
LINE
8
BLACK
6
CONTINUOUS
10
80.9399999999999977
20
-78.3649999999999949
11
80.9399999999999977
21
-79.4350000000000023
0
LINE
8
BLACK
6
CONTINUOUS
10
80.4050000000000011
20
-78.8999999999999915
11
81.4749999999999943
21
-78.8999999999999915
0
LINE
8
BLACK
6
CONTINUOUS
10
80.9399999999999977
20
-80.9050000000000011
11
80.9399999999999977
21
-81.9749999999999943
0
LINE
8
BLACK
6
CONTINUOUS
10
80.4050000000000011
20
-81.4399999999999977
11
81.4749999999999943
21
-81.4399999999999977
0
LINE
8
BLACK
6
CONTINUOUS
10
86.0490169999999921
20
-57.2490169999999949
11
86.0490169999999921
21
-56.3509829999999994
0
LINE
8
BLACK
6
CONTINUOUS
10
86.0490169999999921
20
-56.3509829999999994
11
85.1509829999999965
21
-56.3509829999999994
0
LINE
8
BLACK
6
CONTINUOUS
10
85.1509829999999965
20
-56.3509829999999994
11
85.1509829999999965
21
-57.2490169999999949
0
LINE
8
BLACK
6
CONTINUOUS
10
85.1509829999999965
20
-57.2490169999999949
11
86.0490169999999921
21
-57.2490169999999949
0
LINE
8
BLACK
6
CONTINUOUS
10
88.5990169999999893
20
-57.2490169999999949
11
88.5990169999999893
21
-56.3509829999999994
0
LINE
8
BLACK
6
CONTINUOUS
10
88.5990169999999893
20
-56.3509829999999994
11
87.7009829999999937
21
-56.3509829999999994
0
LINE
8
BLACK
6
CONTINUOUS
10
87.7009829999999937
20
-56.3509829999999994
11
87.7009829999999937
21
-57.2490169999999949
0
LINE
8
BLACK
6
CONTINUOUS
10
87.7009829999999937
20
-57.2490169999999949
11
88.5990169999999893
21
-57.2490169999999949
0
LINE
8
BLACK
6
CONTINUOUS
10
91.1490170000000006
20
-57.2490169999999949
11
91.1490170000000006
21
-56.3509829999999994
0
LINE
8
BLACK
6
CONTINUOUS
10
91.1490170000000006
20
-56.3509829999999994
11
90.2509829999999909
21
-56.3509829999999994
0
LINE
8
BLACK
6
CONTINUOUS
10
90.2509829999999909
20
-56.3509829999999994
11
90.2509829999999909
21
-57.2490169999999949
0
LINE
8
BLACK
6
CONTINUOUS
10
90.2509829999999909
20
-57.2490169999999949
11
91.1490170000000006
21
-57.2490169999999949
0
LINE
8
BLACK
6
CONTINUOUS
10
75.4500000000000028
20
-54.0820000000000007
11
76.8499999999999943
21
-52.6819999999999951
0
LINE
8
BLACK
6
CONTINUOUS
10
76.8499999999999943
20
-52.6819999999999951
11
75.4500000000000028
21
-51.2819999999999965
0
LINE
8
BLACK
6
CONTINUOUS
10
75.4500000000000028
20
-51.2819999999999965
11
74.0499999999999972
21
-52.6819999999999951
0
LINE
8
BLACK
6
CONTINUOUS
10
74.0499999999999972
20
-52.6819999999999951
11
75.4500000000000028
21
-54.0820000000000007
0
LINE
8
BLACK
6
CONTINUOUS
10
100.8499999999999943
20
-54.0820000000000007
11
102.25
21
-52.6819999999999951
0
LINE
8
BLACK
6
CONTINUOUS
10
102.25
20
-52.6819999999999951
11
100.8499999999999943
21
-51.2819999999999965
0
LINE
8
BLACK
6
CONTINUOUS
10
100.8499999999999943
20
-51.2819999999999965
11
99.4499999999999886
21
-52.6819999999999951
0
LINE
8
BLACK
6
CONTINUOUS
10
99.4499999999999886
20
-52.6819999999999951
11
100.8499999999999943
21
-54.0820000000000007
0
LINE
8
BLACK
6
CONTINUOUS
10
63.1999999999999957
20
-47.5999999999999943
11
66.3999999999999915
21
-50.7999999999999972
0
LINE
8
BLACK
6
CONTINUOUS
10
66.3999999999999915
20
-47.5999999999999943
11
63.1999999999999957
21
-50.7999999999999972
0
CIRCLE
8
BLACK
10
64.7999999999999972
20
-49.1999999999999957
40
1.5999999999999999
0
LINE
8
BLACK
6
CONTINUOUS
10
63.1999999999999957
20
-82.2999999999999972
11
66.3999999999999915
21
-85.5
0
LINE
8
BLACK
6
CONTINUOUS
10
66.3999999999999915
20
-82.2999999999999972
11
63.1999999999999957
21
-85.5
0
CIRCLE
8
BLACK
10
64.7999999999999972
20
-83.8999999999999915
40
1.5999999999999999
0
LINE
8
BLACK
6
CONTINUOUS
10
140.6999999999999886
20
-47.6999999999999957
11
143.9000000000000057
21
-50.8999999999999986
0
LINE
8
BLACK
6
CONTINUOUS
10
143.9000000000000057
20
-47.6999999999999957
11
140.6999999999999886
21
-50.8999999999999986
0
CIRCLE
8
BLACK
10
142.2999999999999829
20
-49.2999999999999972
40
1.5999999999999999
0
LINE
8
BLACK
6
CONTINUOUS
10
140.6999999999999886
20
-82.2999999999999972
11
143.9000000000000057
21
-85.5
0
LINE
8
BLACK
6
CONTINUOUS
10
143.9000000000000057
20
-82.2999999999999972
11
140.6999999999999886
21
-85.5
0
CIRCLE
8
BLACK
10
142.2999999999999829
20
-83.8999999999999915
40
1.5999999999999999
0
LINE
8
BLACK
6
CONTINUOUS
10
63.7827679999999972
20
-90.6398379999999975
11
63.7827679999999972
21
-88.6398379999999975
0
LINE
8
BLACK
6
CONTINUOUS
10
63.7827679999999972
20
-88.6398379999999975
11
64.2589579999999927
21
-88.6398379999999975
0
LINE
8
BLACK
6
CONTINUOUS
10
64.2589579999999927
20
-88.6398379999999975
11
64.5446730000000031
21
-88.7350759999999923
0
LINE
8
BLACK
6
CONTINUOUS
10
64.5446730000000031
20
-88.7350759999999923
11
64.7351489999999927
21
-88.9255519999999962
0
LINE
8
BLACK
6
CONTINUOUS
10
64.7351489999999927
20
-88.9255519999999962
11
64.8303870000000018
21
-89.116028
0
LINE
8
BLACK
6
CONTINUOUS
10
64.8303870000000018
20
-89.116028
11
64.9256249999999966
21
-89.4969799999999935
0
LINE
8
BLACK
6
CONTINUOUS
10
64.9256249999999966
20
-89.4969799999999935
11
64.9256249999999966
21
-89.7826949999999897
0
LINE
8
BLACK
6
CONTINUOUS
10
64.9256249999999966
20
-89.7826949999999897
11
64.8303870000000018
21
-90.1636469999999974
0
LINE
8
BLACK
6
CONTINUOUS
10
64.8303870000000018
20
-90.1636469999999974
11
64.7351489999999927
21
-90.3541230000000013
0
LINE
8
BLACK
6
CONTINUOUS
10
64.7351489999999927
20
-90.3541230000000013
11
64.5446730000000031
21
-90.5446000000000026
0
LINE
8
BLACK
6
CONTINUOUS
10
64.5446730000000031
20
-90.5446000000000026
11
64.2589579999999927
21
-90.6398379999999975
0
LINE
8
BLACK
6
CONTINUOUS
10
64.2589579999999927
20
-90.6398379999999975
11
63.7827679999999972
21
-90.6398379999999975
0
LINE
8
BLACK
6
CONTINUOUS
10
65.7827679999999901
20
-90.6398379999999975
11
65.7827679999999901
21
-89.3065039999999897
0
LINE
8
BLACK
6
CONTINUOUS
10
65.7827679999999901
20
-89.6874569999999949
11
65.8780059999999992
21
-89.4969799999999935
0
LINE
8
BLACK
6
CONTINUOUS
10
65.8780059999999992
20
-89.4969799999999935
11
65.973243999999994
21
-89.4017419999999987
0
LINE
8
BLACK
6
CONTINUOUS
10
65.973243999999994
20
-89.4017419999999987
11
66.1637199999999979
21
-89.3065039999999897
0
LINE
8
BLACK
6
CONTINUOUS
10
66.1637199999999979
20
-89.3065039999999897
11
66.3541969999999992
21
-89.3065039999999897
0
LINE
8
BLACK
6
CONTINUOUS
10
67.0208629999999914
20
-90.6398379999999975
11
67.0208629999999914
21
-89.3065039999999897
0
LINE
8
BLACK
6
CONTINUOUS
10
67.0208629999999914
20
-88.6398379999999975
11
66.9256249999999966
21
-88.7350759999999923
0
LINE
8
BLACK
6
CONTINUOUS
10
66.9256249999999966
20
-88.7350759999999923
11
67.0208629999999914
21
-88.8303140000000013
0
LINE
8
BLACK
6
CONTINUOUS
10
67.0208629999999914
20
-88.8303140000000013
11
67.1161010000000005
21
-88.7350759999999923
0
LINE
8
BLACK
6
CONTINUOUS
10
67.1161010000000005
20
-88.7350759999999923
11
67.0208629999999914
21
-88.6398379999999975
0
LINE
8
BLACK
6
CONTINUOUS
10
67.0208629999999914
20
-88.6398379999999975
11
67.0208629999999914
21
-88.8303140000000013
0
LINE
8
BLACK
6
CONTINUOUS
10
68.2589579999999927
20
-90.6398379999999975
11
68.068482000000003
21
-90.5446000000000026
0
LINE
8
BLACK
6
CONTINUOUS
10
68.068482000000003
20
-90.5446000000000026
11
67.973243999999994
21
-90.3541230000000013
0
LINE
8
BLACK
6
CONTINUOUS
10
67.973243999999994
20
-90.3541230000000013
11
67.973243999999994
21
-88.6398379999999975
0
LINE
8
BLACK
6
CONTINUOUS
10
69.3065769999999901
20
-90.6398379999999975
11
69.1161010000000005
21
-90.5446000000000026
0
LINE
8
BLACK
6
CONTINUOUS
10
69.1161010000000005
20
-90.5446000000000026
11
69.0208629999999914
21
-90.3541230000000013
0
LINE
8
BLACK
6
CONTINUOUS
10
69.0208629999999914
20
-90.3541230000000013
11
69.0208629999999914
21
-88.6398379999999975
0
LINE
8
BLACK
6
CONTINUOUS
10
71.5922920000000005
20
-90.6398379999999975
11
71.5922920000000005
21
-88.6398379999999975
0
LINE
8
BLACK
6
CONTINUOUS
10
71.5922920000000005
20
-88.6398379999999975
11
72.2589589999999902
21
-90.0684090000000026
0
LINE
8
BLACK
6
CONTINUOUS
10
72.2589589999999902
20
-90.0684090000000026
11
72.9256249999999966
21
-88.6398379999999975
0
LINE
8
BLACK
6
CONTINUOUS
10
72.9256249999999966
20
-88.6398379999999975
11
72.9256249999999966
21
-90.6398379999999975
0
LINE
8
BLACK
6
CONTINUOUS
10
74.7351489999999927
20
-90.6398379999999975
11
74.7351489999999927
21
-89.5922190000000001
0
LINE
8
BLACK
6
CONTINUOUS
10
74.7351489999999927
20
-89.5922190000000001
11
74.6399109999999979
21
-89.4017419999999987
0
LINE
8
BLACK
6
CONTINUOUS
10
74.6399109999999979
20
-89.4017419999999987
11
74.449434999999994
21
-89.3065039999999897
0
LINE
8
BLACK
6
CONTINUOUS
10
74.449434999999994
20
-89.3065039999999897
11
74.068482000000003
21
-89.3065039999999897
0
LINE
8
BLACK
6
CONTINUOUS
10
74.068482000000003
20
-89.3065039999999897
11
73.8780059999999992
21
-89.4017419999999987
0
LINE
8
BLACK
6
CONTINUOUS
10
74.7351489999999927
20
-90.5446000000000026
11
74.5446730000000031
21
-90.6398379999999975
0
LINE
8
BLACK
6
CONTINUOUS
10
74.5446730000000031
20
-90.6398379999999975
11
74.068482000000003
21
-90.6398379999999975
0
LINE
8
BLACK
6
CONTINUOUS
10
74.068482000000003
20
-90.6398379999999975
11
73.8780059999999992
21
-90.5446000000000026
0
LINE
8
BLACK
6
CONTINUOUS
10
73.8780059999999992
20
-90.5446000000000026
11
73.7827679999999901
21
-90.3541230000000013
0
LINE
8
BLACK
6
CONTINUOUS
10
73.7827679999999901
20
-90.3541230000000013
11
73.7827679999999901
21
-90.1636469999999974
0
LINE
8
BLACK
6
CONTINUOUS
10
73.7827679999999901
20
-90.1636469999999974
11
73.8780059999999992
21
-89.9731709999999936
0
LINE
8
BLACK
6
CONTINUOUS
10
73.8780059999999992
20
-89.9731709999999936
11
74.068482000000003
21
-89.8779329999999987
0
LINE
8
BLACK
6
CONTINUOUS
10
74.068482000000003
20
-89.8779329999999987
11
74.5446730000000031
21
-89.8779329999999987
0
LINE
8
BLACK
6
CONTINUOUS
10
74.5446730000000031
20
-89.8779329999999987
11
74.7351489999999927
21
-89.7826949999999897
0
LINE
8
BLACK
6
CONTINUOUS
10
75.6875299999999953
20
-89.3065039999999897
11
75.6875299999999953
21
-91.3065039999999897
0
LINE
8
BLACK
6
CONTINUOUS
10
75.6875299999999953
20
-89.4017419999999987
11
75.8780059999999992
21
-89.3065039999999897
0
LINE
8
BLACK
6
CONTINUOUS
10
75.8780059999999992
20
-89.3065039999999897
11
76.2589589999999902
21
-89.3065039999999897
0
LINE
8
BLACK
6
CONTINUOUS
10
76.2589589999999902
20
-89.3065039999999897
11
76.449434999999994
21
-89.4017419999999987
0
LINE
8
BLACK
6
CONTINUOUS
10
76.449434999999994
20
-89.4017419999999987
11
76.5446730000000031
21
-89.4969799999999935
0
LINE
8
BLACK
6
CONTINUOUS
10
76.5446730000000031
20
-89.4969799999999935
11
76.6399109999999979
21
-89.6874569999999949
0
LINE
8
BLACK
6
CONTINUOUS
10
76.6399109999999979
20
-89.6874569999999949
11
76.6399109999999979
21
-90.2588849999999923
0
LINE
8
BLACK
6
CONTINUOUS
10
76.6399109999999979
20
-90.2588849999999923
11
76.5446730000000031
21
-90.4493609999999961
0
LINE
8
BLACK
6
CONTINUOUS
10
76.5446730000000031
20
-90.4493609999999961
11
76.449434999999994
21
-90.5446000000000026
0
LINE
8
BLACK
6
CONTINUOUS
10
76.449434999999994
20
-90.5446000000000026
11
76.2589589999999902
21
-90.6398379999999975
0
LINE
8
BLACK
6
CONTINUOUS
10
76.2589589999999902
20
-90.6398379999999975
11
75.8780059999999992
21
-90.6398379999999975
0
LINE
8
BLACK
6
CONTINUOUS
10
75.8780059999999992
20
-90.6398379999999975
11
75.6875299999999953
21
-90.5446000000000026
0
LINE
8
BLACK
6
CONTINUOUS
10
77.4970539999999914
20
-90.4493609999999961
11
77.5922920000000005
21
-90.5446000000000026
0
LINE
8
BLACK
6
CONTINUOUS
10
77.5922920000000005
20
-90.5446000000000026
11
77.4970539999999914
21
-90.6398379999999975
0
LINE
8
BLACK
6
CONTINUOUS
10
77.4970539999999914
20
-90.6398379999999975
11
77.4018159999999966
21
-90.5446000000000026
0
LINE
8
BLACK
6
CONTINUOUS
10
77.4018159999999966
20
-90.5446000000000026
11
77.4970539999999914
21
-90.4493609999999961
0
LINE
8
BLACK
6
CONTINUOUS
10
77.4970539999999914
20
-90.4493609999999961
11
77.4970539999999914
21
-90.6398379999999975
0
LINE
8
BLACK
6
CONTINUOUS
10
77.4970539999999914
20
-89.4017419999999987
11
77.5922920000000005
21
-89.4969799999999935
0
LINE
8
BLACK
6
CONTINUOUS
10
77.5922920000000005
20
-89.4969799999999935
11
77.4970539999999914
21
-89.5922190000000001
0
LINE
8
BLACK
6
CONTINUOUS
10
77.4970539999999914
20
-89.5922190000000001
11
77.4018159999999966
21
-89.4969799999999935
0
LINE
8
BLACK
6
CONTINUOUS
10
77.4018159999999966
20
-89.4969799999999935
11
77.4970539999999914
21
-89.4017419999999987
0
LINE
8
BLACK
6
CONTINUOUS
10
77.4970539999999914
20
-89.4017419999999987
11
77.4970539999999914
21
-89.5922190000000001
0
LINE
8
BLACK
6
CONTINUOUS
10
60.875
20
-93.7749999999999915
11
61.1749999999999972
21
-94.0750000000000028
0
LINE
8
BLACK
6
CONTINUOUS
10
61.1749999999999972
20
-93.7749999999999915
11
60.875
21
-94.0750000000000028
0
LINE
8
BLACK
6
CONTINUOUS
10
64.1637199999999979
20
-92.8398380000000003
11
64.3541969999999992
21
-92.8398380000000003
0
LINE
8
BLACK
6
CONTINUOUS
10
64.3541969999999992
20
-92.8398380000000003
11
64.5446730000000031
21
-92.9350759999999951
0
LINE
8
BLACK
6
CONTINUOUS
10
64.5446730000000031
20
-92.9350759999999951
11
64.6399109999999979
21
-93.03031399999999
0
LINE
8
BLACK
6
CONTINUOUS
10
64.6399109999999979
20
-93.03031399999999
11
64.7351489999999927
21
-93.2207899999999938
0
LINE
8
BLACK
6
CONTINUOUS
10
64.7351489999999927
20
-93.2207899999999938
11
64.8303870000000018
21
-93.6017420000000016
0
LINE
8
BLACK
6
CONTINUOUS
10
64.8303870000000018
20
-93.6017420000000016
11
64.8303870000000018
21
-94.0779330000000016
0
LINE
8
BLACK
6
CONTINUOUS
10
64.8303870000000018
20
-94.0779330000000016
11
64.7351489999999927
21
-94.4588849999999951
0
LINE
8
BLACK
6
CONTINUOUS
10
64.7351489999999927
20
-94.4588849999999951
11
64.6399109999999979
21
-94.649360999999999
0
LINE
8
BLACK
6
CONTINUOUS
10
64.6399109999999979
20
-94.649360999999999
11
64.5446730000000031
21
-94.7445999999999913
0
LINE
8
BLACK
6
CONTINUOUS
10
64.5446730000000031
20
-94.7445999999999913
11
64.3541969999999992
21
-94.8398380000000003
0
LINE
8
BLACK
6
CONTINUOUS
10
64.3541969999999992
20
-94.8398380000000003
11
64.1637199999999979
21
-94.8398380000000003
0
LINE
8
BLACK
6
CONTINUOUS
10
64.1637199999999979
20
-94.8398380000000003
11
63.973243999999994
21
-94.7445999999999913
0
LINE
8
BLACK
6
CONTINUOUS
10
63.973243999999994
20
-94.7445999999999913
11
63.8780059999999992
21
-94.649360999999999
0
LINE
8
BLACK
6
CONTINUOUS
10
63.8780059999999992
20
-94.649360999999999
11
63.7827679999999972
21
-94.4588849999999951
0
LINE
8
BLACK
6
CONTINUOUS
10
63.7827679999999972
20
-94.4588849999999951
11
63.6875299999999953
21
-94.0779330000000016
0
LINE
8
BLACK
6
CONTINUOUS
10
63.6875299999999953
20
-94.0779330000000016
11
63.6875299999999953
21
-93.6017420000000016
0
LINE
8
BLACK
6
CONTINUOUS
10
63.6875299999999953
20
-93.6017420000000016
11
63.7827679999999972
21
-93.2207899999999938
0
LINE
8
BLACK
6
CONTINUOUS
10
63.7827679999999972
20
-93.2207899999999938
11
63.8780059999999992
21
-93.03031399999999
0
LINE
8
BLACK
6
CONTINUOUS
10
63.8780059999999992
20
-93.03031399999999
11
63.973243999999994
21
-92.9350759999999951
0
LINE
8
BLACK
6
CONTINUOUS
10
63.973243999999994
20
-92.9350759999999951
11
64.1637199999999979
21
-92.8398380000000003
0
LINE
8
BLACK
6
CONTINUOUS
10
65.6875299999999953
20
-94.649360999999999
11
65.7827679999999901
21
-94.7445999999999913
0
LINE
8
BLACK
6
CONTINUOUS
10
65.7827679999999901
20
-94.7445999999999913
11
65.6875299999999953
21
-94.8398380000000003
0
LINE
8
BLACK
6
CONTINUOUS
10
65.6875299999999953
20
-94.8398380000000003
11
65.5922920000000005
21
-94.7445999999999913
0
LINE
8
BLACK
6
CONTINUOUS
10
65.5922920000000005
20
-94.7445999999999913
11
65.6875299999999953
21
-94.649360999999999
0
LINE
8
BLACK
6
CONTINUOUS
10
65.6875299999999953
20
-94.649360999999999
11
65.6875299999999953
21
-94.8398380000000003
0
LINE
8
BLACK
6
CONTINUOUS
10
66.449434999999994
20
-92.8398380000000003
11
67.6875299999999953
21
-92.8398380000000003
0
LINE
8
BLACK
6
CONTINUOUS
10
67.6875299999999953
20
-92.8398380000000003
11
67.0208629999999914
21
-93.6017420000000016
0
LINE
8
BLACK
6
CONTINUOUS
10
67.0208629999999914
20
-93.6017420000000016
11
67.3065780000000018
21
-93.6017420000000016
0
LINE
8
BLACK
6
CONTINUOUS
10
67.3065780000000018
20
-93.6017420000000016
11
67.4970539999999914
21
-93.6969799999999964
0
LINE
8
BLACK
6
CONTINUOUS
10
67.4970539999999914
20
-93.6969799999999964
11
67.5922920000000005
21
-93.7922189999999887
0
LINE
8
BLACK
6
CONTINUOUS
10
67.5922920000000005
20
-93.7922189999999887
11
67.6875299999999953
21
-93.9826949999999925
0
LINE
8
BLACK
6
CONTINUOUS
10
67.6875299999999953
20
-93.9826949999999925
11
67.6875299999999953
21
-94.4588849999999951
0
LINE
8
BLACK
6
CONTINUOUS
10
67.6875299999999953
20
-94.4588849999999951
11
67.5922920000000005
21
-94.649360999999999
0
LINE
8
BLACK
6
CONTINUOUS
10
67.5922920000000005
20
-94.649360999999999
11
67.4970539999999914
21
-94.7445999999999913
0
LINE
8
BLACK
6
CONTINUOUS
10
67.4970539999999914
20
-94.7445999999999913
11
67.3065780000000018
21
-94.8398380000000003
0
LINE
8
BLACK
6
CONTINUOUS
10
67.3065780000000018
20
-94.8398380000000003
11
66.7351489999999927
21
-94.8398380000000003
0
LINE
8
BLACK
6
CONTINUOUS
10
66.7351489999999927
20
-94.8398380000000003
11
66.5446730000000031
21
-94.7445999999999913
0
LINE
8
BLACK
6
CONTINUOUS
10
66.5446730000000031
20
-94.7445999999999913
11
66.449434999999994
21
-94.649360999999999
0
LINE
8
BLACK
6
CONTINUOUS
10
68.9256249999999966
20
-92.8398380000000003
11
69.1161019999999979
21
-92.8398380000000003
0
LINE
8
BLACK
6
CONTINUOUS
10
69.1161019999999979
20
-92.8398380000000003
11
69.3065780000000018
21
-92.9350759999999951
0
LINE
8
BLACK
6
CONTINUOUS
10
69.3065780000000018
20
-92.9350759999999951
11
69.4018159999999966
21
-93.03031399999999
0
LINE
8
BLACK
6
CONTINUOUS
10
69.4018159999999966
20
-93.03031399999999
11
69.4970539999999914
21
-93.2207899999999938
0
LINE
8
BLACK
6
CONTINUOUS
10
69.4970539999999914
20
-93.2207899999999938
11
69.5922920000000005
21
-93.6017420000000016
0
LINE
8
BLACK
6
CONTINUOUS
10
69.5922920000000005
20
-93.6017420000000016
11
69.5922920000000005
21
-94.0779330000000016
0
LINE
8
BLACK
6
CONTINUOUS
10
69.5922920000000005
20
-94.0779330000000016
11
69.4970539999999914
21
-94.4588849999999951
0
LINE
8
BLACK
6
CONTINUOUS
10
69.4970539999999914
20
-94.4588849999999951
11
69.4018159999999966
21
-94.649360999999999
0
LINE
8
BLACK
6
CONTINUOUS
10
69.4018159999999966
20
-94.649360999999999
11
69.3065780000000018
21
-94.7445999999999913
0
LINE
8
BLACK
6
CONTINUOUS
10
69.3065780000000018
20
-94.7445999999999913
11
69.1161019999999979
21
-94.8398380000000003
0
LINE
8
BLACK
6
CONTINUOUS
10
69.1161019999999979
20
-94.8398380000000003
11
68.9256249999999966
21
-94.8398380000000003
0
LINE
8
BLACK
6
CONTINUOUS
10
68.9256249999999966
20
-94.8398380000000003
11
68.7351489999999927
21
-94.7445999999999913
0
LINE
8
BLACK
6
CONTINUOUS
10
68.7351489999999927
20
-94.7445999999999913
11
68.6399109999999979
21
-94.649360999999999
0
LINE
8
BLACK
6
CONTINUOUS
10
68.6399109999999979
20
-94.649360999999999
11
68.5446730000000031
21
-94.4588849999999951
0
LINE
8
BLACK
6
CONTINUOUS
10
68.5446730000000031
20
-94.4588849999999951
11
68.449434999999994
21
-94.0779330000000016
0
LINE
8
BLACK
6
CONTINUOUS
10
68.449434999999994
20
-94.0779330000000016
11
68.449434999999994
21
-93.6017420000000016
0
LINE
8
BLACK
6
CONTINUOUS
10
68.449434999999994
20
-93.6017420000000016
11
68.5446730000000031
21
-93.2207899999999938
0
LINE
8
BLACK
6
CONTINUOUS
10
68.5446730000000031
20
-93.2207899999999938
11
68.6399109999999979
21
-93.03031399999999
0
LINE
8
BLACK
6
CONTINUOUS
10
68.6399109999999979
20
-93.03031399999999
11
68.7351489999999927
21
-92.9350759999999951
0
LINE
8
BLACK
6
CONTINUOUS
10
68.7351489999999927
20
-92.9350759999999951
11
68.9256249999999966
21
-92.8398380000000003
0
LINE
8
BLACK
6
CONTINUOUS
10
70.8303870000000018
20
-92.8398380000000003
11
71.0208640000000031
21
-92.8398380000000003
0
LINE
8
BLACK
6
CONTINUOUS
10
71.0208640000000031
20
-92.8398380000000003
11
71.2113399999999928
21
-92.9350759999999951
0
LINE
8
BLACK
6
CONTINUOUS
10
71.2113399999999928
20
-92.9350759999999951
11
71.3065780000000018
21
-93.03031399999999
0
LINE
8
BLACK
6
CONTINUOUS
10
71.3065780000000018
20
-93.03031399999999
11
71.4018159999999966
21
-93.2207899999999938
0
LINE
8
BLACK
6
CONTINUOUS
10
71.4018159999999966
20
-93.2207899999999938
11
71.4970539999999914
21
-93.6017420000000016
0
LINE
8
BLACK
6
CONTINUOUS
10
71.4970539999999914
20
-93.6017420000000016
11
71.4970539999999914
21
-94.0779330000000016
0
LINE
8
BLACK
6
CONTINUOUS
10
71.4970539999999914
20
-94.0779330000000016
11
71.4018159999999966
21
-94.4588849999999951
0
LINE
8
BLACK
6
CONTINUOUS
10
71.4018159999999966
20
-94.4588849999999951
11
71.3065780000000018
21
-94.649360999999999
0
LINE
8
BLACK
6
CONTINUOUS
10
71.3065780000000018
20
-94.649360999999999
11
71.2113399999999928
21
-94.7445999999999913
0
LINE
8
BLACK
6
CONTINUOUS
10
71.2113399999999928
20
-94.7445999999999913
11
71.0208640000000031
21
-94.8398380000000003
0
LINE
8
BLACK
6
CONTINUOUS
10
71.0208640000000031
20
-94.8398380000000003
11
70.8303870000000018
21
-94.8398380000000003
0
LINE
8
BLACK
6
CONTINUOUS
10
70.8303870000000018
20
-94.8398380000000003
11
70.6399109999999979
21
-94.7445999999999913
0
LINE
8
BLACK
6
CONTINUOUS
10
70.6399109999999979
20
-94.7445999999999913
11
70.5446730000000031
21
-94.649360999999999
0
LINE
8
BLACK
6
CONTINUOUS
10
70.5446730000000031
20
-94.649360999999999
11
70.449434999999994
21
-94.4588849999999951
0
LINE
8
BLACK
6
CONTINUOUS
10
70.449434999999994
20
-94.4588849999999951
11
70.3541969999999992
21
-94.0779330000000016
0
LINE
8
BLACK
6
CONTINUOUS
10
70.3541969999999992
20
-94.0779330000000016
11
70.3541969999999992
21
-93.6017420000000016
0
LINE
8
BLACK
6
CONTINUOUS
10
70.3541969999999992
20
-93.6017420000000016
11
70.449434999999994
21
-93.2207899999999938
0
LINE
8
BLACK
6
CONTINUOUS
10
70.449434999999994
20
-93.2207899999999938
11
70.5446730000000031
21
-93.03031399999999
0
LINE
8
BLACK
6
CONTINUOUS
10
70.5446730000000031
20
-93.03031399999999
11
70.6399109999999979
21
-92.9350759999999951
0
LINE
8
BLACK
6
CONTINUOUS
10
70.6399109999999979
20
-92.9350759999999951
11
70.8303870000000018
21
-92.8398380000000003
0
LINE
8
BLACK
6
CONTINUOUS
10
72.3541969999999992
20
-94.8398380000000003
11
72.3541969999999992
21
-93.5065039999999925
0
LINE
8
BLACK
6
CONTINUOUS
10
72.3541969999999992
20
-93.6969799999999964
11
72.449434999999994
21
-93.6017420000000016
0
LINE
8
BLACK
6
CONTINUOUS
10
72.449434999999994
20
-93.6017420000000016
11
72.6399109999999979
21
-93.5065039999999925
0
LINE
8
BLACK
6
CONTINUOUS
10
72.6399109999999979
20
-93.5065039999999925
11
72.9256259999999941
21
-93.5065039999999925
0
LINE
8
BLACK
6
CONTINUOUS
10
72.9256259999999941
20
-93.5065039999999925
11
73.1161019999999979
21
-93.6017420000000016
0
LINE
8
BLACK
6
CONTINUOUS
10
73.1161019999999979
20
-93.6017420000000016
11
73.2113399999999928
21
-93.7922189999999887
0
LINE
8
BLACK
6
CONTINUOUS
10
73.2113399999999928
20
-93.7922189999999887
11
73.2113399999999928
21
-94.8398380000000003
0
LINE
8
BLACK
6
CONTINUOUS
10
73.2113399999999928
20
-93.7922189999999887
11
73.3065780000000018
21
-93.6017420000000016
0
LINE
8
BLACK
6
CONTINUOUS
10
73.3065780000000018
20
-93.6017420000000016
11
73.4970539999999914
21
-93.5065039999999925
0
LINE
8
BLACK
6
CONTINUOUS
10
73.4970539999999914
20
-93.5065039999999925
11
73.7827679999999901
21
-93.5065039999999925
0
LINE
8
BLACK
6
CONTINUOUS
10
73.7827679999999901
20
-93.5065039999999925
11
73.9732449999999915
21
-93.6017420000000016
0
LINE
8
BLACK
6
CONTINUOUS
10
73.9732449999999915
20
-93.6017420000000016
11
74.0684830000000005
21
-93.7922189999999887
0
LINE
8
BLACK
6
CONTINUOUS
10
74.0684830000000005
20
-93.7922189999999887
11
74.0684830000000005
21
-94.8398380000000003
0
LINE
8
BLACK
6
CONTINUOUS
10
75.0208640000000031
20
-94.8398380000000003
11
75.0208640000000031
21
-93.5065039999999925
0
LINE
8
BLACK
6
CONTINUOUS
10
75.0208640000000031
20
-93.6969799999999964
11
75.1161019999999979
21
-93.6017420000000016
0
LINE
8
BLACK
6
CONTINUOUS
10
75.1161019999999979
20
-93.6017420000000016
11
75.3065780000000018
21
-93.5065039999999925
0
LINE
8
BLACK
6
CONTINUOUS
10
75.3065780000000018
20
-93.5065039999999925
11
75.592292999999998
21
-93.5065039999999925
0
LINE
8
BLACK
6
CONTINUOUS
10
75.592292999999998
20
-93.5065039999999925
11
75.7827690000000018
21
-93.6017420000000016
0
LINE
8
BLACK
6
CONTINUOUS
10
75.7827690000000018
20
-93.6017420000000016
11
75.8780069999999967
21
-93.7922189999999887
0
LINE
8
BLACK
6
CONTINUOUS
10
75.8780069999999967
20
-93.7922189999999887
11
75.8780069999999967
21
-94.8398380000000003
0
LINE
8
BLACK
6
CONTINUOUS
10
75.8780069999999967
20
-93.7922189999999887
11
75.9732449999999915
21
-93.6017420000000016
0
LINE
8
BLACK
6
CONTINUOUS
10
75.9732449999999915
20
-93.6017420000000016
11
76.1637209999999953
21
-93.5065039999999925
0
LINE
8
BLACK
6
CONTINUOUS
10
76.1637209999999953
20
-93.5065039999999925
11
76.449434999999994
21
-93.5065039999999925
0
LINE
8
BLACK
6
CONTINUOUS
10
76.449434999999994
20
-93.5065039999999925
11
76.6399119999999954
21
-93.6017420000000016
0
LINE
8
BLACK
6
CONTINUOUS
10
76.6399119999999954
20
-93.6017420000000016
11
76.7351499999999902
21
-93.7922189999999887
0
LINE
8
BLACK
6
CONTINUOUS
10
76.7351499999999902
20
-93.7922189999999887
11
76.7351499999999902
21
-94.8398380000000003
0
LINE
8
BLACK
6
CONTINUOUS
10
80.6399119999999954
20
-92.7445999999999913
11
78.9256269999999915
21
-95.3160279999999887
0
LINE
8
BLACK
6
CONTINUOUS
10
83.2113409999999902
20
-92.8398380000000003
11
83.4018179999999916
21
-92.8398380000000003
0
LINE
8
BLACK
6
CONTINUOUS
10
83.4018179999999916
20
-92.8398380000000003
11
83.5922939999999954
21
-92.9350759999999951
0
LINE
8
BLACK
6
CONTINUOUS
10
83.5922939999999954
20
-92.9350759999999951
11
83.6875319999999903
21
-93.03031399999999
0
LINE
8
BLACK
6
CONTINUOUS
10
83.6875319999999903
20
-93.03031399999999
11
83.7827699999999993
21
-93.2207899999999938
0
LINE
8
BLACK
6
CONTINUOUS
10
83.7827699999999993
20
-93.2207899999999938
11
83.8780079999999941
21
-93.6017420000000016
0
LINE
8
BLACK
6
CONTINUOUS
10
83.8780079999999941
20
-93.6017420000000016
11
83.8780079999999941
21
-94.0779330000000016
0
LINE
8
BLACK
6
CONTINUOUS
10
83.8780079999999941
20
-94.0779330000000016
11
83.7827699999999993
21
-94.4588849999999951
0
LINE
8
BLACK
6
CONTINUOUS
10
83.7827699999999993
20
-94.4588849999999951
11
83.6875319999999903
21
-94.649360999999999
0
LINE
8
BLACK
6
CONTINUOUS
10
83.6875319999999903
20
-94.649360999999999
11
83.5922939999999954
21
-94.7445999999999913
0
LINE
8
BLACK
6
CONTINUOUS
10
83.5922939999999954
20
-94.7445999999999913
11
83.4018179999999916
21
-94.8398380000000003
0
LINE
8
BLACK
6
CONTINUOUS
10
83.4018179999999916
20
-94.8398380000000003
11
83.2113409999999902
21
-94.8398380000000003
0
LINE
8
BLACK
6
CONTINUOUS
10
83.2113409999999902
20
-94.8398380000000003
11
83.0208650000000006
21
-94.7445999999999913
0
LINE
8
BLACK
6
CONTINUOUS
10
83.0208650000000006
20
-94.7445999999999913
11
82.9256269999999915
21
-94.649360999999999
0
LINE
8
BLACK
6
CONTINUOUS
10
82.9256269999999915
20
-94.649360999999999
11
82.8303889999999967
21
-94.4588849999999951
0
LINE
8
BLACK
6
CONTINUOUS
10
82.8303889999999967
20
-94.4588849999999951
11
82.7351510000000019
21
-94.0779330000000016
0
LINE
8
BLACK
6
CONTINUOUS
10
82.7351510000000019
20
-94.0779330000000016
11
82.7351510000000019
21
-93.6017420000000016
0
LINE
8
BLACK
6
CONTINUOUS
10
82.7351510000000019
20
-93.6017420000000016
11
82.8303889999999967
21
-93.2207899999999938
0
LINE
8
BLACK
6
CONTINUOUS
10
82.8303889999999967
20
-93.2207899999999938
11
82.9256269999999915
21
-93.03031399999999
0
LINE
8
BLACK
6
CONTINUOUS
10
82.9256269999999915
20
-93.03031399999999
11
83.0208650000000006
21
-92.9350759999999951
0
LINE
8
BLACK
6
CONTINUOUS
10
83.0208650000000006
20
-92.9350759999999951
11
83.2113409999999902
21
-92.8398380000000003
0
LINE
8
BLACK
6
CONTINUOUS
10
84.7351510000000019
20
-94.649360999999999
11
84.8303889999999967
21
-94.7445999999999913
0
LINE
8
BLACK
6
CONTINUOUS
10
84.8303889999999967
20
-94.7445999999999913
11
84.7351510000000019
21
-94.8398380000000003
0
LINE
8
BLACK
6
CONTINUOUS
10
84.7351510000000019
20
-94.8398380000000003
11
84.6399129999999928
21
-94.7445999999999913
0
LINE
8
BLACK
6
CONTINUOUS
10
84.6399129999999928
20
-94.7445999999999913
11
84.7351510000000019
21
-94.649360999999999
0
LINE
8
BLACK
6
CONTINUOUS
10
84.7351510000000019
20
-94.649360999999999
11
84.7351510000000019
21
-94.8398380000000003
0
LINE
8
BLACK
6
CONTINUOUS
10
86.068483999999998
20
-92.8398380000000003
11
86.2589609999999993
21
-92.8398380000000003
0
LINE
8
BLACK
6
CONTINUOUS
10
86.2589609999999993
20
-92.8398380000000003
11
86.449436999999989
21
-92.9350759999999951
0
LINE
8
BLACK
6
CONTINUOUS
10
86.449436999999989
20
-92.9350759999999951
11
86.544674999999998
21
-93.03031399999999
0
LINE
8
BLACK
6
CONTINUOUS
10
86.544674999999998
20
-93.03031399999999
11
86.6399129999999928
21
-93.2207899999999938
0
LINE
8
BLACK
6
CONTINUOUS
10
86.6399129999999928
20
-93.2207899999999938
11
86.7351510000000019
21
-93.6017420000000016
0
LINE
8
BLACK
6
CONTINUOUS
10
86.7351510000000019
20
-93.6017420000000016
11
86.7351510000000019
21
-94.0779330000000016
0
LINE
8
BLACK
6
CONTINUOUS
10
86.7351510000000019
20
-94.0779330000000016
11
86.6399129999999928
21
-94.4588849999999951
0
LINE
8
BLACK
6
CONTINUOUS
10
86.6399129999999928
20
-94.4588849999999951
11
86.544674999999998
21
-94.649360999999999
0
LINE
8
BLACK
6
CONTINUOUS
10
86.544674999999998
20
-94.649360999999999
11
86.449436999999989
21
-94.7445999999999913
0
LINE
8
BLACK
6
CONTINUOUS
10
86.449436999999989
20
-94.7445999999999913
11
86.2589609999999993
21
-94.8398380000000003
0
LINE
8
BLACK
6
CONTINUOUS
10
86.2589609999999993
20
-94.8398380000000003
11
86.068483999999998
21
-94.8398380000000003
0
LINE
8
BLACK
6
CONTINUOUS
10
86.068483999999998
20
-94.8398380000000003
11
85.8780079999999941
21
-94.7445999999999913
0
LINE
8
BLACK
6
CONTINUOUS
10
85.8780079999999941
20
-94.7445999999999913
11
85.7827699999999993
21
-94.649360999999999
0
LINE
8
BLACK
6
CONTINUOUS
10
85.7827699999999993
20
-94.649360999999999
11
85.6875319999999903
21
-94.4588849999999951
0
LINE
8
BLACK
6
CONTINUOUS
10
85.6875319999999903
20
-94.4588849999999951
11
85.5922939999999954
21
-94.0779330000000016
0
LINE
8
BLACK
6
CONTINUOUS
10
85.5922939999999954
20
-94.0779330000000016
11
85.5922939999999954
21
-93.6017420000000016
0
LINE
8
BLACK
6
CONTINUOUS
10
85.5922939999999954
20
-93.6017420000000016
11
85.6875319999999903
21
-93.2207899999999938
0
LINE
8
BLACK
6
CONTINUOUS
10
85.6875319999999903
20
-93.2207899999999938
11
85.7827699999999993
21
-93.03031399999999
0
LINE
8
BLACK
6
CONTINUOUS
10
85.7827699999999993
20
-93.03031399999999
11
85.8780079999999941
21
-92.9350759999999951
0
LINE
8
BLACK
6
CONTINUOUS
10
85.8780079999999941
20
-92.9350759999999951
11
86.068483999999998
21
-92.8398380000000003
0
LINE
8
BLACK
6
CONTINUOUS
10
88.6399129999999928
20
-94.8398380000000003
11
87.4970560000000006
21
-94.8398380000000003
0
LINE
8
BLACK
6
CONTINUOUS
10
88.068483999999998
20
-94.8398380000000003
11
88.068483999999998
21
-92.8398380000000003
0
LINE
8
BLACK
6
CONTINUOUS
10
88.068483999999998
20
-92.8398380000000003
11
87.8780079999999941
21
-93.125551999999999
0
LINE
8
BLACK
6
CONTINUOUS
10
87.8780079999999941
20
-93.125551999999999
11
87.6875319999999903
21
-93.3160280000000029
0
LINE
8
BLACK
6
CONTINUOUS
10
87.6875319999999903
20
-93.3160280000000029
11
87.4970560000000006
21
-93.4112659999999977
0
LINE
8
BLACK
6
CONTINUOUS
10
90.544674999999998
20
-94.8398380000000003
11
89.4018179999999916
21
-94.8398380000000003
0
LINE
8
BLACK
6
CONTINUOUS
10
89.973245999999989
20
-94.8398380000000003
11
89.973245999999989
21
-92.8398380000000003
0
LINE
8
BLACK
6
CONTINUOUS
10
89.973245999999989
20
-92.8398380000000003
11
89.7827699999999993
21
-93.125551999999999
0
LINE
8
BLACK
6
CONTINUOUS
10
89.7827699999999993
20
-93.125551999999999
11
89.5922939999999954
21
-93.3160280000000029
0
LINE
8
BLACK
6
CONTINUOUS
10
89.5922939999999954
20
-93.3160280000000029
11
89.4018179999999916
21
-93.4112659999999977
0
LINE
8
BLACK
6
CONTINUOUS
10
91.6875319999999903
20
-93.6969799999999964
11
91.4970560000000006
21
-93.6017420000000016
0
LINE
8
BLACK
6
CONTINUOUS
10
91.4970560000000006
20
-93.6017420000000016
11
91.4018179999999916
21
-93.5065039999999925
0
LINE
8
BLACK
6
CONTINUOUS
10
91.4018179999999916
20
-93.5065039999999925
11
91.3065799999999967
21
-93.3160280000000029
0
LINE
8
BLACK
6
CONTINUOUS
10
91.3065799999999967
20
-93.3160280000000029
11
91.3065799999999967
21
-93.2207899999999938
0
LINE
8
BLACK
6
CONTINUOUS
10
91.3065799999999967
20
-93.2207899999999938
11
91.4018179999999916
21
-93.03031399999999
0
LINE
8
BLACK
6
CONTINUOUS
10
91.4018179999999916
20
-93.03031399999999
11
91.4970560000000006
21
-92.9350759999999951
0
LINE
8
BLACK
6
CONTINUOUS
10
91.4970560000000006
20
-92.9350759999999951
11
91.6875319999999903
21
-92.8398380000000003
0
LINE
8
BLACK
6
CONTINUOUS
10
91.6875319999999903
20
-92.8398380000000003
11
92.0684849999999955
21
-92.8398380000000003
0
LINE
8
BLACK
6
CONTINUOUS
10
92.0684849999999955
20
-92.8398380000000003
11
92.2589609999999993
21
-92.9350759999999951
0
LINE
8
BLACK
6
CONTINUOUS
10
92.2589609999999993
20
-92.9350759999999951
11
92.3541989999999942
21
-93.03031399999999
0
LINE
8
BLACK
6
CONTINUOUS
10
92.3541989999999942
20
-93.03031399999999
11
92.449436999999989
21
-93.2207899999999938
0
LINE
8
BLACK
6
CONTINUOUS
10
92.449436999999989
20
-93.2207899999999938
11
92.449436999999989
21
-93.3160280000000029
0
LINE
8
BLACK
6
CONTINUOUS
10
92.449436999999989
20
-93.3160280000000029
11
92.3541989999999942
21
-93.5065039999999925
0
LINE
8
BLACK
6
CONTINUOUS
10
92.3541989999999942
20
-93.5065039999999925
11
92.2589609999999993
21
-93.6017420000000016
0
LINE
8
BLACK
6
CONTINUOUS
10
92.2589609999999993
20
-93.6017420000000016
11
92.0684849999999955
21
-93.6969799999999964
0
LINE
8
BLACK
6
CONTINUOUS
10
92.0684849999999955
20
-93.6969799999999964
11
91.6875319999999903
21
-93.6969799999999964
0
LINE
8
BLACK
6
CONTINUOUS
10
91.6875319999999903
20
-93.6969799999999964
11
91.4970560000000006
21
-93.7922189999999887
0
LINE
8
BLACK
6
CONTINUOUS
10
91.4970560000000006
20
-93.7922189999999887
11
91.4018179999999916
21
-93.8874569999999977
0
LINE
8
BLACK
6
CONTINUOUS
10
91.4018179999999916
20
-93.8874569999999977
11
91.3065799999999967
21
-94.0779330000000016
0
LINE
8
BLACK
6
CONTINUOUS
10
91.3065799999999967
20
-94.0779330000000016
11
91.3065799999999967
21
-94.4588849999999951
0
LINE
8
BLACK
6
CONTINUOUS
10
91.3065799999999967
20
-94.4588849999999951
11
91.4018179999999916
21
-94.649360999999999
0
LINE
8
BLACK
6
CONTINUOUS
10
91.4018179999999916
20
-94.649360999999999
11
91.4970560000000006
21
-94.7445999999999913
0
LINE
8
BLACK
6
CONTINUOUS
10
91.4970560000000006
20
-94.7445999999999913
11
91.6875319999999903
21
-94.8398380000000003
0
LINE
8
BLACK
6
CONTINUOUS
10
91.6875319999999903
20
-94.8398380000000003
11
92.0684849999999955
21
-94.8398380000000003
0
LINE
8
BLACK
6
CONTINUOUS
10
92.0684849999999955
20
-94.8398380000000003
11
92.2589609999999993
21
-94.7445999999999913
0
LINE
8
BLACK
6
CONTINUOUS
10
92.2589609999999993
20
-94.7445999999999913
11
92.3541989999999942
21
-94.649360999999999
0
LINE
8
BLACK
6
CONTINUOUS
10
92.3541989999999942
20
-94.649360999999999
11
92.449436999999989
21
-94.4588849999999951
0
LINE
8
BLACK
6
CONTINUOUS
10
92.449436999999989
20
-94.4588849999999951
11
92.449436999999989
21
-94.0779330000000016
0
LINE
8
BLACK
6
CONTINUOUS
10
92.449436999999989
20
-94.0779330000000016
11
92.3541989999999942
21
-93.8874569999999977
0
LINE
8
BLACK
6
CONTINUOUS
10
92.3541989999999942
20
-93.8874569999999977
11
92.2589609999999993
21
-93.7922189999999887
0
LINE
8
BLACK
6
CONTINUOUS
10
92.2589609999999993
20
-93.7922189999999887
11
92.0684849999999955
21
-93.6969799999999964
0
LINE
8
BLACK
6
CONTINUOUS
10
93.2113420000000019
20
-92.8398380000000003
11
93.2113420000000019
21
-93.2207899999999938
0
LINE
8
BLACK
6
CONTINUOUS
10
93.9732470000000006
20
-92.8398380000000003
11
93.9732470000000006
21
-93.2207899999999938
0
LINE
8
BLACK
6
CONTINUOUS
10
96.9256290000000007
20
-95.6017420000000016
11
96.8303899999999942
21
-95.5065039999999925
0
LINE
8
BLACK
6
CONTINUOUS
10
96.8303899999999942
20
-95.5065039999999925
11
96.6399139999999903
21
-95.2207899999999938
0
LINE
8
BLACK
6
CONTINUOUS
10
96.6399139999999903
20
-95.2207899999999938
11
96.5446759999999955
21
-95.03031399999999
0
LINE
8
BLACK
6
CONTINUOUS
10
96.5446759999999955
20
-95.03031399999999
11
96.4494380000000007
21
-94.7445999999999913
0
LINE
8
BLACK
6
CONTINUOUS
10
96.4494380000000007
20
-94.7445999999999913
11
96.3541999999999916
21
-94.2684089999999912
0
LINE
8
BLACK
6
CONTINUOUS
10
96.3541999999999916
20
-94.2684089999999912
11
96.3541999999999916
21
-93.8874569999999977
0
LINE
8
BLACK
6
CONTINUOUS
10
96.3541999999999916
20
-93.8874569999999977
11
96.4494380000000007
21
-93.4112659999999977
0
LINE
8
BLACK
6
CONTINUOUS
10
96.4494380000000007
20
-93.4112659999999977
11
96.5446759999999955
21
-93.125551999999999
0
LINE
8
BLACK
6
CONTINUOUS
10
96.5446759999999955
20
-93.125551999999999
11
96.6399139999999903
21
-92.9350759999999951
0
LINE
8
BLACK
6
CONTINUOUS
10
96.6399139999999903
20
-92.9350759999999951
11
96.8303899999999942
21
-92.649360999999999
0
LINE
8
BLACK
6
CONTINUOUS
10
96.8303899999999942
20
-92.649360999999999
11
96.9256290000000007
21
-92.5541229999999899
0
LINE
8
BLACK
6
CONTINUOUS
10
98.7351519999999994
20
-94.8398380000000003
11
97.5922949999999929
21
-94.8398380000000003
0
LINE
8
BLACK
6
CONTINUOUS
10
98.1637229999999903
20
-94.8398380000000003
11
98.1637229999999903
21
-92.8398380000000003
0
LINE
8
BLACK
6
CONTINUOUS
10
98.1637229999999903
20
-92.8398380000000003
11
97.9732470000000006
21
-93.125551999999999
0
LINE
8
BLACK
6
CONTINUOUS
10
97.9732470000000006
20
-93.125551999999999
11
97.7827709999999968
21
-93.3160280000000029
0
LINE
8
BLACK
6
CONTINUOUS
10
97.7827709999999968
20
-93.3160280000000029
11
97.5922949999999929
21
-93.4112659999999977
0
LINE
8
BLACK
6
CONTINUOUS
10
100.6399139999999903
20
-94.8398380000000003
11
99.4970569999999981
21
-94.8398380000000003
0
LINE
8
BLACK
6
CONTINUOUS
10
100.0684849999999955
20
-94.8398380000000003
11
100.0684849999999955
21
-92.8398380000000003
0
LINE
8
BLACK
6
CONTINUOUS
10
100.0684849999999955
20
-92.8398380000000003
11
99.8780089999999916
21
-93.125551999999999
0
LINE
8
BLACK
6
CONTINUOUS
10
99.8780089999999916
20
-93.125551999999999
11
99.6875330000000019
21
-93.3160280000000029
0
LINE
8
BLACK
6
CONTINUOUS
10
99.6875330000000019
20
-93.3160280000000029
11
99.4970569999999981
21
-93.4112659999999977
0
LINE
8
BLACK
6
CONTINUOUS
10
102.4494380000000007
20
-92.8398380000000003
11
101.4970569999999981
21
-92.8398380000000003
0
LINE
8
BLACK
6
CONTINUOUS
10
101.4970569999999981
20
-92.8398380000000003
11
101.401818999999989
21
-93.7922189999999887
0
LINE
8
BLACK
6
CONTINUOUS
10
101.401818999999989
20
-93.7922189999999887
11
101.4970569999999981
21
-93.6969799999999964
0
LINE
8
BLACK
6
CONTINUOUS
10
101.4970569999999981
20
-93.6969799999999964
11
101.6875330000000019
21
-93.6017420000000016
0
LINE
8
BLACK
6
CONTINUOUS
10
101.6875330000000019
20
-93.6017420000000016
11
102.163724000000002
21
-93.6017420000000016
0
LINE
8
BLACK
6
CONTINUOUS
10
102.163724000000002
20
-93.6017420000000016
11
102.3541999999999916
21
-93.6969799999999964
0
LINE
8
BLACK
6
CONTINUOUS
10
102.3541999999999916
20
-93.6969799999999964
11
102.4494380000000007
21
-93.7922189999999887
0
LINE
8
BLACK
6
CONTINUOUS
10
102.4494380000000007
20
-93.7922189999999887
11
102.5446759999999955
21
-93.9826949999999925
0
LINE
8
BLACK
6
CONTINUOUS
10
102.5446759999999955
20
-93.9826949999999925
11
102.5446759999999955
21
-94.4588849999999951
0
LINE
8
BLACK
6
CONTINUOUS
10
102.5446759999999955
20
-94.4588849999999951
11
102.4494380000000007
21
-94.649360999999999
0
LINE
8
BLACK
6
CONTINUOUS
10
102.4494380000000007
20
-94.649360999999999
11
102.3541999999999916
21
-94.7445999999999913
0
LINE
8
BLACK
6
CONTINUOUS
10
102.3541999999999916
20
-94.7445999999999913
11
102.163724000000002
21
-94.8398380000000003
0
LINE
8
BLACK
6
CONTINUOUS
10
102.163724000000002
20
-94.8398380000000003
11
101.6875330000000019
21
-94.8398380000000003
0
LINE
8
BLACK
6
CONTINUOUS
10
101.6875330000000019
20
-94.8398380000000003
11
101.4970569999999981
21
-94.7445999999999913
0
LINE
8
BLACK
6
CONTINUOUS
10
101.4970569999999981
20
-94.7445999999999913
11
101.401818999999989
21
-94.649360999999999
0
LINE
8
BLACK
6
CONTINUOUS
10
104.9256290000000007
20
-94.8398380000000003
11
104.9256290000000007
21
-92.8398380000000003
0
LINE
8
BLACK
6
CONTINUOUS
10
105.7827719999999943
20
-94.8398380000000003
11
105.7827719999999943
21
-93.7922189999999887
0
LINE
8
BLACK
6
CONTINUOUS
10
105.7827719999999943
20
-93.7922189999999887
11
105.6875339999999994
21
-93.6017420000000016
0
LINE
8
BLACK
6
CONTINUOUS
10
105.6875339999999994
20
-93.6017420000000016
11
105.4970579999999956
21
-93.5065039999999925
0
LINE
8
BLACK
6
CONTINUOUS
10
105.4970579999999956
20
-93.5065039999999925
11
105.2113429999999994
21
-93.5065039999999925
0
LINE
8
BLACK
6
CONTINUOUS
10
105.2113429999999994
20
-93.5065039999999925
11
105.0208669999999955
21
-93.6017420000000016
0
LINE
8
BLACK
6
CONTINUOUS
10
105.0208669999999955
20
-93.6017420000000016
11
104.9256290000000007
21
-93.6969799999999964
0
LINE
8
BLACK
6
CONTINUOUS
10
107.0208669999999955
20
-94.8398380000000003
11
106.8303909999999917
21
-94.7445999999999913
0
LINE
8
BLACK
6
CONTINUOUS
10
106.8303909999999917
20
-94.7445999999999913
11
106.7351529999999968
21
-94.649360999999999
0
LINE
8
BLACK
6
CONTINUOUS
10
106.7351529999999968
20
-94.649360999999999
11
106.639915000000002
21
-94.4588849999999951
0
LINE
8
BLACK
6
CONTINUOUS
10
106.639915000000002
20
-94.4588849999999951
11
106.639915000000002
21
-93.8874569999999977
0
LINE
8
BLACK
6
CONTINUOUS
10
106.639915000000002
20
-93.8874569999999977
11
106.7351529999999968
21
-93.6969799999999964
0
LINE
8
BLACK
6
CONTINUOUS
10
106.7351529999999968
20
-93.6969799999999964
11
106.8303909999999917
21
-93.6017420000000016
0
LINE
8
BLACK
6
CONTINUOUS
10
106.8303909999999917
20
-93.6017420000000016
11
107.0208669999999955
21
-93.5065039999999925
0
LINE
8
BLACK
6
CONTINUOUS
10
107.0208669999999955
20
-93.5065039999999925
11
107.3065819999999917
21
-93.5065039999999925
0
LINE
8
BLACK
6
CONTINUOUS
10
107.3065819999999917
20
-93.5065039999999925
11
107.4970579999999956
21
-93.6017420000000016
0
LINE
8
BLACK
6
CONTINUOUS
10
107.4970579999999956
20
-93.6017420000000016
11
107.5922959999999904
21
-93.6969799999999964
0
LINE
8
BLACK
6
CONTINUOUS
10
107.5922959999999904
20
-93.6969799999999964
11
107.6875339999999994
21
-93.8874569999999977
0
LINE
8
BLACK
6
CONTINUOUS
10
107.6875339999999994
20
-93.8874569999999977
11
107.6875339999999994
21
-94.4588849999999951
0
LINE
8
BLACK
6
CONTINUOUS
10
107.6875339999999994
20
-94.4588849999999951
11
107.5922959999999904
21
-94.649360999999999
0
LINE
8
BLACK
6
CONTINUOUS
10
107.5922959999999904
20
-94.649360999999999
11
107.4970579999999956
21
-94.7445999999999913
0
LINE
8
BLACK
6
CONTINUOUS
10
107.4970579999999956
20
-94.7445999999999913
11
107.3065819999999917
21
-94.8398380000000003
0
LINE
8
BLACK
6
CONTINUOUS
10
107.3065819999999917
20
-94.8398380000000003
11
107.0208669999999955
21
-94.8398380000000003
0
LINE
8
BLACK
6
CONTINUOUS
10
108.8303909999999917
20
-94.8398380000000003
11
108.639915000000002
21
-94.7445999999999913
0
LINE
8
BLACK
6
CONTINUOUS
10
108.639915000000002
20
-94.7445999999999913
11
108.544676999999993
21
-94.5541229999999899
0
LINE
8
BLACK
6
CONTINUOUS
10
108.544676999999993
20
-94.5541229999999899
11
108.544676999999993
21
-92.8398380000000003
0
LINE
8
BLACK
6
CONTINUOUS
10
110.3542009999999891
20
-94.7445999999999913
11
110.1637249999999995
21
-94.8398380000000003
0
LINE
8
BLACK
6
CONTINUOUS
10
110.1637249999999995
20
-94.8398380000000003
11
109.7827719999999943
21
-94.8398380000000003
0
LINE
8
BLACK
6
CONTINUOUS
10
109.7827719999999943
20
-94.8398380000000003
11
109.5922959999999904
21
-94.7445999999999913
0
LINE
8
BLACK
6
CONTINUOUS
10
109.5922959999999904
20
-94.7445999999999913
11
109.4970579999999956
21
-94.5541229999999899
0
LINE
8
BLACK
6
CONTINUOUS
10
109.4970579999999956
20
-94.5541229999999899
11
109.4970579999999956
21
-93.7922189999999887
0
LINE
8
BLACK
6
CONTINUOUS
10
109.4970579999999956
20
-93.7922189999999887
11
109.5922959999999904
21
-93.6017420000000016
0
LINE
8
BLACK
6
CONTINUOUS
10
109.5922959999999904
20
-93.6017420000000016
11
109.7827719999999943
21
-93.5065039999999925
0
LINE
8
BLACK
6
CONTINUOUS
10
109.7827719999999943
20
-93.5065039999999925
11
110.1637249999999995
21
-93.5065039999999925
0
LINE
8
BLACK
6
CONTINUOUS
10
110.1637249999999995
20
-93.5065039999999925
11
110.3542009999999891
21
-93.6017420000000016
0
LINE
8
BLACK
6
CONTINUOUS
10
110.3542009999999891
20
-93.6017420000000016
11
110.4494389999999981
21
-93.7922189999999887
0
LINE
8
BLACK
6
CONTINUOUS
10
110.4494389999999981
20
-93.7922189999999887
11
110.4494389999999981
21
-93.9826949999999925
0
LINE
8
BLACK
6
CONTINUOUS
10
110.4494389999999981
20
-93.9826949999999925
11
109.4970579999999956
21
-94.1731709999999964
0
LINE
8
BLACK
6
CONTINUOUS
10
111.2113439999999969
20
-94.7445999999999913
11
111.4018200000000007
21
-94.8398380000000003
0
LINE
8
BLACK
6
CONTINUOUS
10
111.4018200000000007
20
-94.8398380000000003
11
111.7827719999999943
21
-94.8398380000000003
0
LINE
8
BLACK
6
CONTINUOUS
10
111.7827719999999943
20
-94.8398380000000003
11
111.9732489999999956
21
-94.7445999999999913
0
LINE
8
BLACK
6
CONTINUOUS
10
111.9732489999999956
20
-94.7445999999999913
11
112.0684869999999904
21
-94.5541229999999899
0
LINE
8
BLACK
6
CONTINUOUS
10
112.0684869999999904
20
-94.5541229999999899
11
112.0684869999999904
21
-94.4588849999999951
0
LINE
8
BLACK
6
CONTINUOUS
10
112.0684869999999904
20
-94.4588849999999951
11
111.9732489999999956
21
-94.2684089999999912
0
LINE
8
BLACK
6
CONTINUOUS
10
111.9732489999999956
20
-94.2684089999999912
11
111.7827719999999943
21
-94.1731709999999964
0
LINE
8
BLACK
6
CONTINUOUS
10
111.7827719999999943
20
-94.1731709999999964
11
111.4970579999999956
21
-94.1731709999999964
0
LINE
8
BLACK
6
CONTINUOUS
10
111.4970579999999956
20
-94.1731709999999964
11
111.3065819999999917
21
-94.0779330000000016
0
LINE
8
BLACK
6
CONTINUOUS
10
111.3065819999999917
20
-94.0779330000000016
11
111.2113439999999969
21
-93.8874569999999977
0
LINE
8
BLACK
6
CONTINUOUS
10
111.2113439999999969
20
-93.8874569999999977
11
111.2113439999999969
21
-93.7922189999999887
0
LINE
8
BLACK
6
CONTINUOUS
10
111.2113439999999969
20
-93.7922189999999887
11
111.3065819999999917
21
-93.6017420000000016
0
LINE
8
BLACK
6
CONTINUOUS
10
111.3065819999999917
20
-93.6017420000000016
11
111.4970579999999956
21
-93.5065039999999925
0
LINE
8
BLACK
6
CONTINUOUS
10
111.4970579999999956
20
-93.5065039999999925
11
111.7827719999999943
21
-93.5065039999999925
0
LINE
8
BLACK
6
CONTINUOUS
10
111.7827719999999943
20
-93.5065039999999925
11
111.9732489999999956
21
-93.6017420000000016
0
LINE
8
BLACK
6
CONTINUOUS
10
112.7351539999999943
20
-95.6017420000000016
11
112.8303919999999891
21
-95.5065039999999925
0
LINE
8
BLACK
6
CONTINUOUS
10
112.8303919999999891
20
-95.5065039999999925
11
113.020867999999993
21
-95.2207899999999938
0
LINE
8
BLACK
6
CONTINUOUS
10
113.020867999999993
20
-95.2207899999999938
11
113.1161059999999878
21
-95.03031399999999
0
LINE
8
BLACK
6
CONTINUOUS
10
113.1161059999999878
20
-95.03031399999999
11
113.2113439999999969
21
-94.7445999999999913
0
LINE
8
BLACK
6
CONTINUOUS
10
113.2113439999999969
20
-94.7445999999999913
11
113.3065819999999917
21
-94.2684089999999912
0
LINE
8
BLACK
6
CONTINUOUS
10
113.3065819999999917
20
-94.2684089999999912
11
113.3065819999999917
21
-93.8874569999999977
0
LINE
8
BLACK
6
CONTINUOUS
10
113.3065819999999917
20
-93.8874569999999977
11
113.2113439999999969
21
-93.4112659999999977
0
LINE
8
BLACK
6
CONTINUOUS
10
113.2113439999999969
20
-93.4112659999999977
11
113.1161059999999878
21
-93.125551999999999
0
LINE
8
BLACK
6
CONTINUOUS
10
113.1161059999999878
20
-93.125551999999999
11
113.020867999999993
21
-92.9350759999999951
0
LINE
8
BLACK
6
CONTINUOUS
10
113.020867999999993
20
-92.9350759999999951
11
112.8303919999999891
21
-92.649360999999999
0
LINE
8
BLACK
6
CONTINUOUS
10
112.8303919999999891
20
-92.649360999999999
11
112.7351539999999943
21
-92.5541229999999899
0
CIRCLE
8
BLACK
10
60.7749999999999986
20
-96.5649999999999977
40
0.4
0
LINE
8
BLACK
6
CONTINUOUS
10
64.1637199999999979
20
-95.4798380000000009
11
64.3541969999999992
21
-95.4798380000000009
0
LINE
8
BLACK
6
CONTINUOUS
10
64.3541969999999992
20
-95.4798380000000009
11
64.5446730000000031
21
-95.5750759999999957
0
LINE
8
BLACK
6
CONTINUOUS
10
64.5446730000000031
20
-95.5750759999999957
11
64.6399109999999979
21
-95.6703139999999905
0
LINE
8
BLACK
6
CONTINUOUS
10
64.6399109999999979
20
-95.6703139999999905
11
64.7351489999999927
21
-95.8607899999999944
0
LINE
8
BLACK
6
CONTINUOUS
10
64.7351489999999927
20
-95.8607899999999944
11
64.8303870000000018
21
-96.2417420000000021
0
LINE
8
BLACK
6
CONTINUOUS
10
64.8303870000000018
20
-96.2417420000000021
11
64.8303870000000018
21
-96.7179330000000022
0
LINE
8
BLACK
6
CONTINUOUS
10
64.8303870000000018
20
-96.7179330000000022
11
64.7351489999999927
21
-97.0988849999999957
0
LINE
8
BLACK
6
CONTINUOUS
10
64.7351489999999927
20
-97.0988849999999957
11
64.6399109999999979
21
-97.2893609999999995
0
LINE
8
BLACK
6
CONTINUOUS
10
64.6399109999999979
20
-97.2893609999999995
11
64.5446730000000031
21
-97.3845999999999918
0
LINE
8
BLACK
6
CONTINUOUS
10
64.5446730000000031
20
-97.3845999999999918
11
64.3541969999999992
21
-97.4798380000000009
0
LINE
8
BLACK
6
CONTINUOUS
10
64.3541969999999992
20
-97.4798380000000009
11
64.1637199999999979
21
-97.4798380000000009
0
LINE
8
BLACK
6
CONTINUOUS
10
64.1637199999999979
20
-97.4798380000000009
11
63.973243999999994
21
-97.3845999999999918
0
LINE
8
BLACK
6
CONTINUOUS
10
63.973243999999994
20
-97.3845999999999918
11
63.8780059999999992
21
-97.2893609999999995
0
LINE
8
BLACK
6
CONTINUOUS
10
63.8780059999999992
20
-97.2893609999999995
11
63.7827679999999972
21
-97.0988849999999957
0
LINE
8
BLACK
6
CONTINUOUS
10
63.7827679999999972
20
-97.0988849999999957
11
63.6875299999999953
21
-96.7179330000000022
0
LINE
8
BLACK
6
CONTINUOUS
10
63.6875299999999953
20
-96.7179330000000022
11
63.6875299999999953
21
-96.2417420000000021
0
LINE
8
BLACK
6
CONTINUOUS
10
63.6875299999999953
20
-96.2417420000000021
11
63.7827679999999972
21
-95.8607899999999944
0
LINE
8
BLACK
6
CONTINUOUS
10
63.7827679999999972
20
-95.8607899999999944
11
63.8780059999999992
21
-95.6703139999999905
0
LINE
8
BLACK
6
CONTINUOUS
10
63.8780059999999992
20
-95.6703139999999905
11
63.973243999999994
21
-95.5750759999999957
0
LINE
8
BLACK
6
CONTINUOUS
10
63.973243999999994
20
-95.5750759999999957
11
64.1637199999999979
21
-95.4798380000000009
0
LINE
8
BLACK
6
CONTINUOUS
10
65.6875299999999953
20
-97.2893609999999995
11
65.7827679999999901
21
-97.3845999999999918
0
LINE
8
BLACK
6
CONTINUOUS
10
65.7827679999999901
20
-97.3845999999999918
11
65.6875299999999953
21
-97.4798380000000009
0
LINE
8
BLACK
6
CONTINUOUS
10
65.6875299999999953
20
-97.4798380000000009
11
65.5922920000000005
21
-97.3845999999999918
0
LINE
8
BLACK
6
CONTINUOUS
10
65.5922920000000005
20
-97.3845999999999918
11
65.6875299999999953
21
-97.2893609999999995
0
LINE
8
BLACK
6
CONTINUOUS
10
65.6875299999999953
20
-97.2893609999999995
11
65.6875299999999953
21
-97.4798380000000009
0
LINE
8
BLACK
6
CONTINUOUS
10
66.9256249999999966
20
-96.3369799999999969
11
66.7351489999999927
21
-96.2417420000000021
0
LINE
8
BLACK
6
CONTINUOUS
10
66.7351489999999927
20
-96.2417420000000021
11
66.6399109999999979
21
-96.1465039999999931
0
LINE
8
BLACK
6
CONTINUOUS
10
66.6399109999999979
20
-96.1465039999999931
11
66.5446730000000031
21
-95.9560279999999892
0
LINE
8
BLACK
6
CONTINUOUS
10
66.5446730000000031
20
-95.9560279999999892
11
66.5446730000000031
21
-95.8607899999999944
0
LINE
8
BLACK
6
CONTINUOUS
10
66.5446730000000031
20
-95.8607899999999944
11
66.6399109999999979
21
-95.6703139999999905
0
LINE
8
BLACK
6
CONTINUOUS
10
66.6399109999999979
20
-95.6703139999999905
11
66.7351489999999927
21
-95.5750759999999957
0
LINE
8
BLACK
6
CONTINUOUS
10
66.7351489999999927
20
-95.5750759999999957
11
66.9256249999999966
21
-95.4798380000000009
0
LINE
8
BLACK
6
CONTINUOUS
10
66.9256249999999966
20
-95.4798380000000009
11
67.3065780000000018
21
-95.4798380000000009
0
LINE
8
BLACK
6
CONTINUOUS
10
67.3065780000000018
20
-95.4798380000000009
11
67.4970539999999914
21
-95.5750759999999957
0
LINE
8
BLACK
6
CONTINUOUS
10
67.4970539999999914
20
-95.5750759999999957
11
67.5922920000000005
21
-95.6703139999999905
0
LINE
8
BLACK
6
CONTINUOUS
10
67.5922920000000005
20
-95.6703139999999905
11
67.6875299999999953
21
-95.8607899999999944
0
LINE
8
BLACK
6
CONTINUOUS
10
67.6875299999999953
20
-95.8607899999999944
11
67.6875299999999953
21
-95.9560279999999892
0
LINE
8
BLACK
6
CONTINUOUS
10
67.6875299999999953
20
-95.9560279999999892
11
67.5922920000000005
21
-96.1465039999999931
0
LINE
8
BLACK
6
CONTINUOUS
10
67.5922920000000005
20
-96.1465039999999931
11
67.4970539999999914
21
-96.2417420000000021
0
LINE
8
BLACK
6
CONTINUOUS
10
67.4970539999999914
20
-96.2417420000000021
11
67.3065780000000018
21
-96.3369799999999969
0
LINE
8
BLACK
6
CONTINUOUS
10
67.3065780000000018
20
-96.3369799999999969
11
66.9256249999999966
21
-96.3369799999999969
0
LINE
8
BLACK
6
CONTINUOUS
10
66.9256249999999966
20
-96.3369799999999969
11
66.7351489999999927
21
-96.4322189999999893
0
LINE
8
BLACK
6
CONTINUOUS
10
66.7351489999999927
20
-96.4322189999999893
11
66.6399109999999979
21
-96.5274569999999983
0
LINE
8
BLACK
6
CONTINUOUS
10
66.6399109999999979
20
-96.5274569999999983
11
66.5446730000000031
21
-96.7179330000000022
0
LINE
8
BLACK
6
CONTINUOUS
10
66.5446730000000031
20
-96.7179330000000022
11
66.5446730000000031
21
-97.0988849999999957
0
LINE
8
BLACK
6
CONTINUOUS
10
66.5446730000000031
20
-97.0988849999999957
11
66.6399109999999979
21
-97.2893609999999995
0
LINE
8
BLACK
6
CONTINUOUS
10
66.6399109999999979
20
-97.2893609999999995
11
66.7351489999999927
21
-97.3845999999999918
0
LINE
8
BLACK
6
CONTINUOUS
10
66.7351489999999927
20
-97.3845999999999918
11
66.9256249999999966
21
-97.4798380000000009
0
LINE
8
BLACK
6
CONTINUOUS
10
66.9256249999999966
20
-97.4798380000000009
11
67.3065780000000018
21
-97.4798380000000009
0
LINE
8
BLACK
6
CONTINUOUS
10
67.3065780000000018
20
-97.4798380000000009
11
67.4970539999999914
21
-97.3845999999999918
0
LINE
8
BLACK
6
CONTINUOUS
10
67.4970539999999914
20
-97.3845999999999918
11
67.5922920000000005
21
-97.2893609999999995
0
LINE
8
BLACK
6
CONTINUOUS
10
67.5922920000000005
20
-97.2893609999999995
11
67.6875299999999953
21
-97.0988849999999957
0
LINE
8
BLACK
6
CONTINUOUS
10
67.6875299999999953
20
-97.0988849999999957
11
67.6875299999999953
21
-96.7179330000000022
0
LINE
8
BLACK
6
CONTINUOUS
10
67.6875299999999953
20
-96.7179330000000022
11
67.5922920000000005
21
-96.5274569999999983
0
LINE
8
BLACK
6
CONTINUOUS
10
67.5922920000000005
20
-96.5274569999999983
11
67.4970539999999914
21
-96.4322189999999893
0
LINE
8
BLACK
6
CONTINUOUS
10
67.4970539999999914
20
-96.4322189999999893
11
67.3065780000000018
21
-96.3369799999999969
0
LINE
8
BLACK
6
CONTINUOUS
10
68.9256249999999966
20
-95.4798380000000009
11
69.1161019999999979
21
-95.4798380000000009
0
LINE
8
BLACK
6
CONTINUOUS
10
69.1161019999999979
20
-95.4798380000000009
11
69.3065780000000018
21
-95.5750759999999957
0
LINE
8
BLACK
6
CONTINUOUS
10
69.3065780000000018
20
-95.5750759999999957
11
69.4018159999999966
21
-95.6703139999999905
0
LINE
8
BLACK
6
CONTINUOUS
10
69.4018159999999966
20
-95.6703139999999905
11
69.4970539999999914
21
-95.8607899999999944
0
LINE
8
BLACK
6
CONTINUOUS
10
69.4970539999999914
20
-95.8607899999999944
11
69.5922920000000005
21
-96.2417420000000021
0
LINE
8
BLACK
6
CONTINUOUS
10
69.5922920000000005
20
-96.2417420000000021
11
69.5922920000000005
21
-96.7179330000000022
0
LINE
8
BLACK
6
CONTINUOUS
10
69.5922920000000005
20
-96.7179330000000022
11
69.4970539999999914
21
-97.0988849999999957
0
LINE
8
BLACK
6
CONTINUOUS
10
69.4970539999999914
20
-97.0988849999999957
11
69.4018159999999966
21
-97.2893609999999995
0
LINE
8
BLACK
6
CONTINUOUS
10
69.4018159999999966
20
-97.2893609999999995
11
69.3065780000000018
21
-97.3845999999999918
0
LINE
8
BLACK
6
CONTINUOUS
10
69.3065780000000018
20
-97.3845999999999918
11
69.1161019999999979
21
-97.4798380000000009
0
LINE
8
BLACK
6
CONTINUOUS
10
69.1161019999999979
20
-97.4798380000000009
11
68.9256249999999966
21
-97.4798380000000009
0
LINE
8
BLACK
6
CONTINUOUS
10
68.9256249999999966
20
-97.4798380000000009
11
68.7351489999999927
21
-97.3845999999999918
0
LINE
8
BLACK
6
CONTINUOUS
10
68.7351489999999927
20
-97.3845999999999918
11
68.6399109999999979
21
-97.2893609999999995
0
LINE
8
BLACK
6
CONTINUOUS
10
68.6399109999999979
20
-97.2893609999999995
11
68.5446730000000031
21
-97.0988849999999957
0
LINE
8
BLACK
6
CONTINUOUS
10
68.5446730000000031
20
-97.0988849999999957
11
68.449434999999994
21
-96.7179330000000022
0
LINE
8
BLACK
6
CONTINUOUS
10
68.449434999999994
20
-96.7179330000000022
11
68.449434999999994
21
-96.2417420000000021
0
LINE
8
BLACK
6
CONTINUOUS
10
68.449434999999994
20
-96.2417420000000021
11
68.5446730000000031
21
-95.8607899999999944
0
LINE
8
BLACK
6
CONTINUOUS
10
68.5446730000000031
20
-95.8607899999999944
11
68.6399109999999979
21
-95.6703139999999905
0
LINE
8
BLACK
6
CONTINUOUS
10
68.6399109999999979
20
-95.6703139999999905
11
68.7351489999999927
21
-95.5750759999999957
0
LINE
8
BLACK
6
CONTINUOUS
10
68.7351489999999927
20
-95.5750759999999957
11
68.9256249999999966
21
-95.4798380000000009
0
LINE
8
BLACK
6
CONTINUOUS
10
70.8303870000000018
20
-95.4798380000000009
11
71.0208640000000031
21
-95.4798380000000009
0
LINE
8
BLACK
6
CONTINUOUS
10
71.0208640000000031
20
-95.4798380000000009
11
71.2113399999999928
21
-95.5750759999999957
0
LINE
8
BLACK
6
CONTINUOUS
10
71.2113399999999928
20
-95.5750759999999957
11
71.3065780000000018
21
-95.6703139999999905
0
LINE
8
BLACK
6
CONTINUOUS
10
71.3065780000000018
20
-95.6703139999999905
11
71.4018159999999966
21
-95.8607899999999944
0
LINE
8
BLACK
6
CONTINUOUS
10
71.4018159999999966
20
-95.8607899999999944
11
71.4970539999999914
21
-96.2417420000000021
0
LINE
8
BLACK
6
CONTINUOUS
10
71.4970539999999914
20
-96.2417420000000021
11
71.4970539999999914
21
-96.7179330000000022
0
LINE
8
BLACK
6
CONTINUOUS
10
71.4970539999999914
20
-96.7179330000000022
11
71.4018159999999966
21
-97.0988849999999957
0
LINE
8
BLACK
6
CONTINUOUS
10
71.4018159999999966
20
-97.0988849999999957
11
71.3065780000000018
21
-97.2893609999999995
0
LINE
8
BLACK
6
CONTINUOUS
10
71.3065780000000018
20
-97.2893609999999995
11
71.2113399999999928
21
-97.3845999999999918
0
LINE
8
BLACK
6
CONTINUOUS
10
71.2113399999999928
20
-97.3845999999999918
11
71.0208640000000031
21
-97.4798380000000009
0
LINE
8
BLACK
6
CONTINUOUS
10
71.0208640000000031
20
-97.4798380000000009
11
70.8303870000000018
21
-97.4798380000000009
0
LINE
8
BLACK
6
CONTINUOUS
10
70.8303870000000018
20
-97.4798380000000009
11
70.6399109999999979
21
-97.3845999999999918
0
LINE
8
BLACK
6
CONTINUOUS
10
70.6399109999999979
20
-97.3845999999999918
11
70.5446730000000031
21
-97.2893609999999995
0
LINE
8
BLACK
6
CONTINUOUS
10
70.5446730000000031
20
-97.2893609999999995
11
70.449434999999994
21
-97.0988849999999957
0
LINE
8
BLACK
6
CONTINUOUS
10
70.449434999999994
20
-97.0988849999999957
11
70.3541969999999992
21
-96.7179330000000022
0
LINE
8
BLACK
6
CONTINUOUS
10
70.3541969999999992
20
-96.7179330000000022
11
70.3541969999999992
21
-96.2417420000000021
0
LINE
8
BLACK
6
CONTINUOUS
10
70.3541969999999992
20
-96.2417420000000021
11
70.449434999999994
21
-95.8607899999999944
0
LINE
8
BLACK
6
CONTINUOUS
10
70.449434999999994
20
-95.8607899999999944
11
70.5446730000000031
21
-95.6703139999999905
0
LINE
8
BLACK
6
CONTINUOUS
10
70.5446730000000031
20
-95.6703139999999905
11
70.6399109999999979
21
-95.5750759999999957
0
LINE
8
BLACK
6
CONTINUOUS
10
70.6399109999999979
20
-95.5750759999999957
11
70.8303870000000018
21
-95.4798380000000009
0
LINE
8
BLACK
6
CONTINUOUS
10
72.3541969999999992
20
-97.4798380000000009
11
72.3541969999999992
21
-96.1465039999999931
0
LINE
8
BLACK
6
CONTINUOUS
10
72.3541969999999992
20
-96.3369799999999969
11
72.449434999999994
21
-96.2417420000000021
0
LINE
8
BLACK
6
CONTINUOUS
10
72.449434999999994
20
-96.2417420000000021
11
72.6399109999999979
21
-96.1465039999999931
0
LINE
8
BLACK
6
CONTINUOUS
10
72.6399109999999979
20
-96.1465039999999931
11
72.9256259999999941
21
-96.1465039999999931
0
LINE
8
BLACK
6
CONTINUOUS
10
72.9256259999999941
20
-96.1465039999999931
11
73.1161019999999979
21
-96.2417420000000021
0
LINE
8
BLACK
6
CONTINUOUS
10
73.1161019999999979
20
-96.2417420000000021
11
73.2113399999999928
21
-96.4322189999999893
0
LINE
8
BLACK
6
CONTINUOUS
10
73.2113399999999928
20
-96.4322189999999893
11
73.2113399999999928
21
-97.4798380000000009
0
LINE
8
BLACK
6
CONTINUOUS
10
73.2113399999999928
20
-96.4322189999999893
11
73.3065780000000018
21
-96.2417420000000021
0
LINE
8
BLACK
6
CONTINUOUS
10
73.3065780000000018
20
-96.2417420000000021
11
73.4970539999999914
21
-96.1465039999999931
0
LINE
8
BLACK
6
CONTINUOUS
10
73.4970539999999914
20
-96.1465039999999931
11
73.7827679999999901
21
-96.1465039999999931
0
LINE
8
BLACK
6
CONTINUOUS
10
73.7827679999999901
20
-96.1465039999999931
11
73.9732449999999915
21
-96.2417420000000021
0
LINE
8
BLACK
6
CONTINUOUS
10
73.9732449999999915
20
-96.2417420000000021
11
74.0684830000000005
21
-96.4322189999999893
0
LINE
8
BLACK
6
CONTINUOUS
10
74.0684830000000005
20
-96.4322189999999893
11
74.0684830000000005
21
-97.4798380000000009
0
LINE
8
BLACK
6
CONTINUOUS
10
75.0208640000000031
20
-97.4798380000000009
11
75.0208640000000031
21
-96.1465039999999931
0
LINE
8
BLACK
6
CONTINUOUS
10
75.0208640000000031
20
-96.3369799999999969
11
75.1161019999999979
21
-96.2417420000000021
0
LINE
8
BLACK
6
CONTINUOUS
10
75.1161019999999979
20
-96.2417420000000021
11
75.3065780000000018
21
-96.1465039999999931
0
LINE
8
BLACK
6
CONTINUOUS
10
75.3065780000000018
20
-96.1465039999999931
11
75.592292999999998
21
-96.1465039999999931
0
LINE
8
BLACK
6
CONTINUOUS
10
75.592292999999998
20
-96.1465039999999931
11
75.7827690000000018
21
-96.2417420000000021
0
LINE
8
BLACK
6
CONTINUOUS
10
75.7827690000000018
20
-96.2417420000000021
11
75.8780069999999967
21
-96.4322189999999893
0
LINE
8
BLACK
6
CONTINUOUS
10
75.8780069999999967
20
-96.4322189999999893
11
75.8780069999999967
21
-97.4798380000000009
0
LINE
8
BLACK
6
CONTINUOUS
10
75.8780069999999967
20
-96.4322189999999893
11
75.9732449999999915
21
-96.2417420000000021
0
LINE
8
BLACK
6
CONTINUOUS
10
75.9732449999999915
20
-96.2417420000000021
11
76.1637209999999953
21
-96.1465039999999931
0
LINE
8
BLACK
6
CONTINUOUS
10
76.1637209999999953
20
-96.1465039999999931
11
76.449434999999994
21
-96.1465039999999931
0
LINE
8
BLACK
6
CONTINUOUS
10
76.449434999999994
20
-96.1465039999999931
11
76.6399119999999954
21
-96.2417420000000021
0
LINE
8
BLACK
6
CONTINUOUS
10
76.6399119999999954
20
-96.2417420000000021
11
76.7351499999999902
21
-96.4322189999999893
0
LINE
8
BLACK
6
CONTINUOUS
10
76.7351499999999902
20
-96.4322189999999893
11
76.7351499999999902
21
-97.4798380000000009
0
LINE
8
BLACK
6
CONTINUOUS
10
80.6399119999999954
20
-95.3845999999999918
11
78.9256269999999915
21
-97.9560279999999892
0
LINE
8
BLACK
6
CONTINUOUS
10
83.2113409999999902
20
-95.4798380000000009
11
83.4018179999999916
21
-95.4798380000000009
0
LINE
8
BLACK
6
CONTINUOUS
10
83.4018179999999916
20
-95.4798380000000009
11
83.5922939999999954
21
-95.5750759999999957
0
LINE
8
BLACK
6
CONTINUOUS
10
83.5922939999999954
20
-95.5750759999999957
11
83.6875319999999903
21
-95.6703139999999905
0
LINE
8
BLACK
6
CONTINUOUS
10
83.6875319999999903
20
-95.6703139999999905
11
83.7827699999999993
21
-95.8607899999999944
0
LINE
8
BLACK
6
CONTINUOUS
10
83.7827699999999993
20
-95.8607899999999944
11
83.8780079999999941
21
-96.2417420000000021
0
LINE
8
BLACK
6
CONTINUOUS
10
83.8780079999999941
20
-96.2417420000000021
11
83.8780079999999941
21
-96.7179330000000022
0
LINE
8
BLACK
6
CONTINUOUS
10
83.8780079999999941
20
-96.7179330000000022
11
83.7827699999999993
21
-97.0988849999999957
0
LINE
8
BLACK
6
CONTINUOUS
10
83.7827699999999993
20
-97.0988849999999957
11
83.6875319999999903
21
-97.2893609999999995
0
LINE
8
BLACK
6
CONTINUOUS
10
83.6875319999999903
20
-97.2893609999999995
11
83.5922939999999954
21
-97.3845999999999918
0
LINE
8
BLACK
6
CONTINUOUS
10
83.5922939999999954
20
-97.3845999999999918
11
83.4018179999999916
21
-97.4798380000000009
0
LINE
8
BLACK
6
CONTINUOUS
10
83.4018179999999916
20
-97.4798380000000009
11
83.2113409999999902
21
-97.4798380000000009
0
LINE
8
BLACK
6
CONTINUOUS
10
83.2113409999999902
20
-97.4798380000000009
11
83.0208650000000006
21
-97.3845999999999918
0
LINE
8
BLACK
6
CONTINUOUS
10
83.0208650000000006
20
-97.3845999999999918
11
82.9256269999999915
21
-97.2893609999999995
0
LINE
8
BLACK
6
CONTINUOUS
10
82.9256269999999915
20
-97.2893609999999995
11
82.8303889999999967
21
-97.0988849999999957
0
LINE
8
BLACK
6
CONTINUOUS
10
82.8303889999999967
20
-97.0988849999999957
11
82.7351510000000019
21
-96.7179330000000022
0
LINE
8
BLACK
6
CONTINUOUS
10
82.7351510000000019
20
-96.7179330000000022
11
82.7351510000000019
21
-96.2417420000000021
0
LINE
8
BLACK
6
CONTINUOUS
10
82.7351510000000019
20
-96.2417420000000021
11
82.8303889999999967
21
-95.8607899999999944
0
LINE
8
BLACK
6
CONTINUOUS
10
82.8303889999999967
20
-95.8607899999999944
11
82.9256269999999915
21
-95.6703139999999905
0
LINE
8
BLACK
6
CONTINUOUS
10
82.9256269999999915
20
-95.6703139999999905
11
83.0208650000000006
21
-95.5750759999999957
0
LINE
8
BLACK
6
CONTINUOUS
10
83.0208650000000006
20
-95.5750759999999957
11
83.2113409999999902
21
-95.4798380000000009
0
LINE
8
BLACK
6
CONTINUOUS
10
84.7351510000000019
20
-97.2893609999999995
11
84.8303889999999967
21
-97.3845999999999918
0
LINE
8
BLACK
6
CONTINUOUS
10
84.8303889999999967
20
-97.3845999999999918
11
84.7351510000000019
21
-97.4798380000000009
0
LINE
8
BLACK
6
CONTINUOUS
10
84.7351510000000019
20
-97.4798380000000009
11
84.6399129999999928
21
-97.3845999999999918
0
LINE
8
BLACK
6
CONTINUOUS
10
84.6399129999999928
20
-97.3845999999999918
11
84.7351510000000019
21
-97.2893609999999995
0
LINE
8
BLACK
6
CONTINUOUS
10
84.7351510000000019
20
-97.2893609999999995
11
84.7351510000000019
21
-97.4798380000000009
0
LINE
8
BLACK
6
CONTINUOUS
10
86.068483999999998
20
-95.4798380000000009
11
86.2589609999999993
21
-95.4798380000000009
0
LINE
8
BLACK
6
CONTINUOUS
10
86.2589609999999993
20
-95.4798380000000009
11
86.449436999999989
21
-95.5750759999999957
0
LINE
8
BLACK
6
CONTINUOUS
10
86.449436999999989
20
-95.5750759999999957
11
86.544674999999998
21
-95.6703139999999905
0
LINE
8
BLACK
6
CONTINUOUS
10
86.544674999999998
20
-95.6703139999999905
11
86.6399129999999928
21
-95.8607899999999944
0
LINE
8
BLACK
6
CONTINUOUS
10
86.6399129999999928
20
-95.8607899999999944
11
86.7351510000000019
21
-96.2417420000000021
0
LINE
8
BLACK
6
CONTINUOUS
10
86.7351510000000019
20
-96.2417420000000021
11
86.7351510000000019
21
-96.7179330000000022
0
LINE
8
BLACK
6
CONTINUOUS
10
86.7351510000000019
20
-96.7179330000000022
11
86.6399129999999928
21
-97.0988849999999957
0
LINE
8
BLACK
6
CONTINUOUS
10
86.6399129999999928
20
-97.0988849999999957
11
86.544674999999998
21
-97.2893609999999995
0
LINE
8
BLACK
6
CONTINUOUS
10
86.544674999999998
20
-97.2893609999999995
11
86.449436999999989
21
-97.3845999999999918
0
LINE
8
BLACK
6
CONTINUOUS
10
86.449436999999989
20
-97.3845999999999918
11
86.2589609999999993
21
-97.4798380000000009
0
LINE
8
BLACK
6
CONTINUOUS
10
86.2589609999999993
20
-97.4798380000000009
11
86.068483999999998
21
-97.4798380000000009
0
LINE
8
BLACK
6
CONTINUOUS
10
86.068483999999998
20
-97.4798380000000009
11
85.8780079999999941
21
-97.3845999999999918
0
LINE
8
BLACK
6
CONTINUOUS
10
85.8780079999999941
20
-97.3845999999999918
11
85.7827699999999993
21
-97.2893609999999995
0
LINE
8
BLACK
6
CONTINUOUS
10
85.7827699999999993
20
-97.2893609999999995
11
85.6875319999999903
21
-97.0988849999999957
0
LINE
8
BLACK
6
CONTINUOUS
10
85.6875319999999903
20
-97.0988849999999957
11
85.5922939999999954
21
-96.7179330000000022
0
LINE
8
BLACK
6
CONTINUOUS
10
85.5922939999999954
20
-96.7179330000000022
11
85.5922939999999954
21
-96.2417420000000021
0
LINE
8
BLACK
6
CONTINUOUS
10
85.5922939999999954
20
-96.2417420000000021
11
85.6875319999999903
21
-95.8607899999999944
0
LINE
8
BLACK
6
CONTINUOUS
10
85.6875319999999903
20
-95.8607899999999944
11
85.7827699999999993
21
-95.6703139999999905
0
LINE
8
BLACK
6
CONTINUOUS
10
85.7827699999999993
20
-95.6703139999999905
11
85.8780079999999941
21
-95.5750759999999957
0
LINE
8
BLACK
6
CONTINUOUS
10
85.8780079999999941
20
-95.5750759999999957
11
86.068483999999998
21
-95.4798380000000009
0
LINE
8
BLACK
6
CONTINUOUS
10
87.4018179999999916
20
-95.4798380000000009
11
88.6399129999999928
21
-95.4798380000000009
0
LINE
8
BLACK
6
CONTINUOUS
10
88.6399129999999928
20
-95.4798380000000009
11
87.973245999999989
21
-96.2417420000000021
0
LINE
8
BLACK
6
CONTINUOUS
10
87.973245999999989
20
-96.2417420000000021
11
88.2589609999999993
21
-96.2417420000000021
0
LINE
8
BLACK
6
CONTINUOUS
10
88.2589609999999993
20
-96.2417420000000021
11
88.449436999999989
21
-96.3369799999999969
0
LINE
8
BLACK
6
CONTINUOUS
10
88.449436999999989
20
-96.3369799999999969
11
88.544674999999998
21
-96.4322189999999893
0
LINE
8
BLACK
6
CONTINUOUS
10
88.544674999999998
20
-96.4322189999999893
11
88.6399129999999928
21
-96.6226949999999931
0
LINE
8
BLACK
6
CONTINUOUS
10
88.6399129999999928
20
-96.6226949999999931
11
88.6399129999999928
21
-97.0988849999999957
0
LINE
8
BLACK
6
CONTINUOUS
10
88.6399129999999928
20
-97.0988849999999957
11
88.544674999999998
21
-97.2893609999999995
0
LINE
8
BLACK
6
CONTINUOUS
10
88.544674999999998
20
-97.2893609999999995
11
88.449436999999989
21
-97.3845999999999918
0
LINE
8
BLACK
6
CONTINUOUS
10
88.449436999999989
20
-97.3845999999999918
11
88.2589609999999993
21
-97.4798380000000009
0
LINE
8
BLACK
6
CONTINUOUS
10
88.2589609999999993
20
-97.4798380000000009
11
87.6875319999999903
21
-97.4798380000000009
0
LINE
8
BLACK
6
CONTINUOUS
10
87.6875319999999903
20
-97.4798380000000009
11
87.4970560000000006
21
-97.3845999999999918
0
LINE
8
BLACK
6
CONTINUOUS
10
87.4970560000000006
20
-97.3845999999999918
11
87.4018179999999916
21
-97.2893609999999995
0
LINE
8
BLACK
6
CONTINUOUS
10
90.544674999999998
20
-97.4798380000000009
11
89.4018179999999916
21
-97.4798380000000009
0
LINE
8
BLACK
6
CONTINUOUS
10
89.973245999999989
20
-97.4798380000000009
11
89.973245999999989
21
-95.4798380000000009
0
LINE
8
BLACK
6
CONTINUOUS
10
89.973245999999989
20
-95.4798380000000009
11
89.7827699999999993
21
-95.7655519999999996
0
LINE
8
BLACK
6
CONTINUOUS
10
89.7827699999999993
20
-95.7655519999999996
11
89.5922939999999954
21
-95.9560279999999892
0
LINE
8
BLACK
6
CONTINUOUS
10
89.5922939999999954
20
-95.9560279999999892
11
89.4018179999999916
21
-96.0512659999999983
0
LINE
8
BLACK
6
CONTINUOUS
10
92.3541989999999942
20
-95.4798380000000009
11
91.4018179999999916
21
-95.4798380000000009
0
LINE
8
BLACK
6
CONTINUOUS
10
91.4018179999999916
20
-95.4798380000000009
11
91.3065799999999967
21
-96.4322189999999893
0
LINE
8
BLACK
6
CONTINUOUS
10
91.3065799999999967
20
-96.4322189999999893
11
91.4018179999999916
21
-96.3369799999999969
0
LINE
8
BLACK
6
CONTINUOUS
10
91.4018179999999916
20
-96.3369799999999969
11
91.5922939999999954
21
-96.2417420000000021
0
LINE
8
BLACK
6
CONTINUOUS
10
91.5922939999999954
20
-96.2417420000000021
11
92.0684849999999955
21
-96.2417420000000021
0
LINE
8
BLACK
6
CONTINUOUS
10
92.0684849999999955
20
-96.2417420000000021
11
92.2589609999999993
21
-96.3369799999999969
0
LINE
8
BLACK
6
CONTINUOUS
10
92.2589609999999993
20
-96.3369799999999969
11
92.3541989999999942
21
-96.4322189999999893
0
LINE
8
BLACK
6
CONTINUOUS
10
92.3541989999999942
20
-96.4322189999999893
11
92.449436999999989
21
-96.6226949999999931
0
LINE
8
BLACK
6
CONTINUOUS
10
92.449436999999989
20
-96.6226949999999931
11
92.449436999999989
21
-97.0988849999999957
0
LINE
8
BLACK
6
CONTINUOUS
10
92.449436999999989
20
-97.0988849999999957
11
92.3541989999999942
21
-97.2893609999999995
0
LINE
8
BLACK
6
CONTINUOUS
10
92.3541989999999942
20
-97.2893609999999995
11
92.2589609999999993
21
-97.3845999999999918
0
LINE
8
BLACK
6
CONTINUOUS
10
92.2589609999999993
20
-97.3845999999999918
11
92.0684849999999955
21
-97.4798380000000009
0
LINE
8
BLACK
6
CONTINUOUS
10
92.0684849999999955
20
-97.4798380000000009
11
91.5922939999999954
21
-97.4798380000000009
0
LINE
8
BLACK
6
CONTINUOUS
10
91.5922939999999954
20
-97.4798380000000009
11
91.4018179999999916
21
-97.3845999999999918
0
LINE
8
BLACK
6
CONTINUOUS
10
91.4018179999999916
20
-97.3845999999999918
11
91.3065799999999967
21
-97.2893609999999995
0
LINE
8
BLACK
6
CONTINUOUS
10
93.2113420000000019
20
-95.4798380000000009
11
93.2113420000000019
21
-95.8607899999999944
0
LINE
8
BLACK
6
CONTINUOUS
10
93.9732470000000006
20
-95.4798380000000009
11
93.9732470000000006
21
-95.8607899999999944
0
LINE
8
BLACK
6
CONTINUOUS
10
96.9256290000000007
20
-98.2417420000000021
11
96.8303899999999942
21
-98.1465039999999931
0
LINE
8
BLACK
6
CONTINUOUS
10
96.8303899999999942
20
-98.1465039999999931
11
96.6399139999999903
21
-97.8607899999999944
0
LINE
8
BLACK
6
CONTINUOUS
10
96.6399139999999903
20
-97.8607899999999944
11
96.5446759999999955
21
-97.6703139999999905
0
LINE
8
BLACK
6
CONTINUOUS
10
96.5446759999999955
20
-97.6703139999999905
11
96.4494380000000007
21
-97.3845999999999918
0
LINE
8
BLACK
6
CONTINUOUS
10
96.4494380000000007
20
-97.3845999999999918
11
96.3541999999999916
21
-96.9084089999999918
0
LINE
8
BLACK
6
CONTINUOUS
10
96.3541999999999916
20
-96.9084089999999918
11
96.3541999999999916
21
-96.5274569999999983
0
LINE
8
BLACK
6
CONTINUOUS
10
96.3541999999999916
20
-96.5274569999999983
11
96.4494380000000007
21
-96.0512659999999983
0
LINE
8
BLACK
6
CONTINUOUS
10
96.4494380000000007
20
-96.0512659999999983
11
96.5446759999999955
21
-95.7655519999999996
0
LINE
8
BLACK
6
CONTINUOUS
10
96.5446759999999955
20
-95.7655519999999996
11
96.6399139999999903
21
-95.5750759999999957
0
LINE
8
BLACK
6
CONTINUOUS
10
96.6399139999999903
20
-95.5750759999999957
11
96.8303899999999942
21
-95.2893609999999995
0
LINE
8
BLACK
6
CONTINUOUS
10
96.8303899999999942
20
-95.2893609999999995
11
96.9256290000000007
21
-95.1941229999999905
0
LINE
8
BLACK
6
CONTINUOUS
10
97.5922949999999929
20
-95.6703139999999905
11
97.6875330000000019
21
-95.5750759999999957
0
LINE
8
BLACK
6
CONTINUOUS
10
97.6875330000000019
20
-95.5750759999999957
11
97.8780089999999916
21
-95.4798380000000009
0
LINE
8
BLACK
6
CONTINUOUS
10
97.8780089999999916
20
-95.4798380000000009
11
98.3541999999999916
21
-95.4798380000000009
0
LINE
8
BLACK
6
CONTINUOUS
10
98.3541999999999916
20
-95.4798380000000009
11
98.5446759999999955
21
-95.5750759999999957
0
LINE
8
BLACK
6
CONTINUOUS
10
98.5446759999999955
20
-95.5750759999999957
11
98.6399139999999903
21
-95.6703139999999905
0
LINE
8
BLACK
6
CONTINUOUS
10
98.6399139999999903
20
-95.6703139999999905
11
98.7351519999999994
21
-95.8607899999999944
0
LINE
8
BLACK
6
CONTINUOUS
10
98.7351519999999994
20
-95.8607899999999944
11
98.7351519999999994
21
-96.0512659999999983
0
LINE
8
BLACK
6
CONTINUOUS
10
98.7351519999999994
20
-96.0512659999999983
11
98.6399139999999903
21
-96.3369799999999969
0
LINE
8
BLACK
6
CONTINUOUS
10
98.6399139999999903
20
-96.3369799999999969
11
97.4970569999999981
21
-97.4798380000000009
0
LINE
8
BLACK
6
CONTINUOUS
10
97.4970569999999981
20
-97.4798380000000009
11
98.7351519999999994
21
-97.4798380000000009
0
LINE
8
BLACK
6
CONTINUOUS
10
99.4970569999999981
20
-95.6703139999999905
11
99.5922949999999929
21
-95.5750759999999957
0
LINE
8
BLACK
6
CONTINUOUS
10
99.5922949999999929
20
-95.5750759999999957
11
99.7827709999999968
21
-95.4798380000000009
0
LINE
8
BLACK
6
CONTINUOUS
10
99.7827709999999968
20
-95.4798380000000009
11
100.2589619999999968
21
-95.4798380000000009
0
LINE
8
BLACK
6
CONTINUOUS
10
100.2589619999999968
20
-95.4798380000000009
11
100.4494380000000007
21
-95.5750759999999957
0
LINE
8
BLACK
6
CONTINUOUS
10
100.4494380000000007
20
-95.5750759999999957
11
100.5446759999999955
21
-95.6703139999999905
0
LINE
8
BLACK
6
CONTINUOUS
10
100.5446759999999955
20
-95.6703139999999905
11
100.6399139999999903
21
-95.8607899999999944
0
LINE
8
BLACK
6
CONTINUOUS
10
100.6399139999999903
20
-95.8607899999999944
11
100.6399139999999903
21
-96.0512659999999983
0
LINE
8
BLACK
6
CONTINUOUS
10
100.6399139999999903
20
-96.0512659999999983
11
100.5446759999999955
21
-96.3369799999999969
0
LINE
8
BLACK
6
CONTINUOUS
10
100.5446759999999955
20
-96.3369799999999969
11
99.401818999999989
21
-97.4798380000000009
0
LINE
8
BLACK
6
CONTINUOUS
10
99.401818999999989
20
-97.4798380000000009
11
100.6399139999999903
21
-97.4798380000000009
0
LINE
8
BLACK
6
CONTINUOUS
10
103.0208669999999955
20
-97.4798380000000009
11
103.0208669999999955
21
-95.4798380000000009
0
LINE
8
BLACK
6
CONTINUOUS
10
103.8780099999999891
20
-97.4798380000000009
11
103.8780099999999891
21
-96.4322189999999893
0
LINE
8
BLACK
6
CONTINUOUS
10
103.8780099999999891
20
-96.4322189999999893
11
103.7827719999999943
21
-96.2417420000000021
0
LINE
8
BLACK
6
CONTINUOUS
10
103.7827719999999943
20
-96.2417420000000021
11
103.5922959999999904
21
-96.1465039999999931
0
LINE
8
BLACK
6
CONTINUOUS
10
103.5922959999999904
20
-96.1465039999999931
11
103.3065809999999942
21
-96.1465039999999931
0
LINE
8
BLACK
6
CONTINUOUS
10
103.3065809999999942
20
-96.1465039999999931
11
103.1161049999999904
21
-96.2417420000000021
0
LINE
8
BLACK
6
CONTINUOUS
10
103.1161049999999904
20
-96.2417420000000021
11
103.0208669999999955
21
-96.3369799999999969
0
LINE
8
BLACK
6
CONTINUOUS
10
105.1161049999999904
20
-97.4798380000000009
11
104.9256290000000007
21
-97.3845999999999918
0
LINE
8
BLACK
6
CONTINUOUS
10
104.9256290000000007
20
-97.3845999999999918
11
104.8303909999999917
21
-97.2893609999999995
0
LINE
8
BLACK
6
CONTINUOUS
10
104.8303909999999917
20
-97.2893609999999995
11
104.7351529999999968
21
-97.0988849999999957
0
LINE
8
BLACK
6
CONTINUOUS
10
104.7351529999999968
20
-97.0988849999999957
11
104.7351529999999968
21
-96.5274569999999983
0
LINE
8
BLACK
6
CONTINUOUS
10
104.7351529999999968
20
-96.5274569999999983
11
104.8303909999999917
21
-96.3369799999999969
0
LINE
8
BLACK
6
CONTINUOUS
10
104.8303909999999917
20
-96.3369799999999969
11
104.9256290000000007
21
-96.2417420000000021
0
LINE
8
BLACK
6
CONTINUOUS
10
104.9256290000000007
20
-96.2417420000000021
11
105.1161049999999904
21
-96.1465039999999931
0
LINE
8
BLACK
6
CONTINUOUS
10
105.1161049999999904
20
-96.1465039999999931
11
105.4018200000000007
21
-96.1465039999999931
0
LINE
8
BLACK
6
CONTINUOUS
10
105.4018200000000007
20
-96.1465039999999931
11
105.5922959999999904
21
-96.2417420000000021
0
LINE
8
BLACK
6
CONTINUOUS
10
105.5922959999999904
20
-96.2417420000000021
11
105.6875339999999994
21
-96.3369799999999969
0
LINE
8
BLACK
6
CONTINUOUS
10
105.6875339999999994
20
-96.3369799999999969
11
105.7827719999999943
21
-96.5274569999999983
0
LINE
8
BLACK
6
CONTINUOUS
10
105.7827719999999943
20
-96.5274569999999983
11
105.7827719999999943
21
-97.0988849999999957
0
LINE
8
BLACK
6
CONTINUOUS
10
105.7827719999999943
20
-97.0988849999999957
11
105.6875339999999994
21
-97.2893609999999995
0
LINE
8
BLACK
6
CONTINUOUS
10
105.6875339999999994
20
-97.2893609999999995
11
105.5922959999999904
21
-97.3845999999999918
0
LINE
8
BLACK
6
CONTINUOUS
10
105.5922959999999904
20
-97.3845999999999918
11
105.4018200000000007
21
-97.4798380000000009
0
LINE
8
BLACK
6
CONTINUOUS
10
105.4018200000000007
20
-97.4798380000000009
11
105.1161049999999904
21
-97.4798380000000009
0
LINE
8
BLACK
6
CONTINUOUS
10
106.9256290000000007
20
-97.4798380000000009
11
106.7351529999999968
21
-97.3845999999999918
0
LINE
8
BLACK
6
CONTINUOUS
10
106.7351529999999968
20
-97.3845999999999918
11
106.639915000000002
21
-97.1941229999999905
0
LINE
8
BLACK
6
CONTINUOUS
10
106.639915000000002
20
-97.1941229999999905
11
106.639915000000002
21
-95.4798380000000009
0
LINE
8
BLACK
6
CONTINUOUS
10
108.4494389999999981
20
-97.3845999999999918
11
108.2589629999999943
21
-97.4798380000000009
0
LINE
8
BLACK
6
CONTINUOUS
10
108.2589629999999943
20
-97.4798380000000009
11
107.8780099999999891
21
-97.4798380000000009
0
LINE
8
BLACK
6
CONTINUOUS
10
107.8780099999999891
20
-97.4798380000000009
11
107.6875339999999994
21
-97.3845999999999918
0
LINE
8
BLACK
6
CONTINUOUS
10
107.6875339999999994
20
-97.3845999999999918
11
107.5922959999999904
21
-97.1941229999999905
0
LINE
8
BLACK
6
CONTINUOUS
10
107.5922959999999904
20
-97.1941229999999905
11
107.5922959999999904
21
-96.4322189999999893
0
LINE
8
BLACK
6
CONTINUOUS
10
107.5922959999999904
20
-96.4322189999999893
11
107.6875339999999994
21
-96.2417420000000021
0
LINE
8
BLACK
6
CONTINUOUS
10
107.6875339999999994
20
-96.2417420000000021
11
107.8780099999999891
21
-96.1465039999999931
0
LINE
8
BLACK
6
CONTINUOUS
10
107.8780099999999891
20
-96.1465039999999931
11
108.2589629999999943
21
-96.1465039999999931
0
LINE
8
BLACK
6
CONTINUOUS
10
108.2589629999999943
20
-96.1465039999999931
11
108.4494389999999981
21
-96.2417420000000021
0
LINE
8
BLACK
6
CONTINUOUS
10
108.4494389999999981
20
-96.2417420000000021
11
108.544676999999993
21
-96.4322189999999893
0
LINE
8
BLACK
6
CONTINUOUS
10
108.544676999999993
20
-96.4322189999999893
11
108.544676999999993
21
-96.6226949999999931
0
LINE
8
BLACK
6
CONTINUOUS
10
108.544676999999993
20
-96.6226949999999931
11
107.5922959999999904
21
-96.813170999999997
0
LINE
8
BLACK
6
CONTINUOUS
10
109.3065819999999917
20
-97.3845999999999918
11
109.4970579999999956
21
-97.4798380000000009
0
LINE
8
BLACK
6
CONTINUOUS
10
109.4970579999999956
20
-97.4798380000000009
11
109.8780099999999891
21
-97.4798380000000009
0
LINE
8
BLACK
6
CONTINUOUS
10
109.8780099999999891
20
-97.4798380000000009
11
110.0684869999999904
21
-97.3845999999999918
0
LINE
8
BLACK
6
CONTINUOUS
10
110.0684869999999904
20
-97.3845999999999918
11
110.1637249999999995
21
-97.1941229999999905
0
LINE
8
BLACK
6
CONTINUOUS
10
110.1637249999999995
20
-97.1941229999999905
11
110.1637249999999995
21
-97.0988849999999957
0
LINE
8
BLACK
6
CONTINUOUS
10
110.1637249999999995
20
-97.0988849999999957
11
110.0684869999999904
21
-96.9084089999999918
0
LINE
8
BLACK
6
CONTINUOUS
10
110.0684869999999904
20
-96.9084089999999918
11
109.8780099999999891
21
-96.813170999999997
0
LINE
8
BLACK
6
CONTINUOUS
10
109.8780099999999891
20
-96.813170999999997
11
109.5922959999999904
21
-96.813170999999997
0
LINE
8
BLACK
6
CONTINUOUS
10
109.5922959999999904
20
-96.813170999999997
11
109.4018200000000007
21
-96.7179330000000022
0
LINE
8
BLACK
6
CONTINUOUS
10
109.4018200000000007
20
-96.7179330000000022
11
109.3065819999999917
21
-96.5274569999999983
0
LINE
8
BLACK
6
CONTINUOUS
10
109.3065819999999917
20
-96.5274569999999983
11
109.3065819999999917
21
-96.4322189999999893
0
LINE
8
BLACK
6
CONTINUOUS
10
109.3065819999999917
20
-96.4322189999999893
11
109.4018200000000007
21
-96.2417420000000021
0
LINE
8
BLACK
6
CONTINUOUS
10
109.4018200000000007
20
-96.2417420000000021
11
109.5922959999999904
21
-96.1465039999999931
0
LINE
8
BLACK
6
CONTINUOUS
10
109.5922959999999904
20
-96.1465039999999931
11
109.8780099999999891
21
-96.1465039999999931
0
LINE
8
BLACK
6
CONTINUOUS
10
109.8780099999999891
20
-96.1465039999999931
11
110.0684869999999904
21
-96.2417420000000021
0
LINE
8
BLACK
6
CONTINUOUS
10
110.8303919999999891
20
-98.2417420000000021
11
110.9256299999999982
21
-98.1465039999999931
0
LINE
8
BLACK
6
CONTINUOUS
10
110.9256299999999982
20
-98.1465039999999931
11
111.116106000000002
21
-97.8607899999999944
0
LINE
8
BLACK
6
CONTINUOUS
10
111.116106000000002
20
-97.8607899999999944
11
111.2113439999999969
21
-97.6703139999999905
0
LINE
8
BLACK
6
CONTINUOUS
10
111.2113439999999969
20
-97.6703139999999905
11
111.3065819999999917
21
-97.3845999999999918
0
LINE
8
BLACK
6
CONTINUOUS
10
111.3065819999999917
20
-97.3845999999999918
11
111.4018200000000007
21
-96.9084089999999918
0
LINE
8
BLACK
6
CONTINUOUS
10
111.4018200000000007
20
-96.9084089999999918
11
111.4018200000000007
21
-96.5274569999999983
0
LINE
8
BLACK
6
CONTINUOUS
10
111.4018200000000007
20
-96.5274569999999983
11
111.3065819999999917
21
-96.0512659999999983
0
LINE
8
BLACK
6
CONTINUOUS
10
111.3065819999999917
20
-96.0512659999999983
11
111.2113439999999969
21
-95.7655519999999996
0
LINE
8
BLACK
6
CONTINUOUS
10
111.2113439999999969
20
-95.7655519999999996
11
111.116106000000002
21
-95.5750759999999957
0
LINE
8
BLACK
6
CONTINUOUS
10
111.116106000000002
20
-95.5750759999999957
11
110.9256299999999982
21
-95.2893609999999995
0
LINE
8
BLACK
6
CONTINUOUS
10
110.9256299999999982
20
-95.2893609999999995
11
110.8303919999999891
21
-95.1941229999999905
0
LINE
8
BLACK
6
CONTINUOUS
10
60.6400000000000006
20
-98.6700000000000017
11
60.6400000000000006
21
-99.7399999999999949
0
LINE
8
BLACK
6
CONTINUOUS
10
60.1049999999999969
20
-99.2049999999999983
11
61.1749999999999972
21
-99.2049999999999983
0
LINE
8
BLACK
6
CONTINUOUS
10
64.8303870000000018
20
-100.1198380000000014
11
63.6875299999999953
21
-100.1198380000000014
0
LINE
8
BLACK
6
CONTINUOUS
10
64.2589579999999927
20
-100.1198380000000014
11
64.2589579999999927
21
-98.1198380000000014
0
LINE
8
BLACK
6
CONTINUOUS
10
64.2589579999999927
20
-98.1198380000000014
11
64.068482000000003
21
-98.4055520000000001
0
LINE
8
BLACK
6
CONTINUOUS
10
64.068482000000003
20
-98.4055520000000001
11
63.8780059999999992
21
-98.5960279999999898
0
LINE
8
BLACK
6
CONTINUOUS
10
63.8780059999999992
20
-98.5960279999999898
11
63.6875299999999953
21
-98.6912659999999988
0
LINE
8
BLACK
6
CONTINUOUS
10
65.6875299999999953
20
-99.9293610000000001
11
65.7827679999999901
21
-100.0245999999999924
0
LINE
8
BLACK
6
CONTINUOUS
10
65.7827679999999901
20
-100.0245999999999924
11
65.6875299999999953
21
-100.1198380000000014
0
LINE
8
BLACK
6
CONTINUOUS
10
65.6875299999999953
20
-100.1198380000000014
11
65.5922920000000005
21
-100.0245999999999924
0
LINE
8
BLACK
6
CONTINUOUS
10
65.5922920000000005
20
-100.0245999999999924
11
65.6875299999999953
21
-99.9293610000000001
0
LINE
8
BLACK
6
CONTINUOUS
10
65.6875299999999953
20
-99.9293610000000001
11
65.6875299999999953
21
-100.1198380000000014
0
LINE
8
BLACK
6
CONTINUOUS
10
67.0208629999999914
20
-98.1198380000000014
11
67.2113399999999928
21
-98.1198380000000014
0
LINE
8
BLACK
6
CONTINUOUS
10
67.2113399999999928
20
-98.1198380000000014
11
67.4018159999999966
21
-98.2150759999999963
0
LINE
8
BLACK
6
CONTINUOUS
10
67.4018159999999966
20
-98.2150759999999963
11
67.4970539999999914
21
-98.3103139999999911
0
LINE
8
BLACK
6
CONTINUOUS
10
67.4970539999999914
20
-98.3103139999999911
11
67.5922920000000005
21
-98.500789999999995
0
LINE
8
BLACK
6
CONTINUOUS
10
67.5922920000000005
20
-98.500789999999995
11
67.6875299999999953
21
-98.8817419999999885
0
LINE
8
BLACK
6
CONTINUOUS
10
67.6875299999999953
20
-98.8817419999999885
11
67.6875299999999953
21
-99.3579329999999885
0
LINE
8
BLACK
6
CONTINUOUS
10
67.6875299999999953
20
-99.3579329999999885
11
67.5922920000000005
21
-99.7388849999999962
0
LINE
8
BLACK
6
CONTINUOUS
10
67.5922920000000005
20
-99.7388849999999962
11
67.4970539999999914
21
-99.9293610000000001
0
LINE
8
BLACK
6
CONTINUOUS
10
67.4970539999999914
20
-99.9293610000000001
11
67.4018159999999966
21
-100.0245999999999924
0
LINE
8
BLACK
6
CONTINUOUS
10
67.4018159999999966
20
-100.0245999999999924
11
67.2113399999999928
21
-100.1198380000000014
0
LINE
8
BLACK
6
CONTINUOUS
10
67.2113399999999928
20
-100.1198380000000014
11
67.0208629999999914
21
-100.1198380000000014
0
LINE
8
BLACK
6
CONTINUOUS
10
67.0208629999999914
20
-100.1198380000000014
11
66.8303870000000018
21
-100.0245999999999924
0
LINE
8
BLACK
6
CONTINUOUS
10
66.8303870000000018
20
-100.0245999999999924
11
66.7351489999999927
21
-99.9293610000000001
0
LINE
8
BLACK
6
CONTINUOUS
10
66.7351489999999927
20
-99.9293610000000001
11
66.6399109999999979
21
-99.7388849999999962
0
LINE
8
BLACK
6
CONTINUOUS
10
66.6399109999999979
20
-99.7388849999999962
11
66.5446730000000031
21
-99.3579329999999885
0
LINE
8
BLACK
6
CONTINUOUS
10
66.5446730000000031
20
-99.3579329999999885
11
66.5446730000000031
21
-98.8817419999999885
0
LINE
8
BLACK
6
CONTINUOUS
10
66.5446730000000031
20
-98.8817419999999885
11
66.6399109999999979
21
-98.500789999999995
0
LINE
8
BLACK
6
CONTINUOUS
10
66.6399109999999979
20
-98.500789999999995
11
66.7351489999999927
21
-98.3103139999999911
0
LINE
8
BLACK
6
CONTINUOUS
10
66.7351489999999927
20
-98.3103139999999911
11
66.8303870000000018
21
-98.2150759999999963
0
LINE
8
BLACK
6
CONTINUOUS
10
66.8303870000000018
20
-98.2150759999999963
11
67.0208629999999914
21
-98.1198380000000014
0
LINE
8
BLACK
6
CONTINUOUS
10
68.3541969999999992
20
-98.1198380000000014
11
69.6875299999999953
21
-98.1198380000000014
0
LINE
8
BLACK
6
CONTINUOUS
10
69.6875299999999953
20
-98.1198380000000014
11
68.8303870000000018
21
-100.1198380000000014
0
LINE
8
BLACK
6
CONTINUOUS
10
70.8303870000000018
20
-98.1198380000000014
11
71.0208640000000031
21
-98.1198380000000014
0
LINE
8
BLACK
6
CONTINUOUS
10
71.0208640000000031
20
-98.1198380000000014
11
71.2113399999999928
21
-98.2150759999999963
0
LINE
8
BLACK
6
CONTINUOUS
10
71.2113399999999928
20
-98.2150759999999963
11
71.3065780000000018
21
-98.3103139999999911
0
LINE
8
BLACK
6
CONTINUOUS
10
71.3065780000000018
20
-98.3103139999999911
11
71.4018159999999966
21
-98.500789999999995
0
LINE
8
BLACK
6
CONTINUOUS
10
71.4018159999999966
20
-98.500789999999995
11
71.4970539999999914
21
-98.8817419999999885
0
LINE
8
BLACK
6
CONTINUOUS
10
71.4970539999999914
20
-98.8817419999999885
11
71.4970539999999914
21
-99.3579329999999885
0
LINE
8
BLACK
6
CONTINUOUS
10
71.4970539999999914
20
-99.3579329999999885
11
71.4018159999999966
21
-99.7388849999999962
0
LINE
8
BLACK
6
CONTINUOUS
10
71.4018159999999966
20
-99.7388849999999962
11
71.3065780000000018
21
-99.9293610000000001
0
LINE
8
BLACK
6
CONTINUOUS
10
71.3065780000000018
20
-99.9293610000000001
11
71.2113399999999928
21
-100.0245999999999924
0
LINE
8
BLACK
6
CONTINUOUS
10
71.2113399999999928
20
-100.0245999999999924
11
71.0208640000000031
21
-100.1198380000000014
0
LINE
8
BLACK
6
CONTINUOUS
10
71.0208640000000031
20
-100.1198380000000014
11
70.8303870000000018
21
-100.1198380000000014
0
LINE
8
BLACK
6
CONTINUOUS
10
70.8303870000000018
20
-100.1198380000000014
11
70.6399109999999979
21
-100.0245999999999924
0
LINE
8
BLACK
6
CONTINUOUS
10
70.6399109999999979
20
-100.0245999999999924
11
70.5446730000000031
21
-99.9293610000000001
0
LINE
8
BLACK
6
CONTINUOUS
10
70.5446730000000031
20
-99.9293610000000001
11
70.449434999999994
21
-99.7388849999999962
0
LINE
8
BLACK
6
CONTINUOUS
10
70.449434999999994
20
-99.7388849999999962
11
70.3541969999999992
21
-99.3579329999999885
0
LINE
8
BLACK
6
CONTINUOUS
10
70.3541969999999992
20
-99.3579329999999885
11
70.3541969999999992
21
-98.8817419999999885
0
LINE
8
BLACK
6
CONTINUOUS
10
70.3541969999999992
20
-98.8817419999999885
11
70.449434999999994
21
-98.500789999999995
0
LINE
8
BLACK
6
CONTINUOUS
10
70.449434999999994
20
-98.500789999999995
11
70.5446730000000031
21
-98.3103139999999911
0
LINE
8
BLACK
6
CONTINUOUS
10
70.5446730000000031
20
-98.3103139999999911
11
70.6399109999999979
21
-98.2150759999999963
0
LINE
8
BLACK
6
CONTINUOUS
10
70.6399109999999979
20
-98.2150759999999963
11
70.8303870000000018
21
-98.1198380000000014
0
LINE
8
BLACK
6
CONTINUOUS
10
72.3541969999999992
20
-100.1198380000000014
11
72.3541969999999992
21
-98.7865039999999937
0
LINE
8
BLACK
6
CONTINUOUS
10
72.3541969999999992
20
-98.9769799999999975
11
72.449434999999994
21
-98.8817419999999885
0
LINE
8
BLACK
6
CONTINUOUS
10
72.449434999999994
20
-98.8817419999999885
11
72.6399109999999979
21
-98.7865039999999937
0
LINE
8
BLACK
6
CONTINUOUS
10
72.6399109999999979
20
-98.7865039999999937
11
72.9256259999999941
21
-98.7865039999999937
0
LINE
8
BLACK
6
CONTINUOUS
10
72.9256259999999941
20
-98.7865039999999937
11
73.1161019999999979
21
-98.8817419999999885
0
LINE
8
BLACK
6
CONTINUOUS
10
73.1161019999999979
20
-98.8817419999999885
11
73.2113399999999928
21
-99.0722189999999898
0
LINE
8
BLACK
6
CONTINUOUS
10
73.2113399999999928
20
-99.0722189999999898
11
73.2113399999999928
21
-100.1198380000000014
0
LINE
8
BLACK
6
CONTINUOUS
10
73.2113399999999928
20
-99.0722189999999898
11
73.3065780000000018
21
-98.8817419999999885
0
LINE
8
BLACK
6
CONTINUOUS
10
73.3065780000000018
20
-98.8817419999999885
11
73.4970539999999914
21
-98.7865039999999937
0
LINE
8
BLACK
6
CONTINUOUS
10
73.4970539999999914
20
-98.7865039999999937
11
73.7827679999999901
21
-98.7865039999999937
0
LINE
8
BLACK
6
CONTINUOUS
10
73.7827679999999901
20
-98.7865039999999937
11
73.9732449999999915
21
-98.8817419999999885
0
LINE
8
BLACK
6
CONTINUOUS
10
73.9732449999999915
20
-98.8817419999999885
11
74.0684830000000005
21
-99.0722189999999898
0
LINE
8
BLACK
6
CONTINUOUS
10
74.0684830000000005
20
-99.0722189999999898
11
74.0684830000000005
21
-100.1198380000000014
0
LINE
8
BLACK
6
CONTINUOUS
10
75.0208640000000031
20
-100.1198380000000014
11
75.0208640000000031
21
-98.7865039999999937
0
LINE
8
BLACK
6
CONTINUOUS
10
75.0208640000000031
20
-98.9769799999999975
11
75.1161019999999979
21
-98.8817419999999885
0
LINE
8
BLACK
6
CONTINUOUS
10
75.1161019999999979
20
-98.8817419999999885
11
75.3065780000000018
21
-98.7865039999999937
0
LINE
8
BLACK
6
CONTINUOUS
10
75.3065780000000018
20
-98.7865039999999937
11
75.592292999999998
21
-98.7865039999999937
0
LINE
8
BLACK
6
CONTINUOUS
10
75.592292999999998
20
-98.7865039999999937
11
75.7827690000000018
21
-98.8817419999999885
0
LINE
8
BLACK
6
CONTINUOUS
10
75.7827690000000018
20
-98.8817419999999885
11
75.8780069999999967
21
-99.0722189999999898
0
LINE
8
BLACK
6
CONTINUOUS
10
75.8780069999999967
20
-99.0722189999999898
11
75.8780069999999967
21
-100.1198380000000014
0
LINE
8
BLACK
6
CONTINUOUS
10
75.8780069999999967
20
-99.0722189999999898
11
75.9732449999999915
21
-98.8817419999999885
0
LINE
8
BLACK
6
CONTINUOUS
10
75.9732449999999915
20
-98.8817419999999885
11
76.1637209999999953
21
-98.7865039999999937
0
LINE
8
BLACK
6
CONTINUOUS
10
76.1637209999999953
20
-98.7865039999999937
11
76.449434999999994
21
-98.7865039999999937
0
LINE
8
BLACK
6
CONTINUOUS
10
76.449434999999994
20
-98.7865039999999937
11
76.6399119999999954
21
-98.8817419999999885
0
LINE
8
BLACK
6
CONTINUOUS
10
76.6399119999999954
20
-98.8817419999999885
11
76.7351499999999902
21
-99.0722189999999898
0
LINE
8
BLACK
6
CONTINUOUS
10
76.7351499999999902
20
-99.0722189999999898
11
76.7351499999999902
21
-100.1198380000000014
0
LINE
8
BLACK
6
CONTINUOUS
10
80.6399119999999954
20
-98.0245999999999924
11
78.9256269999999915
21
-100.5960279999999898
0
LINE
8
BLACK
6
CONTINUOUS
10
83.2113409999999902
20
-98.1198380000000014
11
83.4018179999999916
21
-98.1198380000000014
0
LINE
8
BLACK
6
CONTINUOUS
10
83.4018179999999916
20
-98.1198380000000014
11
83.5922939999999954
21
-98.2150759999999963
0
LINE
8
BLACK
6
CONTINUOUS
10
83.5922939999999954
20
-98.2150759999999963
11
83.6875319999999903
21
-98.3103139999999911
0
LINE
8
BLACK
6
CONTINUOUS
10
83.6875319999999903
20
-98.3103139999999911
11
83.7827699999999993
21
-98.500789999999995
0
LINE
8
BLACK
6
CONTINUOUS
10
83.7827699999999993
20
-98.500789999999995
11
83.8780079999999941
21
-98.8817419999999885
0
LINE
8
BLACK
6
CONTINUOUS
10
83.8780079999999941
20
-98.8817419999999885
11
83.8780079999999941
21
-99.3579329999999885
0
LINE
8
BLACK
6
CONTINUOUS
10
83.8780079999999941
20
-99.3579329999999885
11
83.7827699999999993
21
-99.7388849999999962
0
LINE
8
BLACK
6
CONTINUOUS
10
83.7827699999999993
20
-99.7388849999999962
11
83.6875319999999903
21
-99.9293610000000001
0
LINE
8
BLACK
6
CONTINUOUS
10
83.6875319999999903
20
-99.9293610000000001
11
83.5922939999999954
21
-100.0245999999999924
0
LINE
8
BLACK
6
CONTINUOUS
10
83.5922939999999954
20
-100.0245999999999924
11
83.4018179999999916
21
-100.1198380000000014
0
LINE
8
BLACK
6
CONTINUOUS
10
83.4018179999999916
20
-100.1198380000000014
11
83.2113409999999902
21
-100.1198380000000014
0
LINE
8
BLACK
6
CONTINUOUS
10
83.2113409999999902
20
-100.1198380000000014
11
83.0208650000000006
21
-100.0245999999999924
0
LINE
8
BLACK
6
CONTINUOUS
10
83.0208650000000006
20
-100.0245999999999924
11
82.9256269999999915
21
-99.9293610000000001
0
LINE
8
BLACK
6
CONTINUOUS
10
82.9256269999999915
20
-99.9293610000000001
11
82.8303889999999967
21
-99.7388849999999962
0
LINE
8
BLACK
6
CONTINUOUS
10
82.8303889999999967
20
-99.7388849999999962
11
82.7351510000000019
21
-99.3579329999999885
0
LINE
8
BLACK
6
CONTINUOUS
10
82.7351510000000019
20
-99.3579329999999885
11
82.7351510000000019
21
-98.8817419999999885
0
LINE
8
BLACK
6
CONTINUOUS
10
82.7351510000000019
20
-98.8817419999999885
11
82.8303889999999967
21
-98.500789999999995
0
LINE
8
BLACK
6
CONTINUOUS
10
82.8303889999999967
20
-98.500789999999995
11
82.9256269999999915
21
-98.3103139999999911
0
LINE
8
BLACK
6
CONTINUOUS
10
82.9256269999999915
20
-98.3103139999999911
11
83.0208650000000006
21
-98.2150759999999963
0
LINE
8
BLACK
6
CONTINUOUS
10
83.0208650000000006
20
-98.2150759999999963
11
83.2113409999999902
21
-98.1198380000000014
0
LINE
8
BLACK
6
CONTINUOUS
10
84.7351510000000019
20
-99.9293610000000001
11
84.8303889999999967
21
-100.0245999999999924
0
LINE
8
BLACK
6
CONTINUOUS
10
84.8303889999999967
20
-100.0245999999999924
11
84.7351510000000019
21
-100.1198380000000014
0
LINE
8
BLACK
6
CONTINUOUS
10
84.7351510000000019
20
-100.1198380000000014
11
84.6399129999999928
21
-100.0245999999999924
0
LINE
8
BLACK
6
CONTINUOUS
10
84.6399129999999928
20
-100.0245999999999924
11
84.7351510000000019
21
-99.9293610000000001
0
LINE
8
BLACK
6
CONTINUOUS
10
84.7351510000000019
20
-99.9293610000000001
11
84.7351510000000019
21
-100.1198380000000014
0
LINE
8
BLACK
6
CONTINUOUS
10
86.068483999999998
20
-98.1198380000000014
11
86.2589609999999993
21
-98.1198380000000014
0
LINE
8
BLACK
6
CONTINUOUS
10
86.2589609999999993
20
-98.1198380000000014
11
86.449436999999989
21
-98.2150759999999963
0
LINE
8
BLACK
6
CONTINUOUS
10
86.449436999999989
20
-98.2150759999999963
11
86.544674999999998
21
-98.3103139999999911
0
LINE
8
BLACK
6
CONTINUOUS
10
86.544674999999998
20
-98.3103139999999911
11
86.6399129999999928
21
-98.500789999999995
0
LINE
8
BLACK
6
CONTINUOUS
10
86.6399129999999928
20
-98.500789999999995
11
86.7351510000000019
21
-98.8817419999999885
0
LINE
8
BLACK
6
CONTINUOUS
10
86.7351510000000019
20
-98.8817419999999885
11
86.7351510000000019
21
-99.3579329999999885
0
LINE
8
BLACK
6
CONTINUOUS
10
86.7351510000000019
20
-99.3579329999999885
11
86.6399129999999928
21
-99.7388849999999962
0
LINE
8
BLACK
6
CONTINUOUS
10
86.6399129999999928
20
-99.7388849999999962
11
86.544674999999998
21
-99.9293610000000001
0
LINE
8
BLACK
6
CONTINUOUS
10
86.544674999999998
20
-99.9293610000000001
11
86.449436999999989
21
-100.0245999999999924
0
LINE
8
BLACK
6
CONTINUOUS
10
86.449436999999989
20
-100.0245999999999924
11
86.2589609999999993
21
-100.1198380000000014
0
LINE
8
BLACK
6
CONTINUOUS
10
86.2589609999999993
20
-100.1198380000000014
11
86.068483999999998
21
-100.1198380000000014
0
LINE
8
BLACK
6
CONTINUOUS
10
86.068483999999998
20
-100.1198380000000014
11
85.8780079999999941
21
-100.0245999999999924
0
LINE
8
BLACK
6
CONTINUOUS
10
85.8780079999999941
20
-100.0245999999999924
11
85.7827699999999993
21
-99.9293610000000001
0
LINE
8
BLACK
6
CONTINUOUS
10
85.7827699999999993
20
-99.9293610000000001
11
85.6875319999999903
21
-99.7388849999999962
0
LINE
8
BLACK
6
CONTINUOUS
10
85.6875319999999903
20
-99.7388849999999962
11
85.5922939999999954
21
-99.3579329999999885
0
LINE
8
BLACK
6
CONTINUOUS
10
85.5922939999999954
20
-99.3579329999999885
11
85.5922939999999954
21
-98.8817419999999885
0
LINE
8
BLACK
6
CONTINUOUS
10
85.5922939999999954
20
-98.8817419999999885
11
85.6875319999999903
21
-98.500789999999995
0
LINE
8
BLACK
6
CONTINUOUS
10
85.6875319999999903
20
-98.500789999999995
11
85.7827699999999993
21
-98.3103139999999911
0
LINE
8
BLACK
6
CONTINUOUS
10
85.7827699999999993
20
-98.3103139999999911
11
85.8780079999999941
21
-98.2150759999999963
0
LINE
8
BLACK
6
CONTINUOUS
10
85.8780079999999941
20
-98.2150759999999963
11
86.068483999999998
21
-98.1198380000000014
0
LINE
8
BLACK
6
CONTINUOUS
10
88.449436999999989
20
-98.7865039999999937
11
88.449436999999989
21
-100.1198380000000014
0
LINE
8
BLACK
6
CONTINUOUS
10
87.973245999999989
20
-98.0245999999999924
11
87.4970560000000006
21
-99.4531709999999975
0
LINE
8
BLACK
6
CONTINUOUS
10
87.4970560000000006
20
-99.4531709999999975
11
88.7351510000000019
21
-99.4531709999999975
0
LINE
8
BLACK
6
CONTINUOUS
10
89.4018179999999916
20
-98.3103139999999911
11
89.4970560000000006
21
-98.2150759999999963
0
LINE
8
BLACK
6
CONTINUOUS
10
89.4970560000000006
20
-98.2150759999999963
11
89.6875319999999903
21
-98.1198380000000014
0
LINE
8
BLACK
6
CONTINUOUS
10
89.6875319999999903
20
-98.1198380000000014
11
90.1637229999999903
21
-98.1198380000000014
0
LINE
8
BLACK
6
CONTINUOUS
10
90.1637229999999903
20
-98.1198380000000014
11
90.3541989999999942
21
-98.2150759999999963
0
LINE
8
BLACK
6
CONTINUOUS
10
90.3541989999999942
20
-98.2150759999999963
11
90.449436999999989
21
-98.3103139999999911
0
LINE
8
BLACK
6
CONTINUOUS
10
90.449436999999989
20
-98.3103139999999911
11
90.544674999999998
21
-98.500789999999995
0
LINE
8
BLACK
6
CONTINUOUS
10
90.544674999999998
20
-98.500789999999995
11
90.544674999999998
21
-98.6912659999999988
0
LINE
8
BLACK
6
CONTINUOUS
10
90.544674999999998
20
-98.6912659999999988
11
90.449436999999989
21
-98.9769799999999975
0
LINE
8
BLACK
6
CONTINUOUS
10
90.449436999999989
20
-98.9769799999999975
11
89.3065799999999967
21
-100.1198380000000014
0
LINE
8
BLACK
6
CONTINUOUS
10
89.3065799999999967
20
-100.1198380000000014
11
90.544674999999998
21
-100.1198380000000014
0
LINE
8
BLACK
6
CONTINUOUS
10
92.449436999999989
20
-100.1198380000000014
11
91.3065799999999967
21
-100.1198380000000014
0
LINE
8
BLACK
6
CONTINUOUS
10
91.8780079999999941
20
-100.1198380000000014
11
91.8780079999999941
21
-98.1198380000000014
0
LINE
8
BLACK
6
CONTINUOUS
10
91.8780079999999941
20
-98.1198380000000014
11
91.6875319999999903
21
-98.4055520000000001
0
LINE
8
BLACK
6
CONTINUOUS
10
91.6875319999999903
20
-98.4055520000000001
11
91.4970560000000006
21
-98.5960279999999898
0
LINE
8
BLACK
6
CONTINUOUS
10
91.4970560000000006
20
-98.5960279999999898
11
91.3065799999999967
21
-98.6912659999999988
0
LINE
8
BLACK
6
CONTINUOUS
10
93.2113420000000019
20
-98.1198380000000014
11
93.2113420000000019
21
-98.500789999999995
0
LINE
8
BLACK
6
CONTINUOUS
10
93.9732470000000006
20
-98.1198380000000014
11
93.9732470000000006
21
-98.500789999999995
0
LINE
8
BLACK
6
CONTINUOUS
10
96.9256290000000007
20
-100.8817419999999885
11
96.8303899999999942
21
-100.7865039999999937
0
LINE
8
BLACK
6
CONTINUOUS
10
96.8303899999999942
20
-100.7865039999999937
11
96.6399139999999903
21
-100.500789999999995
0
LINE
8
BLACK
6
CONTINUOUS
10
96.6399139999999903
20
-100.500789999999995
11
96.5446759999999955
21
-100.3103139999999911
0
LINE
8
BLACK
6
CONTINUOUS
10
96.5446759999999955
20
-100.3103139999999911
11
96.4494380000000007
21
-100.0245999999999924
0
LINE
8
BLACK
6
CONTINUOUS
10
96.4494380000000007
20
-100.0245999999999924
11
96.3541999999999916
21
-99.5484089999999924
0
LINE
8
BLACK
6
CONTINUOUS
10
96.3541999999999916
20
-99.5484089999999924
11
96.3541999999999916
21
-99.1674569999999989
0
LINE
8
BLACK
6
CONTINUOUS
10
96.3541999999999916
20
-99.1674569999999989
11
96.4494380000000007
21
-98.6912659999999988
0
LINE
8
BLACK
6
CONTINUOUS
10
96.4494380000000007
20
-98.6912659999999988
11
96.5446759999999955
21
-98.4055520000000001
0
LINE
8
BLACK
6
CONTINUOUS
10
96.5446759999999955
20
-98.4055520000000001
11
96.6399139999999903
21
-98.2150759999999963
0
LINE
8
BLACK
6
CONTINUOUS
10
96.6399139999999903
20
-98.2150759999999963
11
96.8303899999999942
21
-97.9293610000000001
0
LINE
8
BLACK
6
CONTINUOUS
10
96.8303899999999942
20
-97.9293610000000001
11
96.9256290000000007
21
-97.8341229999999911
0
LINE
8
BLACK
6
CONTINUOUS
10
98.5446759999999955
20
-98.1198380000000014
11
98.1637229999999903
21
-98.1198380000000014
0
LINE
8
BLACK
6
CONTINUOUS
10
98.1637229999999903
20
-98.1198380000000014
11
97.9732470000000006
21
-98.2150759999999963
0
LINE
8
BLACK
6
CONTINUOUS
10
97.9732470000000006
20
-98.2150759999999963
11
97.8780089999999916
21
-98.3103139999999911
0
LINE
8
BLACK
6
CONTINUOUS
10
97.8780089999999916
20
-98.3103139999999911
11
97.6875330000000019
21
-98.5960279999999898
0
LINE
8
BLACK
6
CONTINUOUS
10
97.6875330000000019
20
-98.5960279999999898
11
97.5922949999999929
21
-98.9769799999999975
0
LINE
8
BLACK
6
CONTINUOUS
10
97.5922949999999929
20
-98.9769799999999975
11
97.5922949999999929
21
-99.7388849999999962
0
LINE
8
BLACK
6
CONTINUOUS
10
97.5922949999999929
20
-99.7388849999999962
11
97.6875330000000019
21
-99.9293610000000001
0
LINE
8
BLACK
6
CONTINUOUS
10
97.6875330000000019
20
-99.9293610000000001
11
97.7827709999999968
21
-100.0245999999999924
0
LINE
8
BLACK
6
CONTINUOUS
10
97.7827709999999968
20
-100.0245999999999924
11
97.9732470000000006
21
-100.1198380000000014
0
LINE
8
BLACK
6
CONTINUOUS
10
97.9732470000000006
20
-100.1198380000000014
11
98.3541999999999916
21
-100.1198380000000014
0
LINE
8
BLACK
6
CONTINUOUS
10
98.3541999999999916
20
-100.1198380000000014
11
98.5446759999999955
21
-100.0245999999999924
0
LINE
8
BLACK
6
CONTINUOUS
10
98.5446759999999955
20
-100.0245999999999924
11
98.6399139999999903
21
-99.9293610000000001
0
LINE
8
BLACK
6
CONTINUOUS
10
98.6399139999999903
20
-99.9293610000000001
11
98.7351519999999994
21
-99.7388849999999962
0
LINE
8
BLACK
6
CONTINUOUS
10
98.7351519999999994
20
-99.7388849999999962
11
98.7351519999999994
21
-99.2626949999999937
0
LINE
8
BLACK
6
CONTINUOUS
10
98.7351519999999994
20
-99.2626949999999937
11
98.6399139999999903
21
-99.0722189999999898
0
LINE
8
BLACK
6
CONTINUOUS
10
98.6399139999999903
20
-99.0722189999999898
11
98.5446759999999955
21
-98.9769799999999975
0
LINE
8
BLACK
6
CONTINUOUS
10
98.5446759999999955
20
-98.9769799999999975
11
98.3541999999999916
21
-98.8817419999999885
0
LINE
8
BLACK
6
CONTINUOUS
10
98.3541999999999916
20
-98.8817419999999885
11
97.9732470000000006
21
-98.8817419999999885
0
LINE
8
BLACK
6
CONTINUOUS
10
97.9732470000000006
20
-98.8817419999999885
11
97.7827709999999968
21
-98.9769799999999975
0
LINE
8
BLACK
6
CONTINUOUS
10
97.7827709999999968
20
-98.9769799999999975
11
97.6875330000000019
21
-99.0722189999999898
0
LINE
8
BLACK
6
CONTINUOUS
10
97.6875330000000019
20
-99.0722189999999898
11
97.5922949999999929
21
-99.2626949999999937
0
LINE
8
BLACK
6
CONTINUOUS
10
101.1161049999999904
20
-100.1198380000000014
11
101.1161049999999904
21
-98.1198380000000014
0
LINE
8
BLACK
6
CONTINUOUS
10
101.9732479999999981
20
-100.1198380000000014
11
101.9732479999999981
21
-99.0722189999999898
0
LINE
8
BLACK
6
CONTINUOUS
10
101.9732479999999981
20
-99.0722189999999898
11
101.8780099999999891
21
-98.8817419999999885
0
LINE
8
BLACK
6
CONTINUOUS
10
101.8780099999999891
20
-98.8817419999999885
11
101.6875339999999994
21
-98.7865039999999937
0
LINE
8
BLACK
6
CONTINUOUS
10
101.6875339999999994
20
-98.7865039999999937
11
101.401818999999989
21
-98.7865039999999937
0
LINE
8
BLACK
6
CONTINUOUS
10
101.401818999999989
20
-98.7865039999999937
11
101.2113429999999994
21
-98.8817419999999885
0
LINE
8
BLACK
6
CONTINUOUS
10
101.2113429999999994
20
-98.8817419999999885
11
101.1161049999999904
21
-98.9769799999999975
0
LINE
8
BLACK
6
CONTINUOUS
10
103.2113429999999994
20
-100.1198380000000014
11
103.0208669999999955
21
-100.0245999999999924
0
LINE
8
BLACK
6
CONTINUOUS
10
103.0208669999999955
20
-100.0245999999999924
11
102.9256290000000007
21
-99.9293610000000001
0
LINE
8
BLACK
6
CONTINUOUS
10
102.9256290000000007
20
-99.9293610000000001
11
102.8303909999999917
21
-99.7388849999999962
0
LINE
8
BLACK
6
CONTINUOUS
10
102.8303909999999917
20
-99.7388849999999962
11
102.8303909999999917
21
-99.1674569999999989
0
LINE
8
BLACK
6
CONTINUOUS
10
102.8303909999999917
20
-99.1674569999999989
11
102.9256290000000007
21
-98.9769799999999975
0
LINE
8
BLACK
6
CONTINUOUS
10
102.9256290000000007
20
-98.9769799999999975
11
103.0208669999999955
21
-98.8817419999999885
0
LINE
8
BLACK
6
CONTINUOUS
10
103.0208669999999955
20
-98.8817419999999885
11
103.2113429999999994
21
-98.7865039999999937
0
LINE
8
BLACK
6
CONTINUOUS
10
103.2113429999999994
20
-98.7865039999999937
11
103.4970579999999956
21
-98.7865039999999937
0
LINE
8
BLACK
6
CONTINUOUS
10
103.4970579999999956
20
-98.7865039999999937
11
103.6875339999999994
21
-98.8817419999999885
0
LINE
8
BLACK
6
CONTINUOUS
10
103.6875339999999994
20
-98.8817419999999885
11
103.7827719999999943
21
-98.9769799999999975
0
LINE
8
BLACK
6
CONTINUOUS
10
103.7827719999999943
20
-98.9769799999999975
11
103.8780099999999891
21
-99.1674569999999989
0
LINE
8
BLACK
6
CONTINUOUS
10
103.8780099999999891
20
-99.1674569999999989
11
103.8780099999999891
21
-99.7388849999999962
0
LINE
8
BLACK
6
CONTINUOUS
10
103.8780099999999891
20
-99.7388849999999962
11
103.7827719999999943
21
-99.9293610000000001
0
LINE
8
BLACK
6
CONTINUOUS
10
103.7827719999999943
20
-99.9293610000000001
11
103.6875339999999994
21
-100.0245999999999924
0
LINE
8
BLACK
6
CONTINUOUS
10
103.6875339999999994
20
-100.0245999999999924
11
103.4970579999999956
21
-100.1198380000000014
0
LINE
8
BLACK
6
CONTINUOUS
10
103.4970579999999956
20
-100.1198380000000014
11
103.2113429999999994
21
-100.1198380000000014
0
LINE
8
BLACK
6
CONTINUOUS
10
105.0208669999999955
20
-100.1198380000000014
11
104.8303909999999917
21
-100.0245999999999924
0
LINE
8
BLACK
6
CONTINUOUS
10
104.8303909999999917
20
-100.0245999999999924
11
104.7351529999999968
21
-99.8341229999999911
0
LINE
8
BLACK
6
CONTINUOUS
10
104.7351529999999968
20
-99.8341229999999911
11
104.7351529999999968
21
-98.1198380000000014
0
LINE
8
BLACK
6
CONTINUOUS
10
106.544676999999993
20
-100.0245999999999924
11
106.3542009999999891
21
-100.1198380000000014
0
LINE
8
BLACK
6
CONTINUOUS
10
106.3542009999999891
20
-100.1198380000000014
11
105.9732479999999981
21
-100.1198380000000014
0
LINE
8
BLACK
6
CONTINUOUS
10
105.9732479999999981
20
-100.1198380000000014
11
105.7827719999999943
21
-100.0245999999999924
0
LINE
8
BLACK
6
CONTINUOUS
10
105.7827719999999943
20
-100.0245999999999924
11
105.6875339999999994
21
-99.8341229999999911
0
LINE
8
BLACK
6
CONTINUOUS
10
105.6875339999999994
20
-99.8341229999999911
11
105.6875339999999994
21
-99.0722189999999898
0
LINE
8
BLACK
6
CONTINUOUS
10
105.6875339999999994
20
-99.0722189999999898
11
105.7827719999999943
21
-98.8817419999999885
0
LINE
8
BLACK
6
CONTINUOUS
10
105.7827719999999943
20
-98.8817419999999885
11
105.9732479999999981
21
-98.7865039999999937
0
LINE
8
BLACK
6
CONTINUOUS
10
105.9732479999999981
20
-98.7865039999999937
11
106.3542009999999891
21
-98.7865039999999937
0
LINE
8
BLACK
6
CONTINUOUS
10
106.3542009999999891
20
-98.7865039999999937
11
106.544676999999993
21
-98.8817419999999885
0
LINE
8
BLACK
6
CONTINUOUS
10
106.544676999999993
20
-98.8817419999999885
11
106.639915000000002
21
-99.0722189999999898
0
LINE
8
BLACK
6
CONTINUOUS
10
106.639915000000002
20
-99.0722189999999898
11
106.639915000000002
21
-99.2626949999999937
0
LINE
8
BLACK
6
CONTINUOUS
10
106.639915000000002
20
-99.2626949999999937
11
105.6875339999999994
21
-99.4531709999999975
0
LINE
8
BLACK
6
CONTINUOUS
10
107.4018200000000007
20
-100.0245999999999924
11
107.5922959999999904
21
-100.1198380000000014
0
LINE
8
BLACK
6
CONTINUOUS
10
107.5922959999999904
20
-100.1198380000000014
11
107.9732479999999981
21
-100.1198380000000014
0
LINE
8
BLACK
6
CONTINUOUS
10
107.9732479999999981
20
-100.1198380000000014
11
108.1637249999999995
21
-100.0245999999999924
0
LINE
8
BLACK
6
CONTINUOUS
10
108.1637249999999995
20
-100.0245999999999924
11
108.2589629999999943
21
-99.8341229999999911
0
LINE
8
BLACK
6
CONTINUOUS
10
108.2589629999999943
20
-99.8341229999999911
11
108.2589629999999943
21
-99.7388849999999962
0
LINE
8
BLACK
6
CONTINUOUS
10
108.2589629999999943
20
-99.7388849999999962
11
108.1637249999999995
21
-99.5484089999999924
0
LINE
8
BLACK
6
CONTINUOUS
10
108.1637249999999995
20
-99.5484089999999924
11
107.9732479999999981
21
-99.4531709999999975
0
LINE
8
BLACK
6
CONTINUOUS
10
107.9732479999999981
20
-99.4531709999999975
11
107.6875339999999994
21
-99.4531709999999975
0
LINE
8
BLACK
6
CONTINUOUS
10
107.6875339999999994
20
-99.4531709999999975
11
107.4970579999999956
21
-99.3579329999999885
0
LINE
8
BLACK
6
CONTINUOUS
10
107.4970579999999956
20
-99.3579329999999885
11
107.4018200000000007
21
-99.1674569999999989
0
LINE
8
BLACK
6
CONTINUOUS
10
107.4018200000000007
20
-99.1674569999999989
11
107.4018200000000007
21
-99.0722189999999898
0
LINE
8
BLACK
6
CONTINUOUS
10
107.4018200000000007
20
-99.0722189999999898
11
107.4970579999999956
21
-98.8817419999999885
0
LINE
8
BLACK
6
CONTINUOUS
10
107.4970579999999956
20
-98.8817419999999885
11
107.6875339999999994
21
-98.7865039999999937
0
LINE
8
BLACK
6
CONTINUOUS
10
107.6875339999999994
20
-98.7865039999999937
11
107.9732479999999981
21
-98.7865039999999937
0
LINE
8
BLACK
6
CONTINUOUS
10
107.9732479999999981
20
-98.7865039999999937
11
108.1637249999999995
21
-98.8817419999999885
0
LINE
8
BLACK
6
CONTINUOUS
10
108.9256299999999982
20
-100.8817419999999885
11
109.020867999999993
21
-100.7865039999999937
0
LINE
8
BLACK
6
CONTINUOUS
10
109.020867999999993
20
-100.7865039999999937
11
109.2113439999999969
21
-100.500789999999995
0
LINE
8
BLACK
6
CONTINUOUS
10
109.2113439999999969
20
-100.500789999999995
11
109.3065819999999917
21
-100.3103139999999911
0
LINE
8
BLACK
6
CONTINUOUS
10
109.3065819999999917
20
-100.3103139999999911
11
109.4018200000000007
21
-100.0245999999999924
0
LINE
8
BLACK
6
CONTINUOUS
10
109.4018200000000007
20
-100.0245999999999924
11
109.4970579999999956
21
-99.5484089999999924
0
LINE
8
BLACK
6
CONTINUOUS
10
109.4970579999999956
20
-99.5484089999999924
11
109.4970579999999956
21
-99.1674569999999989
0
LINE
8
BLACK
6
CONTINUOUS
10
109.4970579999999956
20
-99.1674569999999989
11
109.4018200000000007
21
-98.6912659999999988
0
LINE
8
BLACK
6
CONTINUOUS
10
109.4018200000000007
20
-98.6912659999999988
11
109.3065819999999917
21
-98.4055520000000001
0
LINE
8
BLACK
6
CONTINUOUS
10
109.3065819999999917
20
-98.4055520000000001
11
109.2113439999999969
21
-98.2150759999999963
0
LINE
8
BLACK
6
CONTINUOUS
10
109.2113439999999969
20
-98.2150759999999963
11
109.020867999999993
21
-97.9293610000000001
0
LINE
8
BLACK
6
CONTINUOUS
10
109.020867999999993
20
-97.9293610000000001
11
108.9256299999999982
21
-97.8341229999999911
0
LINE
8
BLACK
6
CONTINUOUS
10
60.9890169999999969
20
-102.2940169999999966
11
60.9890169999999969
21
-101.3959830000000011
0
LINE
8
BLACK
6
CONTINUOUS
10
60.9890169999999969
20
-101.3959830000000011
11
60.0909829999999943
21
-101.3959830000000011
0
LINE
8
BLACK
6
CONTINUOUS
10
60.0909829999999943
20
-101.3959830000000011
11
60.0909829999999943
21
-102.2940169999999966
0
LINE
8
BLACK
6
CONTINUOUS
10
60.0909829999999943
20
-102.2940169999999966
11
60.9890169999999969
21
-102.2940169999999966
0
LINE
8
BLACK
6
CONTINUOUS
10
64.8303870000000018
20
-102.759838000000002
11
63.6875299999999953
21
-102.759838000000002
0
LINE
8
BLACK
6
CONTINUOUS
10
64.2589579999999927
20
-102.759838000000002
11
64.2589579999999927
21
-100.759838000000002
0
LINE
8
BLACK
6
CONTINUOUS
10
64.2589579999999927
20
-100.759838000000002
11
64.068482000000003
21
-101.0455520000000007
0
LINE
8
BLACK
6
CONTINUOUS
10
64.068482000000003
20
-101.0455520000000007
11
63.8780059999999992
21
-101.2360279999999904
0
LINE
8
BLACK
6
CONTINUOUS
10
63.8780059999999992
20
-101.2360279999999904
11
63.6875299999999953
21
-101.3312659999999994
0
LINE
8
BLACK
6
CONTINUOUS
10
65.6875299999999953
20
-102.5693610000000007
11
65.7827679999999901
21
-102.664599999999993
0
LINE
8
BLACK
6
CONTINUOUS
10
65.7827679999999901
20
-102.664599999999993
11
65.6875299999999953
21
-102.759838000000002
0
LINE
8
BLACK
6
CONTINUOUS
10
65.6875299999999953
20
-102.759838000000002
11
65.5922920000000005
21
-102.664599999999993
0
LINE
8
BLACK
6
CONTINUOUS
10
65.5922920000000005
20
-102.664599999999993
11
65.6875299999999953
21
-102.5693610000000007
0
LINE
8
BLACK
6
CONTINUOUS
10
65.6875299999999953
20
-102.5693610000000007
11
65.6875299999999953
21
-102.759838000000002
0
LINE
8
BLACK
6
CONTINUOUS
10
66.5446730000000031
20
-100.9503139999999917
11
66.6399109999999979
21
-100.8550759999999968
0
LINE
8
BLACK
6
CONTINUOUS
10
66.6399109999999979
20
-100.8550759999999968
11
66.8303870000000018
21
-100.759838000000002
0
LINE
8
BLACK
6
CONTINUOUS
10
66.8303870000000018
20
-100.759838000000002
11
67.3065780000000018
21
-100.759838000000002
0
LINE
8
BLACK
6
CONTINUOUS
10
67.3065780000000018
20
-100.759838000000002
11
67.4970539999999914
21
-100.8550759999999968
0
LINE
8
BLACK
6
CONTINUOUS
10
67.4970539999999914
20
-100.8550759999999968
11
67.5922920000000005
21
-100.9503139999999917
0
LINE
8
BLACK
6
CONTINUOUS
10
67.5922920000000005
20
-100.9503139999999917
11
67.6875299999999953
21
-101.1407899999999955
0
LINE
8
BLACK
6
CONTINUOUS
10
67.6875299999999953
20
-101.1407899999999955
11
67.6875299999999953
21
-101.3312659999999994
0
LINE
8
BLACK
6
CONTINUOUS
10
67.6875299999999953
20
-101.3312659999999994
11
67.5922920000000005
21
-101.6169799999999981
0
LINE
8
BLACK
6
CONTINUOUS
10
67.5922920000000005
20
-101.6169799999999981
11
66.449434999999994
21
-102.759838000000002
0
LINE
8
BLACK
6
CONTINUOUS
10
66.449434999999994
20
-102.759838000000002
11
67.6875299999999953
21
-102.759838000000002
0
LINE
8
BLACK
6
CONTINUOUS
10
68.3541969999999992
20
-100.759838000000002
11
69.6875299999999953
21
-100.759838000000002
0
LINE
8
BLACK
6
CONTINUOUS
10
69.6875299999999953
20
-100.759838000000002
11
68.8303870000000018
21
-102.759838000000002
0
LINE
8
BLACK
6
CONTINUOUS
10
70.8303870000000018
20
-100.759838000000002
11
71.0208640000000031
21
-100.759838000000002
0
LINE
8
BLACK
6
CONTINUOUS
10
71.0208640000000031
20
-100.759838000000002
11
71.2113399999999928
21
-100.8550759999999968
0
LINE
8
BLACK
6
CONTINUOUS
10
71.2113399999999928
20
-100.8550759999999968
11
71.3065780000000018
21
-100.9503139999999917
0
LINE
8
BLACK
6
CONTINUOUS
10
71.3065780000000018
20
-100.9503139999999917
11
71.4018159999999966
21
-101.1407899999999955
0
LINE
8
BLACK
6
CONTINUOUS
10
71.4018159999999966
20
-101.1407899999999955
11
71.4970539999999914
21
-101.521741999999989
0
LINE
8
BLACK
6
CONTINUOUS
10
71.4970539999999914
20
-101.521741999999989
11
71.4970539999999914
21
-101.9979329999999891
0
LINE
8
BLACK
6
CONTINUOUS
10
71.4970539999999914
20
-101.9979329999999891
11
71.4018159999999966
21
-102.3788849999999968
0
LINE
8
BLACK
6
CONTINUOUS
10
71.4018159999999966
20
-102.3788849999999968
11
71.3065780000000018
21
-102.5693610000000007
0
LINE
8
BLACK
6
CONTINUOUS
10
71.3065780000000018
20
-102.5693610000000007
11
71.2113399999999928
21
-102.664599999999993
0
LINE
8
BLACK
6
CONTINUOUS
10
71.2113399999999928
20
-102.664599999999993
11
71.0208640000000031
21
-102.759838000000002
0
LINE
8
BLACK
6
CONTINUOUS
10
71.0208640000000031
20
-102.759838000000002
11
70.8303870000000018
21
-102.759838000000002
0
LINE
8
BLACK
6
CONTINUOUS
10
70.8303870000000018
20
-102.759838000000002
11
70.6399109999999979
21
-102.664599999999993
0
LINE
8
BLACK
6
CONTINUOUS
10
70.6399109999999979
20
-102.664599999999993
11
70.5446730000000031
21
-102.5693610000000007
0
LINE
8
BLACK
6
CONTINUOUS
10
70.5446730000000031
20
-102.5693610000000007
11
70.449434999999994
21
-102.3788849999999968
0
LINE
8
BLACK
6
CONTINUOUS
10
70.449434999999994
20
-102.3788849999999968
11
70.3541969999999992
21
-101.9979329999999891
0
LINE
8
BLACK
6
CONTINUOUS
10
70.3541969999999992
20
-101.9979329999999891
11
70.3541969999999992
21
-101.521741999999989
0
LINE
8
BLACK
6
CONTINUOUS
10
70.3541969999999992
20
-101.521741999999989
11
70.449434999999994
21
-101.1407899999999955
0
LINE
8
BLACK
6
CONTINUOUS
10
70.449434999999994
20
-101.1407899999999955
11
70.5446730000000031
21
-100.9503139999999917
0
LINE
8
BLACK
6
CONTINUOUS
10
70.5446730000000031
20
-100.9503139999999917
11
70.6399109999999979
21
-100.8550759999999968
0
LINE
8
BLACK
6
CONTINUOUS
10
70.6399109999999979
20
-100.8550759999999968
11
70.8303870000000018
21
-100.759838000000002
0
LINE
8
BLACK
6
CONTINUOUS
10
72.3541969999999992
20
-102.759838000000002
11
72.3541969999999992
21
-101.4265039999999942
0
LINE
8
BLACK
6
CONTINUOUS
10
72.3541969999999992
20
-101.6169799999999981
11
72.449434999999994
21
-101.521741999999989
0
LINE
8
BLACK
6
CONTINUOUS
10
72.449434999999994
20
-101.521741999999989
11
72.6399109999999979
21
-101.4265039999999942
0
LINE
8
BLACK
6
CONTINUOUS
10
72.6399109999999979
20
-101.4265039999999942
11
72.9256259999999941
21
-101.4265039999999942
0
LINE
8
BLACK
6
CONTINUOUS
10
72.9256259999999941
20
-101.4265039999999942
11
73.1161019999999979
21
-101.521741999999989
0
LINE
8
BLACK
6
CONTINUOUS
10
73.1161019999999979
20
-101.521741999999989
11
73.2113399999999928
21
-101.7122189999999904
0
LINE
8
BLACK
6
CONTINUOUS
10
73.2113399999999928
20
-101.7122189999999904
11
73.2113399999999928
21
-102.759838000000002
0
LINE
8
BLACK
6
CONTINUOUS
10
73.2113399999999928
20
-101.7122189999999904
11
73.3065780000000018
21
-101.521741999999989
0
LINE
8
BLACK
6
CONTINUOUS
10
73.3065780000000018
20
-101.521741999999989
11
73.4970539999999914
21
-101.4265039999999942
0
LINE
8
BLACK
6
CONTINUOUS
10
73.4970539999999914
20
-101.4265039999999942
11
73.7827679999999901
21
-101.4265039999999942
0
LINE
8
BLACK
6
CONTINUOUS
10
73.7827679999999901
20
-101.4265039999999942
11
73.9732449999999915
21
-101.521741999999989
0
LINE
8
BLACK
6
CONTINUOUS
10
73.9732449999999915
20
-101.521741999999989
11
74.0684830000000005
21
-101.7122189999999904
0
LINE
8
BLACK
6
CONTINUOUS
10
74.0684830000000005
20
-101.7122189999999904
11
74.0684830000000005
21
-102.759838000000002
0
LINE
8
BLACK
6
CONTINUOUS
10
75.0208640000000031
20
-102.759838000000002
11
75.0208640000000031
21
-101.4265039999999942
0
LINE
8
BLACK
6
CONTINUOUS
10
75.0208640000000031
20
-101.6169799999999981
11
75.1161019999999979
21
-101.521741999999989
0
LINE
8
BLACK
6
CONTINUOUS
10
75.1161019999999979
20
-101.521741999999989
11
75.3065780000000018
21
-101.4265039999999942
0
LINE
8
BLACK
6
CONTINUOUS
10
75.3065780000000018
20
-101.4265039999999942
11
75.592292999999998
21
-101.4265039999999942
0
LINE
8
BLACK
6
CONTINUOUS
10
75.592292999999998
20
-101.4265039999999942
11
75.7827690000000018
21
-101.521741999999989
0
LINE
8
BLACK
6
CONTINUOUS
10
75.7827690000000018
20
-101.521741999999989
11
75.8780069999999967
21
-101.7122189999999904
0
LINE
8
BLACK
6
CONTINUOUS
10
75.8780069999999967
20
-101.7122189999999904
11
75.8780069999999967
21
-102.759838000000002
0
LINE
8
BLACK
6
CONTINUOUS
10
75.8780069999999967
20
-101.7122189999999904
11
75.9732449999999915
21
-101.521741999999989
0
LINE
8
BLACK
6
CONTINUOUS
10
75.9732449999999915
20
-101.521741999999989
11
76.1637209999999953
21
-101.4265039999999942
0
LINE
8
BLACK
6
CONTINUOUS
10
76.1637209999999953
20
-101.4265039999999942
11
76.449434999999994
21
-101.4265039999999942
0
LINE
8
BLACK
6
CONTINUOUS
10
76.449434999999994
20
-101.4265039999999942
11
76.6399119999999954
21
-101.521741999999989
0
LINE
8
BLACK
6
CONTINUOUS
10
76.6399119999999954
20
-101.521741999999989
11
76.7351499999999902
21
-101.7122189999999904
0
LINE
8
BLACK
6
CONTINUOUS
10
76.7351499999999902
20
-101.7122189999999904
11
76.7351499999999902
21
-102.759838000000002
0
LINE
8
BLACK
6
CONTINUOUS
10
80.6399119999999954
20
-100.664599999999993
11
78.9256269999999915
21
-103.2360279999999904
0
LINE
8
BLACK
6
CONTINUOUS
10
83.2113409999999902
20
-100.759838000000002
11
83.4018179999999916
21
-100.759838000000002
0
LINE
8
BLACK
6
CONTINUOUS
10
83.4018179999999916
20
-100.759838000000002
11
83.5922939999999954
21
-100.8550759999999968
0
LINE
8
BLACK
6
CONTINUOUS
10
83.5922939999999954
20
-100.8550759999999968
11
83.6875319999999903
21
-100.9503139999999917
0
LINE
8
BLACK
6
CONTINUOUS
10
83.6875319999999903
20
-100.9503139999999917
11
83.7827699999999993
21
-101.1407899999999955
0
LINE
8
BLACK
6
CONTINUOUS
10
83.7827699999999993
20
-101.1407899999999955
11
83.8780079999999941
21
-101.521741999999989
0
LINE
8
BLACK
6
CONTINUOUS
10
83.8780079999999941
20
-101.521741999999989
11
83.8780079999999941
21
-101.9979329999999891
0
LINE
8
BLACK
6
CONTINUOUS
10
83.8780079999999941
20
-101.9979329999999891
11
83.7827699999999993
21
-102.3788849999999968
0
LINE
8
BLACK
6
CONTINUOUS
10
83.7827699999999993
20
-102.3788849999999968
11
83.6875319999999903
21
-102.5693610000000007
0
LINE
8
BLACK
6
CONTINUOUS
10
83.6875319999999903
20
-102.5693610000000007
11
83.5922939999999954
21
-102.664599999999993
0
LINE
8
BLACK
6
CONTINUOUS
10
83.5922939999999954
20
-102.664599999999993
11
83.4018179999999916
21
-102.759838000000002
0
LINE
8
BLACK
6
CONTINUOUS
10
83.4018179999999916
20
-102.759838000000002
11
83.2113409999999902
21
-102.759838000000002
0
LINE
8
BLACK
6
CONTINUOUS
10
83.2113409999999902
20
-102.759838000000002
11
83.0208650000000006
21
-102.664599999999993
0
LINE
8
BLACK
6
CONTINUOUS
10
83.0208650000000006
20
-102.664599999999993
11
82.9256269999999915
21
-102.5693610000000007
0
LINE
8
BLACK
6
CONTINUOUS
10
82.9256269999999915
20
-102.5693610000000007
11
82.8303889999999967
21
-102.3788849999999968
0
LINE
8
BLACK
6
CONTINUOUS
10
82.8303889999999967
20
-102.3788849999999968
11
82.7351510000000019
21
-101.9979329999999891
0
LINE
8
BLACK
6
CONTINUOUS
10
82.7351510000000019
20
-101.9979329999999891
11
82.7351510000000019
21
-101.521741999999989
0
LINE
8
BLACK
6
CONTINUOUS
10
82.7351510000000019
20
-101.521741999999989
11
82.8303889999999967
21
-101.1407899999999955
0
LINE
8
BLACK
6
CONTINUOUS
10
82.8303889999999967
20
-101.1407899999999955
11
82.9256269999999915
21
-100.9503139999999917
0
LINE
8
BLACK
6
CONTINUOUS
10
82.9256269999999915
20
-100.9503139999999917
11
83.0208650000000006
21
-100.8550759999999968
0
LINE
8
BLACK
6
CONTINUOUS
10
83.0208650000000006
20
-100.8550759999999968
11
83.2113409999999902
21
-100.759838000000002
0
LINE
8
BLACK
6
CONTINUOUS
10
84.7351510000000019
20
-102.5693610000000007
11
84.8303889999999967
21
-102.664599999999993
0
LINE
8
BLACK
6
CONTINUOUS
10
84.8303889999999967
20
-102.664599999999993
11
84.7351510000000019
21
-102.759838000000002
0
LINE
8
BLACK
6
CONTINUOUS
10
84.7351510000000019
20
-102.759838000000002
11
84.6399129999999928
21
-102.664599999999993
0
LINE
8
BLACK
6
CONTINUOUS
10
84.6399129999999928
20
-102.664599999999993
11
84.7351510000000019
21
-102.5693610000000007
0
LINE
8
BLACK
6
CONTINUOUS
10
84.7351510000000019
20
-102.5693610000000007
11
84.7351510000000019
21
-102.759838000000002
0
LINE
8
BLACK
6
CONTINUOUS
10
86.068483999999998
20
-100.759838000000002
11
86.2589609999999993
21
-100.759838000000002
0
LINE
8
BLACK
6
CONTINUOUS
10
86.2589609999999993
20
-100.759838000000002
11
86.449436999999989
21
-100.8550759999999968
0
LINE
8
BLACK
6
CONTINUOUS
10
86.449436999999989
20
-100.8550759999999968
11
86.544674999999998
21
-100.9503139999999917
0
LINE
8
BLACK
6
CONTINUOUS
10
86.544674999999998
20
-100.9503139999999917
11
86.6399129999999928
21
-101.1407899999999955
0
LINE
8
BLACK
6
CONTINUOUS
10
86.6399129999999928
20
-101.1407899999999955
11
86.7351510000000019
21
-101.521741999999989
0
LINE
8
BLACK
6
CONTINUOUS
10
86.7351510000000019
20
-101.521741999999989
11
86.7351510000000019
21
-101.9979329999999891
0
LINE
8
BLACK
6
CONTINUOUS
10
86.7351510000000019
20
-101.9979329999999891
11
86.6399129999999928
21
-102.3788849999999968
0
LINE
8
BLACK
6
CONTINUOUS
10
86.6399129999999928
20
-102.3788849999999968
11
86.544674999999998
21
-102.5693610000000007
0
LINE
8
BLACK
6
CONTINUOUS
10
86.544674999999998
20
-102.5693610000000007
11
86.449436999999989
21
-102.664599999999993
0
LINE
8
BLACK
6
CONTINUOUS
10
86.449436999999989
20
-102.664599999999993
11
86.2589609999999993
21
-102.759838000000002
0
LINE
8
BLACK
6
CONTINUOUS
10
86.2589609999999993
20
-102.759838000000002
11
86.068483999999998
21
-102.759838000000002
0
LINE
8
BLACK
6
CONTINUOUS
10
86.068483999999998
20
-102.759838000000002
11
85.8780079999999941
21
-102.664599999999993
0
LINE
8
BLACK
6
CONTINUOUS
10
85.8780079999999941
20
-102.664599999999993
11
85.7827699999999993
21
-102.5693610000000007
0
LINE
8
BLACK
6
CONTINUOUS
10
85.7827699999999993
20
-102.5693610000000007
11
85.6875319999999903
21
-102.3788849999999968
0
LINE
8
BLACK
6
CONTINUOUS
10
85.6875319999999903
20
-102.3788849999999968
11
85.5922939999999954
21
-101.9979329999999891
0
LINE
8
BLACK
6
CONTINUOUS
10
85.5922939999999954
20
-101.9979329999999891
11
85.5922939999999954
21
-101.521741999999989
0
LINE
8
BLACK
6
CONTINUOUS
10
85.5922939999999954
20
-101.521741999999989
11
85.6875319999999903
21
-101.1407899999999955
0
LINE
8
BLACK
6
CONTINUOUS
10
85.6875319999999903
20
-101.1407899999999955
11
85.7827699999999993
21
-100.9503139999999917
0
LINE
8
BLACK
6
CONTINUOUS
10
85.7827699999999993
20
-100.9503139999999917
11
85.8780079999999941
21
-100.8550759999999968
0
LINE
8
BLACK
6
CONTINUOUS
10
85.8780079999999941
20
-100.8550759999999968
11
86.068483999999998
21
-100.759838000000002
0
LINE
8
BLACK
6
CONTINUOUS
10
88.544674999999998
20
-100.759838000000002
11
87.5922939999999954
21
-100.759838000000002
0
LINE
8
BLACK
6
CONTINUOUS
10
87.5922939999999954
20
-100.759838000000002
11
87.4970560000000006
21
-101.7122189999999904
0
LINE
8
BLACK
6
CONTINUOUS
10
87.4970560000000006
20
-101.7122189999999904
11
87.5922939999999954
21
-101.6169799999999981
0
LINE
8
BLACK
6
CONTINUOUS
10
87.5922939999999954
20
-101.6169799999999981
11
87.7827699999999993
21
-101.521741999999989
0
LINE
8
BLACK
6
CONTINUOUS
10
87.7827699999999993
20
-101.521741999999989
11
88.2589609999999993
21
-101.521741999999989
0
LINE
8
BLACK
6
CONTINUOUS
10
88.2589609999999993
20
-101.521741999999989
11
88.449436999999989
21
-101.6169799999999981
0
LINE
8
BLACK
6
CONTINUOUS
10
88.449436999999989
20
-101.6169799999999981
11
88.544674999999998
21
-101.7122189999999904
0
LINE
8
BLACK
6
CONTINUOUS
10
88.544674999999998
20
-101.7122189999999904
11
88.6399129999999928
21
-101.9026949999999943
0
LINE
8
BLACK
6
CONTINUOUS
10
88.6399129999999928
20
-101.9026949999999943
11
88.6399129999999928
21
-102.3788849999999968
0
LINE
8
BLACK
6
CONTINUOUS
10
88.6399129999999928
20
-102.3788849999999968
11
88.544674999999998
21
-102.5693610000000007
0
LINE
8
BLACK
6
CONTINUOUS
10
88.544674999999998
20
-102.5693610000000007
11
88.449436999999989
21
-102.664599999999993
0
LINE
8
BLACK
6
CONTINUOUS
10
88.449436999999989
20
-102.664599999999993
11
88.2589609999999993
21
-102.759838000000002
0
LINE
8
BLACK
6
CONTINUOUS
10
88.2589609999999993
20
-102.759838000000002
11
87.7827699999999993
21
-102.759838000000002
0
LINE
8
BLACK
6
CONTINUOUS
10
87.7827699999999993
20
-102.759838000000002
11
87.5922939999999954
21
-102.664599999999993
0
LINE
8
BLACK
6
CONTINUOUS
10
87.5922939999999954
20
-102.664599999999993
11
87.4970560000000006
21
-102.5693610000000007
0
LINE
8
BLACK
6
CONTINUOUS
10
89.8780079999999941
20
-100.759838000000002
11
90.0684849999999955
21
-100.759838000000002
0
LINE
8
BLACK
6
CONTINUOUS
10
90.0684849999999955
20
-100.759838000000002
11
90.2589609999999993
21
-100.8550759999999968
0
LINE
8
BLACK
6
CONTINUOUS
10
90.2589609999999993
20
-100.8550759999999968
11
90.3541989999999942
21
-100.9503139999999917
0
LINE
8
BLACK
6
CONTINUOUS
10
90.3541989999999942
20
-100.9503139999999917
11
90.449436999999989
21
-101.1407899999999955
0
LINE
8
BLACK
6
CONTINUOUS
10
90.449436999999989
20
-101.1407899999999955
11
90.544674999999998
21
-101.521741999999989
0
LINE
8
BLACK
6
CONTINUOUS
10
90.544674999999998
20
-101.521741999999989
11
90.544674999999998
21
-101.9979329999999891
0
LINE
8
BLACK
6
CONTINUOUS
10
90.544674999999998
20
-101.9979329999999891
11
90.449436999999989
21
-102.3788849999999968
0
LINE
8
BLACK
6
CONTINUOUS
10
90.449436999999989
20
-102.3788849999999968
11
90.3541989999999942
21
-102.5693610000000007
0
LINE
8
BLACK
6
CONTINUOUS
10
90.3541989999999942
20
-102.5693610000000007
11
90.2589609999999993
21
-102.664599999999993
0
LINE
8
BLACK
6
CONTINUOUS
10
90.2589609999999993
20
-102.664599999999993
11
90.0684849999999955
21
-102.759838000000002
0
LINE
8
BLACK
6
CONTINUOUS
10
90.0684849999999955
20
-102.759838000000002
11
89.8780079999999941
21
-102.759838000000002
0
LINE
8
BLACK
6
CONTINUOUS
10
89.8780079999999941
20
-102.759838000000002
11
89.6875319999999903
21
-102.664599999999993
0
LINE
8
BLACK
6
CONTINUOUS
10
89.6875319999999903
20
-102.664599999999993
11
89.5922939999999954
21
-102.5693610000000007
0
LINE
8
BLACK
6
CONTINUOUS
10
89.5922939999999954
20
-102.5693610000000007
11
89.4970560000000006
21
-102.3788849999999968
0
LINE
8
BLACK
6
CONTINUOUS
10
89.4970560000000006
20
-102.3788849999999968
11
89.4018179999999916
21
-101.9979329999999891
0
LINE
8
BLACK
6
CONTINUOUS
10
89.4018179999999916
20
-101.9979329999999891
11
89.4018179999999916
21
-101.521741999999989
0
LINE
8
BLACK
6
CONTINUOUS
10
89.4018179999999916
20
-101.521741999999989
11
89.4970560000000006
21
-101.1407899999999955
0
LINE
8
BLACK
6
CONTINUOUS
10
89.4970560000000006
20
-101.1407899999999955
11
89.5922939999999954
21
-100.9503139999999917
0
LINE
8
BLACK
6
CONTINUOUS
10
89.5922939999999954
20
-100.9503139999999917
11
89.6875319999999903
21
-100.8550759999999968
0
LINE
8
BLACK
6
CONTINUOUS
10
89.6875319999999903
20
-100.8550759999999968
11
89.8780079999999941
21
-100.759838000000002
0
LINE
8
BLACK
6
CONTINUOUS
10
91.7827699999999993
20
-100.759838000000002
11
91.9732470000000006
21
-100.759838000000002
0
LINE
8
BLACK
6
CONTINUOUS
10
91.9732470000000006
20
-100.759838000000002
11
92.1637229999999903
21
-100.8550759999999968
0
LINE
8
BLACK
6
CONTINUOUS
10
92.1637229999999903
20
-100.8550759999999968
11
92.2589609999999993
21
-100.9503139999999917
0
LINE
8
BLACK
6
CONTINUOUS
10
92.2589609999999993
20
-100.9503139999999917
11
92.3541989999999942
21
-101.1407899999999955
0
LINE
8
BLACK
6
CONTINUOUS
10
92.3541989999999942
20
-101.1407899999999955
11
92.449436999999989
21
-101.521741999999989
0
LINE
8
BLACK
6
CONTINUOUS
10
92.449436999999989
20
-101.521741999999989
11
92.449436999999989
21
-101.9979329999999891
0
LINE
8
BLACK
6
CONTINUOUS
10
92.449436999999989
20
-101.9979329999999891
11
92.3541989999999942
21
-102.3788849999999968
0
LINE
8
BLACK
6
CONTINUOUS
10
92.3541989999999942
20
-102.3788849999999968
11
92.2589609999999993
21
-102.5693610000000007
0
LINE
8
BLACK
6
CONTINUOUS
10
92.2589609999999993
20
-102.5693610000000007
11
92.1637229999999903
21
-102.664599999999993
0
LINE
8
BLACK
6
CONTINUOUS
10
92.1637229999999903
20
-102.664599999999993
11
91.9732470000000006
21
-102.759838000000002
0
LINE
8
BLACK
6
CONTINUOUS
10
91.9732470000000006
20
-102.759838000000002
11
91.7827699999999993
21
-102.759838000000002
0
LINE
8
BLACK
6
CONTINUOUS
10
91.7827699999999993
20
-102.759838000000002
11
91.5922939999999954
21
-102.664599999999993
0
LINE
8
BLACK
6
CONTINUOUS
10
91.5922939999999954
20
-102.664599999999993
11
91.4970560000000006
21
-102.5693610000000007
0
LINE
8
BLACK
6
CONTINUOUS
10
91.4970560000000006
20
-102.5693610000000007
11
91.4018179999999916
21
-102.3788849999999968
0
LINE
8
BLACK
6
CONTINUOUS
10
91.4018179999999916
20
-102.3788849999999968
11
91.3065799999999967
21
-101.9979329999999891
0
LINE
8
BLACK
6
CONTINUOUS
10
91.3065799999999967
20
-101.9979329999999891
11
91.3065799999999967
21
-101.521741999999989
0
LINE
8
BLACK
6
CONTINUOUS
10
91.3065799999999967
20
-101.521741999999989
11
91.4018179999999916
21
-101.1407899999999955
0
LINE
8
BLACK
6
CONTINUOUS
10
91.4018179999999916
20
-101.1407899999999955
11
91.4970560000000006
21
-100.9503139999999917
0
LINE
8
BLACK
6
CONTINUOUS
10
91.4970560000000006
20
-100.9503139999999917
11
91.5922939999999954
21
-100.8550759999999968
0
LINE
8
BLACK
6
CONTINUOUS
10
91.5922939999999954
20
-100.8550759999999968
11
91.7827699999999993
21
-100.759838000000002
0
LINE
8
BLACK
6
CONTINUOUS
10
93.2113420000000019
20
-100.759838000000002
11
93.2113420000000019
21
-101.1407899999999955
0
LINE
8
BLACK
6
CONTINUOUS
10
93.9732470000000006
20
-100.759838000000002
11
93.9732470000000006
21
-101.1407899999999955
0
LINE
8
BLACK
6
CONTINUOUS
10
96.9256290000000007
20
-103.521741999999989
11
96.8303899999999942
21
-103.4265039999999942
0
LINE
8
BLACK
6
CONTINUOUS
10
96.8303899999999942
20
-103.4265039999999942
11
96.6399139999999903
21
-103.1407899999999955
0
LINE
8
BLACK
6
CONTINUOUS
10
96.6399139999999903
20
-103.1407899999999955
11
96.5446759999999955
21
-102.9503139999999917
0
LINE
8
BLACK
6
CONTINUOUS
10
96.5446759999999955
20
-102.9503139999999917
11
96.4494380000000007
21
-102.664599999999993
0
LINE
8
BLACK
6
CONTINUOUS
10
96.4494380000000007
20
-102.664599999999993
11
96.3541999999999916
21
-102.1884089999999929
0
LINE
8
BLACK
6
CONTINUOUS
10
96.3541999999999916
20
-102.1884089999999929
11
96.3541999999999916
21
-101.8074569999999994
0
LINE
8
BLACK
6
CONTINUOUS
10
96.3541999999999916
20
-101.8074569999999994
11
96.4494380000000007
21
-101.3312659999999994
0
LINE
8
BLACK
6
CONTINUOUS
10
96.4494380000000007
20
-101.3312659999999994
11
96.5446759999999955
21
-101.0455520000000007
0
LINE
8
BLACK
6
CONTINUOUS
10
96.5446759999999955
20
-101.0455520000000007
11
96.6399139999999903
21
-100.8550759999999968
0
LINE
8
BLACK
6
CONTINUOUS
10
96.6399139999999903
20
-100.8550759999999968
11
96.8303899999999942
21
-100.5693610000000007
0
LINE
8
BLACK
6
CONTINUOUS
10
96.8303899999999942
20
-100.5693610000000007
11
96.9256290000000007
21
-100.4741229999999916
0
LINE
8
BLACK
6
CONTINUOUS
10
97.4970569999999981
20
-100.759838000000002
11
98.7351519999999994
21
-100.759838000000002
0
LINE
8
BLACK
6
CONTINUOUS
10
98.7351519999999994
20
-100.759838000000002
11
98.0684849999999955
21
-101.521741999999989
0
LINE
8
BLACK
6
CONTINUOUS
10
98.0684849999999955
20
-101.521741999999989
11
98.3541999999999916
21
-101.521741999999989
0
LINE
8
BLACK
6
CONTINUOUS
10
98.3541999999999916
20
-101.521741999999989
11
98.5446759999999955
21
-101.6169799999999981
0
LINE
8
BLACK
6
CONTINUOUS
10
98.5446759999999955
20
-101.6169799999999981
11
98.6399139999999903
21
-101.7122189999999904
0
LINE
8
BLACK
6
CONTINUOUS
10
98.6399139999999903
20
-101.7122189999999904
11
98.7351519999999994
21
-101.9026949999999943
0
LINE
8
BLACK
6
CONTINUOUS
10
98.7351519999999994
20
-101.9026949999999943
11
98.7351519999999994
21
-102.3788849999999968
0
LINE
8
BLACK
6
CONTINUOUS
10
98.7351519999999994
20
-102.3788849999999968
11
98.6399139999999903
21
-102.5693610000000007
0
LINE
8
BLACK
6
CONTINUOUS
10
98.6399139999999903
20
-102.5693610000000007
11
98.5446759999999955
21
-102.664599999999993
0
LINE
8
BLACK
6
CONTINUOUS
10
98.5446759999999955
20
-102.664599999999993
11
98.3541999999999916
21
-102.759838000000002
0
LINE
8
BLACK
6
CONTINUOUS
10
98.3541999999999916
20
-102.759838000000002
11
97.7827709999999968
21
-102.759838000000002
0
LINE
8
BLACK
6
CONTINUOUS
10
97.7827709999999968
20
-102.759838000000002
11
97.5922949999999929
21
-102.664599999999993
0
LINE
8
BLACK
6
CONTINUOUS
10
97.5922949999999929
20
-102.664599999999993
11
97.4970569999999981
21
-102.5693610000000007
0
LINE
8
BLACK
6
CONTINUOUS
10
101.1161049999999904
20
-102.759838000000002
11
101.1161049999999904
21
-100.759838000000002
0
LINE
8
BLACK
6
CONTINUOUS
10
101.9732479999999981
20
-102.759838000000002
11
101.9732479999999981
21
-101.7122189999999904
0
LINE
8
BLACK
6
CONTINUOUS
10
101.9732479999999981
20
-101.7122189999999904
11
101.8780099999999891
21
-101.521741999999989
0
LINE
8
BLACK
6
CONTINUOUS
10
101.8780099999999891
20
-101.521741999999989
11
101.6875339999999994
21
-101.4265039999999942
0
LINE
8
BLACK
6
CONTINUOUS
10
101.6875339999999994
20
-101.4265039999999942
11
101.401818999999989
21
-101.4265039999999942
0
LINE
8
BLACK
6
CONTINUOUS
10
101.401818999999989
20
-101.4265039999999942
11
101.2113429999999994
21
-101.521741999999989
0
LINE
8
BLACK
6
CONTINUOUS
10
101.2113429999999994
20
-101.521741999999989
11
101.1161049999999904
21
-101.6169799999999981
0
LINE
8
BLACK
6
CONTINUOUS
10
103.2113429999999994
20
-102.759838000000002
11
103.0208669999999955
21
-102.664599999999993
0
LINE
8
BLACK
6
CONTINUOUS
10
103.0208669999999955
20
-102.664599999999993
11
102.9256290000000007
21
-102.5693610000000007
0
LINE
8
BLACK
6
CONTINUOUS
10
102.9256290000000007
20
-102.5693610000000007
11
102.8303909999999917
21
-102.3788849999999968
0
LINE
8
BLACK
6
CONTINUOUS
10
102.8303909999999917
20
-102.3788849999999968
11
102.8303909999999917
21
-101.8074569999999994
0
LINE
8
BLACK
6
CONTINUOUS
10
102.8303909999999917
20
-101.8074569999999994
11
102.9256290000000007
21
-101.6169799999999981
0
LINE
8
BLACK
6
CONTINUOUS
10
102.9256290000000007
20
-101.6169799999999981
11
103.0208669999999955
21
-101.521741999999989
0
LINE
8
BLACK
6
CONTINUOUS
10
103.0208669999999955
20
-101.521741999999989
11
103.2113429999999994
21
-101.4265039999999942
0
LINE
8
BLACK
6
CONTINUOUS
10
103.2113429999999994
20
-101.4265039999999942
11
103.4970579999999956
21
-101.4265039999999942
0
LINE
8
BLACK
6
CONTINUOUS
10
103.4970579999999956
20
-101.4265039999999942
11
103.6875339999999994
21
-101.521741999999989
0
LINE
8
BLACK
6
CONTINUOUS
10
103.6875339999999994
20
-101.521741999999989
11
103.7827719999999943
21
-101.6169799999999981
0
LINE
8
BLACK
6
CONTINUOUS
10
103.7827719999999943
20
-101.6169799999999981
11
103.8780099999999891
21
-101.8074569999999994
0
LINE
8
BLACK
6
CONTINUOUS
10
103.8780099999999891
20
-101.8074569999999994
11
103.8780099999999891
21
-102.3788849999999968
0
LINE
8
BLACK
6
CONTINUOUS
10
103.8780099999999891
20
-102.3788849999999968
11
103.7827719999999943
21
-102.5693610000000007
0
LINE
8
BLACK
6
CONTINUOUS
10
103.7827719999999943
20
-102.5693610000000007
11
103.6875339999999994
21
-102.664599999999993
0
LINE
8
BLACK
6
CONTINUOUS
10
103.6875339999999994
20
-102.664599999999993
11
103.4970579999999956
21
-102.759838000000002
0
LINE
8
BLACK
6
CONTINUOUS
10
103.4970579999999956
20
-102.759838000000002
11
103.2113429999999994
21
-102.759838000000002
0
LINE
8
BLACK
6
CONTINUOUS
10
105.0208669999999955
20
-102.759838000000002
11
104.8303909999999917
21
-102.664599999999993
0
LINE
8
BLACK
6
CONTINUOUS
10
104.8303909999999917
20
-102.664599999999993
11
104.7351529999999968
21
-102.4741229999999916
0
LINE
8
BLACK
6
CONTINUOUS
10
104.7351529999999968
20
-102.4741229999999916
11
104.7351529999999968
21
-100.759838000000002
0
LINE
8
BLACK
6
CONTINUOUS
10
106.544676999999993
20
-102.664599999999993
11
106.3542009999999891
21
-102.759838000000002
0
LINE
8
BLACK
6
CONTINUOUS
10
106.3542009999999891
20
-102.759838000000002
11
105.9732479999999981
21
-102.759838000000002
0
LINE
8
BLACK
6
CONTINUOUS
10
105.9732479999999981
20
-102.759838000000002
11
105.7827719999999943
21
-102.664599999999993
0
LINE
8
BLACK
6
CONTINUOUS
10
105.7827719999999943
20
-102.664599999999993
11
105.6875339999999994
21
-102.4741229999999916
0
LINE
8
BLACK
6
CONTINUOUS
10
105.6875339999999994
20
-102.4741229999999916
11
105.6875339999999994
21
-101.7122189999999904
0
LINE
8
BLACK
6
CONTINUOUS
10
105.6875339999999994
20
-101.7122189999999904
11
105.7827719999999943
21
-101.521741999999989
0
LINE
8
BLACK
6
CONTINUOUS
10
105.7827719999999943
20
-101.521741999999989
11
105.9732479999999981
21
-101.4265039999999942
0
LINE
8
BLACK
6
CONTINUOUS
10
105.9732479999999981
20
-101.4265039999999942
11
106.3542009999999891
21
-101.4265039999999942
0
LINE
8
BLACK
6
CONTINUOUS
10
106.3542009999999891
20
-101.4265039999999942
11
106.544676999999993
21
-101.521741999999989
0
LINE
8
BLACK
6
CONTINUOUS
10
106.544676999999993
20
-101.521741999999989
11
106.639915000000002
21
-101.7122189999999904
0
LINE
8
BLACK
6
CONTINUOUS
10
106.639915000000002
20
-101.7122189999999904
11
106.639915000000002
21
-101.9026949999999943
0
LINE
8
BLACK
6
CONTINUOUS
10
106.639915000000002
20
-101.9026949999999943
11
105.6875339999999994
21
-102.0931709999999981
0
LINE
8
BLACK
6
CONTINUOUS
10
107.4018200000000007
20
-102.664599999999993
11
107.5922959999999904
21
-102.759838000000002
0
LINE
8
BLACK
6
CONTINUOUS
10
107.5922959999999904
20
-102.759838000000002
11
107.9732479999999981
21
-102.759838000000002
0
LINE
8
BLACK
6
CONTINUOUS
10
107.9732479999999981
20
-102.759838000000002
11
108.1637249999999995
21
-102.664599999999993
0
LINE
8
BLACK
6
CONTINUOUS
10
108.1637249999999995
20
-102.664599999999993
11
108.2589629999999943
21
-102.4741229999999916
0
LINE
8
BLACK
6
CONTINUOUS
10
108.2589629999999943
20
-102.4741229999999916
11
108.2589629999999943
21
-102.3788849999999968
0
LINE
8
BLACK
6
CONTINUOUS
10
108.2589629999999943
20
-102.3788849999999968
11
108.1637249999999995
21
-102.1884089999999929
0
LINE
8
BLACK
6
CONTINUOUS
10
108.1637249999999995
20
-102.1884089999999929
11
107.9732479999999981
21
-102.0931709999999981
0
LINE
8
BLACK
6
CONTINUOUS
10
107.9732479999999981
20
-102.0931709999999981
11
107.6875339999999994
21
-102.0931709999999981
0
LINE
8
BLACK
6
CONTINUOUS
10
107.6875339999999994
20
-102.0931709999999981
11
107.4970579999999956
21
-101.9979329999999891
0
LINE
8
BLACK
6
CONTINUOUS
10
107.4970579999999956
20
-101.9979329999999891
11
107.4018200000000007
21
-101.8074569999999994
0
LINE
8
BLACK
6
CONTINUOUS
10
107.4018200000000007
20
-101.8074569999999994
11
107.4018200000000007
21
-101.7122189999999904
0
LINE
8
BLACK
6
CONTINUOUS
10
107.4018200000000007
20
-101.7122189999999904
11
107.4970579999999956
21
-101.521741999999989
0
LINE
8
BLACK
6
CONTINUOUS
10
107.4970579999999956
20
-101.521741999999989
11
107.6875339999999994
21
-101.4265039999999942
0
LINE
8
BLACK
6
CONTINUOUS
10
107.6875339999999994
20
-101.4265039999999942
11
107.9732479999999981
21
-101.4265039999999942
0
LINE
8
BLACK
6
CONTINUOUS
10
107.9732479999999981
20
-101.4265039999999942
11
108.1637249999999995
21
-101.521741999999989
0
LINE
8
BLACK
6
CONTINUOUS
10
108.9256299999999982
20
-103.521741999999989
11
109.020867999999993
21
-103.4265039999999942
0
LINE
8
BLACK
6
CONTINUOUS
10
109.020867999999993
20
-103.4265039999999942
11
109.2113439999999969
21
-103.1407899999999955
0
LINE
8
BLACK
6
CONTINUOUS
10
109.2113439999999969
20
-103.1407899999999955
11
109.3065819999999917
21
-102.9503139999999917
0
LINE
8
BLACK
6
CONTINUOUS
10
109.3065819999999917
20
-102.9503139999999917
11
109.4018200000000007
21
-102.664599999999993
0
LINE
8
BLACK
6
CONTINUOUS
10
109.4018200000000007
20
-102.664599999999993
11
109.4970579999999956
21
-102.1884089999999929
0
LINE
8
BLACK
6
CONTINUOUS
10
109.4970579999999956
20
-102.1884089999999929
11
109.4970579999999956
21
-101.8074569999999994
0
LINE
8
BLACK
6
CONTINUOUS
10
109.4970579999999956
20
-101.8074569999999994
11
109.4018200000000007
21
-101.3312659999999994
0
LINE
8
BLACK
6
CONTINUOUS
10
109.4018200000000007
20
-101.3312659999999994
11
109.3065819999999917
21
-101.0455520000000007
0
LINE
8
BLACK
6
CONTINUOUS
10
109.3065819999999917
20
-101.0455520000000007
11
109.2113439999999969
21
-100.8550759999999968
0
LINE
8
BLACK
6
CONTINUOUS
10
109.2113439999999969
20
-100.8550759999999968
11
109.020867999999993
21
-100.5693610000000007
0
LINE
8
BLACK
6
CONTINUOUS
10
109.020867999999993
20
-100.5693610000000007
11
108.9256299999999982
21
-100.4741229999999916
0
LINE
8
BLACK
6
CONTINUOUS
10
60.1749999999999972
20
-105.4849999999999994
11
61.1749999999999972
21
-104.4849999999999994
0
LINE
8
BLACK
6
CONTINUOUS
10
61.1749999999999972
20
-104.4849999999999994
11
60.1749999999999972
21
-103.4849999999999994
0
LINE
8
BLACK
6
CONTINUOUS
10
60.1749999999999972
20
-103.4849999999999994
11
59.1749999999999972
21
-104.4849999999999994
0
LINE
8
BLACK
6
CONTINUOUS
10
59.1749999999999972
20
-104.4849999999999994
11
60.1749999999999972
21
-105.4849999999999994
0
LINE
8
BLACK
6
CONTINUOUS
10
63.6875299999999953
20
-103.5903139999999922
11
63.7827679999999972
21
-103.4950759999999974
0
LINE
8
BLACK
6
CONTINUOUS
10
63.7827679999999972
20
-103.4950759999999974
11
63.973243999999994
21
-103.3998379999999884
0
LINE
8
BLACK
6
CONTINUOUS
10
63.973243999999994
20
-103.3998379999999884
11
64.449434999999994
21
-103.3998379999999884
0
LINE
8
BLACK
6
CONTINUOUS
10
64.449434999999994
20
-103.3998379999999884
11
64.6399109999999979
21
-103.4950759999999974
0
LINE
8
BLACK
6
CONTINUOUS
10
64.6399109999999979
20
-103.4950759999999974
11
64.7351489999999927
21
-103.5903139999999922
0
LINE
8
BLACK
6
CONTINUOUS
10
64.7351489999999927
20
-103.5903139999999922
11
64.8303870000000018
21
-103.7807899999999961
0
LINE
8
BLACK
6
CONTINUOUS
10
64.8303870000000018
20
-103.7807899999999961
11
64.8303870000000018
21
-103.971266
0
LINE
8
BLACK
6
CONTINUOUS
10
64.8303870000000018
20
-103.971266
11
64.7351489999999927
21
-104.2569799999999987
0
LINE
8
BLACK
6
CONTINUOUS
10
64.7351489999999927
20
-104.2569799999999987
11
63.5922920000000005
21
-105.3998379999999884
0
LINE
8
BLACK
6
CONTINUOUS
10
63.5922920000000005
20
-105.3998379999999884
11
64.8303870000000018
21
-105.3998379999999884
0
LINE
8
BLACK
6
CONTINUOUS
10
65.6875299999999953
20
-105.2093610000000012
11
65.7827679999999901
21
-105.3045999999999935
0
LINE
8
BLACK
6
CONTINUOUS
10
65.7827679999999901
20
-105.3045999999999935
11
65.6875299999999953
21
-105.3998379999999884
0
LINE
8
BLACK
6
CONTINUOUS
10
65.6875299999999953
20
-105.3998379999999884
11
65.5922920000000005
21
-105.3045999999999935
0
LINE
8
BLACK
6
CONTINUOUS
10
65.5922920000000005
20
-105.3045999999999935
11
65.6875299999999953
21
-105.2093610000000012
0
LINE
8
BLACK
6
CONTINUOUS
10
65.6875299999999953
20
-105.2093610000000012
11
65.6875299999999953
21
-105.3998379999999884
0
LINE
8
BLACK
6
CONTINUOUS
10
66.9256249999999966
20
-104.2569799999999987
11
66.7351489999999927
21
-104.1617419999999896
0
LINE
8
BLACK
6
CONTINUOUS
10
66.7351489999999927
20
-104.1617419999999896
11
66.6399109999999979
21
-104.0665039999999948
0
LINE
8
BLACK
6
CONTINUOUS
10
66.6399109999999979
20
-104.0665039999999948
11
66.5446730000000031
21
-103.8760279999999909
0
LINE
8
BLACK
6
CONTINUOUS
10
66.5446730000000031
20
-103.8760279999999909
11
66.5446730000000031
21
-103.7807899999999961
0
LINE
8
BLACK
6
CONTINUOUS
10
66.5446730000000031
20
-103.7807899999999961
11
66.6399109999999979
21
-103.5903139999999922
0
LINE
8
BLACK
6
CONTINUOUS
10
66.6399109999999979
20
-103.5903139999999922
11
66.7351489999999927
21
-103.4950759999999974
0
LINE
8
BLACK
6
CONTINUOUS
10
66.7351489999999927
20
-103.4950759999999974
11
66.9256249999999966
21
-103.3998379999999884
0
LINE
8
BLACK
6
CONTINUOUS
10
66.9256249999999966
20
-103.3998379999999884
11
67.3065780000000018
21
-103.3998379999999884
0
LINE
8
BLACK
6
CONTINUOUS
10
67.3065780000000018
20
-103.3998379999999884
11
67.4970539999999914
21
-103.4950759999999974
0
LINE
8
BLACK
6
CONTINUOUS
10
67.4970539999999914
20
-103.4950759999999974
11
67.5922920000000005
21
-103.5903139999999922
0
LINE
8
BLACK
6
CONTINUOUS
10
67.5922920000000005
20
-103.5903139999999922
11
67.6875299999999953
21
-103.7807899999999961
0
LINE
8
BLACK
6
CONTINUOUS
10
67.6875299999999953
20
-103.7807899999999961
11
67.6875299999999953
21
-103.8760279999999909
0
LINE
8
BLACK
6
CONTINUOUS
10
67.6875299999999953
20
-103.8760279999999909
11
67.5922920000000005
21
-104.0665039999999948
0
LINE
8
BLACK
6
CONTINUOUS
10
67.5922920000000005
20
-104.0665039999999948
11
67.4970539999999914
21
-104.1617419999999896
0
LINE
8
BLACK
6
CONTINUOUS
10
67.4970539999999914
20
-104.1617419999999896
11
67.3065780000000018
21
-104.2569799999999987
0
LINE
8
BLACK
6
CONTINUOUS
10
67.3065780000000018
20
-104.2569799999999987
11
66.9256249999999966
21
-104.2569799999999987
0
LINE
8
BLACK
6
CONTINUOUS
10
66.9256249999999966
20
-104.2569799999999987
11
66.7351489999999927
21
-104.352218999999991
0
LINE
8
BLACK
6
CONTINUOUS
10
66.7351489999999927
20
-104.352218999999991
11
66.6399109999999979
21
-104.447457
0
LINE
8
BLACK
6
CONTINUOUS
10
66.6399109999999979
20
-104.447457
11
66.5446730000000031
21
-104.6379329999999896
0
LINE
8
BLACK
6
CONTINUOUS
10
66.5446730000000031
20
-104.6379329999999896
11
66.5446730000000031
21
-105.0188849999999974
0
LINE
8
BLACK
6
CONTINUOUS
10
66.5446730000000031
20
-105.0188849999999974
11
66.6399109999999979
21
-105.2093610000000012
0
LINE
8
BLACK
6
CONTINUOUS
10
66.6399109999999979
20
-105.2093610000000012
11
66.7351489999999927
21
-105.3045999999999935
0
LINE
8
BLACK
6
CONTINUOUS
10
66.7351489999999927
20
-105.3045999999999935
11
66.9256249999999966
21
-105.3998379999999884
0
LINE
8
BLACK
6
CONTINUOUS
10
66.9256249999999966
20
-105.3998379999999884
11
67.3065780000000018
21
-105.3998379999999884
0
LINE
8
BLACK
6
CONTINUOUS
10
67.3065780000000018
20
-105.3998379999999884
11
67.4970539999999914
21
-105.3045999999999935
0
LINE
8
BLACK
6
CONTINUOUS
10
67.4970539999999914
20
-105.3045999999999935
11
67.5922920000000005
21
-105.2093610000000012
0
LINE
8
BLACK
6
CONTINUOUS
10
67.5922920000000005
20
-105.2093610000000012
11
67.6875299999999953
21
-105.0188849999999974
0
LINE
8
BLACK
6
CONTINUOUS
10
67.6875299999999953
20
-105.0188849999999974
11
67.6875299999999953
21
-104.6379329999999896
0
LINE
8
BLACK
6
CONTINUOUS
10
67.6875299999999953
20
-104.6379329999999896
11
67.5922920000000005
21
-104.447457
0
LINE
8
BLACK
6
CONTINUOUS
10
67.5922920000000005
20
-104.447457
11
67.4970539999999914
21
-104.352218999999991
0
LINE
8
BLACK
6
CONTINUOUS
10
67.4970539999999914
20
-104.352218999999991
11
67.3065780000000018
21
-104.2569799999999987
0
LINE
8
BLACK
6
CONTINUOUS
10
68.9256249999999966
20
-103.3998379999999884
11
69.1161019999999979
21
-103.3998379999999884
0
LINE
8
BLACK
6
CONTINUOUS
10
69.1161019999999979
20
-103.3998379999999884
11
69.3065780000000018
21
-103.4950759999999974
0
LINE
8
BLACK
6
CONTINUOUS
10
69.3065780000000018
20
-103.4950759999999974
11
69.4018159999999966
21
-103.5903139999999922
0
LINE
8
BLACK
6
CONTINUOUS
10
69.4018159999999966
20
-103.5903139999999922
11
69.4970539999999914
21
-103.7807899999999961
0
LINE
8
BLACK
6
CONTINUOUS
10
69.4970539999999914
20
-103.7807899999999961
11
69.5922920000000005
21
-104.1617419999999896
0
LINE
8
BLACK
6
CONTINUOUS
10
69.5922920000000005
20
-104.1617419999999896
11
69.5922920000000005
21
-104.6379329999999896
0
LINE
8
BLACK
6
CONTINUOUS
10
69.5922920000000005
20
-104.6379329999999896
11
69.4970539999999914
21
-105.0188849999999974
0
LINE
8
BLACK
6
CONTINUOUS
10
69.4970539999999914
20
-105.0188849999999974
11
69.4018159999999966
21
-105.2093610000000012
0
LINE
8
BLACK
6
CONTINUOUS
10
69.4018159999999966
20
-105.2093610000000012
11
69.3065780000000018
21
-105.3045999999999935
0
LINE
8
BLACK
6
CONTINUOUS
10
69.3065780000000018
20
-105.3045999999999935
11
69.1161019999999979
21
-105.3998379999999884
0
LINE
8
BLACK
6
CONTINUOUS
10
69.1161019999999979
20
-105.3998379999999884
11
68.9256249999999966
21
-105.3998379999999884
0
LINE
8
BLACK
6
CONTINUOUS
10
68.9256249999999966
20
-105.3998379999999884
11
68.7351489999999927
21
-105.3045999999999935
0
LINE
8
BLACK
6
CONTINUOUS
10
68.7351489999999927
20
-105.3045999999999935
11
68.6399109999999979
21
-105.2093610000000012
0
LINE
8
BLACK
6
CONTINUOUS
10
68.6399109999999979
20
-105.2093610000000012
11
68.5446730000000031
21
-105.0188849999999974
0
LINE
8
BLACK
6
CONTINUOUS
10
68.5446730000000031
20
-105.0188849999999974
11
68.449434999999994
21
-104.6379329999999896
0
LINE
8
BLACK
6
CONTINUOUS
10
68.449434999999994
20
-104.6379329999999896
11
68.449434999999994
21
-104.1617419999999896
0
LINE
8
BLACK
6
CONTINUOUS
10
68.449434999999994
20
-104.1617419999999896
11
68.5446730000000031
21
-103.7807899999999961
0
LINE
8
BLACK
6
CONTINUOUS
10
68.5446730000000031
20
-103.7807899999999961
11
68.6399109999999979
21
-103.5903139999999922
0
LINE
8
BLACK
6
CONTINUOUS
10
68.6399109999999979
20
-103.5903139999999922
11
68.7351489999999927
21
-103.4950759999999974
0
LINE
8
BLACK
6
CONTINUOUS
10
68.7351489999999927
20
-103.4950759999999974
11
68.9256249999999966
21
-103.3998379999999884
0
LINE
8
BLACK
6
CONTINUOUS
10
70.8303870000000018
20
-103.3998379999999884
11
71.0208640000000031
21
-103.3998379999999884
0
LINE
8
BLACK
6
CONTINUOUS
10
71.0208640000000031
20
-103.3998379999999884
11
71.2113399999999928
21
-103.4950759999999974
0
LINE
8
BLACK
6
CONTINUOUS
10
71.2113399999999928
20
-103.4950759999999974
11
71.3065780000000018
21
-103.5903139999999922
0
LINE
8
BLACK
6
CONTINUOUS
10
71.3065780000000018
20
-103.5903139999999922
11
71.4018159999999966
21
-103.7807899999999961
0
LINE
8
BLACK
6
CONTINUOUS
10
71.4018159999999966
20
-103.7807899999999961
11
71.4970539999999914
21
-104.1617419999999896
0
LINE
8
BLACK
6
CONTINUOUS
10
71.4970539999999914
20
-104.1617419999999896
11
71.4970539999999914
21
-104.6379329999999896
0
LINE
8
BLACK
6
CONTINUOUS
10
71.4970539999999914
20
-104.6379329999999896
11
71.4018159999999966
21
-105.0188849999999974
0
LINE
8
BLACK
6
CONTINUOUS
10
71.4018159999999966
20
-105.0188849999999974
11
71.3065780000000018
21
-105.2093610000000012
0
LINE
8
BLACK
6
CONTINUOUS
10
71.3065780000000018
20
-105.2093610000000012
11
71.2113399999999928
21
-105.3045999999999935
0
LINE
8
BLACK
6
CONTINUOUS
10
71.2113399999999928
20
-105.3045999999999935
11
71.0208640000000031
21
-105.3998379999999884
0
LINE
8
BLACK
6
CONTINUOUS
10
71.0208640000000031
20
-105.3998379999999884
11
70.8303870000000018
21
-105.3998379999999884
0
LINE
8
BLACK
6
CONTINUOUS
10
70.8303870000000018
20
-105.3998379999999884
11
70.6399109999999979
21
-105.3045999999999935
0
LINE
8
BLACK
6
CONTINUOUS
10
70.6399109999999979
20
-105.3045999999999935
11
70.5446730000000031
21
-105.2093610000000012
0
LINE
8
BLACK
6
CONTINUOUS
10
70.5446730000000031
20
-105.2093610000000012
11
70.449434999999994
21
-105.0188849999999974
0
LINE
8
BLACK
6
CONTINUOUS
10
70.449434999999994
20
-105.0188849999999974
11
70.3541969999999992
21
-104.6379329999999896
0
LINE
8
BLACK
6
CONTINUOUS
10
70.3541969999999992
20
-104.6379329999999896
11
70.3541969999999992
21
-104.1617419999999896
0
LINE
8
BLACK
6
CONTINUOUS
10
70.3541969999999992
20
-104.1617419999999896
11
70.449434999999994
21
-103.7807899999999961
0
LINE
8
BLACK
6
CONTINUOUS
10
70.449434999999994
20
-103.7807899999999961
11
70.5446730000000031
21
-103.5903139999999922
0
LINE
8
BLACK
6
CONTINUOUS
10
70.5446730000000031
20
-103.5903139999999922
11
70.6399109999999979
21
-103.4950759999999974
0
LINE
8
BLACK
6
CONTINUOUS
10
70.6399109999999979
20
-103.4950759999999974
11
70.8303870000000018
21
-103.3998379999999884
0
LINE
8
BLACK
6
CONTINUOUS
10
72.3541969999999992
20
-105.3998379999999884
11
72.3541969999999992
21
-104.0665039999999948
0
LINE
8
BLACK
6
CONTINUOUS
10
72.3541969999999992
20
-104.2569799999999987
11
72.449434999999994
21
-104.1617419999999896
0
LINE
8
BLACK
6
CONTINUOUS
10
72.449434999999994
20
-104.1617419999999896
11
72.6399109999999979
21
-104.0665039999999948
0
LINE
8
BLACK
6
CONTINUOUS
10
72.6399109999999979
20
-104.0665039999999948
11
72.9256259999999941
21
-104.0665039999999948
0
LINE
8
BLACK
6
CONTINUOUS
10
72.9256259999999941
20
-104.0665039999999948
11
73.1161019999999979
21
-104.1617419999999896
0
LINE
8
BLACK
6
CONTINUOUS
10
73.1161019999999979
20
-104.1617419999999896
11
73.2113399999999928
21
-104.352218999999991
0
LINE
8
BLACK
6
CONTINUOUS
10
73.2113399999999928
20
-104.352218999999991
11
73.2113399999999928
21
-105.3998379999999884
0
LINE
8
BLACK
6
CONTINUOUS
10
73.2113399999999928
20
-104.352218999999991
11
73.3065780000000018
21
-104.1617419999999896
0
LINE
8
BLACK
6
CONTINUOUS
10
73.3065780000000018
20
-104.1617419999999896
11
73.4970539999999914
21
-104.0665039999999948
0
LINE
8
BLACK
6
CONTINUOUS
10
73.4970539999999914
20
-104.0665039999999948
11
73.7827679999999901
21
-104.0665039999999948
0
LINE
8
BLACK
6
CONTINUOUS
10
73.7827679999999901
20
-104.0665039999999948
11
73.9732449999999915
21
-104.1617419999999896
0
LINE
8
BLACK
6
CONTINUOUS
10
73.9732449999999915
20
-104.1617419999999896
11
74.0684830000000005
21
-104.352218999999991
0
LINE
8
BLACK
6
CONTINUOUS
10
74.0684830000000005
20
-104.352218999999991
11
74.0684830000000005
21
-105.3998379999999884
0
LINE
8
BLACK
6
CONTINUOUS
10
75.0208640000000031
20
-105.3998379999999884
11
75.0208640000000031
21
-104.0665039999999948
0
LINE
8
BLACK
6
CONTINUOUS
10
75.0208640000000031
20
-104.2569799999999987
11
75.1161019999999979
21
-104.1617419999999896
0
LINE
8
BLACK
6
CONTINUOUS
10
75.1161019999999979
20
-104.1617419999999896
11
75.3065780000000018
21
-104.0665039999999948
0
LINE
8
BLACK
6
CONTINUOUS
10
75.3065780000000018
20
-104.0665039999999948
11
75.592292999999998
21
-104.0665039999999948
0
LINE
8
BLACK
6
CONTINUOUS
10
75.592292999999998
20
-104.0665039999999948
11
75.7827690000000018
21
-104.1617419999999896
0
LINE
8
BLACK
6
CONTINUOUS
10
75.7827690000000018
20
-104.1617419999999896
11
75.8780069999999967
21
-104.352218999999991
0
LINE
8
BLACK
6
CONTINUOUS
10
75.8780069999999967
20
-104.352218999999991
11
75.8780069999999967
21
-105.3998379999999884
0
LINE
8
BLACK
6
CONTINUOUS
10
75.8780069999999967
20
-104.352218999999991
11
75.9732449999999915
21
-104.1617419999999896
0
LINE
8
BLACK
6
CONTINUOUS
10
75.9732449999999915
20
-104.1617419999999896
11
76.1637209999999953
21
-104.0665039999999948
0
LINE
8
BLACK
6
CONTINUOUS
10
76.1637209999999953
20
-104.0665039999999948
11
76.449434999999994
21
-104.0665039999999948
0
LINE
8
BLACK
6
CONTINUOUS
10
76.449434999999994
20
-104.0665039999999948
11
76.6399119999999954
21
-104.1617419999999896
0
LINE
8
BLACK
6
CONTINUOUS
10
76.6399119999999954
20
-104.1617419999999896
11
76.7351499999999902
21
-104.352218999999991
0
LINE
8
BLACK
6
CONTINUOUS
10
76.7351499999999902
20
-104.352218999999991
11
76.7351499999999902
21
-105.3998379999999884
0
LINE
8
BLACK
6
CONTINUOUS
10
80.6399119999999954
20
-103.3045999999999935
11
78.9256269999999915
21
-105.8760279999999909
0
LINE
8
BLACK
6
CONTINUOUS
10
83.2113409999999902
20
-103.3998379999999884
11
83.4018179999999916
21
-103.3998379999999884
0
LINE
8
BLACK
6
CONTINUOUS
10
83.4018179999999916
20
-103.3998379999999884
11
83.5922939999999954
21
-103.4950759999999974
0
LINE
8
BLACK
6
CONTINUOUS
10
83.5922939999999954
20
-103.4950759999999974
11
83.6875319999999903
21
-103.5903139999999922
0
LINE
8
BLACK
6
CONTINUOUS
10
83.6875319999999903
20
-103.5903139999999922
11
83.7827699999999993
21
-103.7807899999999961
0
LINE
8
BLACK
6
CONTINUOUS
10
83.7827699999999993
20
-103.7807899999999961
11
83.8780079999999941
21
-104.1617419999999896
0
LINE
8
BLACK
6
CONTINUOUS
10
83.8780079999999941
20
-104.1617419999999896
11
83.8780079999999941
21
-104.6379329999999896
0
LINE
8
BLACK
6
CONTINUOUS
10
83.8780079999999941
20
-104.6379329999999896
11
83.7827699999999993
21
-105.0188849999999974
0
LINE
8
BLACK
6
CONTINUOUS
10
83.7827699999999993
20
-105.0188849999999974
11
83.6875319999999903
21
-105.2093610000000012
0
LINE
8
BLACK
6
CONTINUOUS
10
83.6875319999999903
20
-105.2093610000000012
11
83.5922939999999954
21
-105.3045999999999935
0
LINE
8
BLACK
6
CONTINUOUS
10
83.5922939999999954
20
-105.3045999999999935
11
83.4018179999999916
21
-105.3998379999999884
0
LINE
8
BLACK
6
CONTINUOUS
10
83.4018179999999916
20
-105.3998379999999884
11
83.2113409999999902
21
-105.3998379999999884
0
LINE
8
BLACK
6
CONTINUOUS
10
83.2113409999999902
20
-105.3998379999999884
11
83.0208650000000006
21
-105.3045999999999935
0
LINE
8
BLACK
6
CONTINUOUS
10
83.0208650000000006
20
-105.3045999999999935
11
82.9256269999999915
21
-105.2093610000000012
0
LINE
8
BLACK
6
CONTINUOUS
10
82.9256269999999915
20
-105.2093610000000012
11
82.8303889999999967
21
-105.0188849999999974
0
LINE
8
BLACK
6
CONTINUOUS
10
82.8303889999999967
20
-105.0188849999999974
11
82.7351510000000019
21
-104.6379329999999896
0
LINE
8
BLACK
6
CONTINUOUS
10
82.7351510000000019
20
-104.6379329999999896
11
82.7351510000000019
21
-104.1617419999999896
0
LINE
8
BLACK
6
CONTINUOUS
10
82.7351510000000019
20
-104.1617419999999896
11
82.8303889999999967
21
-103.7807899999999961
0
LINE
8
BLACK
6
CONTINUOUS
10
82.8303889999999967
20
-103.7807899999999961
11
82.9256269999999915
21
-103.5903139999999922
0
LINE
8
BLACK
6
CONTINUOUS
10
82.9256269999999915
20
-103.5903139999999922
11
83.0208650000000006
21
-103.4950759999999974
0
LINE
8
BLACK
6
CONTINUOUS
10
83.0208650000000006
20
-103.4950759999999974
11
83.2113409999999902
21
-103.3998379999999884
0
LINE
8
BLACK
6
CONTINUOUS
10
84.7351510000000019
20
-105.2093610000000012
11
84.8303889999999967
21
-105.3045999999999935
0
LINE
8
BLACK
6
CONTINUOUS
10
84.8303889999999967
20
-105.3045999999999935
11
84.7351510000000019
21
-105.3998379999999884
0
LINE
8
BLACK
6
CONTINUOUS
10
84.7351510000000019
20
-105.3998379999999884
11
84.6399129999999928
21
-105.3045999999999935
0
LINE
8
BLACK
6
CONTINUOUS
10
84.6399129999999928
20
-105.3045999999999935
11
84.7351510000000019
21
-105.2093610000000012
0
LINE
8
BLACK
6
CONTINUOUS
10
84.7351510000000019
20
-105.2093610000000012
11
84.7351510000000019
21
-105.3998379999999884
0
LINE
8
BLACK
6
CONTINUOUS
10
86.7351510000000019
20
-105.3998379999999884
11
85.5922939999999954
21
-105.3998379999999884
0
LINE
8
BLACK
6
CONTINUOUS
10
86.1637219999999928
20
-105.3998379999999884
11
86.1637219999999928
21
-103.3998379999999884
0
LINE
8
BLACK
6
CONTINUOUS
10
86.1637219999999928
20
-103.3998379999999884
11
85.9732460000000032
21
-103.6855520000000013
0
LINE
8
BLACK
6
CONTINUOUS
10
85.9732460000000032
20
-103.6855520000000013
11
85.7827699999999993
21
-103.8760279999999909
0
LINE
8
BLACK
6
CONTINUOUS
10
85.7827699999999993
20
-103.8760279999999909
11
85.5922939999999954
21
-103.971266
0
LINE
8
BLACK
6
CONTINUOUS
10
88.6399129999999928
20
-105.3998379999999884
11
87.4970560000000006
21
-105.3998379999999884
0
LINE
8
BLACK
6
CONTINUOUS
10
88.068483999999998
20
-105.3998379999999884
11
88.068483999999998
21
-103.3998379999999884
0
LINE
8
BLACK
6
CONTINUOUS
10
88.068483999999998
20
-103.3998379999999884
11
87.8780079999999941
21
-103.6855520000000013
0
LINE
8
BLACK
6
CONTINUOUS
10
87.8780079999999941
20
-103.6855520000000013
11
87.6875319999999903
21
-103.8760279999999909
0
LINE
8
BLACK
6
CONTINUOUS
10
87.6875319999999903
20
-103.8760279999999909
11
87.4970560000000006
21
-103.971266
0
LINE
8
BLACK
6
CONTINUOUS
10
89.8780079999999941
20
-103.3998379999999884
11
90.0684849999999955
21
-103.3998379999999884
0
LINE
8
BLACK
6
CONTINUOUS
10
90.0684849999999955
20
-103.3998379999999884
11
90.2589609999999993
21
-103.4950759999999974
0
LINE
8
BLACK
6
CONTINUOUS
10
90.2589609999999993
20
-103.4950759999999974
11
90.3541989999999942
21
-103.5903139999999922
0
LINE
8
BLACK
6
CONTINUOUS
10
90.3541989999999942
20
-103.5903139999999922
11
90.449436999999989
21
-103.7807899999999961
0
LINE
8
BLACK
6
CONTINUOUS
10
90.449436999999989
20
-103.7807899999999961
11
90.544674999999998
21
-104.1617419999999896
0
LINE
8
BLACK
6
CONTINUOUS
10
90.544674999999998
20
-104.1617419999999896
11
90.544674999999998
21
-104.6379329999999896
0
LINE
8
BLACK
6
CONTINUOUS
10
90.544674999999998
20
-104.6379329999999896
11
90.449436999999989
21
-105.0188849999999974
0
LINE
8
BLACK
6
CONTINUOUS
10
90.449436999999989
20
-105.0188849999999974
11
90.3541989999999942
21
-105.2093610000000012
0
LINE
8
BLACK
6
CONTINUOUS
10
90.3541989999999942
20
-105.2093610000000012
11
90.2589609999999993
21
-105.3045999999999935
0
LINE
8
BLACK
6
CONTINUOUS
10
90.2589609999999993
20
-105.3045999999999935
11
90.0684849999999955
21
-105.3998379999999884
0
LINE
8
BLACK
6
CONTINUOUS
10
90.0684849999999955
20
-105.3998379999999884
11
89.8780079999999941
21
-105.3998379999999884
0
LINE
8
BLACK
6
CONTINUOUS
10
89.8780079999999941
20
-105.3998379999999884
11
89.6875319999999903
21
-105.3045999999999935
0
LINE
8
BLACK
6
CONTINUOUS
10
89.6875319999999903
20
-105.3045999999999935
11
89.5922939999999954
21
-105.2093610000000012
0
LINE
8
BLACK
6
CONTINUOUS
10
89.5922939999999954
20
-105.2093610000000012
11
89.4970560000000006
21
-105.0188849999999974
0
LINE
8
BLACK
6
CONTINUOUS
10
89.4970560000000006
20
-105.0188849999999974
11
89.4018179999999916
21
-104.6379329999999896
0
LINE
8
BLACK
6
CONTINUOUS
10
89.4018179999999916
20
-104.6379329999999896
11
89.4018179999999916
21
-104.1617419999999896
0
LINE
8
BLACK
6
CONTINUOUS
10
89.4018179999999916
20
-104.1617419999999896
11
89.4970560000000006
21
-103.7807899999999961
0
LINE
8
BLACK
6
CONTINUOUS
10
89.4970560000000006
20
-103.7807899999999961
11
89.5922939999999954
21
-103.5903139999999922
0
LINE
8
BLACK
6
CONTINUOUS
10
89.5922939999999954
20
-103.5903139999999922
11
89.6875319999999903
21
-103.4950759999999974
0
LINE
8
BLACK
6
CONTINUOUS
10
89.6875319999999903
20
-103.4950759999999974
11
89.8780079999999941
21
-103.3998379999999884
0
LINE
8
BLACK
6
CONTINUOUS
10
91.3065799999999967
20
-103.5903139999999922
11
91.4018179999999916
21
-103.4950759999999974
0
LINE
8
BLACK
6
CONTINUOUS
10
91.4018179999999916
20
-103.4950759999999974
11
91.5922939999999954
21
-103.3998379999999884
0
LINE
8
BLACK
6
CONTINUOUS
10
91.5922939999999954
20
-103.3998379999999884
11
92.0684849999999955
21
-103.3998379999999884
0
LINE
8
BLACK
6
CONTINUOUS
10
92.0684849999999955
20
-103.3998379999999884
11
92.2589609999999993
21
-103.4950759999999974
0
LINE
8
BLACK
6
CONTINUOUS
10
92.2589609999999993
20
-103.4950759999999974
11
92.3541989999999942
21
-103.5903139999999922
0
LINE
8
BLACK
6
CONTINUOUS
10
92.3541989999999942
20
-103.5903139999999922
11
92.449436999999989
21
-103.7807899999999961
0
LINE
8
BLACK
6
CONTINUOUS
10
92.449436999999989
20
-103.7807899999999961
11
92.449436999999989
21
-103.971266
0
LINE
8
BLACK
6
CONTINUOUS
10
92.449436999999989
20
-103.971266
11
92.3541989999999942
21
-104.2569799999999987
0
LINE
8
BLACK
6
CONTINUOUS
10
92.3541989999999942
20
-104.2569799999999987
11
91.2113420000000019
21
-105.3998379999999884
0
LINE
8
BLACK
6
CONTINUOUS
10
91.2113420000000019
20
-105.3998379999999884
11
92.449436999999989
21
-105.3998379999999884
0
LINE
8
BLACK
6
CONTINUOUS
10
93.2113420000000019
20
-103.3998379999999884
11
93.2113420000000019
21
-103.7807899999999961
0
LINE
8
BLACK
6
CONTINUOUS
10
93.9732470000000006
20
-103.3998379999999884
11
93.9732470000000006
21
-103.7807899999999961
0
LINE
8
BLACK
6
CONTINUOUS
10
96.9256290000000007
20
-106.1617419999999896
11
96.8303899999999942
21
-106.0665039999999948
0
LINE
8
BLACK
6
CONTINUOUS
10
96.8303899999999942
20
-106.0665039999999948
11
96.6399139999999903
21
-105.7807899999999961
0
LINE
8
BLACK
6
CONTINUOUS
10
96.6399139999999903
20
-105.7807899999999961
11
96.5446759999999955
21
-105.5903139999999922
0
LINE
8
BLACK
6
CONTINUOUS
10
96.5446759999999955
20
-105.5903139999999922
11
96.4494380000000007
21
-105.3045999999999935
0
LINE
8
BLACK
6
CONTINUOUS
10
96.4494380000000007
20
-105.3045999999999935
11
96.3541999999999916
21
-104.8284089999999935
0
LINE
8
BLACK
6
CONTINUOUS
10
96.3541999999999916
20
-104.8284089999999935
11
96.3541999999999916
21
-104.447457
0
LINE
8
BLACK
6
CONTINUOUS
10
96.3541999999999916
20
-104.447457
11
96.4494380000000007
21
-103.971266
0
LINE
8
BLACK
6
CONTINUOUS
10
96.4494380000000007
20
-103.971266
11
96.5446759999999955
21
-103.6855520000000013
0
LINE
8
BLACK
6
CONTINUOUS
10
96.5446759999999955
20
-103.6855520000000013
11
96.6399139999999903
21
-103.4950759999999974
0
LINE
8
BLACK
6
CONTINUOUS
10
96.6399139999999903
20
-103.4950759999999974
11
96.8303899999999942
21
-103.2093610000000012
0
LINE
8
BLACK
6
CONTINUOUS
10
96.8303899999999942
20
-103.2093610000000012
11
96.9256290000000007
21
-103.1141229999999922
0
LINE
8
BLACK
6
CONTINUOUS
10
97.5922949999999929
20
-103.5903139999999922
11
97.6875330000000019
21
-103.4950759999999974
0
LINE
8
BLACK
6
CONTINUOUS
10
97.6875330000000019
20
-103.4950759999999974
11
97.8780089999999916
21
-103.3998379999999884
0
LINE
8
BLACK
6
CONTINUOUS
10
97.8780089999999916
20
-103.3998379999999884
11
98.3541999999999916
21
-103.3998379999999884
0
LINE
8
BLACK
6
CONTINUOUS
10
98.3541999999999916
20
-103.3998379999999884
11
98.5446759999999955
21
-103.4950759999999974
0
LINE
8
BLACK
6
CONTINUOUS
10
98.5446759999999955
20
-103.4950759999999974
11
98.6399139999999903
21
-103.5903139999999922
0
LINE
8
BLACK
6
CONTINUOUS
10
98.6399139999999903
20
-103.5903139999999922
11
98.7351519999999994
21
-103.7807899999999961
0
LINE
8
BLACK
6
CONTINUOUS
10
98.7351519999999994
20
-103.7807899999999961
11
98.7351519999999994
21
-103.971266
0
LINE
8
BLACK
6
CONTINUOUS
10
98.7351519999999994
20
-103.971266
11
98.6399139999999903
21
-104.2569799999999987
0
LINE
8
BLACK
6
CONTINUOUS
10
98.6399139999999903
20
-104.2569799999999987
11
97.4970569999999981
21
-105.3998379999999884
0
LINE
8
BLACK
6
CONTINUOUS
10
97.4970569999999981
20
-105.3998379999999884
11
98.7351519999999994
21
-105.3998379999999884
0
LINE
8
BLACK
6
CONTINUOUS
10
101.1161049999999904
20
-105.3998379999999884
11
101.1161049999999904
21
-103.3998379999999884
0
LINE
8
BLACK
6
CONTINUOUS
10
101.9732479999999981
20
-105.3998379999999884
11
101.9732479999999981
21
-104.352218999999991
0
LINE
8
BLACK
6
CONTINUOUS
10
101.9732479999999981
20
-104.352218999999991
11
101.8780099999999891
21
-104.1617419999999896
0
LINE
8
BLACK
6
CONTINUOUS
10
101.8780099999999891
20
-104.1617419999999896
11
101.6875339999999994
21
-104.0665039999999948
0
LINE
8
BLACK
6
CONTINUOUS
10
101.6875339999999994
20
-104.0665039999999948
11
101.401818999999989
21
-104.0665039999999948
0
LINE
8
BLACK
6
CONTINUOUS
10
101.401818999999989
20
-104.0665039999999948
11
101.2113429999999994
21
-104.1617419999999896
0
LINE
8
BLACK
6
CONTINUOUS
10
101.2113429999999994
20
-104.1617419999999896
11
101.1161049999999904
21
-104.2569799999999987
0
LINE
8
BLACK
6
CONTINUOUS
10
103.2113429999999994
20
-105.3998379999999884
11
103.0208669999999955
21
-105.3045999999999935
0
LINE
8
BLACK
6
CONTINUOUS
10
103.0208669999999955
20
-105.3045999999999935
11
102.9256290000000007
21
-105.2093610000000012
0
LINE
8
BLACK
6
CONTINUOUS
10
102.9256290000000007
20
-105.2093610000000012
11
102.8303909999999917
21
-105.0188849999999974
0
LINE
8
BLACK
6
CONTINUOUS
10
102.8303909999999917
20
-105.0188849999999974
11
102.8303909999999917
21
-104.447457
0
LINE
8
BLACK
6
CONTINUOUS
10
102.8303909999999917
20
-104.447457
11
102.9256290000000007
21
-104.2569799999999987
0
LINE
8
BLACK
6
CONTINUOUS
10
102.9256290000000007
20
-104.2569799999999987
11
103.0208669999999955
21
-104.1617419999999896
0
LINE
8
BLACK
6
CONTINUOUS
10
103.0208669999999955
20
-104.1617419999999896
11
103.2113429999999994
21
-104.0665039999999948
0
LINE
8
BLACK
6
CONTINUOUS
10
103.2113429999999994
20
-104.0665039999999948
11
103.4970579999999956
21
-104.0665039999999948
0
LINE
8
BLACK
6
CONTINUOUS
10
103.4970579999999956
20
-104.0665039999999948
11
103.6875339999999994
21
-104.1617419999999896
0
LINE
8
BLACK
6
CONTINUOUS
10
103.6875339999999994
20
-104.1617419999999896
11
103.7827719999999943
21
-104.2569799999999987
0
LINE
8
BLACK
6
CONTINUOUS
10
103.7827719999999943
20
-104.2569799999999987
11
103.8780099999999891
21
-104.447457
0
LINE
8
BLACK
6
CONTINUOUS
10
103.8780099999999891
20
-104.447457
11
103.8780099999999891
21
-105.0188849999999974
0
LINE
8
BLACK
6
CONTINUOUS
10
103.8780099999999891
20
-105.0188849999999974
11
103.7827719999999943
21
-105.2093610000000012
0
LINE
8
BLACK
6
CONTINUOUS
10
103.7827719999999943
20
-105.2093610000000012
11
103.6875339999999994
21
-105.3045999999999935
0
LINE
8
BLACK
6
CONTINUOUS
10
103.6875339999999994
20
-105.3045999999999935
11
103.4970579999999956
21
-105.3998379999999884
0
LINE
8
BLACK
6
CONTINUOUS
10
103.4970579999999956
20
-105.3998379999999884
11
103.2113429999999994
21
-105.3998379999999884
0
LINE
8
BLACK
6
CONTINUOUS
10
105.0208669999999955
20
-105.3998379999999884
11
104.8303909999999917
21
-105.3045999999999935
0
LINE
8
BLACK
6
CONTINUOUS
10
104.8303909999999917
20
-105.3045999999999935
11
104.7351529999999968
21
-105.1141229999999922
0
LINE
8
BLACK
6
CONTINUOUS
10
104.7351529999999968
20
-105.1141229999999922
11
104.7351529999999968
21
-103.3998379999999884
0
LINE
8
BLACK
6
CONTINUOUS
10
106.544676999999993
20
-105.3045999999999935
11
106.3542009999999891
21
-105.3998379999999884
0
LINE
8
BLACK
6
CONTINUOUS
10
106.3542009999999891
20
-105.3998379999999884
11
105.9732479999999981
21
-105.3998379999999884
0
LINE
8
BLACK
6
CONTINUOUS
10
105.9732479999999981
20
-105.3998379999999884
11
105.7827719999999943
21
-105.3045999999999935
0
LINE
8
BLACK
6
CONTINUOUS
10
105.7827719999999943
20
-105.3045999999999935
11
105.6875339999999994
21
-105.1141229999999922
0
LINE
8
BLACK
6
CONTINUOUS
10
105.6875339999999994
20
-105.1141229999999922
11
105.6875339999999994
21
-104.352218999999991
0
LINE
8
BLACK
6
CONTINUOUS
10
105.6875339999999994
20
-104.352218999999991
11
105.7827719999999943
21
-104.1617419999999896
0
LINE
8
BLACK
6
CONTINUOUS
10
105.7827719999999943
20
-104.1617419999999896
11
105.9732479999999981
21
-104.0665039999999948
0
LINE
8
BLACK
6
CONTINUOUS
10
105.9732479999999981
20
-104.0665039999999948
11
106.3542009999999891
21
-104.0665039999999948
0
LINE
8
BLACK
6
CONTINUOUS
10
106.3542009999999891
20
-104.0665039999999948
11
106.544676999999993
21
-104.1617419999999896
0
LINE
8
BLACK
6
CONTINUOUS
10
106.544676999999993
20
-104.1617419999999896
11
106.639915000000002
21
-104.352218999999991
0
LINE
8
BLACK
6
CONTINUOUS
10
106.639915000000002
20
-104.352218999999991
11
106.639915000000002
21
-104.5426949999999948
0
LINE
8
BLACK
6
CONTINUOUS
10
106.639915000000002
20
-104.5426949999999948
11
105.6875339999999994
21
-104.7331709999999987
0
LINE
8
BLACK
6
CONTINUOUS
10
107.4018200000000007
20
-105.3045999999999935
11
107.5922959999999904
21
-105.3998379999999884
0
LINE
8
BLACK
6
CONTINUOUS
10
107.5922959999999904
20
-105.3998379999999884
11
107.9732479999999981
21
-105.3998379999999884
0
LINE
8
BLACK
6
CONTINUOUS
10
107.9732479999999981
20
-105.3998379999999884
11
108.1637249999999995
21
-105.3045999999999935
0
LINE
8
BLACK
6
CONTINUOUS
10
108.1637249999999995
20
-105.3045999999999935
11
108.2589629999999943
21
-105.1141229999999922
0
LINE
8
BLACK
6
CONTINUOUS
10
108.2589629999999943
20
-105.1141229999999922
11
108.2589629999999943
21
-105.0188849999999974
0
LINE
8
BLACK
6
CONTINUOUS
10
108.2589629999999943
20
-105.0188849999999974
11
108.1637249999999995
21
-104.8284089999999935
0
LINE
8
BLACK
6
CONTINUOUS
10
108.1637249999999995
20
-104.8284089999999935
11
107.9732479999999981
21
-104.7331709999999987
0
LINE
8
BLACK
6
CONTINUOUS
10
107.9732479999999981
20
-104.7331709999999987
11
107.6875339999999994
21
-104.7331709999999987
0
LINE
8
BLACK
6
CONTINUOUS
10
107.6875339999999994
20
-104.7331709999999987
11
107.4970579999999956
21
-104.6379329999999896
0
LINE
8
BLACK
6
CONTINUOUS
10
107.4970579999999956
20
-104.6379329999999896
11
107.4018200000000007
21
-104.447457
0
LINE
8
BLACK
6
CONTINUOUS
10
107.4018200000000007
20
-104.447457
11
107.4018200000000007
21
-104.352218999999991
0
LINE
8
BLACK
6
CONTINUOUS
10
107.4018200000000007
20
-104.352218999999991
11
107.4970579999999956
21
-104.1617419999999896
0
LINE
8
BLACK
6
CONTINUOUS
10
107.4970579999999956
20
-104.1617419999999896
11
107.6875339999999994
21
-104.0665039999999948
0
LINE
8
BLACK
6
CONTINUOUS
10
107.6875339999999994
20
-104.0665039999999948
11
107.9732479999999981
21
-104.0665039999999948
0
LINE
8
BLACK
6
CONTINUOUS
10
107.9732479999999981
20
-104.0665039999999948
11
108.1637249999999995
21
-104.1617419999999896
0
LINE
8
BLACK
6
CONTINUOUS
10
108.9256299999999982
20
-106.1617419999999896
11
109.020867999999993
21
-106.0665039999999948
0
LINE
8
BLACK
6
CONTINUOUS
10
109.020867999999993
20
-106.0665039999999948
11
109.2113439999999969
21
-105.7807899999999961
0
LINE
8
BLACK
6
CONTINUOUS
10
109.2113439999999969
20
-105.7807899999999961
11
109.3065819999999917
21
-105.5903139999999922
0
LINE
8
BLACK
6
CONTINUOUS
10
109.3065819999999917
20
-105.5903139999999922
11
109.4018200000000007
21
-105.3045999999999935
0
LINE
8
BLACK
6
CONTINUOUS
10
109.4018200000000007
20
-105.3045999999999935
11
109.4970579999999956
21
-104.8284089999999935
0
LINE
8
BLACK
6
CONTINUOUS
10
109.4970579999999956
20
-104.8284089999999935
11
109.4970579999999956
21
-104.447457
0
LINE
8
BLACK
6
CONTINUOUS
10
109.4970579999999956
20
-104.447457
11
109.4018200000000007
21
-103.971266
0
LINE
8
BLACK
6
CONTINUOUS
10
109.4018200000000007
20
-103.971266
11
109.3065819999999917
21
-103.6855520000000013
0
LINE
8
BLACK
6
CONTINUOUS
10
109.3065819999999917
20
-103.6855520000000013
11
109.2113439999999969
21
-103.4950759999999974
0
LINE
8
BLACK
6
CONTINUOUS
10
109.2113439999999969
20
-103.4950759999999974
11
109.020867999999993
21
-103.2093610000000012
0
LINE
8
BLACK
6
CONTINUOUS
10
109.020867999999993
20
-103.2093610000000012
11
108.9256299999999982
21
-103.1141229999999922
0
LINE
8
BLACK
6
CONTINUOUS
10
59.1749999999999972
20
-106.6850000000000023
11
61.1749999999999972
21
-108.6849999999999881
0
LINE
8
BLACK
6
CONTINUOUS
10
61.1749999999999972
20
-106.6850000000000023
11
59.1749999999999972
21
-108.6849999999999881
0
CIRCLE
8
BLACK
10
60.1749999999999972
20
-107.6849999999999881
40
1.
0
LINE
8
BLACK
6
CONTINUOUS
10
63.5922920000000005
20
-106.5998379999999912
11
64.8303870000000018
21
-106.5998379999999912
0
LINE
8
BLACK
6
CONTINUOUS
10
64.8303870000000018
20
-106.5998379999999912
11
64.1637199999999979
21
-107.3617419999999925
0
LINE
8
BLACK
6
CONTINUOUS
10
64.1637199999999979
20
-107.3617419999999925
11
64.449434999999994
21
-107.3617419999999925
0
LINE
8
BLACK
6
CONTINUOUS
10
64.449434999999994
20
-107.3617419999999925
11
64.6399109999999979
21
-107.4569800000000015
0
LINE
8
BLACK
6
CONTINUOUS
10
64.6399109999999979
20
-107.4569800000000015
11
64.7351489999999927
21
-107.5522189999999938
0
LINE
8
BLACK
6
CONTINUOUS
10
64.7351489999999927
20
-107.5522189999999938
11
64.8303870000000018
21
-107.7426949999999977
0
LINE
8
BLACK
6
CONTINUOUS
10
64.8303870000000018
20
-107.7426949999999977
11
64.8303870000000018
21
-108.2188850000000002
0
LINE
8
BLACK
6
CONTINUOUS
10
64.8303870000000018
20
-108.2188850000000002
11
64.7351489999999927
21
-108.4093609999999899
0
LINE
8
BLACK
6
CONTINUOUS
10
64.7351489999999927
20
-108.4093609999999899
11
64.6399109999999979
21
-108.5045999999999964
0
LINE
8
BLACK
6
CONTINUOUS
10
64.6399109999999979
20
-108.5045999999999964
11
64.449434999999994
21
-108.5998379999999912
0
LINE
8
BLACK
6
CONTINUOUS
10
64.449434999999994
20
-108.5998379999999912
11
63.8780059999999992
21
-108.5998379999999912
0
LINE
8
BLACK
6
CONTINUOUS
10
63.8780059999999992
20
-108.5998379999999912
11
63.6875299999999953
21
-108.5045999999999964
0
LINE
8
BLACK
6
CONTINUOUS
10
63.6875299999999953
20
-108.5045999999999964
11
63.5922920000000005
21
-108.4093609999999899
0
LINE
8
BLACK
6
CONTINUOUS
10
65.6875299999999953
20
-108.4093609999999899
11
65.7827679999999901
21
-108.5045999999999964
0
LINE
8
BLACK
6
CONTINUOUS
10
65.7827679999999901
20
-108.5045999999999964
11
65.6875299999999953
21
-108.5998379999999912
0
LINE
8
BLACK
6
CONTINUOUS
10
65.6875299999999953
20
-108.5998379999999912
11
65.5922920000000005
21
-108.5045999999999964
0
LINE
8
BLACK
6
CONTINUOUS
10
65.5922920000000005
20
-108.5045999999999964
11
65.6875299999999953
21
-108.4093609999999899
0
LINE
8
BLACK
6
CONTINUOUS
10
65.6875299999999953
20
-108.4093609999999899
11
65.6875299999999953
21
-108.5998379999999912
0
LINE
8
BLACK
6
CONTINUOUS
10
66.5446730000000031
20
-106.7903139999999951
11
66.6399109999999979
21
-106.6950760000000002
0
LINE
8
BLACK
6
CONTINUOUS
10
66.6399109999999979
20
-106.6950760000000002
11
66.8303870000000018
21
-106.5998379999999912
0
LINE
8
BLACK
6
CONTINUOUS
10
66.8303870000000018
20
-106.5998379999999912
11
67.3065780000000018
21
-106.5998379999999912
0
LINE
8
BLACK
6
CONTINUOUS
10
67.3065780000000018
20
-106.5998379999999912
11
67.4970539999999914
21
-106.6950760000000002
0
LINE
8
BLACK
6
CONTINUOUS
10
67.4970539999999914
20
-106.6950760000000002
11
67.5922920000000005
21
-106.7903139999999951
0
LINE
8
BLACK
6
CONTINUOUS
10
67.5922920000000005
20
-106.7903139999999951
11
67.6875299999999953
21
-106.9807899999999989
0
LINE
8
BLACK
6
CONTINUOUS
10
67.6875299999999953
20
-106.9807899999999989
11
67.6875299999999953
21
-107.1712659999999886
0
LINE
8
BLACK
6
CONTINUOUS
10
67.6875299999999953
20
-107.1712659999999886
11
67.5922920000000005
21
-107.4569800000000015
0
LINE
8
BLACK
6
CONTINUOUS
10
67.5922920000000005
20
-107.4569800000000015
11
66.449434999999994
21
-108.5998379999999912
0
LINE
8
BLACK
6
CONTINUOUS
10
66.449434999999994
20
-108.5998379999999912
11
67.6875299999999953
21
-108.5998379999999912
0
LINE
8
BLACK
6
CONTINUOUS
10
68.9256249999999966
20
-106.5998379999999912
11
69.1161019999999979
21
-106.5998379999999912
0
LINE
8
BLACK
6
CONTINUOUS
10
69.1161019999999979
20
-106.5998379999999912
11
69.3065780000000018
21
-106.6950760000000002
0
LINE
8
BLACK
6
CONTINUOUS
10
69.3065780000000018
20
-106.6950760000000002
11
69.4018159999999966
21
-106.7903139999999951
0
LINE
8
BLACK
6
CONTINUOUS
10
69.4018159999999966
20
-106.7903139999999951
11
69.4970539999999914
21
-106.9807899999999989
0
LINE
8
BLACK
6
CONTINUOUS
10
69.4970539999999914
20
-106.9807899999999989
11
69.5922920000000005
21
-107.3617419999999925
0
LINE
8
BLACK
6
CONTINUOUS
10
69.5922920000000005
20
-107.3617419999999925
11
69.5922920000000005
21
-107.8379329999999925
0
LINE
8
BLACK
6
CONTINUOUS
10
69.5922920000000005
20
-107.8379329999999925
11
69.4970539999999914
21
-108.2188850000000002
0
LINE
8
BLACK
6
CONTINUOUS
10
69.4970539999999914
20
-108.2188850000000002
11
69.4018159999999966
21
-108.4093609999999899
0
LINE
8
BLACK
6
CONTINUOUS
10
69.4018159999999966
20
-108.4093609999999899
11
69.3065780000000018
21
-108.5045999999999964
0
LINE
8
BLACK
6
CONTINUOUS
10
69.3065780000000018
20
-108.5045999999999964
11
69.1161019999999979
21
-108.5998379999999912
0
LINE
8
BLACK
6
CONTINUOUS
10
69.1161019999999979
20
-108.5998379999999912
11
68.9256249999999966
21
-108.5998379999999912
0
LINE
8
BLACK
6
CONTINUOUS
10
68.9256249999999966
20
-108.5998379999999912
11
68.7351489999999927
21
-108.5045999999999964
0
LINE
8
BLACK
6
CONTINUOUS
10
68.7351489999999927
20
-108.5045999999999964
11
68.6399109999999979
21
-108.4093609999999899
0
LINE
8
BLACK
6
CONTINUOUS
10
68.6399109999999979
20
-108.4093609999999899
11
68.5446730000000031
21
-108.2188850000000002
0
LINE
8
BLACK
6
CONTINUOUS
10
68.5446730000000031
20
-108.2188850000000002
11
68.449434999999994
21
-107.8379329999999925
0
LINE
8
BLACK
6
CONTINUOUS
10
68.449434999999994
20
-107.8379329999999925
11
68.449434999999994
21
-107.3617419999999925
0
LINE
8
BLACK
6
CONTINUOUS
10
68.449434999999994
20
-107.3617419999999925
11
68.5446730000000031
21
-106.9807899999999989
0
LINE
8
BLACK
6
CONTINUOUS
10
68.5446730000000031
20
-106.9807899999999989
11
68.6399109999999979
21
-106.7903139999999951
0
LINE
8
BLACK
6
CONTINUOUS
10
68.6399109999999979
20
-106.7903139999999951
11
68.7351489999999927
21
-106.6950760000000002
0
LINE
8
BLACK
6
CONTINUOUS
10
68.7351489999999927
20
-106.6950760000000002
11
68.9256249999999966
21
-106.5998379999999912
0
LINE
8
BLACK
6
CONTINUOUS
10
70.8303870000000018
20
-106.5998379999999912
11
71.0208640000000031
21
-106.5998379999999912
0
LINE
8
BLACK
6
CONTINUOUS
10
71.0208640000000031
20
-106.5998379999999912
11
71.2113399999999928
21
-106.6950760000000002
0
LINE
8
BLACK
6
CONTINUOUS
10
71.2113399999999928
20
-106.6950760000000002
11
71.3065780000000018
21
-106.7903139999999951
0
LINE
8
BLACK
6
CONTINUOUS
10
71.3065780000000018
20
-106.7903139999999951
11
71.4018159999999966
21
-106.9807899999999989
0
LINE
8
BLACK
6
CONTINUOUS
10
71.4018159999999966
20
-106.9807899999999989
11
71.4970539999999914
21
-107.3617419999999925
0
LINE
8
BLACK
6
CONTINUOUS
10
71.4970539999999914
20
-107.3617419999999925
11
71.4970539999999914
21
-107.8379329999999925
0
LINE
8
BLACK
6
CONTINUOUS
10
71.4970539999999914
20
-107.8379329999999925
11
71.4018159999999966
21
-108.2188850000000002
0
LINE
8
BLACK
6
CONTINUOUS
10
71.4018159999999966
20
-108.2188850000000002
11
71.3065780000000018
21
-108.4093609999999899
0
LINE
8
BLACK
6
CONTINUOUS
10
71.3065780000000018
20
-108.4093609999999899
11
71.2113399999999928
21
-108.5045999999999964
0
LINE
8
BLACK
6
CONTINUOUS
10
71.2113399999999928
20
-108.5045999999999964
11
71.0208640000000031
21
-108.5998379999999912
0
LINE
8
BLACK
6
CONTINUOUS
10
71.0208640000000031
20
-108.5998379999999912
11
70.8303870000000018
21
-108.5998379999999912
0
LINE
8
BLACK
6
CONTINUOUS
10
70.8303870000000018
20
-108.5998379999999912
11
70.6399109999999979
21
-108.5045999999999964
0
LINE
8
BLACK
6
CONTINUOUS
10
70.6399109999999979
20
-108.5045999999999964
11
70.5446730000000031
21
-108.4093609999999899
0
LINE
8
BLACK
6
CONTINUOUS
10
70.5446730000000031
20
-108.4093609999999899
11
70.449434999999994
21
-108.2188850000000002
0
LINE
8
BLACK
6
CONTINUOUS
10
70.449434999999994
20
-108.2188850000000002
11
70.3541969999999992
21
-107.8379329999999925
0
LINE
8
BLACK
6
CONTINUOUS
10
70.3541969999999992
20
-107.8379329999999925
11
70.3541969999999992
21
-107.3617419999999925
0
LINE
8
BLACK
6
CONTINUOUS
10
70.3541969999999992
20
-107.3617419999999925
11
70.449434999999994
21
-106.9807899999999989
0
LINE
8
BLACK
6
CONTINUOUS
10
70.449434999999994
20
-106.9807899999999989
11
70.5446730000000031
21
-106.7903139999999951
0
LINE
8
BLACK
6
CONTINUOUS
10
70.5446730000000031
20
-106.7903139999999951
11
70.6399109999999979
21
-106.6950760000000002
0
LINE
8
BLACK
6
CONTINUOUS
10
70.6399109999999979
20
-106.6950760000000002
11
70.8303870000000018
21
-106.5998379999999912
0
LINE
8
BLACK
6
CONTINUOUS
10
72.3541969999999992
20
-108.5998379999999912
11
72.3541969999999992
21
-107.2665039999999976
0
LINE
8
BLACK
6
CONTINUOUS
10
72.3541969999999992
20
-107.4569800000000015
11
72.449434999999994
21
-107.3617419999999925
0
LINE
8
BLACK
6
CONTINUOUS
10
72.449434999999994
20
-107.3617419999999925
11
72.6399109999999979
21
-107.2665039999999976
0
LINE
8
BLACK
6
CONTINUOUS
10
72.6399109999999979
20
-107.2665039999999976
11
72.9256259999999941
21
-107.2665039999999976
0
LINE
8
BLACK
6
CONTINUOUS
10
72.9256259999999941
20
-107.2665039999999976
11
73.1161019999999979
21
-107.3617419999999925
0
LINE
8
BLACK
6
CONTINUOUS
10
73.1161019999999979
20
-107.3617419999999925
11
73.2113399999999928
21
-107.5522189999999938
0
LINE
8
BLACK
6
CONTINUOUS
10
73.2113399999999928
20
-107.5522189999999938
11
73.2113399999999928
21
-108.5998379999999912
0
LINE
8
BLACK
6
CONTINUOUS
10
73.2113399999999928
20
-107.5522189999999938
11
73.3065780000000018
21
-107.3617419999999925
0
LINE
8
BLACK
6
CONTINUOUS
10
73.3065780000000018
20
-107.3617419999999925
11
73.4970539999999914
21
-107.2665039999999976
0
LINE
8
BLACK
6
CONTINUOUS
10
73.4970539999999914
20
-107.2665039999999976
11
73.7827679999999901
21
-107.2665039999999976
0
LINE
8
BLACK
6
CONTINUOUS
10
73.7827679999999901
20
-107.2665039999999976
11
73.9732449999999915
21
-107.3617419999999925
0
LINE
8
BLACK
6
CONTINUOUS
10
73.9732449999999915
20
-107.3617419999999925
11
74.0684830000000005
21
-107.5522189999999938
0
LINE
8
BLACK
6
CONTINUOUS
10
74.0684830000000005
20
-107.5522189999999938
11
74.0684830000000005
21
-108.5998379999999912
0
LINE
8
BLACK
6
CONTINUOUS
10
75.0208640000000031
20
-108.5998379999999912
11
75.0208640000000031
21
-107.2665039999999976
0
LINE
8
BLACK
6
CONTINUOUS
10
75.0208640000000031
20
-107.4569800000000015
11
75.1161019999999979
21
-107.3617419999999925
0
LINE
8
BLACK
6
CONTINUOUS
10
75.1161019999999979
20
-107.3617419999999925
11
75.3065780000000018
21
-107.2665039999999976
0
LINE
8
BLACK
6
CONTINUOUS
10
75.3065780000000018
20
-107.2665039999999976
11
75.592292999999998
21
-107.2665039999999976
0
LINE
8
BLACK
6
CONTINUOUS
10
75.592292999999998
20
-107.2665039999999976
11
75.7827690000000018
21
-107.3617419999999925
0
LINE
8
BLACK
6
CONTINUOUS
10
75.7827690000000018
20
-107.3617419999999925
11
75.8780069999999967
21
-107.5522189999999938
0
LINE
8
BLACK
6
CONTINUOUS
10
75.8780069999999967
20
-107.5522189999999938
11
75.8780069999999967
21
-108.5998379999999912
0
LINE
8
BLACK
6
CONTINUOUS
10
75.8780069999999967
20
-107.5522189999999938
11
75.9732449999999915
21
-107.3617419999999925
0
LINE
8
BLACK
6
CONTINUOUS
10
75.9732449999999915
20
-107.3617419999999925
11
76.1637209999999953
21
-107.2665039999999976
0
LINE
8
BLACK
6
CONTINUOUS
10
76.1637209999999953
20
-107.2665039999999976
11
76.449434999999994
21
-107.2665039999999976
0
LINE
8
BLACK
6
CONTINUOUS
10
76.449434999999994
20
-107.2665039999999976
11
76.6399119999999954
21
-107.3617419999999925
0
LINE
8
BLACK
6
CONTINUOUS
10
76.6399119999999954
20
-107.3617419999999925
11
76.7351499999999902
21
-107.5522189999999938
0
LINE
8
BLACK
6
CONTINUOUS
10
76.7351499999999902
20
-107.5522189999999938
11
76.7351499999999902
21
-108.5998379999999912
0
LINE
8
BLACK
6
CONTINUOUS
10
80.6399119999999954
20
-106.5045999999999964
11
78.9256269999999915
21
-109.0760279999999938
0
LINE
8
BLACK
6
CONTINUOUS
10
83.2113409999999902
20
-106.5998379999999912
11
83.4018179999999916
21
-106.5998379999999912
0
LINE
8
BLACK
6
CONTINUOUS
10
83.4018179999999916
20
-106.5998379999999912
11
83.5922939999999954
21
-106.6950760000000002
0
LINE
8
BLACK
6
CONTINUOUS
10
83.5922939999999954
20
-106.6950760000000002
11
83.6875319999999903
21
-106.7903139999999951
0
LINE
8
BLACK
6
CONTINUOUS
10
83.6875319999999903
20
-106.7903139999999951
11
83.7827699999999993
21
-106.9807899999999989
0
LINE
8
BLACK
6
CONTINUOUS
10
83.7827699999999993
20
-106.9807899999999989
11
83.8780079999999941
21
-107.3617419999999925
0
LINE
8
BLACK
6
CONTINUOUS
10
83.8780079999999941
20
-107.3617419999999925
11
83.8780079999999941
21
-107.8379329999999925
0
LINE
8
BLACK
6
CONTINUOUS
10
83.8780079999999941
20
-107.8379329999999925
11
83.7827699999999993
21
-108.2188850000000002
0
LINE
8
BLACK
6
CONTINUOUS
10
83.7827699999999993
20
-108.2188850000000002
11
83.6875319999999903
21
-108.4093609999999899
0
LINE
8
BLACK
6
CONTINUOUS
10
83.6875319999999903
20
-108.4093609999999899
11
83.5922939999999954
21
-108.5045999999999964
0
LINE
8
BLACK
6
CONTINUOUS
10
83.5922939999999954
20
-108.5045999999999964
11
83.4018179999999916
21
-108.5998379999999912
0
LINE
8
BLACK
6
CONTINUOUS
10
83.4018179999999916
20
-108.5998379999999912
11
83.2113409999999902
21
-108.5998379999999912
0
LINE
8
BLACK
6
CONTINUOUS
10
83.2113409999999902
20
-108.5998379999999912
11
83.0208650000000006
21
-108.5045999999999964
0
LINE
8
BLACK
6
CONTINUOUS
10
83.0208650000000006
20
-108.5045999999999964
11
82.9256269999999915
21
-108.4093609999999899
0
LINE
8
BLACK
6
CONTINUOUS
10
82.9256269999999915
20
-108.4093609999999899
11
82.8303889999999967
21
-108.2188850000000002
0
LINE
8
BLACK
6
CONTINUOUS
10
82.8303889999999967
20
-108.2188850000000002
11
82.7351510000000019
21
-107.8379329999999925
0
LINE
8
BLACK
6
CONTINUOUS
10
82.7351510000000019
20
-107.8379329999999925
11
82.7351510000000019
21
-107.3617419999999925
0
LINE
8
BLACK
6
CONTINUOUS
10
82.7351510000000019
20
-107.3617419999999925
11
82.8303889999999967
21
-106.9807899999999989
0
LINE
8
BLACK
6
CONTINUOUS
10
82.8303889999999967
20
-106.9807899999999989
11
82.9256269999999915
21
-106.7903139999999951
0
LINE
8
BLACK
6
CONTINUOUS
10
82.9256269999999915
20
-106.7903139999999951
11
83.0208650000000006
21
-106.6950760000000002
0
LINE
8
BLACK
6
CONTINUOUS
10
83.0208650000000006
20
-106.6950760000000002
11
83.2113409999999902
21
-106.5998379999999912
0
LINE
8
BLACK
6
CONTINUOUS
10
84.7351510000000019
20
-108.4093609999999899
11
84.8303889999999967
21
-108.5045999999999964
0
LINE
8
BLACK
6
CONTINUOUS
10
84.8303889999999967
20
-108.5045999999999964
11
84.7351510000000019
21
-108.5998379999999912
0
LINE
8
BLACK
6
CONTINUOUS
10
84.7351510000000019
20
-108.5998379999999912
11
84.6399129999999928
21
-108.5045999999999964
0
LINE
8
BLACK
6
CONTINUOUS
10
84.6399129999999928
20
-108.5045999999999964
11
84.7351510000000019
21
-108.4093609999999899
0
LINE
8
BLACK
6
CONTINUOUS
10
84.7351510000000019
20
-108.4093609999999899
11
84.7351510000000019
21
-108.5998379999999912
0
LINE
8
BLACK
6
CONTINUOUS
10
86.7351510000000019
20
-108.5998379999999912
11
85.5922939999999954
21
-108.5998379999999912
0
LINE
8
BLACK
6
CONTINUOUS
10
86.1637219999999928
20
-108.5998379999999912
11
86.1637219999999928
21
-106.5998379999999912
0
LINE
8
BLACK
6
CONTINUOUS
10
86.1637219999999928
20
-106.5998379999999912
11
85.9732460000000032
21
-106.8855519999999899
0
LINE
8
BLACK
6
CONTINUOUS
10
85.9732460000000032
20
-106.8855519999999899
11
85.7827699999999993
21
-107.0760279999999938
0
LINE
8
BLACK
6
CONTINUOUS
10
85.7827699999999993
20
-107.0760279999999938
11
85.5922939999999954
21
-107.1712659999999886
0
LINE
8
BLACK
6
CONTINUOUS
10
87.4970560000000006
20
-106.7903139999999951
11
87.5922939999999954
21
-106.6950760000000002
0
LINE
8
BLACK
6
CONTINUOUS
10
87.5922939999999954
20
-106.6950760000000002
11
87.7827699999999993
21
-106.5998379999999912
0
LINE
8
BLACK
6
CONTINUOUS
10
87.7827699999999993
20
-106.5998379999999912
11
88.2589609999999993
21
-106.5998379999999912
0
LINE
8
BLACK
6
CONTINUOUS
10
88.2589609999999993
20
-106.5998379999999912
11
88.449436999999989
21
-106.6950760000000002
0
LINE
8
BLACK
6
CONTINUOUS
10
88.449436999999989
20
-106.6950760000000002
11
88.544674999999998
21
-106.7903139999999951
0
LINE
8
BLACK
6
CONTINUOUS
10
88.544674999999998
20
-106.7903139999999951
11
88.6399129999999928
21
-106.9807899999999989
0
LINE
8
BLACK
6
CONTINUOUS
10
88.6399129999999928
20
-106.9807899999999989
11
88.6399129999999928
21
-107.1712659999999886
0
LINE
8
BLACK
6
CONTINUOUS
10
88.6399129999999928
20
-107.1712659999999886
11
88.544674999999998
21
-107.4569800000000015
0
LINE
8
BLACK
6
CONTINUOUS
10
88.544674999999998
20
-107.4569800000000015
11
87.4018179999999916
21
-108.5998379999999912
0
LINE
8
BLACK
6
CONTINUOUS
10
87.4018179999999916
20
-108.5998379999999912
11
88.6399129999999928
21
-108.5998379999999912
0
LINE
8
BLACK
6
CONTINUOUS
10
90.3541989999999942
20
-106.5998379999999912
11
89.973245999999989
21
-106.5998379999999912
0
LINE
8
BLACK
6
CONTINUOUS
10
89.973245999999989
20
-106.5998379999999912
11
89.7827699999999993
21
-106.6950760000000002
0
LINE
8
BLACK
6
CONTINUOUS
10
89.7827699999999993
20
-106.6950760000000002
11
89.6875319999999903
21
-106.7903139999999951
0
LINE
8
BLACK
6
CONTINUOUS
10
89.6875319999999903
20
-106.7903139999999951
11
89.4970560000000006
21
-107.0760279999999938
0
LINE
8
BLACK
6
CONTINUOUS
10
89.4970560000000006
20
-107.0760279999999938
11
89.4018179999999916
21
-107.4569800000000015
0
LINE
8
BLACK
6
CONTINUOUS
10
89.4018179999999916
20
-107.4569800000000015
11
89.4018179999999916
21
-108.2188850000000002
0
LINE
8
BLACK
6
CONTINUOUS
10
89.4018179999999916
20
-108.2188850000000002
11
89.4970560000000006
21
-108.4093609999999899
0
LINE
8
BLACK
6
CONTINUOUS
10
89.4970560000000006
20
-108.4093609999999899
11
89.5922939999999954
21
-108.5045999999999964
0
LINE
8
BLACK
6
CONTINUOUS
10
89.5922939999999954
20
-108.5045999999999964
11
89.7827699999999993
21
-108.5998379999999912
0
LINE
8
BLACK
6
CONTINUOUS
10
89.7827699999999993
20
-108.5998379999999912
11
90.1637229999999903
21
-108.5998379999999912
0
LINE
8
BLACK
6
CONTINUOUS
10
90.1637229999999903
20
-108.5998379999999912
11
90.3541989999999942
21
-108.5045999999999964
0
LINE
8
BLACK
6
CONTINUOUS
10
90.3541989999999942
20
-108.5045999999999964
11
90.449436999999989
21
-108.4093609999999899
0
LINE
8
BLACK
6
CONTINUOUS
10
90.449436999999989
20
-108.4093609999999899
11
90.544674999999998
21
-108.2188850000000002
0
LINE
8
BLACK
6
CONTINUOUS
10
90.544674999999998
20
-108.2188850000000002
11
90.544674999999998
21
-107.7426949999999977
0
LINE
8
BLACK
6
CONTINUOUS
10
90.544674999999998
20
-107.7426949999999977
11
90.449436999999989
21
-107.5522189999999938
0
LINE
8
BLACK
6
CONTINUOUS
10
90.449436999999989
20
-107.5522189999999938
11
90.3541989999999942
21
-107.4569800000000015
0
LINE
8
BLACK
6
CONTINUOUS
10
90.3541989999999942
20
-107.4569800000000015
11
90.1637229999999903
21
-107.3617419999999925
0
LINE
8
BLACK
6
CONTINUOUS
10
90.1637229999999903
20
-107.3617419999999925
11
89.7827699999999993
21
-107.3617419999999925
0
LINE
8
BLACK
6
CONTINUOUS
10
89.7827699999999993
20
-107.3617419999999925
11
89.5922939999999954
21
-107.4569800000000015
0
LINE
8
BLACK
6
CONTINUOUS
10
89.5922939999999954
20
-107.4569800000000015
11
89.4970560000000006
21
-107.5522189999999938
0
LINE
8
BLACK
6
CONTINUOUS
10
89.4970560000000006
20
-107.5522189999999938
11
89.4018179999999916
21
-107.7426949999999977
0
LINE
8
BLACK
6
CONTINUOUS
10
91.7827699999999993
20
-106.5998379999999912
11
91.9732470000000006
21
-106.5998379999999912
0
LINE
8
BLACK
6
CONTINUOUS
10
91.9732470000000006
20
-106.5998379999999912
11
92.1637229999999903
21
-106.6950760000000002
0
LINE
8
BLACK
6
CONTINUOUS
10
92.1637229999999903
20
-106.6950760000000002
11
92.2589609999999993
21
-106.7903139999999951
0
LINE
8
BLACK
6
CONTINUOUS
10
92.2589609999999993
20
-106.7903139999999951
11
92.3541989999999942
21
-106.9807899999999989
0
LINE
8
BLACK
6
CONTINUOUS
10
92.3541989999999942
20
-106.9807899999999989
11
92.449436999999989
21
-107.3617419999999925
0
LINE
8
BLACK
6
CONTINUOUS
10
92.449436999999989
20
-107.3617419999999925
11
92.449436999999989
21
-107.8379329999999925
0
LINE
8
BLACK
6
CONTINUOUS
10
92.449436999999989
20
-107.8379329999999925
11
92.3541989999999942
21
-108.2188850000000002
0
LINE
8
BLACK
6
CONTINUOUS
10
92.3541989999999942
20
-108.2188850000000002
11
92.2589609999999993
21
-108.4093609999999899
0
LINE
8
BLACK
6
CONTINUOUS
10
92.2589609999999993
20
-108.4093609999999899
11
92.1637229999999903
21
-108.5045999999999964
0
LINE
8
BLACK
6
CONTINUOUS
10
92.1637229999999903
20
-108.5045999999999964
11
91.9732470000000006
21
-108.5998379999999912
0
LINE
8
BLACK
6
CONTINUOUS
10
91.9732470000000006
20
-108.5998379999999912
11
91.7827699999999993
21
-108.5998379999999912
0
LINE
8
BLACK
6
CONTINUOUS
10
91.7827699999999993
20
-108.5998379999999912
11
91.5922939999999954
21
-108.5045999999999964
0
LINE
8
BLACK
6
CONTINUOUS
10
91.5922939999999954
20
-108.5045999999999964
11
91.4970560000000006
21
-108.4093609999999899
0
LINE
8
BLACK
6
CONTINUOUS
10
91.4970560000000006
20
-108.4093609999999899
11
91.4018179999999916
21
-108.2188850000000002
0
LINE
8
BLACK
6
CONTINUOUS
10
91.4018179999999916
20
-108.2188850000000002
11
91.3065799999999967
21
-107.8379329999999925
0
LINE
8
BLACK
6
CONTINUOUS
10
91.3065799999999967
20
-107.8379329999999925
11
91.3065799999999967
21
-107.3617419999999925
0
LINE
8
BLACK
6
CONTINUOUS
10
91.3065799999999967
20
-107.3617419999999925
11
91.4018179999999916
21
-106.9807899999999989
0
LINE
8
BLACK
6
CONTINUOUS
10
91.4018179999999916
20
-106.9807899999999989
11
91.4970560000000006
21
-106.7903139999999951
0
LINE
8
BLACK
6
CONTINUOUS
10
91.4970560000000006
20
-106.7903139999999951
11
91.5922939999999954
21
-106.6950760000000002
0
LINE
8
BLACK
6
CONTINUOUS
10
91.5922939999999954
20
-106.6950760000000002
11
91.7827699999999993
21
-106.5998379999999912
0
LINE
8
BLACK
6
CONTINUOUS
10
93.2113420000000019
20
-106.5998379999999912
11
93.2113420000000019
21
-106.9807899999999989
0
LINE
8
BLACK
6
CONTINUOUS
10
93.9732470000000006
20
-106.5998379999999912
11
93.9732470000000006
21
-106.9807899999999989
0
LINE
8
BLACK
6
CONTINUOUS
10
96.9256290000000007
20
-109.3617419999999925
11
96.8303899999999942
21
-109.2665039999999976
0
LINE
8
BLACK
6
CONTINUOUS
10
96.8303899999999942
20
-109.2665039999999976
11
96.6399139999999903
21
-108.9807899999999989
0
LINE
8
BLACK
6
CONTINUOUS
10
96.6399139999999903
20
-108.9807899999999989
11
96.5446759999999955
21
-108.7903139999999951
0
LINE
8
BLACK
6
CONTINUOUS
10
96.5446759999999955
20
-108.7903139999999951
11
96.4494380000000007
21
-108.5045999999999964
0
LINE
8
BLACK
6
CONTINUOUS
10
96.4494380000000007
20
-108.5045999999999964
11
96.3541999999999916
21
-108.0284089999999964
0
LINE
8
BLACK
6
CONTINUOUS
10
96.3541999999999916
20
-108.0284089999999964
11
96.3541999999999916
21
-107.6474569999999886
0
LINE
8
BLACK
6
CONTINUOUS
10
96.3541999999999916
20
-107.6474569999999886
11
96.4494380000000007
21
-107.1712659999999886
0
LINE
8
BLACK
6
CONTINUOUS
10
96.4494380000000007
20
-107.1712659999999886
11
96.5446759999999955
21
-106.8855519999999899
0
LINE
8
BLACK
6
CONTINUOUS
10
96.5446759999999955
20
-106.8855519999999899
11
96.6399139999999903
21
-106.6950760000000002
0
LINE
8
BLACK
6
CONTINUOUS
10
96.6399139999999903
20
-106.6950760000000002
11
96.8303899999999942
21
-106.4093609999999899
0
LINE
8
BLACK
6
CONTINUOUS
10
96.8303899999999942
20
-106.4093609999999899
11
96.9256290000000007
21
-106.314122999999995
0
LINE
8
BLACK
6
CONTINUOUS
10
98.5446759999999955
20
-107.2665039999999976
11
98.5446759999999955
21
-108.5998379999999912
0
LINE
8
BLACK
6
CONTINUOUS
10
98.0684849999999955
20
-106.5045999999999964
11
97.5922949999999929
21
-107.9331710000000015
0
LINE
8
BLACK
6
CONTINUOUS
10
97.5922949999999929
20
-107.9331710000000015
11
98.8303899999999942
21
-107.9331710000000015
0
LINE
8
BLACK
6
CONTINUOUS
10
101.1161049999999904
20
-108.5998379999999912
11
101.1161049999999904
21
-106.5998379999999912
0
LINE
8
BLACK
6
CONTINUOUS
10
101.9732479999999981
20
-108.5998379999999912
11
101.9732479999999981
21
-107.5522189999999938
0
LINE
8
BLACK
6
CONTINUOUS
10
101.9732479999999981
20
-107.5522189999999938
11
101.8780099999999891
21
-107.3617419999999925
0
LINE
8
BLACK
6
CONTINUOUS
10
101.8780099999999891
20
-107.3617419999999925
11
101.6875339999999994
21
-107.2665039999999976
0
LINE
8
BLACK
6
CONTINUOUS
10
101.6875339999999994
20
-107.2665039999999976
11
101.401818999999989
21
-107.2665039999999976
0
LINE
8
BLACK
6
CONTINUOUS
10
101.401818999999989
20
-107.2665039999999976
11
101.2113429999999994
21
-107.3617419999999925
0
LINE
8
BLACK
6
CONTINUOUS
10
101.2113429999999994
20
-107.3617419999999925
11
101.1161049999999904
21
-107.4569800000000015
0
LINE
8
BLACK
6
CONTINUOUS
10
103.2113429999999994
20
-108.5998379999999912
11
103.0208669999999955
21
-108.5045999999999964
0
LINE
8
BLACK
6
CONTINUOUS
10
103.0208669999999955
20
-108.5045999999999964
11
102.9256290000000007
21
-108.4093609999999899
0
LINE
8
BLACK
6
CONTINUOUS
10
102.9256290000000007
20
-108.4093609999999899
11
102.8303909999999917
21
-108.2188850000000002
0
LINE
8
BLACK
6
CONTINUOUS
10
102.8303909999999917
20
-108.2188850000000002
11
102.8303909999999917
21
-107.6474569999999886
0
LINE
8
BLACK
6
CONTINUOUS
10
102.8303909999999917
20
-107.6474569999999886
11
102.9256290000000007
21
-107.4569800000000015
0
LINE
8
BLACK
6
CONTINUOUS
10
102.9256290000000007
20
-107.4569800000000015
11
103.0208669999999955
21
-107.3617419999999925
0
LINE
8
BLACK
6
CONTINUOUS
10
103.0208669999999955
20
-107.3617419999999925
11
103.2113429999999994
21
-107.2665039999999976
0
LINE
8
BLACK
6
CONTINUOUS
10
103.2113429999999994
20
-107.2665039999999976
11
103.4970579999999956
21
-107.2665039999999976
0
LINE
8
BLACK
6
CONTINUOUS
10
103.4970579999999956
20
-107.2665039999999976
11
103.6875339999999994
21
-107.3617419999999925
0
LINE
8
BLACK
6
CONTINUOUS
10
103.6875339999999994
20
-107.3617419999999925
11
103.7827719999999943
21
-107.4569800000000015
0
LINE
8
BLACK
6
CONTINUOUS
10
103.7827719999999943
20
-107.4569800000000015
11
103.8780099999999891
21
-107.6474569999999886
0
LINE
8
BLACK
6
CONTINUOUS
10
103.8780099999999891
20
-107.6474569999999886
11
103.8780099999999891
21
-108.2188850000000002
0
LINE
8
BLACK
6
CONTINUOUS
10
103.8780099999999891
20
-108.2188850000000002
11
103.7827719999999943
21
-108.4093609999999899
0
LINE
8
BLACK
6
CONTINUOUS
10
103.7827719999999943
20
-108.4093609999999899
11
103.6875339999999994
21
-108.5045999999999964
0
LINE
8
BLACK
6
CONTINUOUS
10
103.6875339999999994
20
-108.5045999999999964
11
103.4970579999999956
21
-108.5998379999999912
0
LINE
8
BLACK
6
CONTINUOUS
10
103.4970579999999956
20
-108.5998379999999912
11
103.2113429999999994
21
-108.5998379999999912
0
LINE
8
BLACK
6
CONTINUOUS
10
105.0208669999999955
20
-108.5998379999999912
11
104.8303909999999917
21
-108.5045999999999964
0
LINE
8
BLACK
6
CONTINUOUS
10
104.8303909999999917
20
-108.5045999999999964
11
104.7351529999999968
21
-108.314122999999995
0
LINE
8
BLACK
6
CONTINUOUS
10
104.7351529999999968
20
-108.314122999999995
11
104.7351529999999968
21
-106.5998379999999912
0
LINE
8
BLACK
6
CONTINUOUS
10
106.544676999999993
20
-108.5045999999999964
11
106.3542009999999891
21
-108.5998379999999912
0
LINE
8
BLACK
6
CONTINUOUS
10
106.3542009999999891
20
-108.5998379999999912
11
105.9732479999999981
21
-108.5998379999999912
0
LINE
8
BLACK
6
CONTINUOUS
10
105.9732479999999981
20
-108.5998379999999912
11
105.7827719999999943
21
-108.5045999999999964
0
LINE
8
BLACK
6
CONTINUOUS
10
105.7827719999999943
20
-108.5045999999999964
11
105.6875339999999994
21
-108.314122999999995
0
LINE
8
BLACK
6
CONTINUOUS
10
105.6875339999999994
20
-108.314122999999995
11
105.6875339999999994
21
-107.5522189999999938
0
LINE
8
BLACK
6
CONTINUOUS
10
105.6875339999999994
20
-107.5522189999999938
11
105.7827719999999943
21
-107.3617419999999925
0
LINE
8
BLACK
6
CONTINUOUS
10
105.7827719999999943
20
-107.3617419999999925
11
105.9732479999999981
21
-107.2665039999999976
0
LINE
8
BLACK
6
CONTINUOUS
10
105.9732479999999981
20
-107.2665039999999976
11
106.3542009999999891
21
-107.2665039999999976
0
LINE
8
BLACK
6
CONTINUOUS
10
106.3542009999999891
20
-107.2665039999999976
11
106.544676999999993
21
-107.3617419999999925
0
LINE
8
BLACK
6
CONTINUOUS
10
106.544676999999993
20
-107.3617419999999925
11
106.639915000000002
21
-107.5522189999999938
0
LINE
8
BLACK
6
CONTINUOUS
10
106.639915000000002
20
-107.5522189999999938
11
106.639915000000002
21
-107.7426949999999977
0
LINE
8
BLACK
6
CONTINUOUS
10
106.639915000000002
20
-107.7426949999999977
11
105.6875339999999994
21
-107.9331710000000015
0
LINE
8
BLACK
6
CONTINUOUS
10
107.4018200000000007
20
-108.5045999999999964
11
107.5922959999999904
21
-108.5998379999999912
0
LINE
8
BLACK
6
CONTINUOUS
10
107.5922959999999904
20
-108.5998379999999912
11
107.9732479999999981
21
-108.5998379999999912
0
LINE
8
BLACK
6
CONTINUOUS
10
107.9732479999999981
20
-108.5998379999999912
11
108.1637249999999995
21
-108.5045999999999964
0
LINE
8
BLACK
6
CONTINUOUS
10
108.1637249999999995
20
-108.5045999999999964
11
108.2589629999999943
21
-108.314122999999995
0
LINE
8
BLACK
6
CONTINUOUS
10
108.2589629999999943
20
-108.314122999999995
11
108.2589629999999943
21
-108.2188850000000002
0
LINE
8
BLACK
6
CONTINUOUS
10
108.2589629999999943
20
-108.2188850000000002
11
108.1637249999999995
21
-108.0284089999999964
0
LINE
8
BLACK
6
CONTINUOUS
10
108.1637249999999995
20
-108.0284089999999964
11
107.9732479999999981
21
-107.9331710000000015
0
LINE
8
BLACK
6
CONTINUOUS
10
107.9732479999999981
20
-107.9331710000000015
11
107.6875339999999994
21
-107.9331710000000015
0
LINE
8
BLACK
6
CONTINUOUS
10
107.6875339999999994
20
-107.9331710000000015
11
107.4970579999999956
21
-107.8379329999999925
0
LINE
8
BLACK
6
CONTINUOUS
10
107.4970579999999956
20
-107.8379329999999925
11
107.4018200000000007
21
-107.6474569999999886
0
LINE
8
BLACK
6
CONTINUOUS
10
107.4018200000000007
20
-107.6474569999999886
11
107.4018200000000007
21
-107.5522189999999938
0
LINE
8
BLACK
6
CONTINUOUS
10
107.4018200000000007
20
-107.5522189999999938
11
107.4970579999999956
21
-107.3617419999999925
0
LINE
8
BLACK
6
CONTINUOUS
10
107.4970579999999956
20
-107.3617419999999925
11
107.6875339999999994
21
-107.2665039999999976
0
LINE
8
BLACK
6
CONTINUOUS
10
107.6875339999999994
20
-107.2665039999999976
11
107.9732479999999981
21
-107.2665039999999976
0
LINE
8
BLACK
6
CONTINUOUS
10
107.9732479999999981
20
-107.2665039999999976
11
108.1637249999999995
21
-107.3617419999999925
0
LINE
8
BLACK
6
CONTINUOUS
10
108.9256299999999982
20
-109.3617419999999925
11
109.020867999999993
21
-109.2665039999999976
0
LINE
8
BLACK
6
CONTINUOUS
10
109.020867999999993
20
-109.2665039999999976
11
109.2113439999999969
21
-108.9807899999999989
0
LINE
8
BLACK
6
CONTINUOUS
10
109.2113439999999969
20
-108.9807899999999989
11
109.3065819999999917
21
-108.7903139999999951
0
LINE
8
BLACK
6
CONTINUOUS
10
109.3065819999999917
20
-108.7903139999999951
11
109.4018200000000007
21
-108.5045999999999964
0
LINE
8
BLACK
6
CONTINUOUS
10
109.4018200000000007
20
-108.5045999999999964
11
109.4970579999999956
21
-108.0284089999999964
0
LINE
8
BLACK
6
CONTINUOUS
10
109.4970579999999956
20
-108.0284089999999964
11
109.4970579999999956
21
-107.6474569999999886
0
LINE
8
BLACK
6
CONTINUOUS
10
109.4970579999999956
20
-107.6474569999999886
11
109.4018200000000007
21
-107.1712659999999886
0
LINE
8
BLACK
6
CONTINUOUS
10
109.4018200000000007
20
-107.1712659999999886
11
109.3065819999999917
21
-106.8855519999999899
0
LINE
8
BLACK
6
CONTINUOUS
10
109.3065819999999917
20
-106.8855519999999899
11
109.2113439999999969
21
-106.6950760000000002
0
LINE
8
BLACK
6
CONTINUOUS
10
109.2113439999999969
20
-106.6950760000000002
11
109.020867999999993
21
-106.4093609999999899
0
LINE
8
BLACK
6
CONTINUOUS
10
109.020867999999993
20
-106.4093609999999899
11
108.9256299999999982
21
-106.314122999999995
0
LINE
8
BLACK
6
CONTINUOUS
10
112.5446779999999904
20
-109.3617419999999925
11
112.4494389999999981
21
-109.2665039999999976
0
LINE
8
BLACK
6
CONTINUOUS
10
112.4494389999999981
20
-109.2665039999999976
11
112.2589629999999943
21
-108.9807899999999989
0
LINE
8
BLACK
6
CONTINUOUS
10
112.2589629999999943
20
-108.9807899999999989
11
112.1637249999999995
21
-108.7903139999999951
0
LINE
8
BLACK
6
CONTINUOUS
10
112.1637249999999995
20
-108.7903139999999951
11
112.0684869999999904
21
-108.5045999999999964
0
LINE
8
BLACK
6
CONTINUOUS
10
112.0684869999999904
20
-108.5045999999999964
11
111.9732489999999956
21
-108.0284089999999964
0
LINE
8
BLACK
6
CONTINUOUS
10
111.9732489999999956
20
-108.0284089999999964
11
111.9732489999999956
21
-107.6474569999999886
0
LINE
8
BLACK
6
CONTINUOUS
10
111.9732489999999956
20
-107.6474569999999886
11
112.0684869999999904
21
-107.1712659999999886
0
LINE
8
BLACK
6
CONTINUOUS
10
112.0684869999999904
20
-107.1712659999999886
11
112.1637249999999995
21
-106.8855519999999899
0
LINE
8
BLACK
6
CONTINUOUS
10
112.1637249999999995
20
-106.8855519999999899
11
112.2589629999999943
21
-106.6950760000000002
0
LINE
8
BLACK
6
CONTINUOUS
10
112.2589629999999943
20
-106.6950760000000002
11
112.4494389999999981
21
-106.4093609999999899
0
LINE
8
BLACK
6
CONTINUOUS
10
112.4494389999999981
20
-106.4093609999999899
11
112.5446779999999904
21
-106.314122999999995
0
LINE
8
BLACK
6
CONTINUOUS
10
113.3065819999999917
20
-107.2665039999999976
11
113.3065819999999917
21
-108.5998379999999912
0
LINE
8
BLACK
6
CONTINUOUS
10
113.3065819999999917
20
-107.4569800000000015
11
113.4018200000000007
21
-107.3617419999999925
0
LINE
8
BLACK
6
CONTINUOUS
10
113.4018200000000007
20
-107.3617419999999925
11
113.5922959999999904
21
-107.2665039999999976
0
LINE
8
BLACK
6
CONTINUOUS
10
113.5922959999999904
20
-107.2665039999999976
11
113.8780110000000008
21
-107.2665039999999976
0
LINE
8
BLACK
6
CONTINUOUS
10
113.8780110000000008
20
-107.2665039999999976
11
114.0684869999999904
21
-107.3617419999999925
0
LINE
8
BLACK
6
CONTINUOUS
10
114.0684869999999904
20
-107.3617419999999925
11
114.1637249999999995
21
-107.5522189999999938
0
LINE
8
BLACK
6
CONTINUOUS
10
114.1637249999999995
20
-107.5522189999999938
11
114.1637249999999995
21
-108.5998379999999912
0
LINE
8
BLACK
6
CONTINUOUS
10
115.4018200000000007
20
-108.5998379999999912
11
115.2113439999999969
21
-108.5045999999999964
0
LINE
8
BLACK
6
CONTINUOUS
10
115.2113439999999969
20
-108.5045999999999964
11
115.1161059999999878
21
-108.4093609999999899
0
LINE
8
BLACK
6
CONTINUOUS
10
115.1161059999999878
20
-108.4093609999999899
11
115.020867999999993
21
-108.2188850000000002
0
LINE
8
BLACK
6
CONTINUOUS
10
115.020867999999993
20
-108.2188850000000002
11
115.020867999999993
21
-107.6474569999999886
0
LINE
8
BLACK
6
CONTINUOUS
10
115.020867999999993
20
-107.6474569999999886
11
115.1161059999999878
21
-107.4569800000000015
0
LINE
8
BLACK
6
CONTINUOUS
10
115.1161059999999878
20
-107.4569800000000015
11
115.2113439999999969
21
-107.3617419999999925
0
LINE
8
BLACK
6
CONTINUOUS
10
115.2113439999999969
20
-107.3617419999999925
11
115.4018200000000007
21
-107.2665039999999976
0
LINE
8
BLACK
6
CONTINUOUS
10
115.4018200000000007
20
-107.2665039999999976
11
115.6875349999999969
21
-107.2665039999999976
0
LINE
8
BLACK
6
CONTINUOUS
10
115.6875349999999969
20
-107.2665039999999976
11
115.8780110000000008
21
-107.3617419999999925
0
LINE
8
BLACK
6
CONTINUOUS
10
115.8780110000000008
20
-107.3617419999999925
11
115.9732489999999956
21
-107.4569800000000015
0
LINE
8
BLACK
6
CONTINUOUS
10
115.9732489999999956
20
-107.4569800000000015
11
116.0684869999999904
21
-107.6474569999999886
0
LINE
8
BLACK
6
CONTINUOUS
10
116.0684869999999904
20
-107.6474569999999886
11
116.0684869999999904
21
-108.2188850000000002
0
LINE
8
BLACK
6
CONTINUOUS
10
116.0684869999999904
20
-108.2188850000000002
11
115.9732489999999956
21
-108.4093609999999899
0
LINE
8
BLACK
6
CONTINUOUS
10
115.9732489999999956
20
-108.4093609999999899
11
115.8780110000000008
21
-108.5045999999999964
0
LINE
8
BLACK
6
CONTINUOUS
10
115.8780110000000008
20
-108.5045999999999964
11
115.6875349999999969
21
-108.5998379999999912
0
LINE
8
BLACK
6
CONTINUOUS
10
115.6875349999999969
20
-108.5998379999999912
11
115.4018200000000007
21
-108.5998379999999912
0
LINE
8
BLACK
6
CONTINUOUS
10
116.6399159999999995
20
-107.2665039999999976
11
117.4018200000000007
21
-107.2665039999999976
0
LINE
8
BLACK
6
CONTINUOUS
10
116.9256299999999982
20
-106.5998379999999912
11
116.9256299999999982
21
-108.314122999999995
0
LINE
8
BLACK
6
CONTINUOUS
10
116.9256299999999982
20
-108.314122999999995
11
117.020867999999993
21
-108.5045999999999964
0
LINE
8
BLACK
6
CONTINUOUS
10
117.020867999999993
20
-108.5045999999999964
11
117.2113439999999969
21
-108.5998379999999912
0
LINE
8
BLACK
6
CONTINUOUS
10
117.2113439999999969
20
-108.5998379999999912
11
117.4018200000000007
21
-108.5998379999999912
0
LINE
8
BLACK
6
CONTINUOUS
10
119.5922969999999879
20
-107.2665039999999976
11
119.5922969999999879
21
-109.2665039999999976
0
LINE
8
BLACK
6
CONTINUOUS
10
119.5922969999999879
20
-107.3617419999999925
11
119.7827729999999917
21
-107.2665039999999976
0
LINE
8
BLACK
6
CONTINUOUS
10
119.7827729999999917
20
-107.2665039999999976
11
120.1637259999999969
21
-107.2665039999999976
0
LINE
8
BLACK
6
CONTINUOUS
10
120.1637259999999969
20
-107.2665039999999976
11
120.3542020000000008
21
-107.3617419999999925
0
LINE
8
BLACK
6
CONTINUOUS
10
120.3542020000000008
20
-107.3617419999999925
11
120.4494399999999956
21
-107.4569800000000015
0
LINE
8
BLACK
6
CONTINUOUS
10
120.4494399999999956
20
-107.4569800000000015
11
120.5446779999999904
21
-107.6474569999999886
0
LINE
8
BLACK
6
CONTINUOUS
10
120.5446779999999904
20
-107.6474569999999886
11
120.5446779999999904
21
-108.2188850000000002
0
LINE
8
BLACK
6
CONTINUOUS
10
120.5446779999999904
20
-108.2188850000000002
11
120.4494399999999956
21
-108.4093609999999899
0
LINE
8
BLACK
6
CONTINUOUS
10
120.4494399999999956
20
-108.4093609999999899
11
120.3542020000000008
21
-108.5045999999999964
0
LINE
8
BLACK
6
CONTINUOUS
10
120.3542020000000008
20
-108.5045999999999964
11
120.1637259999999969
21
-108.5998379999999912
0
LINE
8
BLACK
6
CONTINUOUS
10
120.1637259999999969
20
-108.5998379999999912
11
119.7827729999999917
21
-108.5998379999999912
0
LINE
8
BLACK
6
CONTINUOUS
10
119.7827729999999917
20
-108.5998379999999912
11
119.5922969999999879
21
-108.5045999999999964
0
LINE
8
BLACK
6
CONTINUOUS
10
121.6875349999999969
20
-108.5998379999999912
11
121.497058999999993
21
-108.5045999999999964
0
LINE
8
BLACK
6
CONTINUOUS
10
121.497058999999993
20
-108.5045999999999964
11
121.4018209999999982
21
-108.314122999999995
0
LINE
8
BLACK
6
CONTINUOUS
10
121.4018209999999982
20
-108.314122999999995
11
121.4018209999999982
21
-106.5998379999999912
0
LINE
8
BLACK
6
CONTINUOUS
10
123.3065829999999892
20
-108.5998379999999912
11
123.3065829999999892
21
-107.5522189999999938
0
LINE
8
BLACK
6
CONTINUOUS
10
123.3065829999999892
20
-107.5522189999999938
11
123.2113449999999943
21
-107.3617419999999925
0
LINE
8
BLACK
6
CONTINUOUS
10
123.2113449999999943
20
-107.3617419999999925
11
123.0208689999999905
21
-107.2665039999999976
0
LINE
8
BLACK
6
CONTINUOUS
10
123.0208689999999905
20
-107.2665039999999976
11
122.6399159999999995
21
-107.2665039999999976
0
LINE
8
BLACK
6
CONTINUOUS
10
122.6399159999999995
20
-107.2665039999999976
11
122.4494399999999956
21
-107.3617419999999925
0
LINE
8
BLACK
6
CONTINUOUS
10
123.3065829999999892
20
-108.5045999999999964
11
123.1161069999999995
21
-108.5998379999999912
0
LINE
8
BLACK
6
CONTINUOUS
10
123.1161069999999995
20
-108.5998379999999912
11
122.6399159999999995
21
-108.5998379999999912
0
LINE
8
BLACK
6
CONTINUOUS
10
122.6399159999999995
20
-108.5998379999999912
11
122.4494399999999956
21
-108.5045999999999964
0
LINE
8
BLACK
6
CONTINUOUS
10
122.4494399999999956
20
-108.5045999999999964
11
122.3542020000000008
21
-108.314122999999995
0
LINE
8
BLACK
6
CONTINUOUS
10
122.3542020000000008
20
-108.314122999999995
11
122.3542020000000008
21
-108.1236469999999912
0
LINE
8
BLACK
6
CONTINUOUS
10
122.3542020000000008
20
-108.1236469999999912
11
122.4494399999999956
21
-107.9331710000000015
0
LINE
8
BLACK
6
CONTINUOUS
10
122.4494399999999956
20
-107.9331710000000015
11
122.6399159999999995
21
-107.8379329999999925
0
LINE
8
BLACK
6
CONTINUOUS
10
122.6399159999999995
20
-107.8379329999999925
11
123.1161069999999995
21
-107.8379329999999925
0
LINE
8
BLACK
6
CONTINUOUS
10
123.1161069999999995
20
-107.8379329999999925
11
123.3065829999999892
21
-107.7426949999999977
0
LINE
8
BLACK
6
CONTINUOUS
10
123.9732499999999931
20
-107.2665039999999976
11
124.7351539999999943
21
-107.2665039999999976
0
LINE
8
BLACK
6
CONTINUOUS
10
124.2589639999999918
20
-106.5998379999999912
11
124.2589639999999918
21
-108.314122999999995
0
LINE
8
BLACK
6
CONTINUOUS
10
124.2589639999999918
20
-108.314122999999995
11
124.3542020000000008
21
-108.5045999999999964
0
LINE
8
BLACK
6
CONTINUOUS
10
124.3542020000000008
20
-108.5045999999999964
11
124.5446779999999904
21
-108.5998379999999912
0
LINE
8
BLACK
6
CONTINUOUS
10
124.5446779999999904
20
-108.5998379999999912
11
124.7351539999999943
21
-108.5998379999999912
0
LINE
8
BLACK
6
CONTINUOUS
10
126.1637259999999969
20
-108.5045999999999964
11
125.9732499999999931
21
-108.5998379999999912
0
LINE
8
BLACK
6
CONTINUOUS
10
125.9732499999999931
20
-108.5998379999999912
11
125.5922969999999879
21
-108.5998379999999912
0
LINE
8
BLACK
6
CONTINUOUS
10
125.5922969999999879
20
-108.5998379999999912
11
125.4018209999999982
21
-108.5045999999999964
0
LINE
8
BLACK
6
CONTINUOUS
10
125.4018209999999982
20
-108.5045999999999964
11
125.3065829999999892
21
-108.314122999999995
0
LINE
8
BLACK
6
CONTINUOUS
10
125.3065829999999892
20
-108.314122999999995
11
125.3065829999999892
21
-107.5522189999999938
0
LINE
8
BLACK
6
CONTINUOUS
10
125.3065829999999892
20
-107.5522189999999938
11
125.4018209999999982
21
-107.3617419999999925
0
LINE
8
BLACK
6
CONTINUOUS
10
125.4018209999999982
20
-107.3617419999999925
11
125.5922969999999879
21
-107.2665039999999976
0
LINE
8
BLACK
6
CONTINUOUS
10
125.5922969999999879
20
-107.2665039999999976
11
125.9732499999999931
21
-107.2665039999999976
0
LINE
8
BLACK
6
CONTINUOUS
10
125.9732499999999931
20
-107.2665039999999976
11
126.1637259999999969
21
-107.3617419999999925
0
LINE
8
BLACK
6
CONTINUOUS
10
126.1637259999999969
20
-107.3617419999999925
11
126.2589639999999918
21
-107.5522189999999938
0
LINE
8
BLACK
6
CONTINUOUS
10
126.2589639999999918
20
-107.5522189999999938
11
126.2589639999999918
21
-107.7426949999999977
0
LINE
8
BLACK
6
CONTINUOUS
10
126.2589639999999918
20
-107.7426949999999977
11
125.3065829999999892
21
-107.9331710000000015
0
LINE
8
BLACK
6
CONTINUOUS
10
127.9732499999999931
20
-108.5998379999999912
11
127.9732499999999931
21
-106.5998379999999912
0
LINE
8
BLACK
6
CONTINUOUS
10
127.9732499999999931
20
-108.5045999999999964
11
127.7827739999999892
21
-108.5998379999999912
0
LINE
8
BLACK
6
CONTINUOUS
10
127.7827739999999892
20
-108.5998379999999912
11
127.4018209999999982
21
-108.5998379999999912
0
LINE
8
BLACK
6
CONTINUOUS
10
127.4018209999999982
20
-108.5998379999999912
11
127.2113449999999943
21
-108.5045999999999964
0
LINE
8
BLACK
6
CONTINUOUS
10
127.2113449999999943
20
-108.5045999999999964
11
127.1161069999999995
21
-108.4093609999999899
0
LINE
8
BLACK
6
CONTINUOUS
10
127.1161069999999995
20
-108.4093609999999899
11
127.0208689999999905
21
-108.2188850000000002
0
LINE
8
BLACK
6
CONTINUOUS
10
127.0208689999999905
20
-108.2188850000000002
11
127.0208689999999905
21
-107.6474569999999886
0
LINE
8
BLACK
6
CONTINUOUS
10
127.0208689999999905
20
-107.6474569999999886
11
127.1161069999999995
21
-107.4569800000000015
0
LINE
8
BLACK
6
CONTINUOUS
10
127.1161069999999995
20
-107.4569800000000015
11
127.2113449999999943
21
-107.3617419999999925
0
LINE
8
BLACK
6
CONTINUOUS
10
127.2113449999999943
20
-107.3617419999999925
11
127.4018209999999982
21
-107.2665039999999976
0
LINE
8
BLACK
6
CONTINUOUS
10
127.4018209999999982
20
-107.2665039999999976
11
127.7827739999999892
21
-107.2665039999999976
0
LINE
8
BLACK
6
CONTINUOUS
10
127.7827739999999892
20
-107.2665039999999976
11
127.9732499999999931
21
-107.3617419999999925
0
LINE
8
BLACK
6
CONTINUOUS
10
128.7351549999999918
20
-109.3617419999999925
11
128.8303929999999866
21
-109.2665039999999976
0
LINE
8
BLACK
6
CONTINUOUS
10
128.8303929999999866
20
-109.2665039999999976
11
129.0208690000000047
21
-108.9807899999999989
0
LINE
8
BLACK
6
CONTINUOUS
10
129.0208690000000047
20
-108.9807899999999989
11
129.1161069999999995
21
-108.7903139999999951
0
LINE
8
BLACK
6
CONTINUOUS
10
129.1161069999999995
20
-108.7903139999999951
11
129.2113449999999943
21
-108.5045999999999964
0
LINE
8
BLACK
6
CONTINUOUS
10
129.2113449999999943
20
-108.5045999999999964
11
129.3065829999999892
21
-108.0284089999999964
0
LINE
8
BLACK
6
CONTINUOUS
10
129.3065829999999892
20
-108.0284089999999964
11
129.3065829999999892
21
-107.6474569999999886
0
LINE
8
BLACK
6
CONTINUOUS
10
129.3065829999999892
20
-107.6474569999999886
11
129.2113449999999943
21
-107.1712659999999886
0
LINE
8
BLACK
6
CONTINUOUS
10
129.2113449999999943
20
-107.1712659999999886
11
129.1161069999999995
21
-106.8855519999999899
0
LINE
8
BLACK
6
CONTINUOUS
10
129.1161069999999995
20
-106.8855519999999899
11
129.0208690000000047
21
-106.6950760000000002
0
LINE
8
BLACK
6
CONTINUOUS
10
129.0208690000000047
20
-106.6950760000000002
11
128.8303929999999866
21
-106.4093609999999899
0
LINE
8
BLACK
6
CONTINUOUS
10
128.8303929999999866
20
-106.4093609999999899
11
128.7351549999999918
21
-106.314122999999995
  0
ENDSEC
  0
EOF
