ISO-10303-21;
HEADER;
FILE_DESCRIPTION (( 'STEP AP214' ),
    '1' );
FILE_NAME ('1N4148W-G RH.STEP',
    '2022-02-03T11:57:08',
    ( '' ),
    ( '' ),
    'SwSTEP 2.0',
    'SolidWorks 2017',
    '' );
FILE_SCHEMA (( 'AUTOMOTIVE_DESIGN' ));
ENDSEC;

DATA;
#1 = FACE_OUTER_BOUND ( 'NONE', #49, .T. ) ;
#2 = CARTESIAN_POINT ( 'NONE',  ( -0.7762579355318522900, 1.300000000000000000, -0.7387579355318530900 ) ) ;
#3 = DIRECTION ( 'NONE',  ( -0.0000000000000000000, -0.0000000000000000000, -1.000000000000000000 ) ) ;
#4 = FILL_AREA_STYLE_COLOUR ( '', #84 ) ;
#5 = CARTESIAN_POINT ( 'NONE',  ( -1.749999999999999800, 0.0000000000000000000, 0.3125000000000000000 ) ) ;
#6 =( NAMED_UNIT ( * ) PLANE_ANGLE_UNIT ( ) SI_UNIT ( $, .RADIAN. ) );
#7 = ORIENTED_EDGE ( 'NONE', *, *, #313, .T. ) ;
#8 = ORIENTED_EDGE ( 'NONE', *, *, #572, .F. ) ;
#9 = DIRECTION ( 'NONE',  ( 1.000000000000000000, 0.0000000000000000000, 0.0000000000000000000 ) ) ;
#10 = ORIENTED_EDGE ( 'NONE', *, *, #617, .T. ) ;
#11 = SHAPE_DEFINITION_REPRESENTATION ( #1189, #350 ) ;
#12 = CIRCLE ( 'NONE', #498, 0.2999999999999999300 ) ;
#13 = VECTOR ( 'NONE', #1110, 1000.000000000000000 ) ;
#14 = EDGE_CURVE ( 'NONE', #1301, #83, #132, .T. ) ;
#15 = CARTESIAN_POINT ( 'NONE',  ( 1.322189483882962600, 0.4249999999999999300, 0.3125000000000000000 ) ) ;
#16 =( NAMED_UNIT ( * ) SI_UNIT ( $, .STERADIAN. ) SOLID_ANGLE_UNIT ( ) );
#17 = FACE_OUTER_BOUND ( 'NONE', #466, .T. ) ;
#18 = EDGE_CURVE ( 'NONE', #29, #1043, #607, .T. ) ;
#19 = CARTESIAN_POINT ( 'NONE',  ( 1.337500000000000600, 0.5999999999999999800, 0.8000000000000000400 ) ) ;
#20 = CARTESIAN_POINT ( 'NONE',  ( -0.7762579355318522900, 1.300000000000000000, 0.7387579355318530900 ) ) ;
#21 =( LENGTH_UNIT ( ) NAMED_UNIT ( * ) SI_UNIT ( .MILLI., .METRE. ) );
#22 = AXIS2_PLACEMENT_3D ( 'NONE', #1228, #1449, #872 ) ;
#23 = CYLINDRICAL_SURFACE ( 'NONE', #1455, 0.1249999999999998900 ) ;
#24 = ORIENTED_EDGE ( 'NONE', *, *, #290, .T. ) ;
#25 = CIRCLE ( 'NONE', #295, 0.2999999999999999300 ) ;
#26 = ORIENTED_EDGE ( 'NONE', *, *, #1303, .F. ) ;
#27 = UNCERTAINTY_MEASURE_WITH_UNIT (LENGTH_MEASURE( 1.000000000000000100E-005 ), #1222, 'distance_accuracy_value', 'NONE');
#28 = CARTESIAN_POINT ( 'NONE',  ( -1.375000000000002200, 0.5999999999999995300, 0.3125000000000000000 ) ) ;
#29 = VERTEX_POINT ( 'NONE', #1274 ) ;
#30 = FACE_OUTER_BOUND ( 'NONE', #606, .T. ) ;
#31 = DIRECTION ( 'NONE',  ( -1.000000000000000000, 2.891205793294445100E-015, 0.0000000000000000000 ) ) ;
#32 = ADVANCED_FACE ( 'NONE', ( #793 ), #1272, .T. ) ;
#33 = ORIENTED_EDGE ( 'NONE', *, *, #160, .F. ) ;
#34 = CARTESIAN_POINT ( 'NONE',  ( 1.499999999999999800, 0.3000000000000000400, -0.3125000000000000000 ) ) ;
#35 = DIRECTION ( 'NONE',  ( 0.0000000000000000000, 0.0000000000000000000, -1.000000000000000000 ) ) ;
#36 = EDGE_CURVE ( 'NONE', #1301, #360, #878, .T. ) ;
#37 = AXIS2_PLACEMENT_3D ( 'NONE', #196, #1234, #1225 ) ;
#38 = ADVANCED_FACE ( 'NONE', ( #1424 ), #495, .T. ) ;
#39 = ORIENTED_EDGE ( 'NONE', *, *, #121, .F. ) ;
#40 = DIRECTION ( 'NONE',  ( 0.08715574274765776300, -0.9961946980917456600, 0.0000000000000000000 ) ) ;
#41 = ORIENTED_EDGE ( 'NONE', *, *, #419, .F. ) ;
#42 = VERTEX_POINT ( 'NONE', #1154 ) ;
#43 = ORIENTED_EDGE ( 'NONE', *, *, #18, .T. ) ;
#44 = FILL_AREA_STYLE_COLOUR ( '', #984 ) ;
#45 = VECTOR ( 'NONE', #383, 1000.000000000000000 ) ;
#46 = DIRECTION ( 'NONE',  ( 0.0000000000000000000, -0.08715574274765836000, -0.9961946980917455500 ) ) ;
#47 = LINE ( 'NONE', #1214, #239 ) ;
#48 = PLANE ( 'NONE',  #598 ) ;
#49 = EDGE_LOOP ( 'NONE', ( #877, #327, #836, #334 ) ) ;
#50 = VECTOR ( 'NONE', #475, 1000.000000000000100 ) ;
#51 = DIRECTION ( 'NONE',  ( -0.08715574274765775000, 0.9961946980917455500, 0.0000000000000000000 ) ) ;
#52 = DIRECTION ( 'NONE',  ( 0.0000000000000000000, 0.0000000000000000000, 1.000000000000000000 ) ) ;
#53 = AXIS2_PLACEMENT_3D ( 'NONE', #100, #1099, #552 ) ;
#54 = FILL_AREA_STYLE ('',( #44 ) ) ;
#55 = DIRECTION ( 'NONE',  ( -0.0000000000000000000, -0.0000000000000000000, -1.000000000000000000 ) ) ;
#56 = EDGE_CURVE ( 'NONE', #844, #1019, #1119, .T. ) ;
#57 = ADVANCED_FACE ( 'NONE', ( #267 ), #481, .T. ) ;
#58 = EDGE_CURVE ( 'NONE', #557, #395, #1047, .T. ) ;
#59 = DIRECTION ( 'NONE',  ( 0.0000000000000000000, 0.0000000000000000000, 1.000000000000000000 ) ) ;
#60 = EDGE_LOOP ( 'NONE', ( #1227, #455, #1201, #228 ) ) ;
#61 = LINE ( 'NONE', #1262, #1191 ) ;
#62 = EDGE_LOOP ( 'NONE', ( #1279, #1180, #978, #523 ) ) ;
#63 = CARTESIAN_POINT ( 'NONE',  ( 1.375000000000000000, 0.4249999999999999300, 0.3125000000000000000 ) ) ;
#64 = VECTOR ( 'NONE', #263, 1000.000000000000000 ) ;
#65 = VERTEX_POINT ( 'NONE', #720 ) ;
#66 = ORIENTED_EDGE ( 'NONE', *, *, #994, .F. ) ;
#67 = VECTOR ( 'NONE', #866, 1000.000000000000000 ) ;
#68 = CARTESIAN_POINT ( 'NONE',  ( -0.7762579355318522900, 1.250000000000000000, 0.7387579355318530900 ) ) ;
#69 = AXIS2_PLACEMENT_3D ( 'NONE', #505, #1295, #1065 ) ;
#70 = DIRECTION ( 'NONE',  ( -1.000000000000000000, 0.0000000000000000000, 0.0000000000000000000 ) ) ;
#71 = PLANE ( 'NONE',  #494 ) ;
#72 = VECTOR ( 'NONE', #1290, 1000.000000000000000 ) ;
#73 = AXIS2_PLACEMENT_3D ( 'NONE', #634, #963, #767 ) ;
#74 = DIRECTION ( 'NONE',  ( -0.0000000000000000000, -0.0000000000000000000, -1.000000000000000000 ) ) ;
#75 = CARTESIAN_POINT ( 'NONE',  ( -1.375000000000000000, 0.4249999999999996000, 0.3125000000000000000 ) ) ;
#76 = DIRECTION ( 'NONE',  ( 0.0000000000000000000, 0.0000000000000000000, -1.000000000000000000 ) ) ;
#77 = CARTESIAN_POINT ( 'NONE',  ( -1.276257935531852400, 1.300000000000000000, 0.7387579355318530900 ) ) ;
#78 = DIRECTION ( 'NONE',  ( -0.0000000000000000000, -0.0000000000000000000, -1.000000000000000000 ) ) ;
#79 = ORIENTED_EDGE ( 'NONE', *, *, #36, .T. ) ;
#80 = ORIENTED_EDGE ( 'NONE', *, *, #1377, .F. ) ;
#81 = CARTESIAN_POINT ( 'NONE',  ( 1.800000000000000000, 0.1750000000000000200, -0.3125000000000000000 ) ) ;
#82 = VECTOR ( 'NONE', #856, 1000.000000000000100 ) ;
#83 = VERTEX_POINT ( 'NONE', #1384 ) ;
#84 = COLOUR_RGB ( '',0.7921568627450980000, 0.8196078431372548800, 0.9333333333333333500 ) ;
#85 = FACE_OUTER_BOUND ( 'NONE', #62, .T. ) ;
#86 = PLANE ( 'NONE',  #276 ) ;
#87 = CARTESIAN_POINT ( 'NONE',  ( 0.0000000000000000000, 1.300000000000000000, 0.7387579355318532000 ) ) ;
#88 = VECTOR ( 'NONE', #283, 1000.000000000000000 ) ;
#89 = ORIENTED_EDGE ( 'NONE', *, *, #662, .F. ) ;
#90 = DIRECTION ( 'NONE',  ( -0.0000000000000000000, -0.0000000000000000000, -1.000000000000000000 ) ) ;
#91 = VECTOR ( 'NONE', #1314, 1000.000000000000000 ) ;
#92 = VECTOR ( 'NONE', #90, 1000.000000000000000 ) ;
#93 = DIRECTION ( 'NONE',  ( 1.000000000000000000, -0.0000000000000000000, -0.0000000000000000000 ) ) ;
#94 = EDGE_CURVE ( 'NONE', #300, #608, #762, .T. ) ;
#95 = AXIS2_PLACEMENT_3D ( 'NONE', #959, #279, #837 ) ;
#96 = CARTESIAN_POINT ( 'NONE',  ( 1.276257935531853700, 1.300000000000000000, 0.7387579355318530900 ) ) ;
#97 = CARTESIAN_POINT ( 'NONE',  ( -0.7762579355318522900, 1.300000000000000000, 0.7387579355318530900 ) ) ;
#98 = CARTESIAN_POINT ( 'NONE',  ( -0.7762579355318522900, 1.300000000000000000, 0.7387579355318530900 ) ) ;
#99 = ORIENTED_EDGE ( 'NONE', *, *, #518, .T. ) ;
#100 = CARTESIAN_POINT ( 'NONE',  ( -1.800000000000000000, 0.1750000000000000200, 0.3125000000000000000 ) ) ;
#101 = CARTESIAN_POINT ( 'NONE',  ( 1.674999999999999800, 0.2500000000000004400, 0.3125000000000000000 ) ) ;
#102 = LINE ( 'NONE', #157, #961 ) ;
#103 = ORIENTED_EDGE ( 'NONE', *, *, #1451, .T. ) ;
#104 = VERTEX_POINT ( 'NONE', #366 ) ;
#105 = VECTOR ( 'NONE', #1079, 1000.000000000000000 ) ;
#106 = PLANE ( 'NONE',  #950 ) ;
#107 = ORIENTED_EDGE ( 'NONE', *, *, #235, .T. ) ;
#108 = PRESENTATION_STYLE_ASSIGNMENT (( #1206 ) ) ;
#109 = VERTEX_POINT ( 'NONE', #34 ) ;
#110 = CARTESIAN_POINT ( 'NONE',  ( -0.7762579355318522900, 1.250000000000000000, 0.7387579355318530900 ) ) ;
#111 = CARTESIAN_POINT ( 'NONE',  ( -1.800000000000000000, 0.1750000000000000200, -0.3125000000000000000 ) ) ;
#112 = LINE ( 'NONE', #1330, #917 ) ;
#113 = CARTESIAN_POINT ( 'NONE',  ( 1.674999999999999800, 0.3000000000000001000, 0.3125000000000000000 ) ) ;
#114 = CARTESIAN_POINT ( 'NONE',  ( 1.750000000000000000, 0.2500000000000000000, -0.3125000000000000000 ) ) ;
#115 = CARTESIAN_POINT ( 'NONE',  ( -0.7762579355318522900, 1.300000000000000000, 0.7387579355318530900 ) ) ;
#116 = DIRECTION ( 'NONE',  ( 0.0000000000000000000, -1.000000000000000000, 0.0000000000000000000 ) ) ;
#117 = ORIENTED_EDGE ( 'NONE', *, *, #550, .T. ) ;
#118 = ORIENTED_EDGE ( 'NONE', *, *, #779, .T. ) ;
#119 = ORIENTED_EDGE ( 'NONE', *, *, #282, .F. ) ;
#120 = ORIENTED_EDGE ( 'NONE', *, *, #389, .F. ) ;
#121 = EDGE_CURVE ( 'NONE', #685, #1043, #981, .T. ) ;
#122 = LINE ( 'NONE', #1416, #415 ) ;
#123 = CARTESIAN_POINT ( 'NONE',  ( -1.375000000000002200, 0.5999999999999995300, -0.3125000000000000000 ) ) ;
#124 = LINE ( 'NONE', #1117, #380 ) ;
#125 = VERTEX_POINT ( 'NONE', #1052 ) ;
#126 = LINE ( 'NONE', #303, #1362 ) ;
#127 = CARTESIAN_POINT ( 'NONE',  ( -1.375000000000000000, 0.2999999999999996600, 0.3125000000000000000 ) ) ;
#128 = FACE_OUTER_BOUND ( 'NONE', #713, .T. ) ;
#129 = DIRECTION ( 'NONE',  ( 0.0000000000000000000, 0.0000000000000000000, 1.000000000000000000 ) ) ;
#130 = DIRECTION ( 'NONE',  ( -0.0000000000000000000, -0.0000000000000000000, -1.000000000000000000 ) ) ;
#131 = AXIS2_PLACEMENT_3D ( 'NONE', #1433, #193, #989 ) ;
#132 = LINE ( 'NONE', #1399, #412 ) ;
#133 = EDGE_CURVE ( 'NONE', #1387, #450, #1104, .T. ) ;
#134 = ORIENTED_EDGE ( 'NONE', *, *, #890, .F. ) ;
#135 = DIRECTION ( 'NONE',  ( -1.000000000000000000, 0.0000000000000000000, 0.0000000000000000000 ) ) ;
#136 = VECTOR ( 'NONE', #1369, 1000.000000000000100 ) ;
#137 = ORIENTED_EDGE ( 'NONE', *, *, #1173, .F. ) ;
#138 = LINE ( 'NONE', #1342, #691 ) ;
#139 = EDGE_CURVE ( 'NONE', #450, #1340, #1067, .T. ) ;
#140 = VERTEX_POINT ( 'NONE', #1061 ) ;
#141 = UNCERTAINTY_MEASURE_WITH_UNIT (LENGTH_MEASURE( 1.000000000000000100E-005 ), #1134, 'distance_accuracy_value', 'NONE');
#142 =( NAMED_UNIT ( * ) SI_UNIT ( $, .STERADIAN. ) SOLID_ANGLE_UNIT ( ) );
#143 = SURFACE_STYLE_FILL_AREA ( #706 ) ;
#144 = EDGE_LOOP ( 'NONE', ( #1374, #221, #943, #1320 ) ) ;
#145 = AXIS2_PLACEMENT_3D ( 'NONE', #497, #351, #835 ) ;
#146 = DIRECTION ( 'NONE',  ( -0.08682659386424779200, -0.9924325091389669700, 0.08682659386424779200 ) ) ;
#147 = PRODUCT_DEFINITION_FORMATION_WITH_SPECIFIED_SOURCE ( 'ANY', '', #501, .NOT_KNOWN. ) ;
#148 = VERTEX_POINT ( 'NONE', #1177 ) ;
#149 = ORIENTED_EDGE ( 'NONE', *, *, #1106, .T. ) ;
#150 = ORIENTED_EDGE ( 'NONE', *, *, #1072, .T. ) ;
#151 = CYLINDRICAL_SURFACE ( 'NONE', #403, 0.2999999999999999300 ) ;
#152 = ORIENTED_EDGE ( 'NONE', *, *, #190, .F. ) ;
#153 = ADVANCED_FACE ( 'NONE', ( #451 ), #1458, .T. ) ;
#154 = FACE_OUTER_BOUND ( 'NONE', #309, .T. ) ;
#155 = CARTESIAN_POINT ( 'NONE',  ( 1.800000000000000000, 0.1750000000000000200, -0.3125000000000000000 ) ) ;
#156 = VECTOR ( 'NONE', #339, 1000.000000000000100 ) ;
#157 = CARTESIAN_POINT ( 'NONE',  ( -1.276257935531852400, -0.3098247174747367200, -0.7387579355318530900 ) ) ;
#158 = CARTESIAN_POINT ( 'NONE',  ( 0.0000000000000000000, 1.300000000000000000, -0.7387579355318532000 ) ) ;
#159 = DIRECTION ( 'NONE',  ( 0.0000000000000000000, 0.0000000000000000000, -1.000000000000000000 ) ) ;
#160 = EDGE_CURVE ( 'NONE', #665, #374, #1264, .T. ) ;
#161 = DIRECTION ( 'NONE',  ( -0.0000000000000000000, -0.0000000000000000000, -1.000000000000000000 ) ) ;
#162 = DIRECTION ( 'NONE',  ( -1.000000000000000000, 0.0000000000000000000, 0.0000000000000000000 ) ) ;
#163 = ORIENTED_EDGE ( 'NONE', *, *, #746, .T. ) ;
#164 = ORIENTED_EDGE ( 'NONE', *, *, #394, .F. ) ;
#165 = ADVANCED_FACE ( 'NONE', ( #1230 ), #23, .F. ) ;
#166 = ORIENTED_EDGE ( 'NONE', *, *, #544, .F. ) ;
#167 = CARTESIAN_POINT ( 'NONE',  ( 1.375000000000000000, 0.2999999999999999900, 0.3125000000000000000 ) ) ;
#168 = LINE ( 'NONE', #729, #136 ) ;
#169 = DIRECTION ( 'NONE',  ( 0.0000000000000000000, 1.000000000000000000, 0.0000000000000000000 ) ) ;
#170 = CARTESIAN_POINT ( 'NONE',  ( -1.337499999999999200, 0.5999999999999999800, 0.8000000000000000400 ) ) ;
#171 = EDGE_LOOP ( 'NONE', ( #103, #690, #305, #538, #118, #737, #1045, #1159, #883, #1196, #839, #736 ) ) ;
#172 = LINE ( 'NONE', #788, #1346 ) ;
#173 = PLANE ( 'NONE',  #1435 ) ;
#174 = LINE ( 'NONE', #256, #1347 ) ;
#175 = DIRECTION ( 'NONE',  ( -0.0000000000000000000, -0.0000000000000000000, -1.000000000000000000 ) ) ;
#176 = DIRECTION ( 'NONE',  ( 0.0000000000000000000, 0.08715574274765836000, 0.9961946980917455500 ) ) ;
#177 =( GEOMETRIC_REPRESENTATION_CONTEXT ( 3 ) GLOBAL_UNCERTAINTY_ASSIGNED_CONTEXT ( ( #27 ) ) GLOBAL_UNIT_ASSIGNED_CONTEXT ( ( #1222, #666, #436 ) ) REPRESENTATION_CONTEXT ( 'NONE', 'WORKASPACE' ) );
#178 = DIRECTION ( 'NONE',  ( 0.0000000000000000000, -0.0000000000000000000, 1.000000000000000000 ) ) ;
#179 = CARTESIAN_POINT ( 'NONE',  ( -1.337499999999999200, 0.5999999999999999800, 0.8000000000000000400 ) ) ;
#180 = ADVANCED_FACE ( 'NONE', ( #893 ), #1305, .T. ) ;
#181 = DIRECTION ( 'NONE',  ( 1.000000000000000000, -0.0000000000000000000, -0.0000000000000000000 ) ) ;
#182 = ORIENTED_EDGE ( 'NONE', *, *, #621, .F. ) ;
#183 = ORIENTED_EDGE ( 'NONE', *, *, #528, .T. ) ;
#184 = EDGE_LOOP ( 'NONE', ( #760, #238, #1027, #254 ) ) ;
#185 = ORIENTED_EDGE ( 'NONE', *, *, #1223, .T. ) ;
#186 = CARTESIAN_POINT ( 'NONE',  ( 1.500000000000000000, 0.2500000000000000000, -0.3125000000000000000 ) ) ;
#187 = CARTESIAN_POINT ( 'NONE',  ( 1.322189483882962600, 0.4249999999999999300, 0.3125000000000000000 ) ) ;
#188 = FILL_AREA_STYLE ('',( #765 ) ) ;
#189 = FACE_OUTER_BOUND ( 'NONE', #515, .T. ) ;
#190 = EDGE_CURVE ( 'NONE', #502, #571, #102, .T. ) ;
#191 = AXIS2_PLACEMENT_3D ( 'NONE', #596, #361, #35 ) ;
#192 = FACE_OUTER_BOUND ( 'NONE', #1466, .T. ) ;
#193 = DIRECTION ( 'NONE',  ( -0.0000000000000000000, -0.0000000000000000000, -1.000000000000000000 ) ) ;
#194 = EDGE_CURVE ( 'NONE', #1354, #300, #624, .T. ) ;
#195 = ADVANCED_FACE ( 'NONE', ( #323 ), #1184, .T. ) ;
#196 = CARTESIAN_POINT ( 'NONE',  ( -0.7762579355318522900, -0.3098247174747367200, -0.7387579355318530900 ) ) ;
#197 = CARTESIAN_POINT ( 'NONE',  ( 1.674999999999999800, 0.2500000000000004400, 0.3125000000000000000 ) ) ;
#198 = ORIENTED_EDGE ( 'NONE', *, *, #464, .F. ) ;
#199 = ORIENTED_EDGE ( 'NONE', *, *, #956, .T. ) ;
#200 = ORIENTED_EDGE ( 'NONE', *, *, #464, .T. ) ;
#201 = VECTOR ( 'NONE', #202, 1000.000000000000000 ) ;
#202 = DIRECTION ( 'NONE',  ( 1.000000000000000000, -0.0000000000000000000, -0.0000000000000000000 ) ) ;
#203 = EDGE_LOOP ( 'NONE', ( #1156, #182, #39, #198, #1123, #1371, #738, #792, #946, #643, #407, #803 ) ) ;
#204 = CARTESIAN_POINT ( 'NONE',  ( -1.276257935531852400, 1.250000000000000000, 0.7387579355318530900 ) ) ;
#205 = EDGE_CURVE ( 'NONE', #660, #1019, #355, .T. ) ;
#206 = VECTOR ( 'NONE', #76, 1000.000000000000000 ) ;
#207 = LINE ( 'NONE', #468, #1379 ) ;
#208 = PLANE ( 'NONE',  #771 ) ;
#209 = CARTESIAN_POINT ( 'NONE',  ( -1.499999999999999800, 0.2999999999999996600, -0.3125000000000000000 ) ) ;
#210 = EDGE_CURVE ( 'NONE', #291, #648, #61, .T. ) ;
#211 = DIRECTION ( 'NONE',  ( -0.0000000000000000000, -0.0000000000000000000, -1.000000000000000000 ) ) ;
#212 = CARTESIAN_POINT ( 'NONE',  ( 1.500000000000000000, 0.2500000000000000000, 0.3125000000000000000 ) ) ;
#213 = CARTESIAN_POINT ( 'NONE',  ( -0.7762579355318522900, 1.250000000000000000, 0.7387579355318530900 ) ) ;
#214 = EDGE_CURVE ( 'NONE', #226, #608, #661, .T. ) ;
#215 = ORIENTED_EDGE ( 'NONE', *, *, #775, .F. ) ;
#216 = SURFACE_STYLE_USAGE ( .BOTH. , #692 ) ;
#217 = CARTESIAN_POINT ( 'NONE',  ( 1.322189483882962600, 0.4249999999999999300, -0.3125000000000000000 ) ) ;
#218 = EDGE_LOOP ( 'NONE', ( #968, #1385, #1034, #1058, #1118 ) ) ;
#219 = EDGE_LOOP ( 'NONE', ( #1357, #337, #581, #820 ) ) ;
#220 = CARTESIAN_POINT ( 'NONE',  ( -1.337499999999999200, 0.5999999999999999800, 0.8000000000000000400 ) ) ;
#221 = ORIENTED_EDGE ( 'NONE', *, *, #1360, .F. ) ;
#222 = ORIENTED_EDGE ( 'NONE', *, *, #190, .T. ) ;
#223 = DIRECTION ( 'NONE',  ( -0.08715574274765775000, -0.9961946980917455500, -0.0000000000000000000 ) ) ;
#224 = VECTOR ( 'NONE', #93, 1000.000000000000000 ) ;
#225 = VECTOR ( 'NONE', #1366, 1000.000000000000000 ) ;
#226 = VERTEX_POINT ( 'NONE', #576 ) ;
#227 = CARTESIAN_POINT ( 'NONE',  ( -1.800000000000000000, 0.0000000000000000000, -0.3125000000000000000 ) ) ;
#228 = ORIENTED_EDGE ( 'NONE', *, *, #214, .T. ) ;
#229 = DIRECTION ( 'NONE',  ( -1.000000000000000000, 0.0000000000000000000, 0.0000000000000000000 ) ) ;
#230 = EDGE_CURVE ( 'NONE', #1340, #371, #1070, .T. ) ;
#231 = CARTESIAN_POINT ( 'NONE',  ( -1.674999999999999800, 0.2499999999999998300, -0.3125000000000000000 ) ) ;
#232 = EDGE_LOOP ( 'NONE', ( #1421, #1030, #1269, #763 ) ) ;
#233 = ORIENTED_EDGE ( 'NONE', *, *, #758, .T. ) ;
#234 = EDGE_LOOP ( 'NONE', ( #1018, #559, #7, #10 ) ) ;
#235 = EDGE_CURVE ( 'NONE', #703, #371, #168, .T. ) ;
#236 = STYLED_ITEM ( 'NONE', ( #672 ), #923 ) ;
#237 = VECTOR ( 'NONE', #1436, 1000.000000000000000 ) ;
#238 = ORIENTED_EDGE ( 'NONE', *, *, #493, .F. ) ;
#239 = VECTOR ( 'NONE', #319, 1000.000000000000000 ) ;
#240 = CARTESIAN_POINT ( 'NONE',  ( -1.800000000000000000, 0.1750000000000000200, 0.3125000000000000000 ) ) ;
#241 = ORIENTED_EDGE ( 'NONE', *, *, #994, .T. ) ;
#242 = VECTOR ( 'NONE', #1454, 1000.000000000000000 ) ;
#243 = STYLED_ITEM ( 'NONE', ( #540 ), #286 ) ;
#244 = LINE ( 'NONE', #204, #726 ) ;
#245 = CARTESIAN_POINT ( 'NONE',  ( -1.375000000000000000, 0.4249999999999996000, -0.3125000000000000000 ) ) ;
#246 = CARTESIAN_POINT ( 'NONE',  ( -1.276257935531852400, 1.300000000000000000, -0.7387579355318530900 ) ) ;
#247 = DIRECTION ( 'NONE',  ( 0.0000000000000000000, 1.000000000000000000, 0.0000000000000000000 ) ) ;
#248 = PLANE ( 'NONE',  #1240 ) ;
#249 = AXIS2_PLACEMENT_3D ( 'NONE', #437, #790, #901 ) ;
#250 = APPLICATION_PROTOCOL_DEFINITION ( 'draft international standard', 'automotive_design', 1998, #1273 ) ;
#251 = DIRECTION ( 'NONE',  ( 0.0000000000000000000, -0.0000000000000000000, -1.000000000000000000 ) ) ;
#252 = EDGE_LOOP ( 'NONE', ( #1113, #577, #1169, #1090 ) ) ;
#253 = ORIENTED_EDGE ( 'NONE', *, *, #473, .F. ) ;
#254 = ORIENTED_EDGE ( 'NONE', *, *, #260, .T. ) ;
#255 = LINE ( 'NONE', #673, #1091 ) ;
#256 = CARTESIAN_POINT ( 'NONE',  ( -1.375000000000000000, 0.4249999999999996000, 0.3125000000000000000 ) ) ;
#257 = VECTOR ( 'NONE', #526, 1000.000000000000000 ) ;
#258 = LINE ( 'NONE', #1250, #225 ) ;
#259 = ADVANCED_FACE ( 'NONE', ( #1107 ), #277, .F. ) ;
#260 = EDGE_CURVE ( 'NONE', #1136, #705, #1409, .T. ) ;
#261 = AXIS2_PLACEMENT_3D ( 'NONE', #417, #1325, #1202 ) ;
#262 = ADVANCED_FACE ( 'NONE', ( #85 ), #1029, .F. ) ;
#263 = DIRECTION ( 'NONE',  ( -0.0000000000000000000, 1.000000000000000000, -0.0000000000000000000 ) ) ;
#264 = EDGE_CURVE ( 'NONE', #29, #1246, #808, .T. ) ;
#265 = ORIENTED_EDGE ( 'NONE', *, *, #662, .T. ) ;
#266 = DIRECTION ( 'NONE',  ( -1.000000000000000000, 0.0000000000000000000, 0.0000000000000000000 ) ) ;
#267 = FACE_OUTER_BOUND ( 'NONE', #1064, .T. ) ;
#268 = EDGE_LOOP ( 'NONE', ( #265, #733, #701, #709 ) ) ;
#269 = CARTESIAN_POINT ( 'NONE',  ( -0.7762579355318522900, 1.250000000000000000, -0.7387579355318530900 ) ) ;
#270 = LINE ( 'NONE', #329, #1140 ) ;
#271 = LINE ( 'NONE', #75, #88 ) ;
#272 = DIRECTION ( 'NONE',  ( 8.572527594031449300E-015, 1.000000000000000000, -0.0000000000000000000 ) ) ;
#273 = FACE_OUTER_BOUND ( 'NONE', #1460, .T. ) ;
#274 = DIRECTION ( 'NONE',  ( 0.0000000000000000000, 0.0000000000000000000, 1.000000000000000000 ) ) ;
#275 = VECTOR ( 'NONE', #1011, 1000.000000000000000 ) ;
#276 = AXIS2_PLACEMENT_3D ( 'NONE', #1438, #654, #887 ) ;
#277 = PLANE ( 'NONE',  #298 ) ;
#278 = DIRECTION ( 'NONE',  ( -0.0000000000000000000, -0.0000000000000000000, -1.000000000000000000 ) ) ;
#279 = DIRECTION ( 'NONE',  ( 0.0000000000000000000, 0.08715574274765836000, -0.9961946980917455500 ) ) ;
#280 = ADVANCED_FACE ( 'NONE', ( #591 ), #735, .F. ) ;
#281 = CARTESIAN_POINT ( 'NONE',  ( 1.800000000000000000, 0.1750000000000000200, 0.3125000000000000000 ) ) ;
#282 = EDGE_CURVE ( 'NONE', #1060, #300, #1233, .T. ) ;
#283 = DIRECTION ( 'NONE',  ( 1.000000000000000000, 6.159012932666995300E-015, 0.0000000000000000000 ) ) ;
#284 = DIRECTION ( 'NONE',  ( -0.0000000000000000000, -0.0000000000000000000, -1.000000000000000000 ) ) ;
#285 = ORIENTED_EDGE ( 'NONE', *, *, #670, .F. ) ;
#286 = MANIFOLD_SOLID_BREP ( 'Boss-Extrude3', #849 ) ;
#287 = VECTOR ( 'NONE', #51, 1000.000000000000100 ) ;
#288 = ORIENTED_EDGE ( 'NONE', *, *, #831, .F. ) ;
#289 = CARTESIAN_POINT ( 'NONE',  ( -1.800000000000000000, 0.1750000000000000200, -0.3125000000000000000 ) ) ;
#290 = EDGE_CURVE ( 'NONE', #360, #644, #945, .T. ) ;
#291 = VERTEX_POINT ( 'NONE', #582 ) ;
#292 = ADVANCED_FACE ( 'NONE', ( #1341 ), #378, .F. ) ;
#293 = CIRCLE ( 'NONE', #301, 0.07499999999999998300 ) ;
#294 = DIRECTION ( 'NONE',  ( -0.0000000000000000000, -0.0000000000000000000, -1.000000000000000000 ) ) ;
#295 = AXIS2_PLACEMENT_3D ( 'NONE', #780, #876, #1102 ) ;
#296 = CARTESIAN_POINT ( 'NONE',  ( -1.499999999999999800, 0.2500000000000000000, 0.3125000000000000000 ) ) ;
#297 = ORIENTED_EDGE ( 'NONE', *, *, #996, .F. ) ;
#298 = AXIS2_PLACEMENT_3D ( 'NONE', #708, #272, #1267 ) ;
#299 = DIRECTION ( 'NONE',  ( -1.000000000000000000, 0.0000000000000000000, 0.0000000000000000000 ) ) ;
#300 = VERTEX_POINT ( 'NONE', #246 ) ;
#301 = AXIS2_PLACEMENT_3D ( 'NONE', #753, #764, #70 ) ;
#302 = DIRECTION ( 'NONE',  ( -1.000000000000000000, 0.0000000000000000000, 0.0000000000000000000 ) ) ;
#303 = CARTESIAN_POINT ( 'NONE',  ( -1.375000000000002200, 0.5999999999999995300, 0.3125000000000000000 ) ) ;
#304 = VECTOR ( 'NONE', #1396, 1000.000000000000000 ) ;
#305 = ORIENTED_EDGE ( 'NONE', *, *, #1040, .T. ) ;
#306 = VECTOR ( 'NONE', #470, 1000.000000000000000 ) ;
#307 = CARTESIAN_POINT ( 'NONE',  ( -1.499999999999999800, 0.2999999999999996600, 0.3125000000000000000 ) ) ;
#308 = EDGE_CURVE ( 'NONE', #410, #791, #719, .T. ) ;
#309 = EDGE_LOOP ( 'NONE', ( #558, #718, #119, #940, #233 ) ) ;
#310 = FACE_OUTER_BOUND ( 'NONE', #1440, .T. ) ;
#311 = CARTESIAN_POINT ( 'NONE',  ( 1.750000000000000000, 0.2500000000000000000, 0.3125000000000000000 ) ) ;
#312 = DIRECTION ( 'NONE',  ( -0.0000000000000000000, -0.0000000000000000000, -1.000000000000000000 ) ) ;
#313 = EDGE_CURVE ( 'NONE', #703, #42, #929, .T. ) ;
#314 = AXIS2_PLACEMENT_3D ( 'NONE', #732, #508, #848 ) ;
#315 = FILL_AREA_STYLE_COLOUR ( '', #543 ) ;
#316 = DIRECTION ( 'NONE',  ( -1.000000000000000000, 0.0000000000000000000, 0.0000000000000000000 ) ) ;
#317 = DIRECTION ( 'NONE',  ( 1.000000000000000000, -8.572527594031449300E-015, -0.0000000000000000000 ) ) ;
#318 = ADVANCED_FACE ( 'NONE', ( #1461 ), #173, .F. ) ;
#319 = DIRECTION ( 'NONE',  ( 1.000000000000000000, -0.0000000000000000000, -0.0000000000000000000 ) ) ;
#320 = CARTESIAN_POINT ( 'NONE',  ( -1.749999999999999800, 0.1750000000000000200, -0.3125000000000000000 ) ) ;
#321 = DIRECTION ( 'NONE',  ( 1.000000000000000000, 0.0000000000000000000, -0.0000000000000000000 ) ) ;
#322 = VERTEX_POINT ( 'NONE', #1037 ) ;
#323 = FACE_OUTER_BOUND ( 'NONE', #595, .T. ) ;
#324 = ORIENTED_EDGE ( 'NONE', *, *, #389, .T. ) ;
#325 = LINE ( 'NONE', #1316, #1284 ) ;
#326 = MECHANICAL_DESIGN_GEOMETRIC_PRESENTATION_REPRESENTATION (  '', ( #509 ), #1388 ) ;
#327 = ORIENTED_EDGE ( 'NONE', *, *, #925, .F. ) ;
#328 = CARTESIAN_POINT ( 'NONE',  ( -0.7762579355318522900, 1.250000000000000000, 0.7387579355318530900 ) ) ;
#329 = CARTESIAN_POINT ( 'NONE',  ( 1.674999999999999800, 0.2500000000000004400, 0.3125000000000000000 ) ) ;
#330 = CARTESIAN_POINT ( 'NONE',  ( -1.375000000000000000, 0.4249999999999996000, 0.3125000000000000000 ) ) ;
#331 = CARTESIAN_POINT ( 'NONE',  ( -1.322189483882962600, 0.4249999999999999300, -0.3125000000000000000 ) ) ;
#332 = DIRECTION ( 'NONE',  ( -0.0000000000000000000, 1.000000000000000000, -0.0000000000000000000 ) ) ;
#333 = DIRECTION ( 'NONE',  ( 1.000000000000000000, 0.0000000000000000000, 0.0000000000000000000 ) ) ;
#334 = ORIENTED_EDGE ( 'NONE', *, *, #1080, .T. ) ;
#335 = EDGE_CURVE ( 'NONE', #608, #1236, #122, .T. ) ;
#336 = AXIS2_PLACEMENT_3D ( 'NONE', #1130, #1368, #564 ) ;
#337 = ORIENTED_EDGE ( 'NONE', *, *, #1223, .F. ) ;
#338 = VERTEX_POINT ( 'NONE', #868 ) ;
#339 = DIRECTION ( 'NONE',  ( 0.08682659386424779200, 0.9924325091389669700, 0.08682659386424779200 ) ) ;
#340 = ORIENTED_EDGE ( 'NONE', *, *, #461, .F. ) ;
#341 = FACE_OUTER_BOUND ( 'NONE', #1192, .T. ) ;
#342 = LINE ( 'NONE', #677, #1216 ) ;
#343 = DIRECTION ( 'NONE',  ( 0.0000000000000000000, 1.000000000000000000, 0.0000000000000000000 ) ) ;
#344 = EDGE_CURVE ( 'NONE', #648, #1358, #1002, .T. ) ;
#345 = ORIENTED_EDGE ( 'NONE', *, *, #56, .T. ) ;
#346 = DIRECTION ( 'NONE',  ( -1.000000000000000000, -0.0000000000000000000, -0.0000000000000000000 ) ) ;
#347 = LINE ( 'NONE', #490, #72 ) ;
#348 = VECTOR ( 'NONE', #659, 1000.000000000000000 ) ;
#349 = DIRECTION ( 'NONE',  ( 1.000000000000000000, 0.0000000000000000000, 0.0000000000000000000 ) ) ;
#350 = ADVANCED_BREP_SHAPE_REPRESENTATION ( '1N4148W-G RH', ( #814, #923, #1297, #286, #610 ), #1315 ) ;
#351 = DIRECTION ( 'NONE',  ( -1.000000000000000000, 0.0000000000000000000, 0.0000000000000000000 ) ) ;
#352 = AXIS2_PLACEMENT_3D ( 'NONE', #1121, #1116, #560 ) ;
#353 = PLANE ( 'NONE',  #1256 ) ;
#354 = CARTESIAN_POINT ( 'NONE',  ( -1.337499999999999200, 0.1000000000000000500, 0.7562556682370379400 ) ) ;
#355 = LINE ( 'NONE', #951, #287 ) ;
#356 = ORIENTED_EDGE ( 'NONE', *, *, #214, .F. ) ;
#357 = EDGE_CURVE ( 'NONE', #65, #1422, #12, .T. ) ;
#358 = VECTOR ( 'NONE', #955, 1000.000000000000000 ) ;
#359 = ORIENTED_EDGE ( 'NONE', *, *, #550, .F. ) ;
#360 = VERTEX_POINT ( 'NONE', #871 ) ;
#361 = DIRECTION ( 'NONE',  ( 1.000000000000000000, 0.0000000000000000000, 0.0000000000000000000 ) ) ;
#362 = VECTOR ( 'NONE', #979, 1000.000000000000100 ) ;
#363 = EDGE_CURVE ( 'NONE', #125, #1236, #1213, .T. ) ;
#364 = COLOUR_RGB ( '',0.7921568627450980000, 0.8196078431372548800, 0.9333333333333333500 ) ;
#365 = PLANE ( 'NONE',  #191 ) ;
#366 = CARTESIAN_POINT ( 'NONE',  ( 1.499999999999999800, 0.3000000000000000400, 0.3125000000000000000 ) ) ;
#367 = DIRECTION ( 'NONE',  ( -0.0000000000000000000, -0.0000000000000000000, -1.000000000000000000 ) ) ;
#368 = ADVANCED_FACE ( 'NONE', ( #741 ), #1309, .T. ) ;
#369 = EDGE_CURVE ( 'NONE', #590, #648, #880, .T. ) ;
#370 = CARTESIAN_POINT ( 'NONE',  ( 1.325437828156693200, 0.4621287449461031800, -0.7879378281566928900 ) ) ;
#371 = VERTEX_POINT ( 'NONE', #406 ) ;
#372 = DIRECTION ( 'NONE',  ( -0.0000000000000000000, -0.0000000000000000000, -1.000000000000000000 ) ) ;
#373 = ORIENTED_EDGE ( 'NONE', *, *, #282, .T. ) ;
#374 = VERTEX_POINT ( 'NONE', #296 ) ;
#375 = VECTOR ( 'NONE', #1452, 1000.000000000000000 ) ;
#376 = ORIENTED_EDGE ( 'NONE', *, *, #344, .T. ) ;
#377 = LINE ( 'NONE', #900, #795 ) ;
#378 = CYLINDRICAL_SURFACE ( 'NONE', #1365, 0.1249999999999998900 ) ;
#379 = ADVANCED_FACE ( 'NONE', ( #628 ), #627, .F. ) ;
#380 = VECTOR ( 'NONE', #1464, 1000.000000000000000 ) ;
#381 = CARTESIAN_POINT ( 'NONE',  ( 1.750000000000000000, 0.2500000000000000000, 0.3125000000000000000 ) ) ;
#382 = ORIENTED_EDGE ( 'NONE', *, *, #904, .T. ) ;
#383 = DIRECTION ( 'NONE',  ( -1.000000000000000000, -0.0000000000000000000, -0.0000000000000000000 ) ) ;
#384 = LINE ( 'NONE', #906, #1415 ) ;
#385 = DIRECTION ( 'NONE',  ( 1.000000000000000000, 0.0000000000000000000, 0.0000000000000000000 ) ) ;
#386 = EDGE_CURVE ( 'NONE', #535, #1389, #573, .T. ) ;
#387 = DIRECTION ( 'NONE',  ( -1.000000000000000000, -0.0000000000000000000, -0.0000000000000000000 ) ) ;
#388 = ADVANCED_FACE ( 'NONE', ( #1155 ), #1084, .T. ) ;
#389 = EDGE_CURVE ( 'NONE', #1321, #660, #1195, .T. ) ;
#390 = AXIS2_PLACEMENT_3D ( 'NONE', #1166, #623, #967 ) ;
#391 = DIRECTION ( 'NONE',  ( 0.0000000000000000000, 0.0000000000000000000, -1.000000000000000000 ) ) ;
#392 = DIRECTION ( 'NONE',  ( -0.9961946980917456600, -0.08715574274765776300, 0.0000000000000000000 ) ) ;
#393 = CARTESIAN_POINT ( 'NONE',  ( -1.276257935531852400, 1.250000000000000000, 0.7387579355318530900 ) ) ;
#394 = EDGE_CURVE ( 'NONE', #1120, #703, #325, .T. ) ;
#395 = VERTEX_POINT ( 'NONE', #1419 ) ;
#396 = VECTOR ( 'NONE', #731, 1000.000000000000000 ) ;
#397 = ADVANCED_FACE ( 'NONE', ( #341 ), #1426, .T. ) ;
#398 = ORIENTED_EDGE ( 'NONE', *, *, #14, .T. ) ;
#399 = VECTOR ( 'NONE', #477, 1000.000000000000000 ) ;
#400 = UNCERTAINTY_MEASURE_WITH_UNIT (LENGTH_MEASURE( 1.000000000000000100E-005 ), #21, 'distance_accuracy_value', 'NONE');
#401 = SURFACE_STYLE_FILL_AREA ( #1453 ) ;
#402 = ORIENTED_EDGE ( 'NONE', *, *, #528, .F. ) ;
#403 = AXIS2_PLACEMENT_3D ( 'NONE', #127, #913, #1463 ) ;
#404 = DIRECTION ( 'NONE',  ( 0.9961946980917455500, 0.08715574274765836000, 0.0000000000000000000 ) ) ;
#405 = DIRECTION ( 'NONE',  ( -0.0000000000000000000, -0.0000000000000000000, -1.000000000000000000 ) ) ;
#406 = CARTESIAN_POINT ( 'NONE',  ( -1.337499999999999200, 0.5999999999999999800, 0.8000000000000000400 ) ) ;
#407 = ORIENTED_EDGE ( 'NONE', *, *, #824, .F. ) ;
#408 = CARTESIAN_POINT ( 'NONE',  ( -1.375000000000000000, 0.2999999999999996600, -0.3125000000000000000 ) ) ;
#409 = VERTEX_POINT ( 'NONE', #186 ) ;
#410 = VERTEX_POINT ( 'NONE', #81 ) ;
#411 = DIRECTION ( 'NONE',  ( 0.0000000000000000000, 0.0000000000000000000, 1.000000000000000000 ) ) ;
#412 = VECTOR ( 'NONE', #1280, 1000.000000000000000 ) ;
#413 = ORIENTED_EDGE ( 'NONE', *, *, #94, .T. ) ;
#414 = FACE_OUTER_BOUND ( 'NONE', #60, .T. ) ;
#415 = VECTOR ( 'NONE', #181, 1000.000000000000000 ) ;
#416 = SURFACE_SIDE_STYLE ('',( #401 ) ) ;
#417 = CARTESIAN_POINT ( 'NONE',  ( -1.337499999999999200, 0.5999999999999999800, 0.8000000000000000400 ) ) ;
#418 = FACE_OUTER_BOUND ( 'NONE', #171, .T. ) ;
#419 = EDGE_CURVE ( 'NONE', #1437, #148, #25, .T. ) ;
#420 = AXIS2_PLACEMENT_3D ( 'NONE', #1152, #600, #589 ) ;
#421 = ORIENTED_EDGE ( 'NONE', *, *, #601, .T. ) ;
#422 = LINE ( 'NONE', #19, #50 ) ;
#423 = DIRECTION ( 'NONE',  ( -0.0000000000000000000, -1.000000000000000000, -0.0000000000000000000 ) ) ;
#424 = CARTESIAN_POINT ( 'NONE',  ( 1.337499999999999200, 0.5999999999999999800, 0.3125000000000000000 ) ) ;
#425 = ORIENTED_EDGE ( 'NONE', *, *, #1298, .T. ) ;
#426 = CARTESIAN_POINT ( 'NONE',  ( 1.293755668237038600, 0.1000000000000000500, 0.8000000000000000400 ) ) ;
#427 = DIRECTION ( 'NONE',  ( 0.0000000000000000000, 1.000000000000000000, 0.0000000000000000000 ) ) ;
#428 = VERTEX_POINT ( 'NONE', #77 ) ;
#429 = EDGE_LOOP ( 'NONE', ( #1407, #297, #253, #818 ) ) ;
#430 = LINE ( 'NONE', #115, #1322 ) ;
#431 = SURFACE_STYLE_FILL_AREA ( #54 ) ;
#432 = CARTESIAN_POINT ( 'NONE',  ( -1.276257935531852400, 1.300000000000000000, -0.7387579355318530900 ) ) ;
#433 = ORIENTED_EDGE ( 'NONE', *, *, #1310, .F. ) ;
#434 = LINE ( 'NONE', #1103, #13 ) ;
#435 = ORIENTED_EDGE ( 'NONE', *, *, #205, .T. ) ;
#436 =( NAMED_UNIT ( * ) SI_UNIT ( $, .STERADIAN. ) SOLID_ANGLE_UNIT ( ) );
#437 = CARTESIAN_POINT ( 'NONE',  ( 1.375000000000000000, 0.2999999999999999900, -0.3125000000000000000 ) ) ;
#438 = LINE ( 'NONE', #1446, #242 ) ;
#439 = EDGE_CURVE ( 'NONE', #926, #976, #270, .T. ) ;
#440 = CARTESIAN_POINT ( 'NONE',  ( -0.7762579355318522900, 1.250000000000000000, 0.7387579355318530900 ) ) ;
#441 = VECTOR ( 'NONE', #1275, 1000.000000000000100 ) ;
#442 = CARTESIAN_POINT ( 'NONE',  ( 1.375000000000002200, 0.5999999999999998700, -0.3125000000000000000 ) ) ;
#443 = PLANE ( 'NONE',  #1141 ) ;
#444 = EDGE_CURVE ( 'NONE', #668, #322, #863, .T. ) ;
#445 = DIRECTION ( 'NONE',  ( 0.9961946980917456600, -0.08715574274765776300, 0.0000000000000000000 ) ) ;
#446 = DIRECTION ( 'NONE',  ( -1.000000000000000000, 8.131516293641262700E-015, 0.0000000000000000000 ) ) ;
#447 = DIRECTION ( 'NONE',  ( -0.0000000000000000000, -0.0000000000000000000, -1.000000000000000000 ) ) ;
#448 = AXIS2_PLACEMENT_3D ( 'NONE', #381, #496, #1400 ) ;
#449 = DIRECTION ( 'NONE',  ( 1.000000000000000000, 0.0000000000000000000, 0.0000000000000000000 ) ) ;
#450 = VERTEX_POINT ( 'NONE', #975 ) ;
#451 = FACE_OUTER_BOUND ( 'NONE', #1131, .T. ) ;
#452 = ORIENTED_EDGE ( 'NONE', *, *, #974, .F. ) ;
#453 = MECHANICAL_DESIGN_GEOMETRIC_PRESENTATION_REPRESENTATION (  '', ( #243 ), #1208 ) ;
#454 = VECTOR ( 'NONE', #1352, 1000.000000000000000 ) ;
#455 = ORIENTED_EDGE ( 'NONE', *, *, #363, .F. ) ;
#456 = CIRCLE ( 'NONE', #1174, 0.2500000000000000000 ) ;
#457 =( NAMED_UNIT ( * ) PLANE_ANGLE_UNIT ( ) SI_UNIT ( $, .RADIAN. ) );
#458 = LINE ( 'NONE', #652, #348 ) ;
#459 = CARTESIAN_POINT ( 'NONE',  ( -1.674999999999999800, 0.2499999999999998300, 0.3125000000000000000 ) ) ;
#460 = AXIS2_PLACEMENT_3D ( 'NONE', #1450, #674, #1220 ) ;
#461 = EDGE_CURVE ( 'NONE', #976, #338, #1442, .T. ) ;
#462 = DIRECTION ( 'NONE',  ( -0.0000000000000000000, -0.0000000000000000000, -1.000000000000000000 ) ) ;
#463 = CARTESIAN_POINT ( 'NONE',  ( 1.337499999999999200, 0.5999999999999999800, 0.3125000000000000000 ) ) ;
#464 = EDGE_CURVE ( 'NONE', #823, #685, #804, .T. ) ;
#465 = PRESENTATION_LAYER_ASSIGNMENT (  '', '', ( #236 ) ) ;
#466 = EDGE_LOOP ( 'NONE', ( #912, #1139, #1248, #199, #911, #928, #483, #806, #716, #1015, #743, #1016 ) ) ;
#467 = ORIENTED_EDGE ( 'NONE', *, *, #210, .T. ) ;
#468 = CARTESIAN_POINT ( 'NONE',  ( -1.276257935531852400, 1.250000000000000000, 0.7387579355318530900 ) ) ;
#469 = ORIENTED_EDGE ( 'NONE', *, *, #766, .T. ) ;
#470 = DIRECTION ( 'NONE',  ( -1.000000000000000000, 0.0000000000000000000, 0.0000000000000000000 ) ) ;
#471 = LINE ( 'NONE', #442, #454 ) ;
#472 = ORIENTED_EDGE ( 'NONE', *, *, #812, .T. ) ;
#473 = EDGE_CURVE ( 'NONE', #125, #897, #1373, .T. ) ;
#474 = ORIENTED_EDGE ( 'NONE', *, *, #133, .F. ) ;
#475 = DIRECTION ( 'NONE',  ( 0.08682659386424779200, -0.9924325091389669700, 0.08682659386424779200 ) ) ;
#476 = VECTOR ( 'NONE', #888, 1000.000000000000000 ) ;
#477 = DIRECTION ( 'NONE',  ( -0.0000000000000000000, -0.0000000000000000000, 1.000000000000000000 ) ) ;
#478 = FACE_OUTER_BOUND ( 'NONE', #960, .T. ) ;
#479 = DIRECTION ( 'NONE',  ( 0.0000000000000000000, -1.000000000000000000, 0.0000000000000000000 ) ) ;
#480 = AXIS2_PLACEMENT_3D ( 'NONE', #1312, #972, #178 ) ;
#481 = PLANE ( 'NONE',  #1260 ) ;
#482 = DIRECTION ( 'NONE',  ( 1.000000000000000000, 6.159012932666995300E-015, 0.0000000000000000000 ) ) ;
#483 = ORIENTED_EDGE ( 'NONE', *, *, #1430, .T. ) ;
#484 = VERTEX_POINT ( 'NONE', #532 ) ;
#485 = CARTESIAN_POINT ( 'NONE',  ( 1.276257935531853700, 1.300000000000000000, 0.0000000000000000000 ) ) ;
#486 = VECTOR ( 'NONE', #507, 1000.000000000000000 ) ;
#487 = ORIENTED_EDGE ( 'NONE', *, *, #845, .F. ) ;
#488 = SURFACE_STYLE_USAGE ( .BOTH. , #1144 ) ;
#489 = PRESENTATION_STYLE_ASSIGNMENT (( #216 ) ) ;
#490 = CARTESIAN_POINT ( 'NONE',  ( 1.499999999999999800, 0.2499999999999999400, 0.3125000000000000000 ) ) ;
#491 = VECTOR ( 'NONE', #333, 1000.000000000000000 ) ;
#492 = ADVANCED_FACE ( 'NONE', ( #927 ), #786, .T. ) ;
#493 = EDGE_CURVE ( 'NONE', #830, #1054, #768, .T. ) ;
#494 = AXIS2_PLACEMENT_3D ( 'NONE', #179, #1215, #642 ) ;
#495 = PLANE ( 'NONE',  #684 ) ;
#496 = DIRECTION ( 'NONE',  ( 0.0000000000000000000, 0.0000000000000000000, 1.000000000000000000 ) ) ;
#497 = CARTESIAN_POINT ( 'NONE',  ( -1.499999999999999800, 0.2499999999999995800, 0.3125000000000000000 ) ) ;
#498 = AXIS2_PLACEMENT_3D ( 'NONE', #751, #1205, #1188 ) ;
#499 = CARTESIAN_POINT ( 'NONE',  ( -1.749999999999999800, 0.2500000000000000000, 0.3125000000000000000 ) ) ;
#500 = CARTESIAN_POINT ( 'NONE',  ( 1.322189483882962600, 0.4249999999999999300, 0.3125000000000000000 ) ) ;
#501 = PRODUCT ( '1N4148W-G RH', '1N4148W-G RH', '', ( #826 ) ) ;
#502 = VERTEX_POINT ( 'NONE', #1447 ) ;
#503 = ORIENTED_EDGE ( 'NONE', *, *, #1287, .T. ) ;
#504 = ORIENTED_EDGE ( 'NONE', *, *, #824, .T. ) ;
#505 = CARTESIAN_POINT ( 'NONE',  ( 1.375000000000002200, 0.5999999999999998700, 0.3125000000000000000 ) ) ;
#506 = VECTOR ( 'NONE', #74, 1000.000000000000000 ) ;
#507 = DIRECTION ( 'NONE',  ( -1.000000000000000000, -0.0000000000000000000, -0.0000000000000000000 ) ) ;
#508 = DIRECTION ( 'NONE',  ( 0.0000000000000000000, 0.0000000000000000000, 1.000000000000000000 ) ) ;
#509 = STYLED_ITEM ( 'NONE', ( #489 ), #350 ) ;
#510 = UNCERTAINTY_MEASURE_WITH_UNIT (LENGTH_MEASURE( 1.000000000000000100E-005 ), #1259, 'distance_accuracy_value', 'NONE');
#511 = ADVANCED_FACE ( 'NONE', ( #17 ), #106, .T. ) ;
#512 = LINE ( 'NONE', #635, #206 ) ;
#513 = VECTOR ( 'NONE', #553, 1000.000000000000000 ) ;
#514 = DIRECTION ( 'NONE',  ( 1.000000000000000000, 0.0000000000000000000, 0.0000000000000000000 ) ) ;
#515 = EDGE_LOOP ( 'NONE', ( #1017, #1410, #134, #1089 ) ) ;
#516 = CARTESIAN_POINT ( 'NONE',  ( -1.375000000000000000, 0.2999999999999996600, -0.3125000000000000000 ) ) ;
#517 = DIRECTION ( 'NONE',  ( 1.000000000000000000, 0.0000000000000000000, -0.0000000000000000000 ) ) ;
#518 = EDGE_CURVE ( 'NONE', #1168, #629, #530, .T. ) ;
#519 = PLANE ( 'NONE',  #480 ) ;
#520 = DIRECTION ( 'NONE',  ( 0.0000000000000000000, -1.000000000000000000, 0.0000000000000000000 ) ) ;
#521 = AXIS2_PLACEMENT_3D ( 'NONE', #499, #964, #514 ) ;
#522 = EDGE_LOOP ( 'NONE', ( #183, #1105, #149, #398 ) ) ;
#523 = ORIENTED_EDGE ( 'NONE', *, *, #845, .T. ) ;
#524 = ORIENTED_EDGE ( 'NONE', *, *, #386, .F. ) ;
#525 = ORIENTED_EDGE ( 'NONE', *, *, #1127, .F. ) ;
#526 = DIRECTION ( 'NONE',  ( 0.0000000000000000000, 1.000000000000000000, 0.0000000000000000000 ) ) ;
#527 = LINE ( 'NONE', #158, #650 ) ;
#528 = EDGE_CURVE ( 'NONE', #83, #502, #244, .T. ) ;
#529 = DIRECTION ( 'NONE',  ( -0.0000000000000000000, 0.0000000000000000000, -1.000000000000000000 ) ) ;
#530 = LINE ( 'NONE', #774, #1218 ) ;
#531 = CARTESIAN_POINT ( 'NONE',  ( 1.749999999999999800, 0.1750000000000001300, 0.3125000000000000000 ) ) ;
#532 = CARTESIAN_POINT ( 'NONE',  ( -1.499999999999999800, 0.2500000000000000000, -0.3125000000000000000 ) ) ;
#533 = AXIS2_PLACEMENT_3D ( 'NONE', #311, #769, #302 ) ;
#534 = DIRECTION ( 'NONE',  ( 1.000000000000000000, -0.0000000000000000000, -0.0000000000000000000 ) ) ;
#535 = VERTEX_POINT ( 'NONE', #307 ) ;
#536 = CARTESIAN_POINT ( 'NONE',  ( 1.800000000000000000, 0.0000000000000000000, 0.3125000000000000000 ) ) ;
#537 = ORIENTED_EDGE ( 'NONE', *, *, #121, .T. ) ;
#538 = ORIENTED_EDGE ( 'NONE', *, *, #419, .T. ) ;
#539 = ORIENTED_EDGE ( 'NONE', *, *, #1255, .F. ) ;
#540 = PRESENTATION_STYLE_ASSIGNMENT (( #948 ) ) ;
#541 = CARTESIAN_POINT ( 'NONE',  ( -1.337499999999999200, 0.5999999999999999800, -0.3125000000000000000 ) ) ;
#542 = ORIENTED_EDGE ( 'NONE', *, *, #139, .F. ) ;
#543 = COLOUR_RGB ( '',0.2509803921568627400, 0.2509803921568627400, 0.2509803921568627400 ) ;
#544 = EDGE_CURVE ( 'NONE', #109, #409, #458, .T. ) ;
#545 = VECTOR ( 'NONE', #770, 1000.000000000000000 ) ;
#546 = VECTOR ( 'NONE', #211, 1000.000000000000000 ) ;
#547 = DIRECTION ( 'NONE',  ( 0.0000000000000000000, 0.0000000000000000000, -1.000000000000000000 ) ) ;
#548 = DIRECTION ( 'NONE',  ( -0.0000000000000000000, 0.0000000000000000000, 1.000000000000000000 ) ) ;
#549 = ORIENTED_EDGE ( 'NONE', *, *, #800, .T. ) ;
#550 = EDGE_CURVE ( 'NONE', #838, #821, #1291, .T. ) ;
#551 = DIRECTION ( 'NONE',  ( -0.0000000000000000000, -0.0000000000000000000, -1.000000000000000000 ) ) ;
#552 = DIRECTION ( 'NONE',  ( -0.0000000000000000000, 0.0000000000000000000, -1.000000000000000000 ) ) ;
#553 = DIRECTION ( 'NONE',  ( 1.000000000000000000, -0.0000000000000000000, -0.0000000000000000000 ) ) ;
#554 = UNCERTAINTY_MEASURE_WITH_UNIT (LENGTH_MEASURE( 1.000000000000000100E-005 ), #1082, 'distance_accuracy_value', 'NONE');
#555 = AXIS2_PLACEMENT_3D ( 'NONE', #563, #343, #1013 ) ;
#556 = PLANE ( 'NONE',  #460 ) ;
#557 = VERTEX_POINT ( 'NONE', #96 ) ;
#558 = ORIENTED_EDGE ( 'NONE', *, *, #139, .T. ) ;
#559 = ORIENTED_EDGE ( 'NONE', *, *, #235, .F. ) ;
#560 = DIRECTION ( 'NONE',  ( 1.000000000000000000, 0.0000000000000000000, -0.0000000000000000000 ) ) ;
#561 = DIRECTION ( 'NONE',  ( -0.0000000000000000000, 0.0000000000000000000, 1.000000000000000000 ) ) ;
#562 = LINE ( 'NONE', #1375, #1183 ) ;
#563 = CARTESIAN_POINT ( 'NONE',  ( -1.800000000000000000, 0.0000000000000000000, 0.3125000000000000000 ) ) ;
#564 = DIRECTION ( 'NONE',  ( 0.08715574274765836000, 0.9961946980917455500, 0.0000000000000000000 ) ) ;
#565 = APPLICATION_CONTEXT ( 'automotive_design' ) ;
#566 = EDGE_CURVE ( 'NONE', #830, #838, #787, .T. ) ;
#567 = AXIS2_PLACEMENT_3D ( 'NONE', #1198, #761, #517 ) ;
#568 = PLANE ( 'NONE',  #1402 ) ;
#569 = ORIENTED_EDGE ( 'NONE', *, *, #1080, .F. ) ;
#570 = VECTOR ( 'NONE', #1391, 1000.000000000000000 ) ;
#571 = VERTEX_POINT ( 'NONE', #432 ) ;
#572 = EDGE_CURVE ( 'NONE', #686, #685, #990, .T. ) ;
#573 = CIRCLE ( 'NONE', #801, 0.1249999999999998900 ) ;
#574 = PLANE ( 'NONE',  #1361 ) ;
#575 = FACE_OUTER_BOUND ( 'NONE', #232, .T. ) ;
#576 = CARTESIAN_POINT ( 'NONE',  ( -1.276257935531852400, 1.250000000000000000, 0.7387579355318530900 ) ) ;
#577 = ORIENTED_EDGE ( 'NONE', *, *, #1020, .F. ) ;
#578 = LINE ( 'NONE', #1434, #91 ) ;
#579 = LINE ( 'NONE', #711, #1078 ) ;
#580 = PLANE ( 'NONE',  #420 ) ;
#581 = ORIENTED_EDGE ( 'NONE', *, *, #882, .F. ) ;
#582 = CARTESIAN_POINT ( 'NONE',  ( -1.800000000000000000, 0.0000000000000000000, 0.3125000000000000000 ) ) ;
#583 = CARTESIAN_POINT ( 'NONE',  ( 1.749999999999999800, 0.1750000000000001300, -0.3125000000000000000 ) ) ;
#584 = CARTESIAN_POINT ( 'NONE',  ( -1.800000000000000000, 0.1750000000000000200, 0.3125000000000000000 ) ) ;
#585 = DIRECTION ( 'NONE',  ( 0.0000000000000000000, 0.9961946980917455500, -0.08715574274765836000 ) ) ;
#586 = EDGE_CURVE ( 'NONE', #894, #644, #919, .T. ) ;
#587 = EDGE_LOOP ( 'NONE', ( #376, #1048, #702, #467 ) ) ;
#588 = VECTOR ( 'NONE', #423, 1000.000000000000000 ) ;
#589 = DIRECTION ( 'NONE',  ( 0.0000000000000000000, 0.0000000000000000000, 1.000000000000000000 ) ) ;
#590 = VERTEX_POINT ( 'NONE', #111 ) ;
#591 = FACE_OUTER_BOUND ( 'NONE', #144, .T. ) ;
#592 = ORIENTED_EDGE ( 'NONE', *, *, #699, .F. ) ;
#593 = CYLINDRICAL_SURFACE ( 'NONE', #1160, 0.2999999999999999300 ) ;
#594 = DIRECTION ( 'NONE',  ( 0.0000000000000000000, -0.0000000000000000000, 1.000000000000000000 ) ) ;
#595 = EDGE_LOOP ( 'NONE', ( #1276, #1299, #1209, #1031 ) ) ;
#596 = CARTESIAN_POINT ( 'NONE',  ( -1.674999999999999800, 0.2499999999999998300, 0.3125000000000000000 ) ) ;
#597 = FACE_OUTER_BOUND ( 'NONE', #914, .T. ) ;
#598 = AXIS2_PLACEMENT_3D ( 'NONE', #170, #176, #1165 ) ;
#599 = CARTESIAN_POINT ( 'NONE',  ( -0.7762579355318522900, -0.3098247174747367200, 0.7387579355318530900 ) ) ;
#600 = DIRECTION ( 'NONE',  ( 0.0000000000000000000, 1.000000000000000000, -0.0000000000000000000 ) ) ;
#601 = EDGE_CURVE ( 'NONE', #1437, #338, #696, .T. ) ;
#602 = CARTESIAN_POINT ( 'NONE',  ( 0.0000000000000000000, 1.250000000000000000, 0.0000000000000000000 ) ) ;
#603 = ADVANCED_FACE ( 'NONE', ( #1146 ), #1217, .F. ) ;
#604 = PLANE ( 'NONE',  #905 ) ;
#605 = ORIENTED_EDGE ( 'NONE', *, *, #812, .F. ) ;
#606 = EDGE_LOOP ( 'NONE', ( #864, #757, #941, #107 ) ) ;
#607 = LINE ( 'NONE', #935, #1300 ) ;
#608 = VERTEX_POINT ( 'NONE', #896 ) ;
#609 = FACE_OUTER_BOUND ( 'NONE', #252, .T. ) ;
#610 = AXIS2_PLACEMENT_3D ( 'NONE', #907, #129, #349 ) ;
#611 = EDGE_LOOP ( 'NONE', ( #1207, #215, #977, #425 ) ) ;
#612 = FACE_OUTER_BOUND ( 'NONE', #1032, .T. ) ;
#613 = EDGE_LOOP ( 'NONE', ( #1343, #1231, #1004, #693, #166, #525, #663, #939, #626, #288, #340, #89 ) ) ;
#614 = CARTESIAN_POINT ( 'NONE',  ( -1.276257935531852400, 1.250000000000000000, -0.7387579355318530900 ) ) ;
#615 = CIRCLE ( 'NONE', #922, 0.2999999999999999300 ) ;
#616 = VECTOR ( 'NONE', #462, 1000.000000000000000 ) ;
#617 = EDGE_CURVE ( 'NONE', #42, #773, #1112, .T. ) ;
#618 = MECHANICAL_DESIGN_GEOMETRIC_PRESENTATION_REPRESENTATION (  '', ( #236 ), #1204 ) ;
#619 = CARTESIAN_POINT ( 'NONE',  ( -1.749999999999999800, 0.2500000000000000000, -0.3125000000000000000 ) ) ;
#620 = DIRECTION ( 'NONE',  ( 1.000000000000000000, -8.131516293641262700E-015, 0.0000000000000000000 ) ) ;
#621 = EDGE_CURVE ( 'NONE', #1043, #590, #1057, .T. ) ;
#622 = CARTESIAN_POINT ( 'NONE',  ( -1.337499999999999200, 0.5999999999999999800, -0.8000000000000000400 ) ) ;
#623 = DIRECTION ( 'NONE',  ( 1.000000000000000000, 0.0000000000000000000, 0.0000000000000000000 ) ) ;
#624 = LINE ( 'NONE', #614, #396 ) ;
#625 = ADVANCED_FACE ( 'NONE', ( #192 ), #1353, .T. ) ;
#626 = ORIENTED_EDGE ( 'NONE', *, *, #1382, .F. ) ;
#627 = PLANE ( 'NONE',  #567 ) ;
#628 = FACE_OUTER_BOUND ( 'NONE', #203, .T. ) ;
#629 = VERTEX_POINT ( 'NONE', #1258 ) ;
#630 = VECTOR ( 'NONE', #641, 1000.000000000000100 ) ;
#631 = CARTESIAN_POINT ( 'NONE',  ( 1.674999999999999800, 0.2500000000000004400, 0.3125000000000000000 ) ) ;
#632 = EDGE_LOOP ( 'NONE', ( #1317, #79, #1329, #1324 ) ) ;
#633 = MECHANICAL_DESIGN_GEOMETRIC_PRESENTATION_REPRESENTATION (  '', ( #1293 ), #177 ) ;
#634 = CARTESIAN_POINT ( 'NONE',  ( -0.7762579355318522900, -0.3098247174747367200, 0.7387579355318530900 ) ) ;
#635 = CARTESIAN_POINT ( 'NONE',  ( 1.337500000000000600, 0.5999999999999999800, 0.8000000000000000400 ) ) ;
#636 = ORIENTED_EDGE ( 'NONE', *, *, #1148, .T. ) ;
#637 = ADVANCED_FACE ( 'NONE', ( #1095 ), #574, .F. ) ;
#638 = DIRECTION ( 'NONE',  ( -1.000000000000000000, 0.0000000000000000000, 0.0000000000000000000 ) ) ;
#639 = ORIENTED_EDGE ( 'NONE', *, *, #586, .F. ) ;
#640 = ORIENTED_EDGE ( 'NONE', *, *, #766, .F. ) ;
#641 = DIRECTION ( 'NONE',  ( -0.08682659386424779200, -0.9924325091389669700, -0.08682659386424779200 ) ) ;
#642 = DIRECTION ( 'NONE',  ( 0.08715574274765836000, -0.9961946980917455500, 0.0000000000000000000 ) ) ;
#643 = ORIENTED_EDGE ( 'NONE', *, *, #1068, .F. ) ;
#644 = VERTEX_POINT ( 'NONE', #698 ) ;
#645 = EDGE_CURVE ( 'NONE', #291, #665, #384, .T. ) ;
#646 = LINE ( 'NONE', #1244, #842 ) ;
#647 = VECTOR ( 'NONE', #547, 1000.000000000000000 ) ;
#648 = VERTEX_POINT ( 'NONE', #227 ) ;
#649 = CARTESIAN_POINT ( 'NONE',  ( -0.7762579355318522900, 1.250000000000000000, -0.7387579355318530900 ) ) ;
#650 = VECTOR ( 'NONE', #387, 1000.000000000000000 ) ;
#651 = AXIS2_PLACEMENT_3D ( 'NONE', #858, #529, #638 ) ;
#652 = CARTESIAN_POINT ( 'NONE',  ( 1.499999999999999800, 0.2499999999999999400, -0.3125000000000000000 ) ) ;
#653 = VECTOR ( 'NONE', #1028, 1000.000000000000000 ) ;
#654 = DIRECTION ( 'NONE',  ( -6.159012932666995300E-015, 1.000000000000000000, 0.0000000000000000000 ) ) ;
#655 = CARTESIAN_POINT ( 'NONE',  ( 1.750000000000000000, 0.2500000000000000000, 0.3125000000000000000 ) ) ;
#656 = PRESENTATION_LAYER_ASSIGNMENT (  '', '', ( #509 ) ) ;
#657 = PLANE ( 'NONE',  #22 ) ;
#658 = PLANE ( 'NONE',  #1418 ) ;
#659 = DIRECTION ( 'NONE',  ( -0.0000000000000000000, -1.000000000000000000, -0.0000000000000000000 ) ) ;
#660 = VERTEX_POINT ( 'NONE', #331 ) ;
#661 = LINE ( 'NONE', #393, #64 ) ;
#662 = EDGE_CURVE ( 'NONE', #791, #976, #886, .T. ) ;
#663 = ORIENTED_EDGE ( 'NONE', *, *, #1287, .F. ) ;
#664 = VECTOR ( 'NONE', #865, 1000.000000000000000 ) ;
#665 = VERTEX_POINT ( 'NONE', #5 ) ;
#666 =( NAMED_UNIT ( * ) PLANE_ANGLE_UNIT ( ) SI_UNIT ( $, .RADIAN. ) );
#667 = DIRECTION ( 'NONE',  ( 1.000000000000000000, 0.0000000000000000000, 0.0000000000000000000 ) ) ;
#668 = VERTEX_POINT ( 'NONE', #681 ) ;
#669 = VECTOR ( 'NONE', #427, 1000.000000000000000 ) ;
#670 = EDGE_CURVE ( 'NONE', #686, #29, #853, .T. ) ;
#671 = DIRECTION ( 'NONE',  ( 0.0000000000000000000, 0.0000000000000000000, 1.000000000000000000 ) ) ;
#672 = PRESENTATION_STYLE_ASSIGNMENT (( #1194 ) ) ;
#673 = CARTESIAN_POINT ( 'NONE',  ( -1.322189483882962600, 0.4249999999999999300, 0.3125000000000000000 ) ) ;
#674 = DIRECTION ( 'NONE',  ( -0.0000000000000000000, 0.0000000000000000000, -1.000000000000000000 ) ) ;
#675 = PRODUCT_DEFINITION_CONTEXT ( 'detailed design', #1273, 'design' ) ;
#676 = CARTESIAN_POINT ( 'NONE',  ( 0.0000000000000000000, 1.300000000000000000, 0.0000000000000000000 ) ) ;
#677 = CARTESIAN_POINT ( 'NONE',  ( 1.322189483882962600, 0.4249999999999999300, -0.3125000000000000000 ) ) ;
#678 = CARTESIAN_POINT ( 'NONE',  ( -1.293755668237037200, 0.1000000000000000500, -0.7562556682370379400 ) ) ;
#679 = EDGE_CURVE ( 'NONE', #644, #571, #953, .T. ) ;
#680 = AXIS2_PLACEMENT_3D ( 'NONE', #1323, #404, #1423 ) ;
#681 = CARTESIAN_POINT ( 'NONE',  ( 1.749999999999999800, 4.286263797015736100E-016, 0.3125000000000000000 ) ) ;
#682 = CLOSED_SHELL ( 'NONE', ( #834, #1307, #1226, #1170, #262, #717, #747, #292, #846, #958, #259, #318, #1071, #368 ) ) ;
#683 = DIRECTION ( 'NONE',  ( 0.0000000000000000000, 0.0000000000000000000, -1.000000000000000000 ) ) ;
#684 = AXIS2_PLACEMENT_3D ( 'NONE', #602, #1381, #819 ) ;
#685 = VERTEX_POINT ( 'NONE', #231 ) ;
#686 = VERTEX_POINT ( 'NONE', #459 ) ;
#687 = DIRECTION ( 'NONE',  ( 0.0000000000000000000, -1.000000000000000000, 0.0000000000000000000 ) ) ;
#688 = ORIENTED_EDGE ( 'NONE', *, *, #831, .T. ) ;
#689 = VECTOR ( 'NONE', #159, 1000.000000000000000 ) ;
#690 = ORIENTED_EDGE ( 'NONE', *, *, #1182, .T. ) ;
#691 = VECTOR ( 'NONE', #312, 1000.000000000000000 ) ;
#692 = SURFACE_SIDE_STYLE ('',( #1051 ) ) ;
#693 = ORIENTED_EDGE ( 'NONE', *, *, #815, .F. ) ;
#694 = CARTESIAN_POINT ( 'NONE',  ( -1.276257935531852400, 1.250000000000000000, 0.7387579355318530900 ) ) ;
#695 = LINE ( 'NONE', #155, #1271 ) ;
#696 = LINE ( 'NONE', #1345, #546 ) ;
#697 = CARTESIAN_POINT ( 'NONE',  ( 1.293755668237038600, 0.1000000000000000500, -0.7562556682370379400 ) ) ;
#698 = CARTESIAN_POINT ( 'NONE',  ( -0.7762579355318522900, 1.300000000000000000, -0.7387579355318530900 ) ) ;
#699 = EDGE_CURVE ( 'NONE', #104, #109, #258, .T. ) ;
#700 =( NAMED_UNIT ( * ) PLANE_ANGLE_UNIT ( ) SI_UNIT ( $, .RADIAN. ) );
#701 = ORIENTED_EDGE ( 'NONE', *, *, #1182, .F. ) ;
#702 = ORIENTED_EDGE ( 'NONE', *, *, #645, .F. ) ;
#703 = VERTEX_POINT ( 'NONE', #1138 ) ;
#704 = EDGE_CURVE ( 'NONE', #665, #1358, #798, .T. ) ;
#705 = VERTEX_POINT ( 'NONE', #799 ) ;
#706 = FILL_AREA_STYLE ('',( #822 ) ) ;
#707 = VECTOR ( 'NONE', #995, 1000.000000000000000 ) ;
#708 = CARTESIAN_POINT ( 'NONE',  ( 1.800000000000000000, 0.0000000000000000000, 0.3125000000000000000 ) ) ;
#709 = ORIENTED_EDGE ( 'NONE', *, *, #925, .T. ) ;
#710 = DIRECTION ( 'NONE',  ( 0.08682659386424779200, -0.9924325091389669700, -0.08682659386424779200 ) ) ;
#711 = CARTESIAN_POINT ( 'NONE',  ( -1.337499999999999200, 0.5999999999999999800, 0.8000000000000000400 ) ) ;
#712 = CARTESIAN_POINT ( 'NONE',  ( -1.276257935531852400, 1.300000000000000000, 0.0000000000000000000 ) ) ;
#713 = EDGE_LOOP ( 'NONE', ( #1405, #1338, #164, #1386 ) ) ;
#714 = CARTESIAN_POINT ( 'NONE',  ( 1.337500000000000600, 0.5999999999999999800, 0.8000000000000000400 ) ) ;
#715 = VERTEX_POINT ( 'NONE', #123 ) ;
#716 = ORIENTED_EDGE ( 'NONE', *, *, #357, .T. ) ;
#717 = ADVANCED_FACE ( 'NONE', ( #810 ), #1026, .F. ) ;
#718 = ORIENTED_EDGE ( 'NONE', *, *, #1298, .F. ) ;
#719 = LINE ( 'NONE', #841, #358 ) ;
#720 = CARTESIAN_POINT ( 'NONE',  ( -1.375000000000002200, 0.5999999999999995300, 0.3125000000000000000 ) ) ;
#721 = CIRCLE ( 'NONE', #131, 0.1249999999999998900 ) ;
#722 = PLANE ( 'NONE',  #95 ) ;
#723 = ORIENTED_EDGE ( 'NONE', *, *, #1101, .F. ) ;
#724 = CYLINDRICAL_SURFACE ( 'NONE', #1431, 0.07499999999999998300 ) ;
#725 = EDGE_CURVE ( 'NONE', #371, #773, #1395, .T. ) ;
#726 = VECTOR ( 'NONE', #1327, 1000.000000000000000 ) ;
#727 = DIRECTION ( 'NONE',  ( -0.0000000000000000000, -0.0000000000000000000, -1.000000000000000000 ) ) ;
#728 = ADVANCED_FACE ( 'NONE', ( #869 ), #568, .F. ) ;
#729 = CARTESIAN_POINT ( 'NONE',  ( -1.337499999999999200, 0.5999999999999999800, 0.8000000000000000400 ) ) ;
#730 = EDGE_CURVE ( 'NONE', #778, #660, #1311, .T. ) ;
#731 = DIRECTION ( 'NONE',  ( -0.0000000000000000000, 1.000000000000000000, -0.0000000000000000000 ) ) ;
#732 = CARTESIAN_POINT ( 'NONE',  ( 1.375000000000000000, 0.2999999999999999900, -0.3125000000000000000 ) ) ;
#733 = ORIENTED_EDGE ( 'NONE', *, *, #439, .F. ) ;
#734 = ADVANCED_FACE ( 'NONE', ( #478 ), #365, .F. ) ;
#735 = PLANE ( 'NONE',  #145 ) ;
#736 = ORIENTED_EDGE ( 'NONE', *, *, #1377, .T. ) ;
#737 = ORIENTED_EDGE ( 'NONE', *, *, #1203, .T. ) ;
#738 = ORIENTED_EDGE ( 'NONE', *, *, #205, .F. ) ;
#739 = EDGE_LOOP ( 'NONE', ( #1270, #605, #524, #1190 ) ) ;
#740 = CARTESIAN_POINT ( 'NONE',  ( 1.375000000000002200, 0.5999999999999998700, 0.3125000000000000000 ) ) ;
#741 = FACE_OUTER_BOUND ( 'NONE', #613, .T. ) ;
#742 = PRODUCT_DEFINITION ( 'UNKNOWN', '', #147, #675 ) ;
#743 = ORIENTED_EDGE ( 'NONE', *, *, #670, .T. ) ;
#744 = LINE ( 'NONE', #649, #1158 ) ;
#745 = CARTESIAN_POINT ( 'NONE',  ( -1.276257935531852400, -0.3098247174747367200, 0.7387579355318530900 ) ) ;
#746 = EDGE_CURVE ( 'NONE', #557, #773, #422, .T. ) ;
#747 = ADVANCED_FACE ( 'NONE', ( #1363 ), #580, .F. ) ;
#748 = LINE ( 'NONE', #101, #476 ) ;
#749 = CARTESIAN_POINT ( 'NONE',  ( -1.749999999999999800, 0.2500000000000000000, -0.3125000000000000000 ) ) ;
#750 = LINE ( 'NONE', #936, #441 ) ;
#751 = CARTESIAN_POINT ( 'NONE',  ( -1.375000000000000000, 0.2999999999999996600, 0.3125000000000000000 ) ) ;
#752 = EDGE_CURVE ( 'NONE', #1282, #409, #562, .T. ) ;
#753 = CARTESIAN_POINT ( 'NONE',  ( 1.750000000000000000, 0.2500000000000000000, 0.3125000000000000000 ) ) ;
#754 = DIRECTION ( 'NONE',  ( -1.000000000000000000, 0.0000000000000000000, 0.0000000000000000000 ) ) ;
#755 = ADVANCED_FACE ( 'NONE', ( #128 ), #248, .T. ) ;
#756 = CARTESIAN_POINT ( 'NONE',  ( 1.674999999999999800, 0.2500000000000004400, -0.3125000000000000000 ) ) ;
#757 = ORIENTED_EDGE ( 'NONE', *, *, #800, .F. ) ;
#758 = EDGE_CURVE ( 'NONE', #395, #450, #1448, .T. ) ;
#759 = AXIS2_PLACEMENT_3D ( 'NONE', #328, #667, #1239 ) ;
#760 = ORIENTED_EDGE ( 'NONE', *, *, #1331, .T. ) ;
#761 = DIRECTION ( 'NONE',  ( 0.0000000000000000000, 0.0000000000000000000, 1.000000000000000000 ) ) ;
#762 = LINE ( 'NONE', #712, #1281 ) ;
#763 = ORIENTED_EDGE ( 'NONE', *, *, #983, .T. ) ;
#764 = DIRECTION ( 'NONE',  ( -0.0000000000000000000, -0.0000000000000000000, -1.000000000000000000 ) ) ;
#765 = FILL_AREA_STYLE_COLOUR ( '', #364 ) ;
#766 = EDGE_CURVE ( 'NONE', #1354, #226, #207, .T. ) ;
#767 = DIRECTION ( 'NONE',  ( 1.000000000000000000, 0.0000000000000000000, -0.0000000000000000000 ) ) ;
#768 = LINE ( 'NONE', #993, #92 ) ;
#769 = DIRECTION ( 'NONE',  ( -0.0000000000000000000, -0.0000000000000000000, -1.000000000000000000 ) ) ;
#770 = DIRECTION ( 'NONE',  ( -0.0000000000000000000, -1.000000000000000000, -0.0000000000000000000 ) ) ;
#771 = AXIS2_PLACEMENT_3D ( 'NONE', #197, #299, #1003 ) ;
#772 = PLANE ( 'NONE',  #261 ) ;
#773 = VERTEX_POINT ( 'NONE', #714 ) ;
#774 = CARTESIAN_POINT ( 'NONE',  ( 1.800000000000000000, 0.0000000000000000000, -0.3125000000000000000 ) ) ;
#775 = EDGE_CURVE ( 'NONE', #608, #371, #579, .T. ) ;
#776 = ORIENTED_EDGE ( 'NONE', *, *, #1127, .T. ) ;
#777 = ORIENTED_EDGE ( 'NONE', *, *, #1336, .T. ) ;
#778 = VERTEX_POINT ( 'NONE', #1044 ) ;
#779 = EDGE_CURVE ( 'NONE', #148, #1136, #1039, .T. ) ;
#780 = CARTESIAN_POINT ( 'NONE',  ( 1.375000000000000000, 0.2999999999999999900, 0.3125000000000000000 ) ) ;
#781 = LINE ( 'NONE', #1122, #707 ) ;
#782 = VERTEX_POINT ( 'NONE', #1157 ) ;
#783 = CARTESIAN_POINT ( 'NONE',  ( 1.800000000000000000, 0.1750000000000000200, 0.3125000000000000000 ) ) ;
#784 = LINE ( 'NONE', #1319, #545 ) ;
#785 = AXIS2_PLACEMENT_3D ( 'NONE', #924, #46, #585 ) ;
#786 = PLANE ( 'NONE',  #37 ) ;
#787 = LINE ( 'NONE', #1332, #513 ) ;
#788 = CARTESIAN_POINT ( 'NONE',  ( -1.674999999999999800, 0.2999999999999996600, 0.3125000000000000000 ) ) ;
#789 = DIRECTION ( 'NONE',  ( -0.08715574274765775000, 0.9961946980917455500, 0.0000000000000000000 ) ) ;
#790 = DIRECTION ( 'NONE',  ( -0.0000000000000000000, -0.0000000000000000000, -1.000000000000000000 ) ) ;
#791 = VERTEX_POINT ( 'NONE', #583 ) ;
#792 = ORIENTED_EDGE ( 'NONE', *, *, #730, .F. ) ;
#793 = FACE_OUTER_BOUND ( 'NONE', #1153, .T. ) ;
#794 = EDGE_LOOP ( 'NONE', ( #503, #359, #1359, #1318 ) ) ;
#795 = VECTOR ( 'NONE', #446, 1000.000000000000000 ) ;
#796 = CARTESIAN_POINT ( 'NONE',  ( -1.749999999999999800, 0.0000000000000000000, 0.3125000000000000000 ) ) ;
#797 = LINE ( 'NONE', #87, #224 ) ;
#798 = LINE ( 'NONE', #796, #616 ) ;
#799 = CARTESIAN_POINT ( 'NONE',  ( 1.337499999999999200, 0.5999999999999999800, -0.3125000000000000000 ) ) ;
#800 = EDGE_CURVE ( 'NONE', #1120, #1340, #750, .T. ) ;
#801 = AXIS2_PLACEMENT_3D ( 'NONE', #1302, #1186, #1200 ) ;
#802 = AXIS2_PLACEMENT_3D ( 'NONE', #619, #55, #385 ) ;
#803 = ORIENTED_EDGE ( 'NONE', *, *, #344, .F. ) ;
#804 = LINE ( 'NONE', #1008, #588 ) ;
#805 = CARTESIAN_POINT ( 'NONE',  ( 1.317333556449471500, 0.3694964954567663300, 0.7798335564494707200 ) ) ;
#806 = ORIENTED_EDGE ( 'NONE', *, *, #949, .T. ) ;
#807 = FACE_OUTER_BOUND ( 'NONE', #587, .T. ) ;
#808 = LINE ( 'NONE', #240, #45 ) ;
#809 = LINE ( 'NONE', #98, #201 ) ;
#810 = FACE_OUTER_BOUND ( 'NONE', #184, .T. ) ;
#811 = CARTESIAN_POINT ( 'NONE',  ( 1.749999999999999800, 4.286263797015736100E-016, -0.3125000000000000000 ) ) ;
#812 = EDGE_CURVE ( 'NONE', #1389, #778, #174, .T. ) ;
#813 =( NAMED_UNIT ( * ) PLANE_ANGLE_UNIT ( ) SI_UNIT ( $, .RADIAN. ) );
#814 = MANIFOLD_SOLID_BREP ( 'Boss-Extrude2[1]', #1247 ) ;
#815 = EDGE_CURVE ( 'NONE', #409, #1168, #456, .T. ) ;
#816 = DIRECTION ( 'NONE',  ( 1.156482317317778000E-014, -1.000000000000000000, 0.0000000000000000000 ) ) ;
#817 = CLOSED_SHELL ( 'NONE', ( #397, #860, #954, #855, #637, #625, #1288, #969, #32, #755, #603, #1062, #1055, #1406, #38 ) ) ;
#818 = ORIENTED_EDGE ( 'NONE', *, *, #363, .T. ) ;
#819 = DIRECTION ( 'NONE',  ( 0.0000000000000000000, -0.0000000000000000000, 1.000000000000000000 ) ) ;
#820 = ORIENTED_EDGE ( 'NONE', *, *, #752, .T. ) ;
#821 = VERTEX_POINT ( 'NONE', #1149 ) ;
#822 = FILL_AREA_STYLE_COLOUR ( '', #1125 ) ;
#823 = VERTEX_POINT ( 'NONE', #938 ) ;
#824 = EDGE_CURVE ( 'NONE', #1358, #484, #1253, .T. ) ;
#825 =( GEOMETRIC_REPRESENTATION_CONTEXT ( 3 ) GLOBAL_UNCERTAINTY_ASSIGNED_CONTEXT ( ( #400 ) ) GLOBAL_UNIT_ASSIGNED_CONTEXT ( ( #21, #813, #142 ) ) REPRESENTATION_CONTEXT ( 'NONE', 'WORKASPACE' ) );
#826 = PRODUCT_CONTEXT ( 'NONE', #565, 'mechanical' ) ;
#827 = DIRECTION ( 'NONE',  ( 0.0000000000000000000, -0.0000000000000000000, -1.000000000000000000 ) ) ;
#828 = ADVANCED_FACE ( 'NONE', ( #273 ), #353, .F. ) ;
#829 = VECTOR ( 'NONE', #31, 1000.000000000000000 ) ;
#830 = VERTEX_POINT ( 'NONE', #500 ) ;
#831 = EDGE_CURVE ( 'NONE', #338, #140, #1326, .T. ) ;
#832 = CARTESIAN_POINT ( 'NONE',  ( 0.0000000000000000000, 1.300000000000000000, 0.0000000000000000000 ) ) ;
#833 = DIRECTION ( 'NONE',  ( -8.131516293641262700E-015, -1.000000000000000000, 0.0000000000000000000 ) ) ;
#834 = ADVANCED_FACE ( 'NONE', ( #1 ), #604, .F. ) ;
#835 = DIRECTION ( 'NONE',  ( 0.0000000000000000000, 0.0000000000000000000, 1.000000000000000000 ) ) ;
#836 = ORIENTED_EDGE ( 'NONE', *, *, #1451, .F. ) ;
#837 = DIRECTION ( 'NONE',  ( 0.0000000000000000000, 0.9961946980917455500, 0.08715574274765836000 ) ) ;
#838 = VERTEX_POINT ( 'NONE', #63 ) ;
#839 = ORIENTED_EDGE ( 'NONE', *, *, #444, .T. ) ;
#840 = EDGE_LOOP ( 'NONE', ( #469, #777, #999, #1093 ) ) ;
#841 = CARTESIAN_POINT ( 'NONE',  ( 1.800000000000000000, 0.1750000000000000200, -0.3125000000000000000 ) ) ;
#842 = VECTOR ( 'NONE', #332, 1000.000000000000000 ) ;
#843 = VECTOR ( 'NONE', #1337, 1000.000000000000000 ) ;
#844 = VERTEX_POINT ( 'NONE', #1408 ) ;
#845 = EDGE_CURVE ( 'NONE', #148, #140, #934, .T. ) ;
#846 = ADVANCED_FACE ( 'NONE', ( #189 ), #1185, .F. ) ;
#847 = FACE_OUTER_BOUND ( 'NONE', #1086, .T. ) ;
#848 = DIRECTION ( 'NONE',  ( 1.000000000000000000, 0.0000000000000000000, 0.0000000000000000000 ) ) ;
#849 = CLOSED_SHELL ( 'NONE', ( #180, #492, #195, #388, #57, #1187 ) ) ;
#850 = CYLINDRICAL_SURFACE ( 'NONE', #1278, 0.2500000000000000000 ) ;
#851 = DIRECTION ( 'NONE',  ( -0.0000000000000000000, -0.0000000000000000000, -1.000000000000000000 ) ) ;
#852 = EDGE_CURVE ( 'NONE', #1000, #778, #1161, .T. ) ;
#853 = CIRCLE ( 'NONE', #1073, 0.07499999999999998300 ) ;
#854 = CARTESIAN_POINT ( 'NONE',  ( -1.749999999999999800, 0.2500000000000000000, 0.3125000000000000000 ) ) ;
#855 = ADVANCED_FACE ( 'NONE', ( #1009 ), #48, .T. ) ;
#856 = DIRECTION ( 'NONE',  ( 0.08682659386424779200, 0.9924325091389669700, -0.08682659386424779200 ) ) ;
#857 = CARTESIAN_POINT ( 'NONE',  ( 1.375000000000000000, 0.2999999999999999900, 0.3125000000000000000 ) ) ;
#858 = CARTESIAN_POINT ( 'NONE',  ( 1.750000000000000000, 0.2500000000000000000, -0.3125000000000000000 ) ) ;
#859 = ORIENTED_EDGE ( 'NONE', *, *, #1101, .T. ) ;
#860 = ADVANCED_FACE ( 'NONE', ( #154 ), #722, .T. ) ;
#861 = ORIENTED_EDGE ( 'NONE', *, *, #601, .F. ) ;
#862 =( NAMED_UNIT ( * ) SI_UNIT ( $, .STERADIAN. ) SOLID_ANGLE_UNIT ( ) );
#863 = LINE ( 'NONE', #536, #237 ) ;
#864 = ORIENTED_EDGE ( 'NONE', *, *, #230, .F. ) ;
#865 = DIRECTION ( 'NONE',  ( 0.0000000000000000000, -1.000000000000000000, 0.0000000000000000000 ) ) ;
#866 = DIRECTION ( 'NONE',  ( -0.0000000000000000000, -0.0000000000000000000, -1.000000000000000000 ) ) ;
#867 = FACE_OUTER_BOUND ( 'NONE', #611, .T. ) ;
#868 = CARTESIAN_POINT ( 'NONE',  ( 1.674999999999999800, 0.3000000000000001000, -0.3125000000000000000 ) ) ;
#869 = FACE_OUTER_BOUND ( 'NONE', #1457, .T. ) ;
#870 = CARTESIAN_POINT ( 'NONE',  ( 1.750000000000000000, 0.2500000000000000000, 0.3125000000000000000 ) ) ;
#871 = CARTESIAN_POINT ( 'NONE',  ( -0.7762579355318522900, 1.300000000000000000, 0.7387579355318530900 ) ) ;
#872 = DIRECTION ( 'NONE',  ( 0.0000000000000000000, -0.9961946980917455500, -0.08715574274765836000 ) ) ;
#873 =( NAMED_UNIT ( * ) PLANE_ANGLE_UNIT ( ) SI_UNIT ( $, .RADIAN. ) );
#874 = EDGE_CURVE ( 'NONE', #629, #410, #695, .T. ) ;
#875 = ORIENTED_EDGE ( 'NONE', *, *, #1040, .F. ) ;
#876 = DIRECTION ( 'NONE',  ( 0.0000000000000000000, 0.0000000000000000000, 1.000000000000000000 ) ) ;
#877 = ORIENTED_EDGE ( 'NONE', *, *, #308, .T. ) ;
#878 = LINE ( 'NONE', #599, #570 ) ;
#879 = EDGE_LOOP ( 'NONE', ( #1370, #1249, #1135, #910 ) ) ;
#880 = LINE ( 'NONE', #289, #664 ) ;
#881 = DIRECTION ( 'NONE',  ( -1.000000000000000000, 0.0000000000000000000, 0.0000000000000000000 ) ) ;
#882 = EDGE_CURVE ( 'NONE', #1282, #668, #952, .T. ) ;
#883 = ORIENTED_EDGE ( 'NONE', *, *, #890, .T. ) ;
#884 = CARTESIAN_POINT ( 'NONE',  ( -0.7762579355318522900, -0.3098247174747367200, -0.7387579355318530900 ) ) ;
#885 = VECTOR ( 'NONE', #284, 1000.000000000000000 ) ;
#886 = CIRCLE ( 'NONE', #1224, 0.07499999999999998300 ) ;
#887 = DIRECTION ( 'NONE',  ( -1.000000000000000000, -6.159012932666995300E-015, 0.0000000000000000000 ) ) ;
#888 = DIRECTION ( 'NONE',  ( 0.0000000000000000000, 1.000000000000000000, 0.0000000000000000000 ) ) ;
#889 = CARTESIAN_POINT ( 'NONE',  ( -0.7762579355318522900, 1.250000000000000000, -0.7387579355318530900 ) ) ;
#890 = EDGE_CURVE ( 'NONE', #104, #1282, #347, .T. ) ;
#891 = ORIENTED_EDGE ( 'NONE', *, *, #704, .T. ) ;
#892 = CARTESIAN_POINT ( 'NONE',  ( -1.800000000000000000, 0.1750000000000000200, 0.3125000000000000000 ) ) ;
#893 = FACE_OUTER_BOUND ( 'NONE', #1087, .T. ) ;
#894 = VERTEX_POINT ( 'NONE', #269 ) ;
#895 = EDGE_CURVE ( 'NONE', #395, #1060, #527, .T. ) ;
#896 = CARTESIAN_POINT ( 'NONE',  ( -1.276257935531852400, 1.300000000000000000, 0.7387579355318530900 ) ) ;
#897 = VERTEX_POINT ( 'NONE', #1077 ) ;
#898 = CYLINDRICAL_SURFACE ( 'NONE', #533, 0.07499999999999998300 ) ;
#899 = VERTEX_POINT ( 'NONE', #1063 ) ;
#900 = CARTESIAN_POINT ( 'NONE',  ( 1.800000000000000000, 0.1750000000000000200, 0.3125000000000000000 ) ) ;
#901 = DIRECTION ( 'NONE',  ( 1.000000000000000000, 0.0000000000000000000, 0.0000000000000000000 ) ) ;
#902 = CARTESIAN_POINT ( 'NONE',  ( -1.800000000000000000, 0.1750000000000000200, -0.3125000000000000000 ) ) ;
#903 = PLANE ( 'NONE',  #352 ) ;
#904 = EDGE_CURVE ( 'NONE', #83, #428, #578, .T. ) ;
#905 = AXIS2_PLACEMENT_3D ( 'NONE', #1059, #833, #620 ) ;
#906 = CARTESIAN_POINT ( 'NONE',  ( -1.800000000000000000, 0.0000000000000000000, 0.3125000000000000000 ) ) ;
#907 = CARTESIAN_POINT ( 'NONE',  ( 0.0000000000000000000, 0.0000000000000000000, 0.0000000000000000000 ) ) ;
#908 = EDGE_CURVE ( 'NONE', #715, #823, #615, .T. ) ;
#909 = ORIENTED_EDGE ( 'NONE', *, *, #996, .T. ) ;
#910 = ORIENTED_EDGE ( 'NONE', *, *, #58, .T. ) ;
#911 = ORIENTED_EDGE ( 'NONE', *, *, #386, .T. ) ;
#912 = ORIENTED_EDGE ( 'NONE', *, *, #921, .T. ) ;
#913 = DIRECTION ( 'NONE',  ( -0.0000000000000000000, -0.0000000000000000000, -1.000000000000000000 ) ) ;
#914 = EDGE_LOOP ( 'NONE', ( #537, #931, #285, #1372 ) ) ;
#915 = CARTESIAN_POINT ( 'NONE',  ( -0.7762579355318522900, 1.300000000000000000, -0.7387579355318530900 ) ) ;
#916 = FACE_OUTER_BOUND ( 'NONE', #1007, .T. ) ;
#917 = VECTOR ( 'NONE', #520, 1000.000000000000000 ) ;
#918 =( NAMED_UNIT ( * ) SI_UNIT ( $, .STERADIAN. ) SOLID_ANGLE_UNIT ( ) );
#919 = LINE ( 'NONE', #884, #1328 ) ;
#920 = EDGE_CURVE ( 'NONE', #1236, #557, #797, .T. ) ;
#921 = EDGE_CURVE ( 'NONE', #1246, #291, #112, .T. ) ;
#922 = AXIS2_PLACEMENT_3D ( 'NONE', #408, #1097, #754 ) ;
#923 = MANIFOLD_SOLID_BREP ( 'Boss-Extrude2[2]', #682 ) ;
#924 = CARTESIAN_POINT ( 'NONE',  ( -1.337499999999999200, 0.5999999999999999800, -0.8000000000000000400 ) ) ;
#925 = EDGE_CURVE ( 'NONE', #899, #791, #1022, .T. ) ;
#926 = VERTEX_POINT ( 'NONE', #631 ) ;
#927 = FACE_OUTER_BOUND ( 'NONE', #1167, .T. ) ;
#928 = ORIENTED_EDGE ( 'NONE', *, *, #1173, .T. ) ;
#929 = LINE ( 'NONE', #354, #1176 ) ;
#930 = EDGE_LOOP ( 'NONE', ( #776, #592, #26, #117 ) ) ;
#931 = ORIENTED_EDGE ( 'NONE', *, *, #18, .F. ) ;
#932 = VECTOR ( 'NONE', #1229, 1000.000000000000000 ) ;
#933 = CARTESIAN_POINT ( 'NONE',  ( 0.0000000000000000000, 0.1000000000000000500, 0.0000000000000000000 ) ) ;
#934 = LINE ( 'NONE', #740, #1289 ) ;
#935 = CARTESIAN_POINT ( 'NONE',  ( -1.749999999999999800, 0.1750000000000000200, 0.3125000000000000000 ) ) ;
#936 = CARTESIAN_POINT ( 'NONE',  ( -1.337499999999999200, 0.5999999999999999800, -0.8000000000000000400 ) ) ;
#937 = DIRECTION ( 'NONE',  ( -0.0000000000000000000, -0.0000000000000000000, 1.000000000000000000 ) ) ;
#938 = CARTESIAN_POINT ( 'NONE',  ( -1.674999999999999800, 0.2999999999999996600, -0.3125000000000000000 ) ) ;
#939 = ORIENTED_EDGE ( 'NONE', *, *, #1331, .F. ) ;
#940 = ORIENTED_EDGE ( 'NONE', *, *, #895, .F. ) ;
#941 = ORIENTED_EDGE ( 'NONE', *, *, #394, .T. ) ;
#942 = ADVANCED_FACE ( 'NONE', ( #597 ), #724, .F. ) ;
#943 = ORIENTED_EDGE ( 'NONE', *, *, #956, .F. ) ;
#944 = DIRECTION ( 'NONE',  ( -0.0000000000000000000, 1.000000000000000000, -0.0000000000000000000 ) ) ;
#945 = LINE ( 'NONE', #20, #689 ) ;
#946 = ORIENTED_EDGE ( 'NONE', *, *, #852, .F. ) ;
#947 = LINE ( 'NONE', #426, #647 ) ;
#948 = SURFACE_STYLE_USAGE ( .BOTH. , #1380 ) ;
#949 = EDGE_CURVE ( 'NONE', #844, #65, #126, .T. ) ;
#950 = AXIS2_PLACEMENT_3D ( 'NONE', #1351, #671, #321 ) ;
#951 = CARTESIAN_POINT ( 'NONE',  ( -1.322189483882962600, 0.4249999999999999300, -0.3125000000000000000 ) ) ;
#952 = CIRCLE ( 'NONE', #448, 0.2500000000000000000 ) ;
#953 = LINE ( 'NONE', #915, #653 ) ;
#954 = ADVANCED_FACE ( 'NONE', ( #867 ), #772, .T. ) ;
#955 = DIRECTION ( 'NONE',  ( -1.000000000000000000, 8.131516293641262700E-015, 0.0000000000000000000 ) ) ;
#956 = EDGE_CURVE ( 'NONE', #374, #535, #1199, .T. ) ;
#957 = CARTESIAN_POINT ( 'NONE',  ( -0.7762579355318522900, -0.3098247174747367200, 0.7387579355318530900 ) ) ;
#958 = ADVANCED_FACE ( 'NONE', ( #1414 ), #850, .T. ) ;
#959 = CARTESIAN_POINT ( 'NONE',  ( -1.337499999999999200, 0.5999999999999999800, -0.8000000000000000400 ) ) ;
#960 = EDGE_LOOP ( 'NONE', ( #200, #8, #998, #1462 ) ) ;
#961 = VECTOR ( 'NONE', #169, 1000.000000000000000 ) ;
#962 = ORIENTED_EDGE ( 'NONE', *, *, #679, .T. ) ;
#963 = DIRECTION ( 'NONE',  ( 0.0000000000000000000, -0.0000000000000000000, 1.000000000000000000 ) ) ;
#964 = DIRECTION ( 'NONE',  ( 0.0000000000000000000, 0.0000000000000000000, 1.000000000000000000 ) ) ;
#965 = ORIENTED_EDGE ( 'NONE', *, *, #194, .F. ) ;
#966 = LINE ( 'NONE', #783, #932 ) ;
#967 = DIRECTION ( 'NONE',  ( 0.0000000000000000000, 0.0000000000000000000, -1.000000000000000000 ) ) ;
#968 = ORIENTED_EDGE ( 'NONE', *, *, #725, .T. ) ;
#969 = ADVANCED_FACE ( 'NONE', ( #30 ), #71, .T. ) ;
#970 = EDGE_CURVE ( 'NONE', #1422, #686, #784, .T. ) ;
#971 = CARTESIAN_POINT ( 'NONE',  ( -1.800000000000000000, 0.1750000000000000200, 0.3125000000000000000 ) ) ;
#972 = DIRECTION ( 'NONE',  ( 0.0000000000000000000, 1.000000000000000000, 0.0000000000000000000 ) ) ;
#973 = DIRECTION ( 'NONE',  ( -1.000000000000000000, 0.0000000000000000000, 0.0000000000000000000 ) ) ;
#974 = EDGE_CURVE ( 'NONE', #65, #715, #1376, .T. ) ;
#975 = CARTESIAN_POINT ( 'NONE',  ( 1.337500000000000600, 0.5999999999999999800, -0.8000000000000000400 ) ) ;
#976 = VERTEX_POINT ( 'NONE', #756 ) ;
#977 = ORIENTED_EDGE ( 'NONE', *, *, #94, .F. ) ;
#978 = ORIENTED_EDGE ( 'NONE', *, *, #779, .F. ) ;
#979 = DIRECTION ( 'NONE',  ( -0.08715574274765775000, -0.9961946980917455500, -0.0000000000000000000 ) ) ;
#980 = DIRECTION ( 'NONE',  ( -0.0000000000000000000, -0.0000000000000000000, -1.000000000000000000 ) ) ;
#981 = CIRCLE ( 'NONE', #802, 0.07499999999999998300 ) ;
#982 = ORIENTED_EDGE ( 'NONE', *, *, #617, .F. ) ;
#983 = EDGE_CURVE ( 'NONE', #1246, #590, #1038, .T. ) ;
#984 = COLOUR_RGB ( '',1.000000000000000000, 1.000000000000000000, 1.000000000000000000 ) ;
#985 = CARTESIAN_POINT ( 'NONE',  ( -1.322189483882962600, 0.4249999999999999300, 0.3125000000000000000 ) ) ;
#986 = ORIENTED_EDGE ( 'NONE', *, *, #758, .F. ) ;
#987 = LINE ( 'NONE', #213, #1021 ) ;
#988 = ORIENTED_EDGE ( 'NONE', *, *, #679, .F. ) ;
#989 = DIRECTION ( 'NONE',  ( 1.000000000000000000, 0.0000000000000000000, 0.0000000000000000000 ) ) ;
#990 = LINE ( 'NONE', #997, #1257 ) ;
#991 = PRESENTATION_LAYER_ASSIGNMENT (  '', '', ( #1293 ) ) ;
#992 = CARTESIAN_POINT ( 'NONE',  ( -1.276257935531852400, 1.250000000000000000, -0.7387579355318530900 ) ) ;
#993 = CARTESIAN_POINT ( 'NONE',  ( 1.322189483882962600, 0.4249999999999999300, 0.3125000000000000000 ) ) ;
#994 = EDGE_CURVE ( 'NONE', #773, #450, #512, .T. ) ;
#995 = DIRECTION ( 'NONE',  ( -0.0000000000000000000, -0.0000000000000000000, -1.000000000000000000 ) ) ;
#996 = EDGE_CURVE ( 'NONE', #897, #1060, #438, .T. ) ;
#997 = CARTESIAN_POINT ( 'NONE',  ( -1.674999999999999800, 0.2499999999999998300, 0.3125000000000000000 ) ) ;
#998 = ORIENTED_EDGE ( 'NONE', *, *, #970, .F. ) ;
#999 = ORIENTED_EDGE ( 'NONE', *, *, #473, .T. ) ;
#1000 = VERTEX_POINT ( 'NONE', #209 ) ;
#1001 = VECTOR ( 'NONE', #1126, 1000.000000000000000 ) ;
#1002 = LINE ( 'NONE', #1094, #105 ) ;
#1003 = DIRECTION ( 'NONE',  ( 0.0000000000000000000, 0.0000000000000000000, 1.000000000000000000 ) ) ;
#1004 = ORIENTED_EDGE ( 'NONE', *, *, #518, .F. ) ;
#1005 = LINE ( 'NONE', #1356, #669 ) ;
#1006 = AXIS2_PLACEMENT_3D ( 'NONE', #745, #1404, #59 ) ;
#1007 = EDGE_LOOP ( 'NONE', ( #688, #487, #41, #421 ) ) ;
#1008 = CARTESIAN_POINT ( 'NONE',  ( -1.674999999999999800, 0.2499999999999998300, -0.3125000000000000000 ) ) ;
#1009 = FACE_OUTER_BOUND ( 'NONE', #218, .T. ) ;
#1010 = CARTESIAN_POINT ( 'NONE',  ( -1.337499999999999200, 0.5999999999999999800, -0.8000000000000000400 ) ) ;
#1011 = DIRECTION ( 'NONE',  ( -0.0000000000000000000, -0.0000000000000000000, -1.000000000000000000 ) ) ;
#1012 = PRODUCT_RELATED_PRODUCT_CATEGORY ( 'part', '', ( #501 ) ) ;
#1013 = DIRECTION ( 'NONE',  ( 0.0000000000000000000, -0.0000000000000000000, 1.000000000000000000 ) ) ;
#1014 = DIRECTION ( 'NONE',  ( -1.000000000000000000, 0.0000000000000000000, -0.0000000000000000000 ) ) ;
#1015 = ORIENTED_EDGE ( 'NONE', *, *, #970, .T. ) ;
#1016 = ORIENTED_EDGE ( 'NONE', *, *, #264, .T. ) ;
#1017 = ORIENTED_EDGE ( 'NONE', *, *, #544, .T. ) ;
#1018 = ORIENTED_EDGE ( 'NONE', *, *, #725, .F. ) ;
#1019 = VERTEX_POINT ( 'NONE', #541 ) ;
#1020 = EDGE_CURVE ( 'NONE', #1422, #823, #172, .T. ) ;
#1021 = VECTOR ( 'NONE', #548, 1000.000000000000000 ) ;
#1022 = LINE ( 'NONE', #531, #885 ) ;
#1023 = VECTOR ( 'NONE', #482, 1000.000000000000000 ) ;
#1024 = PLANE ( 'NONE',  #555 ) ;
#1025 = EDGE_CURVE ( 'NONE', #502, #894, #1163, .T. ) ;
#1026 = PLANE ( 'NONE',  #1313 ) ;
#1027 = ORIENTED_EDGE ( 'NONE', *, *, #1203, .F. ) ;
#1028 = DIRECTION ( 'NONE',  ( -1.000000000000000000, 0.0000000000000000000, 0.0000000000000000000 ) ) ;
#1029 = PLANE ( 'NONE',  #69 ) ;
#1030 = ORIENTED_EDGE ( 'NONE', *, *, #210, .F. ) ;
#1031 = ORIENTED_EDGE ( 'NONE', *, *, #36, .F. ) ;
#1032 = EDGE_LOOP ( 'NONE', ( #373, #965, #433, #909 ) ) ;
#1033 = VECTOR ( 'NONE', #1088, 1000.000000000000000 ) ;
#1034 = ORIENTED_EDGE ( 'NONE', *, *, #920, .F. ) ;
#1035 = CARTESIAN_POINT ( 'NONE',  ( 1.375000000000002200, 0.5999999999999998700, 0.3125000000000000000 ) ) ;
#1036 = FACE_OUTER_BOUND ( 'NONE', #268, .T. ) ;
#1037 = CARTESIAN_POINT ( 'NONE',  ( 1.800000000000000000, 0.0000000000000000000, 0.3125000000000000000 ) ) ;
#1038 = LINE ( 'NONE', #971, #1111 ) ;
#1039 = LINE ( 'NONE', #1035, #829 ) ;
#1040 = EDGE_CURVE ( 'NONE', #926, #1437, #748, .T. ) ;
#1041 = DIRECTION ( 'NONE',  ( 1.000000000000000000, 1.156482317317778000E-014, 0.0000000000000000000 ) ) ;
#1042 = CARTESIAN_POINT ( 'NONE',  ( -1.337499999999999200, 0.5999999999999999800, 0.3125000000000000000 ) ) ;
#1043 = VERTEX_POINT ( 'NONE', #320 ) ;
#1044 = CARTESIAN_POINT ( 'NONE',  ( -1.375000000000000000, 0.4249999999999996000, -0.3125000000000000000 ) ) ;
#1045 = ORIENTED_EDGE ( 'NONE', *, *, #566, .T. ) ;
#1046 = ORIENTED_EDGE ( 'NONE', *, *, #874, .T. ) ;
#1047 = LINE ( 'NONE', #485, #1137 ) ;
#1048 = ORIENTED_EDGE ( 'NONE', *, *, #704, .F. ) ;
#1049 = EDGE_CURVE ( 'NONE', #428, #360, #809, .T. ) ;
#1050 = STYLED_ITEM ( 'NONE', ( #1056 ), #814 ) ;
#1051 = SURFACE_STYLE_FILL_AREA ( #1242 ) ;
#1052 = CARTESIAN_POINT ( 'NONE',  ( -0.7762579355318522900, 1.250000000000000000, 0.7387579355318530900 ) ) ;
#1053 = DIRECTION ( 'NONE',  ( -1.000000000000000000, 0.0000000000000000000, 0.0000000000000000000 ) ) ;
#1054 = VERTEX_POINT ( 'NONE', #217 ) ;
#1055 = ADVANCED_FACE ( 'NONE', ( #1178 ), #1350, .F. ) ;
#1056 = PRESENTATION_STYLE_ASSIGNMENT (( #488 ) ) ;
#1057 = LINE ( 'NONE', #902, #1428 ) ;
#1058 = ORIENTED_EDGE ( 'NONE', *, *, #335, .F. ) ;
#1059 = CARTESIAN_POINT ( 'NONE',  ( 1.800000000000000000, 0.1750000000000000200, 0.3125000000000000000 ) ) ;
#1060 = VERTEX_POINT ( 'NONE', #2 ) ;
#1061 = CARTESIAN_POINT ( 'NONE',  ( 1.375000000000002200, 0.5999999999999998700, -0.3125000000000000000 ) ) ;
#1062 = ADVANCED_FACE ( 'NONE', ( #612 ), #556, .F. ) ;
#1063 = CARTESIAN_POINT ( 'NONE',  ( 1.749999999999999800, 0.1750000000000001300, 0.3125000000000000000 ) ) ;
#1064 = EDGE_LOOP ( 'NONE', ( #1403, #1147, #24, #962 ) ) ;
#1065 = DIRECTION ( 'NONE',  ( 1.000000000000000000, -2.891205793294445100E-015, 0.0000000000000000000 ) ) ;
#1066 = DIRECTION ( 'NONE',  ( 1.000000000000000000, -0.0000000000000000000, 0.0000000000000000000 ) ) ;
#1067 = LINE ( 'NONE', #622, #486 ) ;
#1068 = EDGE_CURVE ( 'NONE', #484, #1000, #1005, .T. ) ;
#1069 = ORIENTED_EDGE ( 'NONE', *, *, #730, .T. ) ;
#1070 = LINE ( 'NONE', #1412, #399 ) ;
#1071 = ADVANCED_FACE ( 'NONE', ( #418 ), #443, .F. ) ;
#1072 = EDGE_CURVE ( 'NONE', #1019, #715, #124, .T. ) ;
#1073 = AXIS2_PLACEMENT_3D ( 'NONE', #1124, #3, #449 ) ;
#1074 = ORIENTED_EDGE ( 'NONE', *, *, #621, .T. ) ;
#1075 = DIRECTION ( 'NONE',  ( -1.000000000000000000, 0.0000000000000000000, 0.0000000000000000000 ) ) ;
#1076 = VECTOR ( 'NONE', #405, 1000.000000000000000 ) ;
#1077 = CARTESIAN_POINT ( 'NONE',  ( -0.7762579355318522900, 1.250000000000000000, -0.7387579355318530900 ) ) ;
#1078 = VECTOR ( 'NONE', #146, 1000.000000000000100 ) ;
#1079 = DIRECTION ( 'NONE',  ( 1.000000000000000000, 0.0000000000000000000, 0.0000000000000000000 ) ) ;
#1080 = EDGE_CURVE ( 'NONE', #782, #410, #966, .T. ) ;
#1081 = DIRECTION ( 'NONE',  ( -1.000000000000000000, 0.0000000000000000000, 0.0000000000000000000 ) ) ;
#1082 =( LENGTH_UNIT ( ) NAMED_UNIT ( * ) SI_UNIT ( .MILLI., .METRE. ) );
#1083 = AXIS2_PLACEMENT_3D ( 'NONE', #516, #372, #1053 ) ;
#1084 = PLANE ( 'NONE',  #73 ) ;
#1085 = CARTESIAN_POINT ( 'NONE',  ( -1.375000000000002200, 0.5999999999999995300, 0.3125000000000000000 ) ) ;
#1086 = EDGE_LOOP ( 'NONE', ( #1425, #861, #875, #1392 ) ) ;
#1087 = EDGE_LOOP ( 'NONE', ( #402, #382, #539, #152 ) ) ;
#1088 = DIRECTION ( 'NONE',  ( -0.0000000000000000000, 1.000000000000000000, -0.0000000000000000000 ) ) ;
#1089 = ORIENTED_EDGE ( 'NONE', *, *, #699, .T. ) ;
#1090 = ORIENTED_EDGE ( 'NONE', *, *, #974, .T. ) ;
#1091 = VECTOR ( 'NONE', #789, 1000.000000000000100 ) ;
#1092 = CARTESIAN_POINT ( 'NONE',  ( -1.499999999999999800, 0.2499999999999995800, 0.3125000000000000000 ) ) ;
#1093 = ORIENTED_EDGE ( 'NONE', *, *, #1310, .T. ) ;
#1094 = CARTESIAN_POINT ( 'NONE',  ( -1.800000000000000000, 0.0000000000000000000, -0.3125000000000000000 ) ) ;
#1095 = FACE_OUTER_BOUND ( 'NONE', #879, .T. ) ;
#1096 = PLANE ( 'NONE',  #53 ) ;
#1097 = DIRECTION ( 'NONE',  ( 0.0000000000000000000, 0.0000000000000000000, 1.000000000000000000 ) ) ;
#1098 = DIRECTION ( 'NONE',  ( -1.000000000000000000, 0.0000000000000000000, 0.0000000000000000000 ) ) ;
#1099 = DIRECTION ( 'NONE',  ( 1.000000000000000000, 0.0000000000000000000, -0.0000000000000000000 ) ) ;
#1100 = DIRECTION ( 'NONE',  ( -1.000000000000000000, -1.156482317317778000E-014, -0.0000000000000000000 ) ) ;
#1101 = EDGE_CURVE ( 'NONE', #322, #629, #781, .T. ) ;
#1102 = DIRECTION ( 'NONE',  ( 1.000000000000000000, 0.0000000000000000000, 0.0000000000000000000 ) ) ;
#1103 = CARTESIAN_POINT ( 'NONE',  ( -1.337499999999999200, 0.1000000000000000500, -0.7562556682370379400 ) ) ;
#1104 = LINE ( 'NONE', #370, #82 ) ;
#1105 = ORIENTED_EDGE ( 'NONE', *, *, #1025, .T. ) ;
#1106 = EDGE_CURVE ( 'NONE', #894, #1301, #987, .T. ) ;
#1107 = FACE_OUTER_BOUND ( 'NONE', #1441, .T. ) ;
#1108 = ORIENTED_EDGE ( 'NONE', *, *, #194, .T. ) ;
#1109 = LINE ( 'NONE', #1334, #1237 ) ;
#1110 = DIRECTION ( 'NONE',  ( -1.000000000000000000, 0.0000000000000000000, 0.0000000000000000000 ) ) ;
#1111 = VECTOR ( 'NONE', #294, 1000.000000000000000 ) ;
#1112 = LINE ( 'NONE', #805, #156 ) ;
#1113 = ORIENTED_EDGE ( 'NONE', *, *, #908, .T. ) ;
#1114 = DIRECTION ( 'NONE',  ( -0.0000000000000000000, -0.0000000000000000000, 1.000000000000000000 ) ) ;
#1115 = DIRECTION ( 'NONE',  ( -0.0000000000000000000, 0.0000000000000000000, -1.000000000000000000 ) ) ;
#1116 = DIRECTION ( 'NONE',  ( 0.0000000000000000000, 0.0000000000000000000, 1.000000000000000000 ) ) ;
#1117 = CARTESIAN_POINT ( 'NONE',  ( -1.375000000000002200, 0.5999999999999995300, -0.3125000000000000000 ) ) ;
#1118 = ORIENTED_EDGE ( 'NONE', *, *, #775, .T. ) ;
#1119 = LINE ( 'NONE', #1042, #304 ) ;
#1120 = VERTEX_POINT ( 'NONE', #678 ) ;
#1121 = CARTESIAN_POINT ( 'NONE',  ( -0.7762579355318522900, 1.250000000000000000, 0.7387579355318530900 ) ) ;
#1122 = CARTESIAN_POINT ( 'NONE',  ( 1.800000000000000000, 0.0000000000000000000, 0.3125000000000000000 ) ) ;
#1123 = ORIENTED_EDGE ( 'NONE', *, *, #908, .F. ) ;
#1124 = CARTESIAN_POINT ( 'NONE',  ( -1.749999999999999800, 0.2500000000000000000, 0.3125000000000000000 ) ) ;
#1125 = COLOUR_RGB ( '',0.7921568627450980000, 0.8196078431372548800, 0.9333333333333333500 ) ;
#1126 = DIRECTION ( 'NONE',  ( -0.0000000000000000000, -0.0000000000000000000, -1.000000000000000000 ) ) ;
#1127 = EDGE_CURVE ( 'NONE', #821, #109, #1286, .T. ) ;
#1128 = PRESENTATION_LAYER_ASSIGNMENT (  '', '', ( #1050 ) ) ;
#1129 = VECTOR ( 'NONE', #710, 1000.000000000000100 ) ;
#1130 = CARTESIAN_POINT ( 'NONE',  ( 1.337500000000000600, 0.5999999999999999800, 0.8000000000000000400 ) ) ;
#1131 = EDGE_LOOP ( 'NONE', ( #504, #1306, #33, #891 ) ) ;
#1132 =( LENGTH_UNIT ( ) NAMED_UNIT ( * ) SI_UNIT ( .MILLI., .METRE. ) );
#1133 = DIRECTION ( 'NONE',  ( 0.08715574274765776300, 0.9961946980917456600, 0.0000000000000000000 ) ) ;
#1134 =( LENGTH_UNIT ( ) NAMED_UNIT ( * ) SI_UNIT ( .MILLI., .METRE. ) );
#1135 = ORIENTED_EDGE ( 'NONE', *, *, #920, .T. ) ;
#1136 = VERTEX_POINT ( 'NONE', #424 ) ;
#1137 = VECTOR ( 'NONE', #827, 1000.000000000000000 ) ;
#1138 = CARTESIAN_POINT ( 'NONE',  ( -1.293755668237037200, 0.1000000000000000500, 0.7562556682370379400 ) ) ;
#1139 = ORIENTED_EDGE ( 'NONE', *, *, #645, .T. ) ;
#1140 = VECTOR ( 'NONE', #1443, 1000.000000000000000 ) ;
#1141 = AXIS2_PLACEMENT_3D ( 'NONE', #655, #1115, #316 ) ;
#1142 = LINE ( 'NONE', #1193, #67 ) ;
#1143 = EDGE_CURVE ( 'NONE', #374, #484, #138, .T. ) ;
#1144 = SURFACE_SIDE_STYLE ('',( #143 ) ) ;
#1145 = DIRECTION ( 'NONE',  ( -0.0000000000000000000, -0.0000000000000000000, -1.000000000000000000 ) ) ;
#1146 = FACE_OUTER_BOUND ( 'NONE', #1252, .T. ) ;
#1147 = ORIENTED_EDGE ( 'NONE', *, *, #1049, .T. ) ;
#1148 = EDGE_CURVE ( 'NONE', #1387, #1120, #434, .T. ) ;
#1149 = CARTESIAN_POINT ( 'NONE',  ( 1.375000000000000000, 0.4249999999999999300, -0.3125000000000000000 ) ) ;
#1150 = DIRECTION ( 'NONE',  ( 1.000000000000000000, 0.0000000000000000000, 0.0000000000000000000 ) ) ;
#1151 = AXIS2_PLACEMENT_3D ( 'NONE', #957, #1066, #391 ) ;
#1152 = CARTESIAN_POINT ( 'NONE',  ( 1.375000000000000000, 0.4249999999999999300, 0.3125000000000000000 ) ) ;
#1153 = EDGE_LOOP ( 'NONE', ( #542, #474, #636, #549 ) ) ;
#1154 = CARTESIAN_POINT ( 'NONE',  ( 1.293755668237038600, 0.1000000000000000500, 0.7562556682370379400 ) ) ;
#1155 = FACE_OUTER_BOUND ( 'NONE', #632, .T. ) ;
#1156 = ORIENTED_EDGE ( 'NONE', *, *, #369, .F. ) ;
#1157 = CARTESIAN_POINT ( 'NONE',  ( 1.800000000000000000, 0.1750000000000000200, 0.3125000000000000000 ) ) ;
#1158 = VECTOR ( 'NONE', #229, 1000.000000000000000 ) ;
#1159 = ORIENTED_EDGE ( 'NONE', *, *, #1303, .T. ) ;
#1160 = AXIS2_PLACEMENT_3D ( 'NONE', #857, #278, #1081 ) ;
#1161 = CIRCLE ( 'NONE', #1083, 0.1249999999999998900 ) ;
#1162 = DIRECTION ( 'NONE',  ( 0.0000000000000000000, -0.0000000000000000000, -1.000000000000000000 ) ) ;
#1163 = LINE ( 'NONE', #889, #1427 ) ;
#1164 = ADVANCED_FACE ( 'NONE', ( #310 ), #658, .F. ) ;
#1165 = DIRECTION ( 'NONE',  ( 0.0000000000000000000, -0.9961946980917455500, 0.08715574274765836000 ) ) ;
#1166 = CARTESIAN_POINT ( 'NONE',  ( 1.499999999999999800, 0.2499999999999999400, 0.3125000000000000000 ) ) ;
#1167 = EDGE_LOOP ( 'NONE', ( #1339, #222, #988, #639 ) ) ;
#1168 = VERTEX_POINT ( 'NONE', #811 ) ;
#1169 = ORIENTED_EDGE ( 'NONE', *, *, #357, .F. ) ;
#1170 = ADVANCED_FACE ( 'NONE', ( #916 ), #593, .T. ) ;
#1171 = ORIENTED_EDGE ( 'NONE', *, *, #1430, .F. ) ;
#1172 = DIRECTION ( 'NONE',  ( -0.0000000000000000000, -0.0000000000000000000, -1.000000000000000000 ) ) ;
#1173 = EDGE_CURVE ( 'NONE', #1389, #1321, #271, .T. ) ;
#1174 = AXIS2_PLACEMENT_3D ( 'NONE', #1261, #52, #162 ) ;
#1175 = VECTOR ( 'NONE', #534, 1000.000000000000000 ) ;
#1176 = VECTOR ( 'NONE', #1150, 1000.000000000000000 ) ;
#1177 = CARTESIAN_POINT ( 'NONE',  ( 1.375000000000002200, 0.5999999999999998700, 0.3125000000000000000 ) ) ;
#1178 = FACE_OUTER_BOUND ( 'NONE', #429, .T. ) ;
#1179 = CARTESIAN_POINT ( 'NONE',  ( -1.322189483882962600, 0.4249999999999999300, 0.3125000000000000000 ) ) ;
#1180 = ORIENTED_EDGE ( 'NONE', *, *, #260, .F. ) ;
#1181 = CARTESIAN_POINT ( 'NONE',  ( -0.7762579355318522900, 1.300000000000000000, -0.7387579355318530900 ) ) ;
#1182 = EDGE_CURVE ( 'NONE', #899, #926, #293, .T. ) ;
#1183 = VECTOR ( 'NONE', #1383, 1000.000000000000000 ) ;
#1184 = PLANE ( 'NONE',  #1151 ) ;
#1185 = PLANE ( 'NONE',  #390 ) ;
#1186 = DIRECTION ( 'NONE',  ( -0.0000000000000000000, -0.0000000000000000000, -1.000000000000000000 ) ) ;
#1187 = ADVANCED_FACE ( 'NONE', ( #1251 ), #519, .F. ) ;
#1188 = DIRECTION ( 'NONE',  ( -1.000000000000000000, 0.0000000000000000000, 0.0000000000000000000 ) ) ;
#1189 = PRODUCT_DEFINITION_SHAPE ( 'NONE', 'NONE',  #742 ) ;
#1190 = ORIENTED_EDGE ( 'NONE', *, *, #1360, .T. ) ;
#1191 = VECTOR ( 'NONE', #1172, 1000.000000000000000 ) ;
#1192 = EDGE_LOOP ( 'NONE', ( #241, #986, #1211, #163 ) ) ;
#1193 = CARTESIAN_POINT ( 'NONE',  ( 1.749999999999999800, 4.286263797015736100E-016, 0.3125000000000000000 ) ) ;
#1194 = SURFACE_STYLE_USAGE ( .BOTH. , #1439 ) ;
#1195 = LINE ( 'NONE', #985, #506 ) ;
#1196 = ORIENTED_EDGE ( 'NONE', *, *, #882, .T. ) ;
#1197 = LINE ( 'NONE', #187, #362 ) ;
#1198 = CARTESIAN_POINT ( 'NONE',  ( -1.749999999999999800, 0.2500000000000000000, -0.3125000000000000000 ) ) ;
#1199 = LINE ( 'NONE', #1092, #257 ) ;
#1200 = DIRECTION ( 'NONE',  ( -1.000000000000000000, 0.0000000000000000000, 0.0000000000000000000 ) ) ;
#1201 = ORIENTED_EDGE ( 'NONE', *, *, #1336, .F. ) ;
#1202 = DIRECTION ( 'NONE',  ( -0.08715574274765836000, -0.9961946980917455500, 0.0000000000000000000 ) ) ;
#1203 = EDGE_CURVE ( 'NONE', #1136, #830, #1197, .T. ) ;
#1204 =( GEOMETRIC_REPRESENTATION_CONTEXT ( 3 ) GLOBAL_UNCERTAINTY_ASSIGNED_CONTEXT ( ( #554 ) ) GLOBAL_UNIT_ASSIGNED_CONTEXT ( ( #1082, #873, #862 ) ) REPRESENTATION_CONTEXT ( 'NONE', 'WORKASPACE' ) );
#1205 = DIRECTION ( 'NONE',  ( 0.0000000000000000000, 0.0000000000000000000, 1.000000000000000000 ) ) ;
#1206 = SURFACE_STYLE_USAGE ( .BOTH. , #416 ) ;
#1207 = ORIENTED_EDGE ( 'NONE', *, *, #230, .T. ) ;
#1208 =( GEOMETRIC_REPRESENTATION_CONTEXT ( 3 ) GLOBAL_UNCERTAINTY_ASSIGNED_CONTEXT ( ( #510 ) ) GLOBAL_UNIT_ASSIGNED_CONTEXT ( ( #1259, #700, #16 ) ) REPRESENTATION_CONTEXT ( 'NONE', 'WORKASPACE' ) );
#1209 = ORIENTED_EDGE ( 'NONE', *, *, #290, .F. ) ;
#1210 = DIRECTION ( 'NONE',  ( 0.0000000000000000000, 1.000000000000000000, 0.0000000000000000000 ) ) ;
#1211 = ORIENTED_EDGE ( 'NONE', *, *, #58, .F. ) ;
#1212 = EDGE_LOOP ( 'NONE', ( #1046, #569, #80, #859 ) ) ;
#1213 = LINE ( 'NONE', #68, #1033 ) ;
#1214 = CARTESIAN_POINT ( 'NONE',  ( 1.375000000000000000, 0.4249999999999999300, -0.3125000000000000000 ) ) ;
#1215 = DIRECTION ( 'NONE',  ( -0.9961946980917455500, -0.08715574274765836000, 0.0000000000000000000 ) ) ;
#1216 = VECTOR ( 'NONE', #223, 1000.000000000000100 ) ;
#1217 = PLANE ( 'NONE',  #1465 ) ;
#1218 = VECTOR ( 'NONE', #317, 1000.000000000000000 ) ;
#1219 = CARTESIAN_POINT ( 'NONE',  ( -1.325437828156691900, 0.7378712550538967200, -0.7879378281566928900 ) ) ;
#1220 = DIRECTION ( 'NONE',  ( -1.000000000000000000, 0.0000000000000000000, 0.0000000000000000000 ) ) ;
#1221 = CARTESIAN_POINT ( 'NONE',  ( 1.674999999999999800, 0.2500000000000004400, -0.3125000000000000000 ) ) ;
#1222 =( LENGTH_UNIT ( ) NAMED_UNIT ( * ) SI_UNIT ( .MILLI., .METRE. ) );
#1223 = EDGE_CURVE ( 'NONE', #668, #1168, #1142, .T. ) ;
#1224 = AXIS2_PLACEMENT_3D ( 'NONE', #114, #130, #1243 ) ;
#1225 = DIRECTION ( 'NONE',  ( -1.000000000000000000, 0.0000000000000000000, -0.0000000000000000000 ) ) ;
#1226 = ADVANCED_FACE ( 'NONE', ( #847 ), #208, .F. ) ;
#1227 = ORIENTED_EDGE ( 'NONE', *, *, #335, .T. ) ;
#1228 = CARTESIAN_POINT ( 'NONE',  ( -1.337499999999999200, 0.5999999999999999800, 0.8000000000000000400 ) ) ;
#1229 = DIRECTION ( 'NONE',  ( -0.0000000000000000000, -0.0000000000000000000, -1.000000000000000000 ) ) ;
#1230 = FACE_OUTER_BOUND ( 'NONE', #739, .T. ) ;
#1231 = ORIENTED_EDGE ( 'NONE', *, *, #874, .F. ) ;
#1232 = PRESENTATION_LAYER_ASSIGNMENT (  '', '', ( #243 ) ) ;
#1233 = LINE ( 'NONE', #1181, #306 ) ;
#1234 = DIRECTION ( 'NONE',  ( 0.0000000000000000000, 0.0000000000000000000, -1.000000000000000000 ) ) ;
#1235 = ORIENTED_EDGE ( 'NONE', *, *, #444, .F. ) ;
#1236 = VERTEX_POINT ( 'NONE', #97 ) ;
#1237 = VECTOR ( 'NONE', #1114, 1000.000000000000000 ) ;
#1238 = CARTESIAN_POINT ( 'NONE',  ( -1.749999999999999800, 0.0000000000000000000, -0.3125000000000000000 ) ) ;
#1239 = DIRECTION ( 'NONE',  ( 0.0000000000000000000, 0.0000000000000000000, -1.000000000000000000 ) ) ;
#1240 = AXIS2_PLACEMENT_3D ( 'NONE', #933, #479, #251 ) ;
#1241 = ADVANCED_FACE ( 'NONE', ( #1411 ), #86, .F. ) ;
#1242 = FILL_AREA_STYLE ('',( #4 ) ) ;
#1243 = DIRECTION ( 'NONE',  ( -1.000000000000000000, 0.0000000000000000000, 0.0000000000000000000 ) ) ;
#1244 = CARTESIAN_POINT ( 'NONE',  ( 1.800000000000000000, 0.1750000000000000200, 0.3125000000000000000 ) ) ;
#1245 = DIRECTION ( 'NONE',  ( 0.0000000000000000000, -0.0000000000000000000, -1.000000000000000000 ) ) ;
#1246 = VERTEX_POINT ( 'NONE', #892 ) ;
#1247 = CLOSED_SHELL ( 'NONE', ( #1294, #1420, #153, #280, #165, #1241, #828, #728, #1398, #734, #942, #1164, #511, #379 ) ) ;
#1248 = ORIENTED_EDGE ( 'NONE', *, *, #160, .T. ) ;
#1249 = ORIENTED_EDGE ( 'NONE', *, *, #1401, .F. ) ;
#1250 = CARTESIAN_POINT ( 'NONE',  ( 1.499999999999999800, 0.3000000000000000400, 0.3125000000000000000 ) ) ;
#1251 = FACE_OUTER_BOUND ( 'NONE', #522, .T. ) ;
#1252 = EDGE_LOOP ( 'NONE', ( #413, #356, #640, #1108 ) ) ;
#1253 = CIRCLE ( 'NONE', #1378, 0.2500000000000000000 ) ;
#1254 = CARTESIAN_POINT ( 'NONE',  ( -1.674999999999999800, 0.2999999999999996600, 0.3125000000000000000 ) ) ;
#1255 = EDGE_CURVE ( 'NONE', #571, #428, #1109, .T. ) ;
#1256 = AXIS2_PLACEMENT_3D ( 'NONE', #1179, #392, #40 ) ;
#1257 = VECTOR ( 'NONE', #551, 1000.000000000000000 ) ;
#1258 = CARTESIAN_POINT ( 'NONE',  ( 1.800000000000000000, 0.0000000000000000000, -0.3125000000000000000 ) ) ;
#1259 =( LENGTH_UNIT ( ) NAMED_UNIT ( * ) SI_UNIT ( .MILLI., .METRE. ) );
#1260 = AXIS2_PLACEMENT_3D ( 'NONE', #832, #247, #594 ) ;
#1261 = CARTESIAN_POINT ( 'NONE',  ( 1.750000000000000000, 0.2500000000000000000, -0.3125000000000000000 ) ) ;
#1262 = CARTESIAN_POINT ( 'NONE',  ( -1.800000000000000000, 0.0000000000000000000, 0.3125000000000000000 ) ) ;
#1263 = ORIENTED_EDGE ( 'NONE', *, *, #264, .F. ) ;
#1264 = CIRCLE ( 'NONE', #521, 0.2500000000000000000 ) ;
#1265 = CARTESIAN_POINT ( 'NONE',  ( 1.317333556449471500, 0.8305035045432336300, -0.7798335564494707200 ) ) ;
#1266 = ORIENTED_EDGE ( 'NONE', *, *, #949, .F. ) ;
#1267 = DIRECTION ( 'NONE',  ( -1.000000000000000000, 8.572527594031449300E-015, 0.0000000000000000000 ) ) ;
#1268 = VECTOR ( 'NONE', #851, 1000.000000000000000 ) ;
#1269 = ORIENTED_EDGE ( 'NONE', *, *, #921, .F. ) ;
#1270 = ORIENTED_EDGE ( 'NONE', *, *, #852, .T. ) ;
#1271 = VECTOR ( 'NONE', #944, 1000.000000000000000 ) ;
#1272 = PLANE ( 'NONE',  #785 ) ;
#1273 = APPLICATION_CONTEXT ( 'automotive_design' ) ;
#1274 = CARTESIAN_POINT ( 'NONE',  ( -1.749999999999999800, 0.1750000000000000200, 0.3125000000000000000 ) ) ;
#1275 = DIRECTION ( 'NONE',  ( -0.08682659386424779200, 0.9924325091389669700, -0.08682659386424779200 ) ) ;
#1276 = ORIENTED_EDGE ( 'NONE', *, *, #1106, .F. ) ;
#1277 = EDGE_CURVE ( 'NONE', #42, #1387, #947, .T. ) ;
#1278 = AXIS2_PLACEMENT_3D ( 'NONE', #870, #980, #881 ) ;
#1279 = ORIENTED_EDGE ( 'NONE', *, *, #1382, .T. ) ;
#1280 = DIRECTION ( 'NONE',  ( -1.000000000000000000, 0.0000000000000000000, 0.0000000000000000000 ) ) ;
#1281 = VECTOR ( 'NONE', #937, 1000.000000000000000 ) ;
#1282 = VERTEX_POINT ( 'NONE', #212 ) ;
#1283 = LINE ( 'NONE', #1445, #1175 ) ;
#1284 = VECTOR ( 'NONE', #1432, 1000.000000000000000 ) ;
#1285 = ORIENTED_EDGE ( 'NONE', *, *, #1277, .T. ) ;
#1286 = CIRCLE ( 'NONE', #249, 0.1249999999999998900 ) ;
#1287 = EDGE_CURVE ( 'NONE', #1054, #821, #47, .T. ) ;
#1288 = ADVANCED_FACE ( 'NONE', ( #1344 ), #657, .T. ) ;
#1289 = VECTOR ( 'NONE', #1417, 1000.000000000000000 ) ;
#1290 = DIRECTION ( 'NONE',  ( -0.0000000000000000000, -1.000000000000000000, -0.0000000000000000000 ) ) ;
#1291 = LINE ( 'NONE', #1456, #275 ) ;
#1292 = DIRECTION ( 'NONE',  ( 1.000000000000000000, 0.0000000000000000000, 0.0000000000000000000 ) ) ;
#1293 = STYLED_ITEM ( 'NONE', ( #108 ), #1297 ) ;
#1294 = ADVANCED_FACE ( 'NONE', ( #575 ), #1096, .F. ) ;
#1295 = DIRECTION ( 'NONE',  ( -2.891205793294445100E-015, -1.000000000000000000, 0.0000000000000000000 ) ) ;
#1296 = CARTESIAN_POINT ( 'NONE',  ( -1.375000000000000000, 0.2999999999999996600, 0.3125000000000000000 ) ) ;
#1297 = MANIFOLD_SOLID_BREP ( 'Cut-Extrude1', #817 ) ;
#1298 = EDGE_CURVE ( 'NONE', #300, #1340, #1308, .T. ) ;
#1299 = ORIENTED_EDGE ( 'NONE', *, *, #586, .T. ) ;
#1300 = VECTOR ( 'NONE', #727, 1000.000000000000000 ) ;
#1301 = VERTEX_POINT ( 'NONE', #110 ) ;
#1302 = CARTESIAN_POINT ( 'NONE',  ( -1.375000000000000000, 0.2999999999999996600, 0.3125000000000000000 ) ) ;
#1303 = EDGE_CURVE ( 'NONE', #838, #104, #721, .T. ) ;
#1304 = MECHANICAL_DESIGN_GEOMETRIC_PRESENTATION_REPRESENTATION (  '', ( #1050 ), #825 ) ;
#1305 = PLANE ( 'NONE',  #1006 ) ;
#1306 = ORIENTED_EDGE ( 'NONE', *, *, #1143, .F. ) ;
#1307 = ADVANCED_FACE ( 'NONE', ( #1036 ), #898, .F. ) ;
#1308 = LINE ( 'NONE', #1219, #630 ) ;
#1309 = PLANE ( 'NONE',  #651 ) ;
#1310 = EDGE_CURVE ( 'NONE', #897, #1354, #744, .T. ) ;
#1311 = LINE ( 'NONE', #245, #1023 ) ;
#1312 = CARTESIAN_POINT ( 'NONE',  ( 0.0000000000000000000, 1.250000000000000000, 0.0000000000000000000 ) ) ;
#1313 = AXIS2_PLACEMENT_3D ( 'NONE', #15, #445, #1133 ) ;
#1314 = DIRECTION ( 'NONE',  ( 0.0000000000000000000, 1.000000000000000000, 0.0000000000000000000 ) ) ;
#1315 =( GEOMETRIC_REPRESENTATION_CONTEXT ( 3 ) GLOBAL_UNCERTAINTY_ASSIGNED_CONTEXT ( ( #1348 ) ) GLOBAL_UNIT_ASSIGNED_CONTEXT ( ( #1132, #457, #918 ) ) REPRESENTATION_CONTEXT ( 'NONE', 'WORKASPACE' ) );
#1316 = CARTESIAN_POINT ( 'NONE',  ( -1.293755668237037200, 0.1000000000000000500, 0.8000000000000000400 ) ) ;
#1317 = ORIENTED_EDGE ( 'NONE', *, *, #14, .F. ) ;
#1318 = ORIENTED_EDGE ( 'NONE', *, *, #493, .T. ) ;
#1319 = CARTESIAN_POINT ( 'NONE',  ( -1.674999999999999800, 0.2499999999999998300, 0.3125000000000000000 ) ) ;
#1320 = ORIENTED_EDGE ( 'NONE', *, *, #1143, .T. ) ;
#1321 = VERTEX_POINT ( 'NONE', #1349 ) ;
#1322 = VECTOR ( 'NONE', #683, 1000.000000000000000 ) ;
#1323 = CARTESIAN_POINT ( 'NONE',  ( 1.337500000000000600, 0.5999999999999999800, 0.8000000000000000400 ) ) ;
#1324 = ORIENTED_EDGE ( 'NONE', *, *, #904, .F. ) ;
#1325 = DIRECTION ( 'NONE',  ( -0.9961946980917455500, 0.08715574274765836000, 0.0000000000000000000 ) ) ;
#1326 = CIRCLE ( 'NONE', #314, 0.2999999999999999300 ) ;
#1327 = DIRECTION ( 'NONE',  ( 0.0000000000000000000, 0.0000000000000000000, -1.000000000000000000 ) ) ;
#1328 = VECTOR ( 'NONE', #1210, 1000.000000000000000 ) ;
#1329 = ORIENTED_EDGE ( 'NONE', *, *, #1049, .F. ) ;
#1330 = CARTESIAN_POINT ( 'NONE',  ( -1.800000000000000000, 0.1750000000000000200, 0.3125000000000000000 ) ) ;
#1331 = EDGE_CURVE ( 'NONE', #705, #1054, #342, .T. ) ;
#1332 = CARTESIAN_POINT ( 'NONE',  ( 1.375000000000000000, 0.4249999999999999300, 0.3125000000000000000 ) ) ;
#1333 = ORIENTED_EDGE ( 'NONE', *, *, #133, .T. ) ;
#1334 = CARTESIAN_POINT ( 'NONE',  ( -1.276257935531852400, 1.300000000000000000, 0.7387579355318530900 ) ) ;
#1335 = DIRECTION ( 'NONE',  ( 1.000000000000000000, -0.0000000000000000000, 0.0000000000000000000 ) ) ;
#1336 = EDGE_CURVE ( 'NONE', #226, #125, #1283, .T. ) ;
#1337 = DIRECTION ( 'NONE',  ( 0.0000000000000000000, 1.000000000000000000, 0.0000000000000000000 ) ) ;
#1338 = ORIENTED_EDGE ( 'NONE', *, *, #313, .F. ) ;
#1339 = ORIENTED_EDGE ( 'NONE', *, *, #1025, .F. ) ;
#1340 = VERTEX_POINT ( 'NONE', #1010 ) ;
#1341 = FACE_OUTER_BOUND ( 'NONE', #930, .T. ) ;
#1342 = CARTESIAN_POINT ( 'NONE',  ( -1.499999999999999800, 0.2500000000000000000, 0.3125000000000000000 ) ) ;
#1343 = ORIENTED_EDGE ( 'NONE', *, *, #308, .F. ) ;
#1344 = FACE_OUTER_BOUND ( 'NONE', #234, .T. ) ;
#1345 = CARTESIAN_POINT ( 'NONE',  ( 1.674999999999999800, 0.3000000000000001000, 0.3125000000000000000 ) ) ;
#1346 = VECTOR ( 'NONE', #447, 1000.000000000000000 ) ;
#1347 = VECTOR ( 'NONE', #367, 1000.000000000000000 ) ;
#1348 = UNCERTAINTY_MEASURE_WITH_UNIT (LENGTH_MEASURE( 1.000000000000000100E-005 ), #1132, 'distance_accuracy_value', 'NONE');
#1349 = CARTESIAN_POINT ( 'NONE',  ( -1.322189483882962600, 0.4249999999999999300, 0.3125000000000000000 ) ) ;
#1350 = PLANE ( 'NONE',  #759 ) ;
#1351 = CARTESIAN_POINT ( 'NONE',  ( -1.749999999999999800, 0.2500000000000000000, 0.3125000000000000000 ) ) ;
#1352 = DIRECTION ( 'NONE',  ( -1.000000000000000000, 2.891205793294445100E-015, 0.0000000000000000000 ) ) ;
#1353 = PLANE ( 'NONE',  #336 ) ;
#1354 = VERTEX_POINT ( 'NONE', #992 ) ;
#1355 = CARTESIAN_POINT ( 'NONE',  ( -1.499999999999999800, 0.2999999999999996600, 0.3125000000000000000 ) ) ;
#1356 = CARTESIAN_POINT ( 'NONE',  ( -1.499999999999999800, 0.2499999999999995800, -0.3125000000000000000 ) ) ;
#1357 = ORIENTED_EDGE ( 'NONE', *, *, #815, .T. ) ;
#1358 = VERTEX_POINT ( 'NONE', #1238 ) ;
#1359 = ORIENTED_EDGE ( 'NONE', *, *, #566, .F. ) ;
#1360 = EDGE_CURVE ( 'NONE', #535, #1000, #1390, .T. ) ;
#1361 = AXIS2_PLACEMENT_3D ( 'NONE', #676, #116, #1245 ) ;
#1362 = VECTOR ( 'NONE', #1100, 1000.000000000000000 ) ;
#1363 = FACE_OUTER_BOUND ( 'NONE', #794, .T. ) ;
#1364 = APPLICATION_PROTOCOL_DEFINITION ( 'draft international standard', 'automotive_design', 1998, #565 ) ;
#1365 = AXIS2_PLACEMENT_3D ( 'NONE', #167, #1145, #135 ) ;
#1366 = DIRECTION ( 'NONE',  ( -0.0000000000000000000, -0.0000000000000000000, -1.000000000000000000 ) ) ;
#1367 =( NAMED_UNIT ( * ) SI_UNIT ( $, .STERADIAN. ) SOLID_ANGLE_UNIT ( ) );
#1368 = DIRECTION ( 'NONE',  ( 0.9961946980917455500, -0.08715574274765836000, 0.0000000000000000000 ) ) ;
#1369 = DIRECTION ( 'NONE',  ( -0.08682659386424779200, 0.9924325091389669700, 0.08682659386424779200 ) ) ;
#1370 = ORIENTED_EDGE ( 'NONE', *, *, #895, .T. ) ;
#1371 = ORIENTED_EDGE ( 'NONE', *, *, #1072, .F. ) ;
#1372 = ORIENTED_EDGE ( 'NONE', *, *, #572, .T. ) ;
#1373 = LINE ( 'NONE', #440, #375 ) ;
#1374 = ORIENTED_EDGE ( 'NONE', *, *, #1068, .T. ) ;
#1375 = CARTESIAN_POINT ( 'NONE',  ( 1.500000000000000000, 0.2500000000000000000, 0.3125000000000000000 ) ) ;
#1376 = LINE ( 'NONE', #1085, #1076 ) ;
#1377 = EDGE_CURVE ( 'NONE', #322, #782, #646, .T. ) ;
#1378 = AXIS2_PLACEMENT_3D ( 'NONE', #749, #274, #1292 ) ;
#1379 = VECTOR ( 'NONE', #1393, 1000.000000000000000 ) ;
#1380 = SURFACE_SIDE_STYLE ('',( #431 ) ) ;
#1381 = DIRECTION ( 'NONE',  ( 0.0000000000000000000, 1.000000000000000000, 0.0000000000000000000 ) ) ;
#1382 = EDGE_CURVE ( 'NONE', #140, #705, #471, .T. ) ;
#1383 = DIRECTION ( 'NONE',  ( -0.0000000000000000000, -0.0000000000000000000, -1.000000000000000000 ) ) ;
#1384 = CARTESIAN_POINT ( 'NONE',  ( -1.276257935531852400, 1.250000000000000000, 0.7387579355318530900 ) ) ;
#1385 = ORIENTED_EDGE ( 'NONE', *, *, #746, .F. ) ;
#1386 = ORIENTED_EDGE ( 'NONE', *, *, #1148, .F. ) ;
#1387 = VERTEX_POINT ( 'NONE', #697 ) ;
#1388 =( GEOMETRIC_REPRESENTATION_CONTEXT ( 3 ) GLOBAL_UNCERTAINTY_ASSIGNED_CONTEXT ( ( #141 ) ) GLOBAL_UNIT_ASSIGNED_CONTEXT ( ( #1134, #6, #1367 ) ) REPRESENTATION_CONTEXT ( 'NONE', 'WORKASPACE' ) );
#1389 = VERTEX_POINT ( 'NONE', #330 ) ;
#1390 = LINE ( 'NONE', #1355, #1001 ) ;
#1391 = DIRECTION ( 'NONE',  ( 0.0000000000000000000, 1.000000000000000000, 0.0000000000000000000 ) ) ;
#1392 = ORIENTED_EDGE ( 'NONE', *, *, #439, .T. ) ;
#1393 = DIRECTION ( 'NONE',  ( -0.0000000000000000000, -0.0000000000000000000, 1.000000000000000000 ) ) ;
#1394 = SURFACE_STYLE_FILL_AREA ( #188 ) ;
#1395 = LINE ( 'NONE', #220, #491 ) ;
#1396 = DIRECTION ( 'NONE',  ( -0.0000000000000000000, -0.0000000000000000000, -1.000000000000000000 ) ) ;
#1397 = EDGE_LOOP ( 'NONE', ( #1069, #120, #137, #472 ) ) ;
#1398 = ADVANCED_FACE ( 'NONE', ( #609 ), #151, .T. ) ;
#1399 = CARTESIAN_POINT ( 'NONE',  ( -0.7762579355318522900, 1.250000000000000000, 0.7387579355318530900 ) ) ;
#1400 = DIRECTION ( 'NONE',  ( -1.000000000000000000, 0.0000000000000000000, 0.0000000000000000000 ) ) ;
#1401 = EDGE_CURVE ( 'NONE', #1236, #1060, #430, .T. ) ;
#1402 = AXIS2_PLACEMENT_3D ( 'NONE', #28, #816, #1041 ) ;
#1403 = ORIENTED_EDGE ( 'NONE', *, *, #1255, .T. ) ;
#1404 = DIRECTION ( 'NONE',  ( -1.000000000000000000, 0.0000000000000000000, 0.0000000000000000000 ) ) ;
#1405 = ORIENTED_EDGE ( 'NONE', *, *, #1277, .F. ) ;
#1406 = ADVANCED_FACE ( 'NONE', ( #414 ), #903, .F. ) ;
#1407 = ORIENTED_EDGE ( 'NONE', *, *, #1401, .T. ) ;
#1408 = CARTESIAN_POINT ( 'NONE',  ( -1.337499999999999200, 0.5999999999999999800, 0.3125000000000000000 ) ) ;
#1409 = LINE ( 'NONE', #463, #1268 ) ;
#1410 = ORIENTED_EDGE ( 'NONE', *, *, #752, .F. ) ;
#1411 = FACE_OUTER_BOUND ( 'NONE', #1397, .T. ) ;
#1412 = CARTESIAN_POINT ( 'NONE',  ( -1.337499999999999200, 0.5999999999999999800, 0.8000000000000000400 ) ) ;
#1413 = AXIS2_PLACEMENT_3D ( 'NONE', #854, #175, #266 ) ;
#1414 = FACE_OUTER_BOUND ( 'NONE', #219, .T. ) ;
#1415 = VECTOR ( 'NONE', #9, 1000.000000000000000 ) ;
#1416 = CARTESIAN_POINT ( 'NONE',  ( 0.0000000000000000000, 1.300000000000000000, 0.7387579355318532000 ) ) ;
#1417 = DIRECTION ( 'NONE',  ( -0.0000000000000000000, -0.0000000000000000000, -1.000000000000000000 ) ) ;
#1418 = AXIS2_PLACEMENT_3D ( 'NONE', #584, #687, #1162 ) ;
#1419 = CARTESIAN_POINT ( 'NONE',  ( 1.276257935531853700, 1.300000000000000000, -0.7387579355318530900 ) ) ;
#1420 = ADVANCED_FACE ( 'NONE', ( #807 ), #1024, .F. ) ;
#1421 = ORIENTED_EDGE ( 'NONE', *, *, #369, .T. ) ;
#1422 = VERTEX_POINT ( 'NONE', #1254 ) ;
#1423 = DIRECTION ( 'NONE',  ( -0.08715574274765836000, 0.9961946980917455500, 0.0000000000000000000 ) ) ;
#1424 = FACE_OUTER_BOUND ( 'NONE', #840, .T. ) ;
#1425 = ORIENTED_EDGE ( 'NONE', *, *, #461, .T. ) ;
#1426 = PLANE ( 'NONE',  #680 ) ;
#1427 = VECTOR ( 'NONE', #1335, 1000.000000000000000 ) ;
#1428 = VECTOR ( 'NONE', #346, 1000.000000000000000 ) ;
#1429 = CARTESIAN_POINT ( 'NONE',  ( -1.749999999999999800, 0.2500000000000000000, 0.3125000000000000000 ) ) ;
#1430 = EDGE_CURVE ( 'NONE', #1321, #844, #255, .T. ) ;
#1431 = AXIS2_PLACEMENT_3D ( 'NONE', #1429, #78, #973 ) ;
#1432 = DIRECTION ( 'NONE',  ( 0.0000000000000000000, 0.0000000000000000000, 1.000000000000000000 ) ) ;
#1433 = CARTESIAN_POINT ( 'NONE',  ( 1.375000000000000000, 0.2999999999999999900, 0.3125000000000000000 ) ) ;
#1434 = CARTESIAN_POINT ( 'NONE',  ( -1.276257935531852400, -0.3098247174747367200, 0.7387579355318530900 ) ) ;
#1435 = AXIS2_PLACEMENT_3D ( 'NONE', #281, #1098, #411 ) ;
#1436 = DIRECTION ( 'NONE',  ( 1.000000000000000000, -8.572527594031449300E-015, -0.0000000000000000000 ) ) ;
#1437 = VERTEX_POINT ( 'NONE', #113 ) ;
#1438 = CARTESIAN_POINT ( 'NONE',  ( -1.375000000000000000, 0.4249999999999996000, 0.3125000000000000000 ) ) ;
#1439 = SURFACE_SIDE_STYLE ('',( #1394 ) ) ;
#1440 = EDGE_LOOP ( 'NONE', ( #1074, #1444, #1263, #43 ) ) ;
#1441 = EDGE_LOOP ( 'NONE', ( #99, #723, #1235, #185 ) ) ;
#1442 = LINE ( 'NONE', #1221, #843 ) ;
#1443 = DIRECTION ( 'NONE',  ( -0.0000000000000000000, -0.0000000000000000000, -1.000000000000000000 ) ) ;
#1444 = ORIENTED_EDGE ( 'NONE', *, *, #983, .F. ) ;
#1445 = CARTESIAN_POINT ( 'NONE',  ( -0.7762579355318522900, 1.250000000000000000, 0.7387579355318530900 ) ) ;
#1446 = CARTESIAN_POINT ( 'NONE',  ( -0.7762579355318522900, 1.250000000000000000, -0.7387579355318530900 ) ) ;
#1447 = CARTESIAN_POINT ( 'NONE',  ( -1.276257935531852400, 1.250000000000000000, -0.7387579355318530900 ) ) ;
#1448 = LINE ( 'NONE', #1265, #1129 ) ;
#1449 = DIRECTION ( 'NONE',  ( 0.0000000000000000000, -0.08715574274765836000, 0.9961946980917455500 ) ) ;
#1450 = CARTESIAN_POINT ( 'NONE',  ( -0.7762579355318522900, 1.250000000000000000, -0.7387579355318530900 ) ) ;
#1451 = EDGE_CURVE ( 'NONE', #782, #899, #377, .T. ) ;
#1452 = DIRECTION ( 'NONE',  ( 0.0000000000000000000, 0.0000000000000000000, -1.000000000000000000 ) ) ;
#1453 = FILL_AREA_STYLE ('',( #315 ) ) ;
#1454 = DIRECTION ( 'NONE',  ( -0.0000000000000000000, 1.000000000000000000, -0.0000000000000000000 ) ) ;
#1455 = AXIS2_PLACEMENT_3D ( 'NONE', #1296, #161, #1075 ) ;
#1456 = CARTESIAN_POINT ( 'NONE',  ( 1.375000000000000000, 0.4249999999999999300, 0.3125000000000000000 ) ) ;
#1457 = EDGE_LOOP ( 'NONE', ( #150, #452, #1266, #345 ) ) ;
#1458 = CYLINDRICAL_SURFACE ( 'NONE', #1413, 0.2500000000000002200 ) ;
#1459 = ORIENTED_EDGE ( 'NONE', *, *, #56, .F. ) ;
#1460 = EDGE_LOOP ( 'NONE', ( #435, #1459, #1171, #324 ) ) ;
#1461 = FACE_OUTER_BOUND ( 'NONE', #1212, .T. ) ;
#1462 = ORIENTED_EDGE ( 'NONE', *, *, #1020, .T. ) ;
#1463 = DIRECTION ( 'NONE',  ( -1.000000000000000000, 0.0000000000000000000, 0.0000000000000000000 ) ) ;
#1464 = DIRECTION ( 'NONE',  ( -1.000000000000000000, -1.156482317317778000E-014, -0.0000000000000000000 ) ) ;
#1465 = AXIS2_PLACEMENT_3D ( 'NONE', #694, #1014, #561 ) ;
#1466 = EDGE_LOOP ( 'NONE', ( #66, #982, #1285, #1333 ) ) ;
ENDSEC;
END-ISO-10303-21;
