ISO-10303-21;
HEADER;
FILE_DESCRIPTION (( 'STEP AP214' ),
    '1' );
FILE_NAME ('NPPC032LFBN-RC.STEP',
    '2024-10-30T11:29:17',
    ( '' ),
    ( '' ),
    'SwSTEP 2.0',
    'SolidWorks 2021',
    '' );
FILE_SCHEMA (( 'AUTOMOTIVE_DESIGN' ));
ENDSEC;

DATA;
#1 = EDGE_LOOP ( 'NONE', ( #580, #976, #819, #1226 ) ) ;
#2 = CARTESIAN_POINT ( 'NONE',  ( 0.3809999999999989506, 8.064500000000002444, -1.650999999999999801 ) ) ;
#3 = DIRECTION ( 'NONE',  ( -0.000000000000000000, 0.2588190451025140781, 0.9659258262890700886 ) ) ;
#4 = EDGE_CURVE ( 'NONE', #1430, #1895, #1875, .T. ) ;
#5 = EDGE_LOOP ( 'NONE', ( #471, #917, #2738, #3438 ) ) ;
#6 = ADVANCED_FACE ( 'NONE', ( #1929 ), #838, .F. ) ;
#7 = ORIENTED_EDGE ( 'NONE', *, *, #2208, .T. ) ;
#8 = CARTESIAN_POINT ( 'NONE',  ( -1.269999999999999796, 8.509000000000000341, 0.4444999999999970086 ) ) ;
#9 = DIRECTION ( 'NONE',  ( 0.000000000000000000, 0.000000000000000000, 1.000000000000000000 ) ) ;
#10 = DIRECTION ( 'NONE',  ( 0.000000000000000000, 2.251701056906096594E-16, 1.000000000000000000 ) ) ;
#11 = CARTESIAN_POINT ( 'NONE',  ( -4.064000000000000057, 8.509000000000000341, -2.540000000000001812 ) ) ;
#12 = ORIENTED_EDGE ( 'NONE', *, *, #747, .T. ) ;
#13 = DIRECTION ( 'NONE',  ( -0.5773502691896266192, 0.5773502691896232886, -0.5773502691896275074 ) ) ;
#14 = CARTESIAN_POINT ( 'NONE',  ( 2.540000000000000036, 7.239000000000000767, -2.201425730935033664E-16 ) ) ;
#15 = ADVANCED_FACE ( 'NONE', ( #549 ), #1084, .F. ) ;
#16 = VECTOR ( 'NONE', #1704, 1000.000000000000000 ) ;
#17 = ORIENTED_EDGE ( 'NONE', *, *, #3487, .T. ) ;
#18 = CARTESIAN_POINT ( 'NONE',  ( -4.064000000000000057, 0.000000000000000000, 2.539999999999999147 ) ) ;
#19 = LINE ( 'NONE', #251, #2984 ) ;
#20 = VECTOR ( 'NONE', #2909, 1000.000000000000000 ) ;
#21 = ORIENTED_EDGE ( 'NONE', *, *, #2930, .F. ) ;
#22 = EDGE_CURVE ( 'NONE', #799, #218, #1676, .T. ) ;
#23 = AXIS2_PLACEMENT_3D ( 'NONE', #1877, #750, #450 ) ;
#24 = EDGE_LOOP ( 'NONE', ( #1951, #2800, #1504, #3183 ) ) ;
#25 = ADVANCED_FACE ( 'NONE', ( #300 ), #283, .T. ) ;
#26 = CARTESIAN_POINT ( 'NONE',  ( -0.1961031209927689423, -3.200400000000000134, -1.066800000000000415 ) ) ;
#27 = LINE ( 'NONE', #2430, #1120 ) ;
#28 = LINE ( 'NONE', #2186, #2197 ) ;
#29 = DIRECTION ( 'NONE',  ( 0.000000000000000000, 1.000000000000000000, 1.733406087350420004E-16 ) ) ;
#30 = VERTEX_POINT ( 'NONE', #3493 ) ;
#31 = CARTESIAN_POINT ( 'NONE',  ( -2.666999999999998927, 7.810500000000001997, -1.396999999999998465 ) ) ;
#32 = CARTESIAN_POINT ( 'NONE',  ( -2.666999999999999815, 7.810499999999998444, 1.143000000000000238 ) ) ;
#33 =( GEOMETRIC_REPRESENTATION_CONTEXT ( 3 ) GLOBAL_UNCERTAINTY_ASSIGNED_CONTEXT ( ( #993 ) ) GLOBAL_UNIT_ASSIGNED_CONTEXT ( ( #1696, #70, #1437 ) ) REPRESENTATION_CONTEXT ( 'NONE', 'WORKASPACE' ) );
#34 = VECTOR ( 'NONE', #2828, 1000.000000000000000 ) ;
#35 = VECTOR ( 'NONE', #1343, 999.9999999999998863 ) ;
#36 = ORIENTED_EDGE ( 'NONE', *, *, #1620, .F. ) ;
#37 = EDGE_CURVE ( 'NONE', #823, #449, #1908, .T. ) ;
#38 = PLANE ( 'NONE',  #588 ) ;
#39 = PLANE ( 'NONE',  #216 ) ;
#40 = PRODUCT_DEFINITION_SHAPE ( 'NONE', 'NONE',  #3510 ) ;
#41 = AXIS2_PLACEMENT_3D ( 'NONE', #1486, #954, #418 ) ;
#42 = ORIENTED_EDGE ( 'NONE', *, *, #2666, .F. ) ;
#43 = ORIENTED_EDGE ( 'NONE', *, *, #2705, .F. ) ;
#44 = CARTESIAN_POINT ( 'NONE',  ( 0.3810000000000000053, 0.5079999999999998961, 1.066800000000001303 ) ) ;
#45 = ADVANCED_FACE ( 'NONE', ( #3299 ), #798, .F. ) ;
#46 = EDGE_LOOP ( 'NONE', ( #121, #1066, #3099, #2467 ) ) ;
#47 = CARTESIAN_POINT ( 'NONE',  ( -1.269999999999999796, 0.000000000000000000, 0.000000000000000000 ) ) ;
#48 = DIRECTION ( 'NONE',  ( 1.000000000000000000, 0.000000000000000000, -0.000000000000000000 ) ) ;
#49 = CARTESIAN_POINT ( 'NONE',  ( -1.269999999999999796, 0.5080000000000000071, 2.022881810244992806 ) ) ;
#50 = DIRECTION ( 'NONE',  ( 0.000000000000000000, -1.000000000000000000, 0.000000000000000000 ) ) ;
#51 = DIRECTION ( 'NONE',  ( 0.000000000000000000, -1.733406087350420004E-16, 1.000000000000000000 ) ) ;
#52 = ORIENTED_EDGE ( 'NONE', *, *, #1080, .F. ) ;
#53 = LINE ( 'NONE', #562, #2035 ) ;
#54 = LINE ( 'NONE', #1655, #3260 ) ;
#55 = CARTESIAN_POINT ( 'NONE',  ( -4.064000000000000057, 8.509000000000000341, 2.540000000000001812 ) ) ;
#56 = CLOSED_SHELL ( 'NONE', ( #3076, #2259, #1435, #1029, #1651, #1994, #2773, #1257 ) ) ;
#57 = ORIENTED_EDGE ( 'NONE', *, *, #2112, .T. ) ;
#58 = CARTESIAN_POINT ( 'NONE',  ( 0.3809999999999989506, 7.239000000000000767, -0.8890000000000001235 ) ) ;
#59 = DIRECTION ( 'NONE',  ( -1.000000000000000000, -0.000000000000000000, 0.000000000000000000 ) ) ;
#60 = ORIENTED_EDGE ( 'NONE', *, *, #625, .F. ) ;
#61 = ORIENTED_EDGE ( 'NONE', *, *, #3479, .T. ) ;
#62 = CARTESIAN_POINT ( 'NONE',  ( 0.3809999999999989506, 8.064499999999998892, 1.650999999999999801 ) ) ;
#63 = ORIENTED_EDGE ( 'NONE', *, *, #157, .T. ) ;
#64 = CARTESIAN_POINT ( 'NONE',  ( 0.3810000000000000053, 0.5079999999999997851, 1.473200000000000953 ) ) ;
#65 = DIRECTION ( 'NONE',  ( 0.000000000000000000, 1.000000000000000000, 1.733406087350420004E-16 ) ) ;
#66 = CARTESIAN_POINT ( 'NONE',  ( 3.810000000000000053, 0.5080000000000006732, -2.022881810244994583 ) ) ;
#67 = DIRECTION ( 'NONE',  ( 0.000000000000000000, -1.000000000000000000, 2.923638691849597351E-16 ) ) ;
#68 = ORIENTED_EDGE ( 'NONE', *, *, #3501, .F. ) ;
#69 = LINE ( 'NONE', #88, #101 ) ;
#70 =( NAMED_UNIT ( * ) PLANE_ANGLE_UNIT ( ) SI_UNIT ( $, .RADIAN. ) );
#71 = DIRECTION ( 'NONE',  ( 0.000000000000000000, -0.9659258262890701996, -0.2588190451025140226 ) ) ;
#72 = DIRECTION ( 'NONE',  ( 0.000000000000000000, 1.000000000000000000, -1.019346266292635338E-16 ) ) ;
#73 = ORIENTED_EDGE ( 'NONE', *, *, #1936, .F. ) ;
#74 = CARTESIAN_POINT ( 'NONE',  ( 4.064000000000000057, 4.336808689942017736E-16, -2.159000000000001140 ) ) ;
#75 = CARTESIAN_POINT ( 'NONE',  ( -2.920999999999999819, 8.064499999999998892, 0.8889999999999999014 ) ) ;
#76 = VECTOR ( 'NONE', #120, 1000.000000000000000 ) ;
#77 = EDGE_LOOP ( 'NONE', ( #382, #3145, #3102, #686 ) ) ;
#78 = ORIENTED_EDGE ( 'NONE', *, *, #3226, .T. ) ;
#79 = VECTOR ( 'NONE', #2737, 1000.000000000000000 ) ;
#80 = DIRECTION ( 'NONE',  ( 0.000000000000000000, 0.000000000000000000, -1.000000000000000000 ) ) ;
#81 = ORIENTED_EDGE ( 'NONE', *, *, #657, .F. ) ;
#82 = AXIS2_PLACEMENT_3D ( 'NONE', #1891, #569, #1124 ) ;
#83 = CARTESIAN_POINT ( 'NONE',  ( 3.810000000000000497, 0.5080000000000006732, -2.022881810244994583 ) ) ;
#84 = CARTESIAN_POINT ( 'NONE',  ( -3.810000000000000053, 6.505213034913026604E-16, -2.540000000000000924 ) ) ;
#85 = EDGE_CURVE ( 'NONE', #984, #852, #1656, .T. ) ;
#86 = CARTESIAN_POINT ( 'NONE',  ( 1.270000000000000240, 4.336808689942017736E-16, -2.159000000000001140 ) ) ;
#87 = ORIENTED_EDGE ( 'NONE', *, *, #2831, .F. ) ;
#88 = CARTESIAN_POINT ( 'NONE',  ( 2.159000000000000252, 8.064500000000002444, -1.650999999999999801 ) ) ;
#89 = LINE ( 'NONE', #428, #773 ) ;
#90 = DIRECTION ( 'NONE',  ( 0.000000000000000000, 1.000000000000000000, 3.058038798877906014E-16 ) ) ;
#91 = CARTESIAN_POINT ( 'NONE',  ( 0.1961031209927689978, -3.200400000000000134, -1.066800000000000415 ) ) ;
#92 = EDGE_CURVE ( 'NONE', #1781, #525, #1406, .T. ) ;
#93 = ORIENTED_EDGE ( 'NONE', *, *, #2042, .F. ) ;
#94 = CARTESIAN_POINT ( 'NONE',  ( -3.810000000000000053, 4.336808689942017736E-16, -2.159000000000001140 ) ) ;
#95 = LINE ( 'NONE', #1736, #3495 ) ;
#96 = VECTOR ( 'NONE', #1617, 1000.000000000000000 ) ;
#97 = EDGE_CURVE ( 'NONE', #160, #1852, #2976, .T. ) ;
#98 = ORIENTED_EDGE ( 'NONE', *, *, #1825, .F. ) ;
#99 = PRESENTATION_LAYER_ASSIGNMENT (  '', '', ( #2373 ) ) ;
#100 = EDGE_CURVE ( 'NONE', #2892, #2852, #3281, .T. ) ;
#101 = VECTOR ( 'NONE', #2844, 1000.000000000000000 ) ;
#102 = CARTESIAN_POINT ( 'NONE',  ( 2.159000000000000252, 7.239000000000000767, 0.8889999999999997904 ) ) ;
#103 = AXIS2_PLACEMENT_3D ( 'NONE', #3417, #2962, #3151 ) ;
#104 = EDGE_LOOP ( 'NONE', ( #78, #1364, #139, #3215 ) ) ;
#105 = PRESENTATION_LAYER_ASSIGNMENT (  '', '', ( #1637 ) ) ;
#106 = ADVANCED_FACE ( 'NONE', ( #2159 ), #2227, .F. ) ;
#107 = FACE_OUTER_BOUND ( 'NONE', #2311, .T. ) ;
#108 = FACE_OUTER_BOUND ( 'NONE', #3030, .T. ) ;
#109 = LINE ( 'NONE', #409, #934 ) ;
#110 = ORIENTED_EDGE ( 'NONE', *, *, #3272, .F. ) ;
#111 = DIRECTION ( 'NONE',  ( -0.000000000000000000, 0.2588190451025140781, 0.9659258262890700886 ) ) ;
#112 = CARTESIAN_POINT ( 'NONE',  ( 4.064000000000000057, -8.578981026812224210E-17, 2.158999999999999364 ) ) ;
#113 = LINE ( 'NONE', #1199, #1573 ) ;
#114 = DIRECTION ( 'NONE',  ( 1.000000000000000000, 0.000000000000000000, 0.000000000000000000 ) ) ;
#115 = ORIENTED_EDGE ( 'NONE', *, *, #2604, .F. ) ;
#116 = DIRECTION ( 'NONE',  ( 0.000000000000000000, -1.000000000000000000, -2.338910953479677683E-16 ) ) ;
#117 = EDGE_CURVE ( 'NONE', #3268, #2798, #2470, .T. ) ;
#118 = LINE ( 'NONE', #1469, #2825 ) ;
#119 = ORIENTED_EDGE ( 'NONE', *, *, #1829, .F. ) ;
#120 = DIRECTION ( 'NONE',  ( -1.000000000000000000, -0.000000000000000000, -0.000000000000000000 ) ) ;
#121 = ORIENTED_EDGE ( 'NONE', *, *, #1098, .T. ) ;
#122 = EDGE_CURVE ( 'NONE', #252, #137, #871, .T. ) ;
#123 = CARTESIAN_POINT ( 'NONE',  ( -1.269999999999999796, 4.336808689942017736E-16, -2.159000000000001140 ) ) ;
#124 = CARTESIAN_POINT ( 'NONE',  ( 3.810000000000000497, 0.5080000000000000071, 2.022881810244992806 ) ) ;
#125 = LINE ( 'NONE', #1211, #1321 ) ;
#126 = ORIENTED_EDGE ( 'NONE', *, *, #1142, .F. ) ;
#127 = CARTESIAN_POINT ( 'NONE',  ( 2.159000000000000252, 7.239000000000000767, -0.8890000000000001235 ) ) ;
#128 = CARTESIAN_POINT ( 'NONE',  ( -0.3809999999999998388, 7.239000000000000767, -0.8890000000000001235 ) ) ;
#129 = DIRECTION ( 'NONE',  ( 0.000000000000000000, 3.058038798877906014E-16, -1.000000000000000000 ) ) ;
#130 = CARTESIAN_POINT ( 'NONE',  ( 0.3810000000000000053, 0.5079999999999997851, -1.473200000000000953 ) ) ;
#131 = ORIENTED_EDGE ( 'NONE', *, *, #2436, .T. ) ;
#132 = CARTESIAN_POINT ( 'NONE',  ( -1.269999999999999796, 4.336808689942017736E-16, -2.159000000000001140 ) ) ;
#133 =( NAMED_UNIT ( * ) PLANE_ANGLE_UNIT ( ) SI_UNIT ( $, .RADIAN. ) );
#134 = ADVANCED_FACE ( 'NONE', ( #3033 ), #602, .F. ) ;
#135 = VERTEX_POINT ( 'NONE', #2774 ) ;
#136 = CARTESIAN_POINT ( 'NONE',  ( 3.810000000000000497, 8.509000000000000341, 2.540000000000001812 ) ) ;
#137 = VERTEX_POINT ( 'NONE', #2418 ) ;
#138 = EDGE_CURVE ( 'NONE', #1424, #160, #3225, .T. ) ;
#139 = ORIENTED_EDGE ( 'NONE', *, *, #349, .F. ) ;
#140 = VECTOR ( 'NONE', #352, 1000.000000000000000 ) ;
#141 = UNCERTAINTY_MEASURE_WITH_UNIT (LENGTH_MEASURE( 1.000000000000000082E-05 ), #933, 'distance_accuracy_value', 'NONE');
#142 = LINE ( 'NONE', #2820, #2882 ) ;
#143 = CARTESIAN_POINT ( 'NONE',  ( 2.540000000000000036, 7.239000000000000767, -2.201425730935033664E-16 ) ) ;
#144 = CARTESIAN_POINT ( 'NONE',  ( -0.3809999999999998388, 8.064500000000002444, -1.650999999999999801 ) ) ;
#145 = ADVANCED_FACE ( 'NONE', ( #1619 ), #2695, .F. ) ;
#146 = ORIENTED_EDGE ( 'NONE', *, *, #1208, .T. ) ;
#147 = AXIS2_PLACEMENT_3D ( 'NONE', #1323, #2724, #507 ) ;
#148 = EDGE_CURVE ( 'NONE', #2151, #847, #2527, .T. ) ;
#149 = CARTESIAN_POINT ( 'NONE',  ( 3.810000000000000053, 0.000000000000000000, 2.539999999999999147 ) ) ;
#150 = DIRECTION ( 'NONE',  ( 0.000000000000000000, 0.000000000000000000, 1.000000000000000000 ) ) ;
#151 = CARTESIAN_POINT ( 'NONE',  ( 2.159000000000000252, 8.064500000000002444, -1.650999999999999801 ) ) ;
#152 = VECTOR ( 'NONE', #202, 1000.000000000000000 ) ;
#153 = CARTESIAN_POINT ( 'NONE',  ( 4.064000000000000057, 8.509000000000000341, 2.540000000000001812 ) ) ;
#154 = ADVANCED_FACE ( 'NONE', ( #626 ), #1179, .F. ) ;
#155 = VERTEX_POINT ( 'NONE', #3357 ) ;
#156 = DIRECTION ( 'NONE',  ( 0.000000000000000000, 0.000000000000000000, 1.000000000000000000 ) ) ;
#157 = EDGE_CURVE ( 'NONE', #2093, #478, #895, .T. ) ;
#158 = VECTOR ( 'NONE', #2729, 1000.000000000000000 ) ;
#159 = LINE ( 'NONE', #1243, #2025 ) ;
#160 = VERTEX_POINT ( 'NONE', #679 ) ;
#161 = VECTOR ( 'NONE', #707, 999.9999999999998863 ) ;
#162 = AXIS2_PLACEMENT_3D ( 'NONE', #1865, #2131, #3199 ) ;
#163 = EDGE_LOOP ( 'NONE', ( #7, #571, #2780, #1967 ) ) ;
#164 = VECTOR ( 'NONE', #2163, 1000.000000000000000 ) ;
#165 = CARTESIAN_POINT ( 'NONE',  ( -0.3809999999999998388, 7.239000000000000767, -1.651000000000000023 ) ) ;
#166 = CARTESIAN_POINT ( 'NONE',  ( 1.714499999999999025, 8.509000000000000341, -0.4444999999999983409 ) ) ;
#167 = ORIENTED_EDGE ( 'NONE', *, *, #3189, .F. ) ;
#168 = CARTESIAN_POINT ( 'NONE',  ( -0.8255000000000028981, 8.509000000000000341, 0.4444999999999970086 ) ) ;
#169 = CARTESIAN_POINT ( 'NONE',  ( 0.3809999999999989506, 7.239000000000000767, -0.8890000000000001235 ) ) ;
#170 = DIRECTION ( 'NONE',  ( 0.000000000000000000, -1.000000000000000000, 0.000000000000000000 ) ) ;
#171 = DIRECTION ( 'NONE',  ( -0.000000000000000000, -0.7071067811865482389, -0.7071067811865469066 ) ) ;
#172 = VERTEX_POINT ( 'NONE', #91 ) ;
#173 =( NAMED_UNIT ( * ) PLANE_ANGLE_UNIT ( ) SI_UNIT ( $, .RADIAN. ) );
#174 = LINE ( 'NONE', #1666, #705 ) ;
#175 = EDGE_LOOP ( 'NONE', ( #3041, #3012, #1840, #1092, #2588, #2234, #2459, #1379 ) ) ;
#176 = CLOSED_SHELL ( 'NONE', ( #2150, #2654, #1463, #3129, #356, #2308, #3343, #1201 ) ) ;
#177 = ORIENTED_EDGE ( 'NONE', *, *, #1819, .T. ) ;
#178 = CARTESIAN_POINT ( 'NONE',  ( -4.064000000000000057, 6.505213034913026604E-16, -2.540000000000000924 ) ) ;
#179 = DIRECTION ( 'NONE',  ( -1.000000000000000000, -0.000000000000000000, -0.000000000000000000 ) ) ;
#180 = VERTEX_POINT ( 'NONE', #3374 ) ;
#181 = CARTESIAN_POINT ( 'NONE',  ( 1.270000000000000240, 0.5080000000000000071, 2.022881810244992806 ) ) ;
#182 = FACE_OUTER_BOUND ( 'NONE', #2918, .T. ) ;
#183 = CARTESIAN_POINT ( 'NONE',  ( 2.920999999999998931, 7.239000000000000767, 1.650999999999999801 ) ) ;
#184 = ADVANCED_FACE ( 'NONE', ( #661 ), #913, .F. ) ;
#185 = ORIENTED_EDGE ( 'NONE', *, *, #3184, .T. ) ;
#186 = FILL_AREA_STYLE_COLOUR ( '', #2427 ) ;
#187 = ADVANCED_FACE ( 'NONE', ( #1751 ), #1986, .F. ) ;
#188 = CARTESIAN_POINT ( 'NONE',  ( -1.269999999999999796, 4.336808689942017736E-16, -2.159000000000001140 ) ) ;
#189 = ORIENTED_EDGE ( 'NONE', *, *, #1396, .F. ) ;
#190 = EDGE_LOOP ( 'NONE', ( #2998, #1170, #436, #2664 ) ) ;
#191 = LINE ( 'NONE', #2424, #606 ) ;
#192 = DIRECTION ( 'NONE',  ( 0.000000000000000000, -2.251701056906096594E-16, -1.000000000000000000 ) ) ;
#193 = ORIENTED_EDGE ( 'NONE', *, *, #566, .F. ) ;
#194 = AXIS2_PLACEMENT_3D ( 'NONE', #2320, #1019, #3421 ) ;
#195 = ADVANCED_FACE ( 'NONE', ( #2270 ), #414, .F. ) ;
#196 = DIRECTION ( 'NONE',  ( 0.000000000000000000, 0.000000000000000000, 1.000000000000000000 ) ) ;
#197 = LINE ( 'NONE', #792, #1973 ) ;
#198 = CARTESIAN_POINT ( 'NONE',  ( 0.8255000000000020099, 8.509000000000000341, 0.4444999999999970086 ) ) ;
#199 = VECTOR ( 'NONE', #2505, 1000.000000000000000 ) ;
#200 = VERTEX_POINT ( 'NONE', #2548 ) ;
#201 = VECTOR ( 'NONE', #1305, 1000.000000000000000 ) ;
#202 = DIRECTION ( 'NONE',  ( 0.000000000000000000, 0.000000000000000000, -1.000000000000000000 ) ) ;
#203 = EDGE_CURVE ( 'NONE', #592, #1852, #2285, .T. ) ;
#204 = SHAPE_DEFINITION_REPRESENTATION ( #833, #2663 ) ;
#205 = DIRECTION ( 'NONE',  ( 0.000000000000000000, 0.000000000000000000, -1.000000000000000000 ) ) ;
#206 = EDGE_CURVE ( 'NONE', #1196, #449, #2582, .T. ) ;
#207 = ORIENTED_EDGE ( 'NONE', *, *, #840, .F. ) ;
#208 = DIRECTION ( 'NONE',  ( 0.000000000000000000, -5.691349986800550837E-16, 1.000000000000000000 ) ) ;
#209 = VECTOR ( 'NONE', #1064, 1000.000000000000000 ) ;
#210 = ORIENTED_EDGE ( 'NONE', *, *, #1600, .T. ) ;
#211 = ADVANCED_FACE ( 'NONE', ( #1714 ), #2830, .F. ) ;
#212 = CARTESIAN_POINT ( 'NONE',  ( 0.3809999999999989506, 7.239000000000000767, 1.650999999999999801 ) ) ;
#213 = CARTESIAN_POINT ( 'NONE',  ( -0.8255000000000028981, 8.509000000000000341, -2.540000000000001812 ) ) ;
#214 = DIRECTION ( 'NONE',  ( 0.000000000000000000, 0.000000000000000000, -1.000000000000000000 ) ) ;
#215 = CARTESIAN_POINT ( 'NONE',  ( 1.270000000000000240, 6.505213034913026604E-16, -2.540000000000000924 ) ) ;
#216 = AXIS2_PLACEMENT_3D ( 'NONE', #1445, #1164, #3057 ) ;
#217 = MECHANICAL_DESIGN_GEOMETRIC_PRESENTATION_REPRESENTATION (  '', ( #1637 ), #1985 ) ;
#218 = VERTEX_POINT ( 'NONE', #377 ) ;
#219 = DIRECTION ( 'NONE',  ( -1.000000000000000000, 0.000000000000000000, 0.000000000000000000 ) ) ;
#220 = VERTEX_POINT ( 'NONE', #1161 ) ;
#221 = PLANE ( 'NONE',  #3157 ) ;
#222 = ORIENTED_EDGE ( 'NONE', *, *, #765, .T. ) ;
#223 = ORIENTED_EDGE ( 'NONE', *, *, #1073, .F. ) ;
#224 = FACE_OUTER_BOUND ( 'NONE', #190, .T. ) ;
#225 = FACE_OUTER_BOUND ( 'NONE', #2712, .T. ) ;
#226 = DIRECTION ( 'NONE',  ( 0.000000000000000000, -1.000000000000000000, -2.923638691849597351E-16 ) ) ;
#227 = CARTESIAN_POINT ( 'NONE',  ( 0.3809999999999989506, 7.239000000000000767, -1.651000000000000023 ) ) ;
#228 = ORIENTED_EDGE ( 'NONE', *, *, #554, .F. ) ;
#229 = ITEM_DEFINED_TRANSFORMATION ( 'NONE', 'NONE', #1122,  #2829 ) ;
#230 = EDGE_CURVE ( 'NONE', #3339, #2959, #641, .T. ) ;
#231 = CARTESIAN_POINT ( 'NONE',  ( 0.3809999999999999498, -2.692399999999995241, 1.066800000000000637 ) ) ;
#232 = ORIENTED_EDGE ( 'NONE', *, *, #3279, .F. ) ;
#233 = EDGE_CURVE ( 'NONE', #2816, #2902, #2812, .T. ) ;
#234 = ORIENTED_EDGE ( 'NONE', *, *, #2755, .F. ) ;
#235 = VERTEX_POINT ( 'NONE', #2020 ) ;
#236 = DIRECTION ( 'NONE',  ( 0.000000000000000000, 0.000000000000000000, -1.000000000000000000 ) ) ;
#237 = CARTESIAN_POINT ( 'NONE',  ( -1.269999999999999796, 0.5080000000000006732, -2.022881810244994583 ) ) ;
#238 = CARTESIAN_POINT ( 'NONE',  ( 2.159000000000000252, 8.064499999999998892, 0.8889999999999999014 ) ) ;
#239 = CARTESIAN_POINT ( 'NONE',  ( 3.810000000000000497, 0.000000000000000000, 2.539999999999999147 ) ) ;
#240 = ADVANCED_FACE ( 'NONE', ( #1217 ), #3092, .F. ) ;
#241 = EDGE_CURVE ( 'NONE', #1968, #3058, #2564, .T. ) ;
#242 = ORIENTED_EDGE ( 'NONE', *, *, #1470, .F. ) ;
#243 = VECTOR ( 'NONE', #196, 1000.000000000000000 ) ;
#244 = DIRECTION ( 'NONE',  ( -1.000000000000000000, 0.000000000000000000, 0.000000000000000000 ) ) ;
#245 = CONTEXT_DEPENDENT_SHAPE_REPRESENTATION ( #2160, #2797 ) ;
#246 = ORIENTED_EDGE ( 'NONE', *, *, #364, .T. ) ;
#247 = EDGE_CURVE ( 'NONE', #3176, #1943, #1235, .T. ) ;
#248 = VECTOR ( 'NONE', #219, 1000.000000000000000 ) ;
#249 = ORIENTED_EDGE ( 'NONE', *, *, #3405, .F. ) ;
#250 = LINE ( 'NONE', #1333, #2862 ) ;
#251 = CARTESIAN_POINT ( 'NONE',  ( -2.159000000000001140, 7.239000000000000767, 1.650999999999999801 ) ) ;
#252 = VERTEX_POINT ( 'NONE', #2860 ) ;
#253 = MANIFOLD_SOLID_BREP ( 'Mirror1', #3059 ) ;
#254 = ORIENTED_EDGE ( 'NONE', *, *, #987, .F. ) ;
#255 = CARTESIAN_POINT ( 'NONE',  ( 4.064000000000000057, 8.509000000000000341, 2.540000000000001812 ) ) ;
#256 = VECTOR ( 'NONE', #854, 1000.000000000000000 ) ;
#257 = LINE ( 'NONE', #3003, #1182 ) ;
#258 = FACE_OUTER_BOUND ( 'NONE', #2292, .T. ) ;
#259 = LINE ( 'NONE', #3220, #1958 ) ;
#260 = VECTOR ( 'NONE', #853, 1000.000000000000000 ) ;
#261 = VECTOR ( 'NONE', #408, 1000.000000000000000 ) ;
#262 = EDGE_LOOP ( 'NONE', ( #2487, #3500, #2869, #2386 ) ) ;
#263 = LINE ( 'NONE', #2469, #3153 ) ;
#264 = AXIS2_PLACEMENT_3D ( 'NONE', #2742, #828, #1634 ) ;
#265 = SHAPE_DEFINITION_REPRESENTATION ( #2510, #1812 ) ;
#266 = DIRECTION ( 'NONE',  ( 0.3420201433256661594, -0.9396926207859093161, -2.747321704575235311E-16 ) ) ;
#267 = APPLICATION_CONTEXT ( 'automotive_design' ) ;
#268 = DIRECTION ( 'NONE',  ( 0.000000000000000000, 0.000000000000000000, 1.000000000000000000 ) ) ;
#269 = ADVANCED_FACE ( 'NONE', ( #1803 ), #3460, .F. ) ;
#270 = ORIENTED_EDGE ( 'NONE', *, *, #905, .T. ) ;
#271 = CARTESIAN_POINT ( 'NONE',  ( -2.920999999999999819, 7.239000000000000767, -1.651000000000000023 ) ) ;
#272 = CARTESIAN_POINT ( 'NONE',  ( -2.920999999999999819, 7.239000000000000767, -1.651000000000000023 ) ) ;
#273 = ORIENTED_EDGE ( 'NONE', *, *, #637, .F. ) ;
#274 = VERTEX_POINT ( 'NONE', #1838 ) ;
#275 = DIRECTION ( 'NONE',  ( 0.000000000000000000, -1.733406087350420004E-16, 1.000000000000000000 ) ) ;
#276 = LINE ( 'NONE', #1898, #35 ) ;
#277 = LINE ( 'NONE', #540, #770 ) ;
#278 = EDGE_CURVE ( 'NONE', #3116, #2782, #462, .T. ) ;
#279 = DIRECTION ( 'NONE',  ( 0.000000000000000000, 1.607907343367028359E-16, -1.000000000000000000 ) ) ;
#280 = EDGE_LOOP ( 'NONE', ( #2129, #3358, #834, #1948 ) ) ;
#281 = DIRECTION ( 'NONE',  ( 0.000000000000000000, -1.000000000000000000, -3.058038798877906014E-16 ) ) ;
#282 = DIRECTION ( 'NONE',  ( 0.000000000000000000, 1.019346266292635461E-16, 1.000000000000000000 ) ) ;
#283 = PLANE ( 'NONE',  #1135 ) ;
#284 = EDGE_CURVE ( 'NONE', #3216, #1799, #2370, .T. ) ;
#285 = ORIENTED_EDGE ( 'NONE', *, *, #3180, .T. ) ;
#286 = LINE ( 'NONE', #842, #1165 ) ;
#287 = LINE ( 'NONE', #3136, #2148 ) ;
#288 = EDGE_CURVE ( 'NONE', #519, #1427, #493, .T. ) ;
#289 = ORIENTED_EDGE ( 'NONE', *, *, #3456, .F. ) ;
#290 = EDGE_LOOP ( 'NONE', ( #3402, #406, #1757, #2706 ) ) ;
#291 = DIRECTION ( 'NONE',  ( 0.000000000000000000, 1.000000000000000000, 1.607907343367028359E-16 ) ) ;
#292 = CARTESIAN_POINT ( 'NONE',  ( -0.3810000000000000053, 0.5079999999999997851, -1.473200000000000953 ) ) ;
#293 = MANIFOLD_SOLID_BREP ( 'LPattern1[1]', #789 ) ;
#294 = DIRECTION ( 'NONE',  ( 0.000000000000000000, 2.923638691849597351E-16, -1.000000000000000000 ) ) ;
#295 = DIRECTION ( 'NONE',  ( 0.000000000000000000, 0.000000000000000000, -1.000000000000000000 ) ) ;
#296 = EDGE_CURVE ( 'NONE', #1385, #3419, #2642, .T. ) ;
#297 = VERTEX_POINT ( 'NONE', #3188 ) ;
#298 = FILL_AREA_STYLE ('',( #2172 ) ) ;
#299 = PLANE ( 'NONE',  #3313 ) ;
#300 = FACE_OUTER_BOUND ( 'NONE', #2118, .T. ) ;
#301 = VECTOR ( 'NONE', #295, 1000.000000000000000 ) ;
#302 = ADVANCED_FACE ( 'NONE', ( #477 ), #2385, .F. ) ;
#303 = VERTEX_POINT ( 'NONE', #2073 ) ;
#304 = DIRECTION ( 'NONE',  ( -0.000000000000000000, 1.000000000000000000, 1.733406087350420004E-16 ) ) ;
#305 =( NAMED_UNIT ( * ) PLANE_ANGLE_UNIT ( ) SI_UNIT ( $, .RADIAN. ) );
#306 = AXIS2_PLACEMENT_3D ( 'NONE', #2679, #467, #1588 ) ;
#307 = ORIENTED_EDGE ( 'NONE', *, *, #3097, .T. ) ;
#308 = EDGE_LOOP ( 'NONE', ( #2945, #3342, #3072, #1457 ) ) ;
#309 = EDGE_CURVE ( 'NONE', #632, #2257, #2881, .T. ) ;
#310 = VECTOR ( 'NONE', #3115, 1000.000000000000000 ) ;
#311 = DIRECTION ( 'NONE',  ( -1.000000000000000000, 0.000000000000000000, 0.000000000000000000 ) ) ;
#312 = EDGE_LOOP ( 'NONE', ( #2478, #207, #506, #1788 ) ) ;
#313 = LINE ( 'NONE', #576, #1738 ) ;
#314 = CARTESIAN_POINT ( 'NONE',  ( -3.365500000000001268, 8.509000000000000341, -2.540000000000001812 ) ) ;
#315 = LINE ( 'NONE', #1362, #2419 ) ;
#316 = DIRECTION ( 'NONE',  ( 0.000000000000000000, 0.000000000000000000, -1.000000000000000000 ) ) ;
#317 = EDGE_LOOP ( 'NONE', ( #2985, #647, #119, #643 ) ) ;
#318 = SURFACE_STYLE_USAGE ( .BOTH. , #1944 ) ;
#319 = CARTESIAN_POINT ( 'NONE',  ( -0.3809999999999998388, 8.064499999999998892, 1.650999999999999801 ) ) ;
#320 = DIRECTION ( 'NONE',  ( 0.000000000000000000, 1.733406087350420004E-16, -1.000000000000000000 ) ) ;
#321 = VECTOR ( 'NONE', #2579, 1000.000000000000000 ) ;
#322 = VECTOR ( 'NONE', #1584, 1000.000000000000000 ) ;
#323 = VECTOR ( 'NONE', #2462, 1000.000000000000000 ) ;
#324 = ORIENTED_EDGE ( 'NONE', *, *, #284, .F. ) ;
#325 = DIRECTION ( 'NONE',  ( 0.000000000000000000, 1.000000000000000000, -2.251701056906096594E-16 ) ) ;
#326 = CARTESIAN_POINT ( 'NONE',  ( 5.080000000000000071, 7.239000000000000767, -2.201425730935033664E-16 ) ) ;
#327 = PRESENTATION_LAYER_ASSIGNMENT (  '', '', ( #1924 ) ) ;
#328 = ORIENTED_EDGE ( 'NONE', *, *, #2238, .F. ) ;
#329 = EDGE_LOOP ( 'NONE', ( #2113, #535, #432, #487 ) ) ;
#330 = LINE ( 'NONE', #62, #1557 ) ;
#331 = ORIENTED_EDGE ( 'NONE', *, *, #3061, .F. ) ;
#332 = CARTESIAN_POINT ( 'NONE',  ( -0.3809999999999998388, 8.064499999999998892, 1.651000000000000023 ) ) ;
#333 = CARTESIAN_POINT ( 'NONE',  ( 3.810000000000000497, 8.509000000000000341, -2.095500000000001695 ) ) ;
#334 = CARTESIAN_POINT ( 'NONE',  ( 1.270000000000000240, 0.5080000000000000071, 2.022881810244992806 ) ) ;
#335 = DIRECTION ( 'NONE',  ( -0.000000000000000000, 1.000000000000000000, 1.733406087350420004E-16 ) ) ;
#336 = CARTESIAN_POINT ( 'NONE',  ( 1.714499999999997248, 8.509000000000000341, -2.540000000000001812 ) ) ;
#337 = ORIENTED_EDGE ( 'NONE', *, *, #734, .T. ) ;
#338 =( LENGTH_UNIT ( ) NAMED_UNIT ( * ) SI_UNIT ( .MILLI., .METRE. ) );
#339 = CARTESIAN_POINT ( 'NONE',  ( 3.365500000000000380, 8.509000000000000341, -2.540000000000001812 ) ) ;
#340 = DIRECTION ( 'NONE',  ( -0.000000000000000000, 1.019346266292635338E-16, 1.000000000000000000 ) ) ;
#341 = ORIENTED_EDGE ( 'NONE', *, *, #761, .F. ) ;
#342 = CARTESIAN_POINT ( 'NONE',  ( -2.159000000000001140, 7.239000000000000767, -0.8890000000000001235 ) ) ;
#343 = LINE ( 'NONE', #645, #1814 ) ;
#344 = VERTEX_POINT ( 'NONE', #541 ) ;
#345 = ADVANCED_FACE ( 'NONE', ( #2223 ), #2941, .F. ) ;
#346 = ORIENTED_EDGE ( 'NONE', *, *, #2492, .F. ) ;
#347 = PLANE ( 'NONE',  #2912 ) ;
#348 = EDGE_LOOP ( 'NONE', ( #3461, #742, #1526, #909 ) ) ;
#349 = EDGE_CURVE ( 'NONE', #2217, #1672, #2710, .T. ) ;
#350 = CARTESIAN_POINT ( 'NONE',  ( 0.1961031209927689423, -3.200400000000000134, -1.473199999999999843 ) ) ;
#351 = LINE ( 'NONE', #1744, #261 ) ;
#352 = DIRECTION ( 'NONE',  ( -1.000000000000000000, 0.000000000000000000, 0.000000000000000000 ) ) ;
#353 = ORIENTED_EDGE ( 'NONE', *, *, #1947, .F. ) ;
#354 = DIRECTION ( 'NONE',  ( 0.000000000000000000, 0.000000000000000000, -1.000000000000000000 ) ) ;
#355 = PRESENTATION_STYLE_ASSIGNMENT (( #600 ) ) ;
#356 = ADVANCED_FACE ( 'NONE', ( #1079 ), #1363, .T. ) ;
#357 = CARTESIAN_POINT ( 'NONE',  ( -1.269999999999999796, 8.509000000000000341, -2.540000000000001812 ) ) ;
#358 = DIRECTION ( 'NONE',  ( -0.5773502691896261751, 0.5773502691896250649, -0.5773502691896260641 ) ) ;
#359 = EDGE_CURVE ( 'NONE', #3086, #2475, #2971, .T. ) ;
#360 = ORIENTED_EDGE ( 'NONE', *, *, #2836, .F. ) ;
#361 = CARTESIAN_POINT ( 'NONE',  ( 3.810000000000000053, 0.000000000000000000, 0.000000000000000000 ) ) ;
#362 = FACE_OUTER_BOUND ( 'NONE', #2198, .T. ) ;
#363 = PRODUCT_DEFINITION ( 'UNKNOWN', '', #3045, #1774 ) ;
#364 = EDGE_CURVE ( 'NONE', #303, #1781, #259, .T. ) ;
#365 = VECTOR ( 'NONE', #1897, 1000.000000000000000 ) ;
#366 = ORIENTED_EDGE ( 'NONE', *, *, #2604, .T. ) ;
#367 = LINE ( 'NONE', #102, #76 ) ;
#368 = VERTEX_POINT ( 'NONE', #239 ) ;
#369 = AXIS2_PLACEMENT_3D ( 'NONE', #1368, #3284, #586 ) ;
#370 = CARTESIAN_POINT ( 'NONE',  ( 2.920999999999998931, 7.239000000000000767, -0.8890000000000001235 ) ) ;
#371 = CARTESIAN_POINT ( 'NONE',  ( -1.269999999999999796, -8.578981026812224210E-17, 2.158999999999999364 ) ) ;
#372 = LINE ( 'NONE', #2576, #140 ) ;
#373 = ORIENTED_EDGE ( 'NONE', *, *, #1942, .F. ) ;
#374 = CARTESIAN_POINT ( 'NONE',  ( -1.269999999999999796, -8.578981026812224210E-17, 2.158999999999999364 ) ) ;
#375 = DIRECTION ( 'NONE',  ( 0.000000000000000000, -2.667820306312759283E-16, -1.000000000000000000 ) ) ;
#376 = CARTESIAN_POINT ( 'NONE',  ( 2.159000000000000252, 7.239000000000000767, -1.651000000000000023 ) ) ;
#377 = CARTESIAN_POINT ( 'NONE',  ( -3.810000000000000053, 4.336808689942017736E-16, -2.159000000000001140 ) ) ;
#378 = VERTEX_POINT ( 'NONE', #3238 ) ;
#379 = CARTESIAN_POINT ( 'NONE',  ( -2.159000000000001140, 8.064500000000002444, -1.650999999999999801 ) ) ;
#380 = CARTESIAN_POINT ( 'NONE',  ( 1.270000000000000240, 8.509000000000000341, -2.540000000000001812 ) ) ;
#381 = AXIS2_PLACEMENT_3D ( 'NONE', #429, #3471, #1566 ) ;
#382 = ORIENTED_EDGE ( 'NONE', *, *, #2179, .T. ) ;
#383 = MECHANICAL_DESIGN_GEOMETRIC_PRESENTATION_REPRESENTATION (  '', ( #832 ), #2643 ) ;
#384 = AXIS2_PLACEMENT_3D ( 'NONE', #1477, #3293, #1724 ) ;
#385 = DIRECTION ( 'NONE',  ( 0.000000000000000000, -1.000000000000000000, -1.733406087350420004E-16 ) ) ;
#386 = VECTOR ( 'NONE', #2509, 1000.000000000000000 ) ;
#387 = ORIENTED_EDGE ( 'NONE', *, *, #2247, .T. ) ;
#388 = MECHANICAL_DESIGN_GEOMETRIC_PRESENTATION_REPRESENTATION (  '', ( #1924 ), #2704 ) ;
#389 = CARTESIAN_POINT ( 'NONE',  ( -1.269999999999999796, 8.509000000000000341, 2.540000000000001812 ) ) ;
#390 = CARTESIAN_POINT ( 'NONE',  ( 2.159000000000000252, 7.239000000000000767, 0.8889999999999997904 ) ) ;
#391 = FACE_OUTER_BOUND ( 'NONE', #1411, .T. ) ;
#392 = EDGE_LOOP ( 'NONE', ( #3256, #2452, #1630, #146 ) ) ;
#393 = EDGE_CURVE ( 'NONE', #1739, #3333, #3294, .T. ) ;
#394 = PLANE ( 'NONE',  #2594 ) ;
#395 = DIRECTION ( 'NONE',  ( -0.000000000000000000, 0.000000000000000000, 1.000000000000000000 ) ) ;
#396 = DIRECTION ( 'NONE',  ( -0.000000000000000000, 1.000000000000000000, 1.733406087350420004E-16 ) ) ;
#397 = CARTESIAN_POINT ( 'NONE',  ( -4.064000000000000057, 0.5080000000000006732, -2.022881810244994583 ) ) ;
#398 = VECTOR ( 'NONE', #358, 1000.000000000000000 ) ;
#399 = ORIENTED_EDGE ( 'NONE', *, *, #1719, .T. ) ;
#400 = FILL_AREA_STYLE_COLOUR ( '', #940 ) ;
#401 = EDGE_CURVE ( 'NONE', #525, #2751, #1941, .T. ) ;
#402 = ORIENTED_EDGE ( 'NONE', *, *, #2398, .F. ) ;
#403 = DIRECTION ( 'NONE',  ( 0.000000000000000000, -5.691349986800550837E-16, 1.000000000000000000 ) ) ;
#404 = EDGE_CURVE ( 'NONE', #1017, #1335, #2207, .T. ) ;
#405 = ORIENTED_EDGE ( 'NONE', *, *, #985, .F. ) ;
#406 = ORIENTED_EDGE ( 'NONE', *, *, #3239, .F. ) ;
#407 = LINE ( 'NONE', #1492, #1242 ) ;
#408 = DIRECTION ( 'NONE',  ( 0.000000000000000000, 1.000000000000000000, -2.338910953479677683E-16 ) ) ;
#409 = CARTESIAN_POINT ( 'NONE',  ( -2.159000000000001140, 7.239000000000000767, 0.8889999999999997904 ) ) ;
#410 = ORIENTED_EDGE ( 'NONE', *, *, #1146, .T. ) ;
#411 = CARTESIAN_POINT ( 'NONE',  ( 2.159000000000000252, 7.239000000000000767, 1.650999999999999801 ) ) ;
#412 = LINE ( 'NONE', #2827, #2875 ) ;
#413 = FACE_OUTER_BOUND ( 'NONE', #1060, .T. ) ;
#414 = PLANE ( 'NONE',  #3085 ) ;
#415 = ADVANCED_FACE ( 'NONE', ( #1400, #1377, #1871 ), #2482, .F. ) ;
#416 = EDGE_LOOP ( 'NONE', ( #687, #3018, #2310, #2691 ) ) ;
#417 = PRESENTATION_STYLE_ASSIGNMENT (( #682 ) ) ;
#418 = DIRECTION ( 'NONE',  ( 1.000000000000000000, 0.000000000000000000, 0.000000000000000000 ) ) ;
#419 = CARTESIAN_POINT ( 'NONE',  ( 0.1269999999999977813, 7.810500000000001997, -1.396999999999998465 ) ) ;
#420 = ORIENTED_EDGE ( 'NONE', *, *, #1512, .F. ) ;
#421 = ORIENTED_EDGE ( 'NONE', *, *, #453, .F. ) ;
#422 = VECTOR ( 'NONE', #1266, 1000.000000000000000 ) ;
#423 = DIRECTION ( 'NONE',  ( 0.000000000000000000, -2.251701056906096594E-16, -1.000000000000000000 ) ) ;
#424 = CARTESIAN_POINT ( 'NONE',  ( 3.810000000000000497, 4.336808689942017736E-16, -2.159000000000001140 ) ) ;
#425 = ORIENTED_EDGE ( 'NONE', *, *, #1408, .F. ) ;
#426 = AXIS2_PLACEMENT_3D ( 'NONE', #1291, #2100, #1811 ) ;
#427 = CARTESIAN_POINT ( 'NONE',  ( -3.810000000000000053, -8.578981026812224210E-17, 2.158999999999999364 ) ) ;
#428 = CARTESIAN_POINT ( 'NONE',  ( 2.159000000000000252, 8.064500000000002444, -0.8890000000000001235 ) ) ;
#429 = CARTESIAN_POINT ( 'NONE',  ( -0.3810000000000000053, 0.000000000000000000, 0.000000000000000000 ) ) ;
#430 = VECTOR ( 'NONE', #1219, 1000.000000000000000 ) ;
#431 = PRESENTATION_STYLE_ASSIGNMENT (( #1585 ) ) ;
#432 = ORIENTED_EDGE ( 'NONE', *, *, #1204, .T. ) ;
#433 = SURFACE_STYLE_FILL_AREA ( #1540 ) ;
#434 = VECTOR ( 'NONE', #2269, 1000.000000000000000 ) ;
#435 = LINE ( 'NONE', #1525, #2634 ) ;
#436 = ORIENTED_EDGE ( 'NONE', *, *, #3356, .T. ) ;
#437 = VECTOR ( 'NONE', #2368, 1000.000000000000000 ) ;
#438 = AXIS2_PLACEMENT_3D ( 'NONE', #3169, #752, #689 ) ;
#439 = ORIENTED_EDGE ( 'NONE', *, *, #1393, .F. ) ;
#440 = VECTOR ( 'NONE', #1996, 1000.000000000000000 ) ;
#441 = LINE ( 'NONE', #702, #548 ) ;
#442 = FACE_OUTER_BOUND ( 'NONE', #1074, .T. ) ;
#443 = EDGE_LOOP ( 'NONE', ( #3181, #3329, #3394, #2393 ) ) ;
#444 = DIRECTION ( 'NONE',  ( -0.000000000000000000, 1.000000000000000000, 1.733406087350420004E-16 ) ) ;
#445 = PLANE ( 'NONE',  #1860 ) ;
#446 = LINE ( 'NONE', #2384, #538 ) ;
#447 =( NAMED_UNIT ( * ) PLANE_ANGLE_UNIT ( ) SI_UNIT ( $, .RADIAN. ) );
#448 = EDGE_CURVE ( 'NONE', #2684, #1206, #3276, .T. ) ;
#449 = VERTEX_POINT ( 'NONE', #2414 ) ;
#450 = DIRECTION ( 'NONE',  ( 0.000000000000000000, -0.000000000000000000, -1.000000000000000000 ) ) ;
#451 = EDGE_LOOP ( 'NONE', ( #2621, #2027, #1682, #2731 ) ) ;
#452 = CLOSED_SHELL ( 'NONE', ( #1612, #106, #458, #2277, #2079, #1041, #211, #1902, #1150, #1035, #1289, #3430, #2686, #45, #1207, #511, #1389, #2503, #1383, #345, #2822, #302, #6, #611, #2361, #714, #515, #494 ) ) ;
#453 = EDGE_CURVE ( 'NONE', #3502, #1622, #3006, .T. ) ;
#454 = EDGE_LOOP ( 'NONE', ( #307, #2636, #3480, #1718 ) ) ;
#455 = DIRECTION ( 'NONE',  ( 0.000000000000000000, 0.000000000000000000, -1.000000000000000000 ) ) ;
#456 = DIRECTION ( 'NONE',  ( 0.000000000000000000, -1.000000000000000000, 0.000000000000000000 ) ) ;
#457 = EDGE_LOOP ( 'NONE', ( #1203, #555, #1699, #1359 ) ) ;
#458 = ADVANCED_FACE ( 'NONE', ( #1923 ), #3486, .F. ) ;
#459 = DIRECTION ( 'NONE',  ( 0.000000000000000000, 1.000000000000000000, 5.691349986800550837E-16 ) ) ;
#460 = DIRECTION ( 'NONE',  ( -1.000000000000000000, -0.000000000000000000, -0.000000000000000000 ) ) ;
#461 = LINE ( 'NONE', #2598, #1113 ) ;
#462 = LINE ( 'NONE', #1284, #20 ) ;
#463 = EDGE_CURVE ( 'NONE', #1596, #691, #1885, .T. ) ;
#464 = ORIENTED_EDGE ( 'NONE', *, *, #3255, .T. ) ;
#465 = PRESENTATION_STYLE_ASSIGNMENT (( #2338 ) ) ;
#466 = EDGE_CURVE ( 'NONE', #935, #2751, #579, .T. ) ;
#467 = DIRECTION ( 'NONE',  ( 1.000000000000000000, 0.000000000000000000, 0.000000000000000000 ) ) ;
#468 = ADVANCED_FACE ( 'NONE', ( #2432 ), #3506, .F. ) ;
#469 = VERTEX_POINT ( 'NONE', #1116 ) ;
#470 = LINE ( 'NONE', #3119, #1181 ) ;
#471 = ORIENTED_EDGE ( 'NONE', *, *, #1216, .T. ) ;
#472 = VECTOR ( 'NONE', #2534, 1000.000000000000000 ) ;
#473 = CARTESIAN_POINT ( 'NONE',  ( 1.714499999999997248, 8.509000000000000341, 0.4444999999999970086 ) ) ;
#474 = LINE ( 'NONE', #491, #603 ) ;
#475 = LINE ( 'NONE', #1823, #1861 ) ;
#476 = AXIS2_PLACEMENT_3D ( 'NONE', #2351, #710, #1034 ) ;
#477 = FACE_OUTER_BOUND ( 'NONE', #1407, .T. ) ;
#478 = VERTEX_POINT ( 'NONE', #1998 ) ;
#479 = VECTOR ( 'NONE', #2429, 1000.000000000000000 ) ;
#480 = SURFACE_SIDE_STYLE ('',( #3177 ) ) ;
#481 = APPLICATION_PROTOCOL_DEFINITION ( 'draft international standard', 'automotive_design', 1998, #2340 ) ;
#482 = LINE ( 'NONE', #738, #3091 ) ;
#483 = ORIENTED_EDGE ( 'NONE', *, *, #1025, .F. ) ;
#484 = PLANE ( 'NONE',  #2757 ) ;
#485 = AXIS2_PLACEMENT_3D ( 'NONE', #411, #1420, #2483 ) ;
#486 = AXIS2_PLACEMENT_3D ( 'NONE', #151, #2612, #2121 ) ;
#487 = ORIENTED_EDGE ( 'NONE', *, *, #2930, .T. ) ;
#488 = VECTOR ( 'NONE', #3504, 1000.000000000000000 ) ;
#489 = ORIENTED_EDGE ( 'NONE', *, *, #2102, .F. ) ;
#490 = CARTESIAN_POINT ( 'NONE',  ( 1.270000000000000240, 8.509000000000000341, -0.4444999999999982854 ) ) ;
#491 = CARTESIAN_POINT ( 'NONE',  ( 0.3810000000000000053, 0.5079999999999997851, -1.473200000000000953 ) ) ;
#492 = LINE ( 'NONE', #1837, #3321 ) ;
#493 = LINE ( 'NONE', #227, #2460 ) ;
#494 = ADVANCED_FACE ( 'NONE', ( #391 ), #2804, .F. ) ;
#495 = EDGE_LOOP ( 'NONE', ( #2015, #223, #126, #961 ) ) ;
#496 = CARTESIAN_POINT ( 'NONE',  ( -4.064000000000000057, 6.505213034913026604E-16, -2.540000000000000924 ) ) ;
#497 = DIRECTION ( 'NONE',  ( 0.000000000000000000, 0.000000000000000000, 1.000000000000000000 ) ) ;
#498 = EDGE_CURVE ( 'NONE', #3086, #3107, #109, .T. ) ;
#499 = PLANE ( 'NONE',  #306 ) ;
#500 = ORIENTED_EDGE ( 'NONE', *, *, #625, .T. ) ;
#501 = EDGE_CURVE ( 'NONE', #1685, #1196, #3367, .T. ) ;
#502 = CARTESIAN_POINT ( 'NONE',  ( -4.064000000000000057, 4.336808689942017736E-16, -2.159000000000001140 ) ) ;
#503 = ADVANCED_FACE ( 'NONE', ( #3084 ), #3065, .F. ) ;
#504 = VECTOR ( 'NONE', #266, 1000.000000000000114 ) ;
#505 = ORIENTED_EDGE ( 'NONE', *, *, #3093, .T. ) ;
#506 = ORIENTED_EDGE ( 'NONE', *, *, #1839, .F. ) ;
#507 = DIRECTION ( 'NONE',  ( 0.000000000000000000, 2.667820306312759283E-16, 1.000000000000000000 ) ) ;
#508 = CARTESIAN_POINT ( 'NONE',  ( -4.064000000000000057, 0.5080000000000000071, 2.022881810244992806 ) ) ;
#509 = CARTESIAN_POINT ( 'NONE',  ( 0.3809999999999989506, 8.064500000000002444, -0.8890000000000001235 ) ) ;
#510 = CARTESIAN_POINT ( 'NONE',  ( -2.920999999999999819, 7.239000000000000767, 0.8889999999999997904 ) ) ;
#511 = ADVANCED_FACE ( 'NONE', ( #2500 ), #1418, .F. ) ;
#512 = ORIENTED_EDGE ( 'NONE', *, *, #1620, .T. ) ;
#513 = LINE ( 'NONE', #2387, #1677 ) ;
#514 = ORIENTED_EDGE ( 'NONE', *, *, #3066, .T. ) ;
#515 = ADVANCED_FACE ( 'NONE', ( #2280 ), #2316, .F. ) ;
#516 = LINE ( 'NONE', #768, #2188 ) ;
#517 = DIRECTION ( 'NONE',  ( 0.000000000000000000, -0.9659258262890700886, 0.2588190451025140781 ) ) ;
#518 = EDGE_LOOP ( 'NONE', ( #115, #246, #2448, #1873 ) ) ;
#519 = VERTEX_POINT ( 'NONE', #2787 ) ;
#520 = LINE ( 'NONE', #490, #2740 ) ;
#521 = CARTESIAN_POINT ( 'NONE',  ( -2.920999999999999819, 8.064499999999998892, 1.650999999999999801 ) ) ;
#522 = CARTESIAN_POINT ( 'NONE',  ( -0.3809999999999998388, 7.239000000000000767, 0.8889999999999997904 ) ) ;
#523 = DIRECTION ( 'NONE',  ( -0.000000000000000000, 1.000000000000000000, 1.733406087350420004E-16 ) ) ;
#524 = VECTOR ( 'NONE', #2578, 1000.000000000000000 ) ;
#525 = VERTEX_POINT ( 'NONE', #2264 ) ;
#526 = PRESENTATION_LAYER_ASSIGNMENT (  '', '', ( #2021 ) ) ;
#527 = CARTESIAN_POINT ( 'NONE',  ( 1.714499999999999025, 8.509000000000000341, -2.095500000000001695 ) ) ;
#528 = DIRECTION ( 'NONE',  ( -1.000000000000000000, -0.000000000000000000, -0.000000000000000000 ) ) ;
#529 = VECTOR ( 'NONE', #1954, 1000.000000000000000 ) ;
#530 = ORIENTED_EDGE ( 'NONE', *, *, #1661, .F. ) ;
#531 = CARTESIAN_POINT ( 'NONE',  ( 2.920999999999998931, 8.064499999999998892, 1.651000000000000023 ) ) ;
#532 = DIRECTION ( 'NONE',  ( -1.000000000000000000, 0.000000000000000000, 0.000000000000000000 ) ) ;
#533 =( GEOMETRIC_REPRESENTATION_CONTEXT ( 3 ) GLOBAL_UNCERTAINTY_ASSIGNED_CONTEXT ( ( #962 ) ) GLOBAL_UNIT_ASSIGNED_CONTEXT ( ( #2913, #736, #2665 ) ) REPRESENTATION_CONTEXT ( 'NONE', 'WORKASPACE' ) );
#534 = ORIENTED_EDGE ( 'NONE', *, *, #1775, .F. ) ;
#535 = ORIENTED_EDGE ( 'NONE', *, *, #359, .T. ) ;
#536 = EDGE_CURVE ( 'NONE', #3058, #599, #1977, .T. ) ;
#537 = DIRECTION ( 'NONE',  ( 0.000000000000000000, -0.9659258262890700886, 0.2588190451025140226 ) ) ;
#538 = VECTOR ( 'NONE', #2111, 1000.000000000000000 ) ;
#539 = DIRECTION ( 'NONE',  ( -1.000000000000000000, -0.000000000000000000, -0.000000000000000000 ) ) ;
#540 = CARTESIAN_POINT ( 'NONE',  ( 3.810000000000000497, 8.509000000000000341, -0.4444999999999982854 ) ) ;
#541 = CARTESIAN_POINT ( 'NONE',  ( 2.159000000000000252, 7.239000000000000767, -0.8890000000000001235 ) ) ;
#542 = VECTOR ( 'NONE', #947, 1000.000000000000000 ) ;
#543 = VECTOR ( 'NONE', #907, 1000.000000000000000 ) ;
#544 = ORIENTED_EDGE ( 'NONE', *, *, #3255, .F. ) ;
#545 =( NAMED_UNIT ( * ) SI_UNIT ( $, .STERADIAN. ) SOLID_ANGLE_UNIT ( ) );
#546 = EDGE_CURVE ( 'NONE', #344, #3176, #1156, .T. ) ;
#547 = CARTESIAN_POINT ( 'NONE',  ( -1.269999999999999796, 8.509000000000000341, 2.540000000000001812 ) ) ;
#548 = VECTOR ( 'NONE', #1831, 999.9999999999998863 ) ;
#549 = FACE_OUTER_BOUND ( 'NONE', #1467, .T. ) ;
#550 = ORIENTED_EDGE ( 'NONE', *, *, #2084, .F. ) ;
#551 = FACE_OUTER_BOUND ( 'NONE', #1903, .T. ) ;
#552 = LINE ( 'NONE', #1645, #1013 ) ;
#553 = ORIENTED_EDGE ( 'NONE', *, *, #3017, .T. ) ;
#554 = EDGE_CURVE ( 'NONE', #1484, #2788, #372, .T. ) ;
#555 = ORIENTED_EDGE ( 'NONE', *, *, #1914, .F. ) ;
#556 = DIRECTION ( 'NONE',  ( 0.000000000000000000, -1.000000000000000000, 1.019346266292635338E-16 ) ) ;
#557 = CARTESIAN_POINT ( 'NONE',  ( -0.3809999999999998388, 8.064499999999998892, 1.651000000000000023 ) ) ;
#558 = FACE_OUTER_BOUND ( 'NONE', #317, .T. ) ;
#559 = CARTESIAN_POINT ( 'NONE',  ( 0.3810000000000000053, -3.200400000000000134, 1.066800000000000415 ) ) ;
#560 = EDGE_CURVE ( 'NONE', #1427, #3339, #2239, .T. ) ;
#561 = ORIENTED_EDGE ( 'NONE', *, *, #3388, .F. ) ;
#562 = CARTESIAN_POINT ( 'NONE',  ( -1.269999999999999796, 0.5080000000000006732, -2.022881810244994583 ) ) ;
#563 = CARTESIAN_POINT ( 'NONE',  ( 2.159000000000000252, 8.064499999999998892, 1.651000000000000023 ) ) ;
#564 = CARTESIAN_POINT ( 'NONE',  ( -4.064000000000000057, 4.336808689942017736E-16, -2.159000000000001140 ) ) ;
#565 = ADVANCED_BREP_SHAPE_REPRESENTATION ( '', ( #1523, #1528, #253, #293, #2632, #2829 ), #727 ) ;
#566 = EDGE_CURVE ( 'NONE', #2684, #1385, #1957, .T. ) ;
#567 = EDGE_CURVE ( 'NONE', #984, #2274, #1691, .T. ) ;
#568 = ORIENTED_EDGE ( 'NONE', *, *, #1772, .F. ) ;
#569 = DIRECTION ( 'NONE',  ( 0.000000000000000000, 1.733406087350420004E-16, -1.000000000000000000 ) ) ;
#570 = CARTESIAN_POINT ( 'NONE',  ( 1.270000000000000240, 0.5080000000000006732, -2.022881810244994583 ) ) ;
#571 = ORIENTED_EDGE ( 'NONE', *, *, #2705, .T. ) ;
#572 = ORIENTED_EDGE ( 'NONE', *, *, #778, .T. ) ;
#573 = DIRECTION ( 'NONE',  ( -0.000000000000000000, 0.000000000000000000, -1.000000000000000000 ) ) ;
#574 = PRODUCT_DEFINITION_SHAPE ( 'NONE', 'NONE',  #3509 ) ;
#575 = ORIENTED_EDGE ( 'NONE', *, *, #803, .T. ) ;
#576 = CARTESIAN_POINT ( 'NONE',  ( 0.3810000000000000053, -3.200400000000000134, -1.066800000000000415 ) ) ;
#577 = DIRECTION ( 'NONE',  ( 0.000000000000000000, -0.9659258262890701996, -0.2588190451025140226 ) ) ;
#578 = CARTESIAN_POINT ( 'NONE',  ( -0.8255000000000011218, 8.509000000000000341, -2.540000000000001812 ) ) ;
#579 = LINE ( 'NONE', #559, #2457 ) ;
#580 = ORIENTED_EDGE ( 'NONE', *, *, #2366, .T. ) ;
#581 = DIRECTION ( 'NONE',  ( 0.000000000000000000, -0.000000000000000000, 1.000000000000000000 ) ) ;
#582 = CARTESIAN_POINT ( 'NONE',  ( 1.270000000000000240, -8.578981026812224210E-17, 2.158999999999999364 ) ) ;
#583 = CARTESIAN_POINT ( 'NONE',  ( 0.1269999999999986418, 7.810499999999998444, 1.143000000000000238 ) ) ;
#584 = VECTOR ( 'NONE', #2768, 1000.000000000000114 ) ;
#585 = ORIENTED_EDGE ( 'NONE', *, *, #650, .T. ) ;
#586 = DIRECTION ( 'NONE',  ( 0.000000000000000000, 0.000000000000000000, 1.000000000000000000 ) ) ;
#587 = CARTESIAN_POINT ( 'NONE',  ( -0.8255000000000028981, 8.509000000000000341, 2.095500000000002139 ) ) ;
#588 = AXIS2_PLACEMENT_3D ( 'NONE', #2508, #1354, #2719 ) ;
#589 = ORIENTED_EDGE ( 'NONE', *, *, #1510, .T. ) ;
#590 = ORIENTED_EDGE ( 'NONE', *, *, #1671, .F. ) ;
#591 = LINE ( 'NONE', #649, #1731 ) ;
#592 = VERTEX_POINT ( 'NONE', #1173 ) ;
#593 = LINE ( 'NONE', #419, #878 ) ;
#594 = PLANE ( 'NONE',  #776 ) ;
#595 = DIRECTION ( 'NONE',  ( 0.000000000000000000, 0.000000000000000000, -1.000000000000000000 ) ) ;
#596 = DIRECTION ( 'NONE',  ( -0.7071067811865454633, -0.7071067811865495711, 0.000000000000000000 ) ) ;
#597 = VECTOR ( 'NONE', #13, 999.9999999999998863 ) ;
#598 = DIRECTION ( 'NONE',  ( -1.000000000000000000, 0.000000000000000000, 0.000000000000000000 ) ) ;
#599 = VERTEX_POINT ( 'NONE', #3312 ) ;
#600 = SURFACE_STYLE_USAGE ( .BOTH. , #1905 ) ;
#601 = CARTESIAN_POINT ( 'NONE',  ( 1.270000000000000240, 6.505213034913026604E-16, -2.540000000000000924 ) ) ;
#602 = PLANE ( 'NONE',  #1143 ) ;
#603 = VECTOR ( 'NONE', #744, 1000.000000000000000 ) ;
#604 = VECTOR ( 'NONE', #676, 1000.000000000000000 ) ;
#605 = ADVANCED_FACE ( 'NONE', ( #889 ), #655, .F. ) ;
#606 = VECTOR ( 'NONE', #1072, 1000.000000000000114 ) ;
#607 = VERTEX_POINT ( 'NONE', #1456 ) ;
#608 = LINE ( 'NONE', #2777, #2466 ) ;
#609 = FACE_OUTER_BOUND ( 'NONE', #2775, .T. ) ;
#610 = EDGE_LOOP ( 'NONE', ( #2342, #3198, #1347, #2202 ) ) ;
#611 = ADVANCED_FACE ( 'NONE', ( #3332 ), #908, .F. ) ;
#612 = ORIENTED_EDGE ( 'NONE', *, *, #3232, .F. ) ;
#613 = LINE ( 'NONE', #1664, #79 ) ;
#614 = VERTEX_POINT ( 'NONE', #2559 ) ;
#615 = EDGE_CURVE ( 'NONE', #2678, #1434, #125, .T. ) ;
#616 = DIRECTION ( 'NONE',  ( -1.000000000000000000, -0.000000000000000000, -0.000000000000000000 ) ) ;
#617 = ADVANCED_FACE ( 'NONE', ( #965 ), #3120, .F. ) ;
#618 = FACE_OUTER_BOUND ( 'NONE', #1244, .T. ) ;
#619 = PLANE ( 'NONE',  #1059 ) ;
#620 = DIRECTION ( 'NONE',  ( 1.000000000000000000, 0.000000000000000000, 0.000000000000000000 ) ) ;
#621 = EDGE_LOOP ( 'NONE', ( #2806, #1332, #3465, #1990 ) ) ;
#622 = CARTESIAN_POINT ( 'NONE',  ( -1.269999999999999796, 0.5080000000000000071, 2.022881810244992806 ) ) ;
#623 = DIRECTION ( 'NONE',  ( -0.000000000000000000, 1.000000000000000000, 0.000000000000000000 ) ) ;
#624 = DIRECTION ( 'NONE',  ( 0.000000000000000000, 1.000000000000000000, 3.058038798877906014E-16 ) ) ;
#625 = EDGE_CURVE ( 'NONE', #1511, #2103, #1780, .T. ) ;
#626 = FACE_OUTER_BOUND ( 'NONE', #1212, .T. ) ;
#627 = ORIENTED_EDGE ( 'NONE', *, *, #2978, .T. ) ;
#628 = DIRECTION ( 'NONE',  ( 1.000000000000000000, 0.000000000000000000, 0.000000000000000000 ) ) ;
#629 =( NAMED_UNIT ( * ) SI_UNIT ( $, .STERADIAN. ) SOLID_ANGLE_UNIT ( ) );
#630 = EDGE_LOOP ( 'NONE', ( #3078, #2101, #2999, #859 ) ) ;
#631 = CARTESIAN_POINT ( 'NONE',  ( -2.920999999999999819, 7.239000000000000767, -0.8890000000000001235 ) ) ;
#632 = VERTEX_POINT ( 'NONE', #44 ) ;
#633 = CARTESIAN_POINT ( 'NONE',  ( 3.810000000000000497, 4.336808689942017736E-16, -2.159000000000001140 ) ) ;
#634 = LINE ( 'NONE', #1956, #1916 ) ;
#635 = DIRECTION ( 'NONE',  ( 0.000000000000000000, 0.000000000000000000, -1.000000000000000000 ) ) ;
#636 = ORIENTED_EDGE ( 'NONE', *, *, #97, .T. ) ;
#637 = EDGE_CURVE ( 'NONE', #274, #2929, #2275, .T. ) ;
#638 = CARTESIAN_POINT ( 'NONE',  ( -0.3810000000000000053, 0.5079999999999998961, 1.066800000000001303 ) ) ;
#639 = LINE ( 'NONE', #911, #321 ) ;
#640 = LINE ( 'NONE', #1461, #1007 ) ;
#641 = LINE ( 'NONE', #1732, #1380 ) ;
#642 = ADVANCED_FACE ( 'NONE', ( #918 ), #2799, .F. ) ;
#643 = ORIENTED_EDGE ( 'NONE', *, *, #2873, .T. ) ;
#644 = CARTESIAN_POINT ( 'NONE',  ( 0.3810000000000000053, 0.5079999999999998961, 1.066800000000001303 ) ) ;
#645 = CARTESIAN_POINT ( 'NONE',  ( -1.269999999999999796, 6.505213034913026604E-16, -2.540000000000000924 ) ) ;
#646 = VECTOR ( 'NONE', #2878, 1000.000000000000000 ) ;
#647 = ORIENTED_EDGE ( 'NONE', *, *, #448, .F. ) ;
#648 = VECTOR ( 'NONE', #72, 1000.000000000000000 ) ;
#649 = CARTESIAN_POINT ( 'NONE',  ( 2.159000000000000252, 7.239000000000000767, -0.8890000000000001235 ) ) ;
#650 = EDGE_CURVE ( 'NONE', #2852, #1356, #1169, .T. ) ;
#651 = ORIENTED_EDGE ( 'NONE', *, *, #206, .F. ) ;
#652 = AXIS2_PLACEMENT_3D ( 'NONE', #821, #2176, #1910 ) ;
#653 = LINE ( 'NONE', #633, #956 ) ;
#654 = FACE_OUTER_BOUND ( 'NONE', #518, .T. ) ;
#655 = PLANE ( 'NONE',  #1274 ) ;
#656 = ORIENTED_EDGE ( 'NONE', *, *, #117, .F. ) ;
#657 = EDGE_CURVE ( 'NONE', #469, #2249, #367, .T. ) ;
#658 = LINE ( 'NONE', #2545, #2096 ) ;
#659 = DIRECTION ( 'NONE',  ( 1.000000000000000000, -0.000000000000000000, -0.000000000000000000 ) ) ;
#660 = LINE ( 'NONE', #949, #1970 ) ;
#661 = FACE_OUTER_BOUND ( 'NONE', #3322, .T. ) ;
#662 = ADVANCED_FACE ( 'NONE', ( #3345 ), #347, .F. ) ;
#663 = ORIENTED_EDGE ( 'NONE', *, *, #2143, .F. ) ;
#664 = LINE ( 'NONE', #1485, #709 ) ;
#665 = AXIS2_PLACEMENT_3D ( 'NONE', #2674, #294, #1399 ) ;
#666 = ORIENTED_EDGE ( 'NONE', *, *, #3140, .F. ) ;
#667 = VECTOR ( 'NONE', #2561, 1000.000000000000000 ) ;
#668 = ORIENTED_EDGE ( 'NONE', *, *, #1091, .F. ) ;
#669 = VECTOR ( 'NONE', #1723, 1000.000000000000000 ) ;
#670 = ORIENTED_EDGE ( 'NONE', *, *, #1442, .F. ) ;
#671 = DIRECTION ( 'NONE',  ( 1.000000000000000000, -0.000000000000000000, -0.000000000000000000 ) ) ;
#672 = DIRECTION ( 'NONE',  ( 1.000000000000000000, -0.000000000000000000, -0.000000000000000000 ) ) ;
#673 = EDGE_CURVE ( 'NONE', #368, #3213, #613, .T. ) ;
#674 = DIRECTION ( 'NONE',  ( 0.000000000000000000, -1.000000000000000000, 1.019346266292635461E-16 ) ) ;
#675 = ORIENTED_EDGE ( 'NONE', *, *, #2609, .T. ) ;
#676 = DIRECTION ( 'NONE',  ( -0.000000000000000000, 1.000000000000000000, 2.338910953479677683E-16 ) ) ;
#677 = CARTESIAN_POINT ( 'NONE',  ( 4.064000000000000057, 6.505213034913026604E-16, -2.540000000000000924 ) ) ;
#678 = CARTESIAN_POINT ( 'NONE',  ( -4.064000000000000057, 0.000000000000000000, 2.539999999999999147 ) ) ;
#679 = CARTESIAN_POINT ( 'NONE',  ( 1.270000000000000240, 4.336808689942017736E-16, -2.159000000000001140 ) ) ;
#680 = ADVANCED_FACE ( 'NONE', ( #1391 ), #2494, .F. ) ;
#681 = ORIENTED_EDGE ( 'NONE', *, *, #498, .F. ) ;
#682 = SURFACE_STYLE_USAGE ( .BOTH. , #3073 ) ;
#683 = AXIS2_PLACEMENT_3D ( 'NONE', #1642, #320, #3507 ) ;
#684 = EDGE_CURVE ( 'NONE', #2721, #344, #591, .T. ) ;
#685 = CARTESIAN_POINT ( 'NONE',  ( -1.269999999999999796, 4.336808689942017736E-16, -2.159000000000001140 ) ) ;
#686 = ORIENTED_EDGE ( 'NONE', *, *, #1729, .F. ) ;
#687 = ORIENTED_EDGE ( 'NONE', *, *, #2987, .F. ) ;
#688 = LINE ( 'NONE', #123, #1692 ) ;
#689 = DIRECTION ( 'NONE',  ( 0.000000000000000000, 0.000000000000000000, 1.000000000000000000 ) ) ;
#690 = CARTESIAN_POINT ( 'NONE',  ( -3.810000000000000053, 0.000000000000000000, 0.000000000000000000 ) ) ;
#691 = VERTEX_POINT ( 'NONE', #1129 ) ;
#692 = LINE ( 'NONE', #1783, #3420 ) ;
#693 = CARTESIAN_POINT ( 'NONE',  ( 2.159000000000000252, 8.064499999999998892, 1.651000000000000023 ) ) ;
#694 = DIRECTION ( 'NONE',  ( 0.000000000000000000, 0.2588190451025140226, -0.9659258262890701996 ) ) ;
#695 = CARTESIAN_POINT ( 'NONE',  ( 2.413000000000000700, 7.810499999999998444, 1.143000000000000238 ) ) ;
#696 = ORIENTED_EDGE ( 'NONE', *, *, #1250, .T. ) ;
#697 = SURFACE_SIDE_STYLE ('',( #3130 ) ) ;
#698 = FACE_OUTER_BOUND ( 'NONE', #3455, .T. ) ;
#699 = ORIENTED_EDGE ( 'NONE', *, *, #2554, .F. ) ;
#700 = ORIENTED_EDGE ( 'NONE', *, *, #2392, .F. ) ;
#701 = VECTOR ( 'NONE', #981, 1000.000000000000000 ) ;
#702 = CARTESIAN_POINT ( 'NONE',  ( 2.413000000000001588, 7.810500000000001997, -1.396999999999998465 ) ) ;
#703 = DIRECTION ( 'NONE',  ( 0.000000000000000000, 0.000000000000000000, -1.000000000000000000 ) ) ;
#704 = ORIENTED_EDGE ( 'NONE', *, *, #3011, .F. ) ;
#705 = VECTOR ( 'NONE', #1394, 1000.000000000000000 ) ;
#706 = CARTESIAN_POINT ( 'NONE',  ( -0.8255000000000011218, 8.509000000000000341, -0.4444999999999983409 ) ) ;
#707 = DIRECTION ( 'NONE',  ( 0.000000000000000000, 0.9659258262890701996, 0.2588190451025140226 ) ) ;
#708 = CARTESIAN_POINT ( 'NONE',  ( -2.159000000000001140, 8.064499999999998892, 1.651000000000000023 ) ) ;
#709 = VECTOR ( 'NONE', #628, 1000.000000000000000 ) ;
#710 = DIRECTION ( 'NONE',  ( -0.000000000000000000, -0.7071067811865482389, -0.7071067811865469066 ) ) ;
#711 = ORIENTED_EDGE ( 'NONE', *, *, #466, .F. ) ;
#712 = CARTESIAN_POINT ( 'NONE',  ( -3.810000000000000053, 8.509000000000000341, 2.540000000000001812 ) ) ;
#713 = DIRECTION ( 'NONE',  ( 0.000000000000000000, 0.000000000000000000, 1.000000000000000000 ) ) ;
#714 = ADVANCED_FACE ( 'NONE', ( #1191 ), #3327, .F. ) ;
#715 = VECTOR ( 'NONE', #2772, 1000.000000000000000 ) ;
#716 = DIRECTION ( 'NONE',  ( -0.000000000000000000, 1.000000000000000000, 1.733406087350420004E-16 ) ) ;
#717 = EDGE_LOOP ( 'NONE', ( #2553, #2682, #1123, #3133 ) ) ;
#718 = EDGE_CURVE ( 'NONE', #1830, #3283, #903, .T. ) ;
#719 = AXIS2_PLACEMENT_3D ( 'NONE', #1801, #1020, #1001 ) ;
#720 = VECTOR ( 'NONE', #964, 1000.000000000000000 ) ;
#721 = ORIENTED_EDGE ( 'NONE', *, *, #1261, .F. ) ;
#722 = VECTOR ( 'NONE', #532, 1000.000000000000000 ) ;
#723 = DIRECTION ( 'NONE',  ( 0.000000000000000000, 0.000000000000000000, -1.000000000000000000 ) ) ;
#724 = DIRECTION ( 'NONE',  ( 0.000000000000000000, -0.000000000000000000, -1.000000000000000000 ) ) ;
#725 = EDGE_CURVE ( 'NONE', #3333, #1568, #1149, .T. ) ;
#726 = ORIENTED_EDGE ( 'NONE', *, *, #3496, .F. ) ;
#727 =( GEOMETRIC_REPRESENTATION_CONTEXT ( 3 ) GLOBAL_UNCERTAINTY_ASSIGNED_CONTEXT ( ( #3081 ) ) GLOBAL_UNIT_ASSIGNED_CONTEXT ( ( #2733, #305, #629 ) ) REPRESENTATION_CONTEXT ( 'NONE', 'WORKASPACE' ) );
#728 = ADVANCED_FACE ( 'NONE', ( #846 ), #3060, .F. ) ;
#729 = LINE ( 'NONE', #1821, #1502 ) ;
#730 = CARTESIAN_POINT ( 'NONE',  ( -3.810000000000000053, 8.509000000000000341, 2.540000000000001812 ) ) ;
#731 = PLANE ( 'NONE',  #1458 ) ;
#732 =( LENGTH_UNIT ( ) NAMED_UNIT ( * ) SI_UNIT ( .MILLI., .METRE. ) );
#733 = PRODUCT_DEFINITION ( 'UNKNOWN', '', #2932, #1627 ) ;
#734 = EDGE_CURVE ( 'NONE', #3117, #3216, #1683, .T. ) ;
#735 = VERTEX_POINT ( 'NONE', #1429 ) ;
#736 =( NAMED_UNIT ( * ) PLANE_ANGLE_UNIT ( ) SI_UNIT ( $, .RADIAN. ) );
#737 = SHAPE_REPRESENTATION_RELATIONSHIP ( 'NONE' , 'NONE' ,  #2663, #1638 ) ;
#738 = CARTESIAN_POINT ( 'NONE',  ( -0.3809999999999998388, 7.239000000000000767, -0.8890000000000001235 ) ) ;
#739 = ORIENTED_EDGE ( 'NONE', *, *, #2755, .T. ) ;
#740 = PLANE ( 'NONE',  #2425 ) ;
#741 = DIRECTION ( 'NONE',  ( -0.7071067811865454633, -0.7071067811865495711, 0.000000000000000000 ) ) ;
#742 = ORIENTED_EDGE ( 'NONE', *, *, #1782, .F. ) ;
#743 = CARTESIAN_POINT ( 'NONE',  ( -4.064000000000000057, 4.336808689942017736E-16, -2.159000000000001140 ) ) ;
#744 = DIRECTION ( 'NONE',  ( 0.000000000000000000, -1.000000000000000000, 2.923638691849597351E-16 ) ) ;
#745 = LINE ( 'NONE', #2397, #1913 ) ;
#746 = ORIENTED_EDGE ( 'NONE', *, *, #2565, .T. ) ;
#747 = EDGE_CURVE ( 'NONE', #2974, #1968, #2514, .T. ) ;
#748 = CARTESIAN_POINT ( 'NONE',  ( 3.810000000000000497, 8.509000000000000341, 2.540000000000001812 ) ) ;
#749 = APPLICATION_PROTOCOL_DEFINITION ( 'draft international standard', 'automotive_design', 1998, #1798 ) ;
#750 = DIRECTION ( 'NONE',  ( 0.000000000000000000, -1.000000000000000000, 0.000000000000000000 ) ) ;
#751 = EDGE_LOOP ( 'NONE', ( #3325, #2048, #1471, #841 ) ) ;
#752 = DIRECTION ( 'NONE',  ( -0.7071067811865467956, -0.7071067811865482389, 0.000000000000000000 ) ) ;
#753 = EDGE_CURVE ( 'NONE', #449, #1430, #330, .T. ) ;
#754 = VERTEX_POINT ( 'NONE', #631 ) ;
#755 = AXIS2_PLACEMENT_3D ( 'NONE', #3049, #596, #944 ) ;
#756 = CARTESIAN_POINT ( 'NONE',  ( 3.810000000000000053, 0.5080000000000000071, 2.022881810244992806 ) ) ;
#757 = DIRECTION ( 'NONE',  ( -1.000000000000000000, -0.000000000000000000, -0.000000000000000000 ) ) ;
#758 = DIRECTION ( 'NONE',  ( 1.000000000000000000, 0.000000000000000000, 0.000000000000000000 ) ) ;
#759 = CARTESIAN_POINT ( 'NONE',  ( -2.920999999999999819, 8.064499999999998892, 0.8889999999999999014 ) ) ;
#760 = AXIS2_PLACEMENT_3D ( 'NONE', #1965, #1425, #1700 ) ;
#761 = EDGE_CURVE ( 'NONE', #30, #2851, #1720, .T. ) ;
#762 = ORIENTED_EDGE ( 'NONE', *, *, #2864, .T. ) ;
#763 =( GEOMETRIC_REPRESENTATION_CONTEXT ( 3 ) GLOBAL_UNCERTAINTY_ASSIGNED_CONTEXT ( ( #1094 ) ) GLOBAL_UNIT_ASSIGNED_CONTEXT ( ( #972, #2007, #3056 ) ) REPRESENTATION_CONTEXT ( 'NONE', 'WORKASPACE' ) );
#764 = CARTESIAN_POINT ( 'NONE',  ( -2.413000000000001144, 7.810499999999998444, 1.397000000000000464 ) ) ;
#765 = EDGE_CURVE ( 'NONE', #155, #812, #2088, .T. ) ;
#766 = ADVANCED_FACE ( 'NONE', ( #1533 ), #3158, .F. ) ;
#767 = ORIENTED_EDGE ( 'NONE', *, *, #771, .F. ) ;
#768 = CARTESIAN_POINT ( 'NONE',  ( 3.365500000000002156, 8.509000000000000341, -2.540000000000001812 ) ) ;
#769 = ORIENTED_EDGE ( 'NONE', *, *, #718, .T. ) ;
#770 = VECTOR ( 'NONE', #1376, 1000.000000000000000 ) ;
#771 = EDGE_CURVE ( 'NONE', #799, #274, #3185, .T. ) ;
#772 = FACE_OUTER_BOUND ( 'NONE', #3212, .T. ) ;
#773 = VECTOR ( 'NONE', #1514, 1000.000000000000000 ) ;
#774 = VECTOR ( 'NONE', #2627, 1000.000000000000000 ) ;
#775 = VERTEX_POINT ( 'NONE', #2109 ) ;
#776 = AXIS2_PLACEMENT_3D ( 'NONE', #1415, #1689, #65 ) ;
#777 = ORIENTED_EDGE ( 'NONE', *, *, #1914, .T. ) ;
#778 = EDGE_CURVE ( 'NONE', #1089, #966, #1835, .T. ) ;
#779 = FACE_OUTER_BOUND ( 'NONE', #2166, .T. ) ;
#780 = LINE ( 'NONE', #2660, #2648 ) ;
#781 = CARTESIAN_POINT ( 'NONE',  ( 4.064000000000000057, -8.578981026812224210E-17, 2.158999999999999364 ) ) ;
#782 = SURFACE_SIDE_STYLE ('',( #2613 ) ) ;
#783 = VERTEX_POINT ( 'NONE', #706 ) ;
#784 = LINE ( 'NONE', #712, #2409 ) ;
#785 = PRODUCT_CONTEXT ( 'NONE', #2099, 'mechanical' ) ;
#786 = ORIENTED_EDGE ( 'NONE', *, *, #684, .F. ) ;
#787 = CARTESIAN_POINT ( 'NONE',  ( 0.3810000000000000053, -2.692399999999994797, 0.000000000000000000 ) ) ;
#788 = ORIENTED_EDGE ( 'NONE', *, *, #905, .F. ) ;
#789 = CLOSED_SHELL ( 'NONE', ( #415, #2296, #824, #3348, #2291, #2052, #605, #1538, #2813, #154, #2456, #3454, #1621, #468, #15, #1352, #728, #1505, #1358, #2358, #3282, #269, #3028, #1372, #2573, #2776, #134, #2447 ) ) ;
#790 = ORIENTED_EDGE ( 'NONE', *, *, #536, .F. ) ;
#791 = CARTESIAN_POINT ( 'NONE',  ( 0.1961031209927689423, -3.200400000000000134, 1.473199999999999843 ) ) ;
#792 = CARTESIAN_POINT ( 'NONE',  ( 2.159000000000000252, 8.064499999999998892, 1.650999999999999801 ) ) ;
#793 = CARTESIAN_POINT ( 'NONE',  ( -1.269999999999999796, 6.505213034913026604E-16, -2.540000000000000924 ) ) ;
#794 = DIRECTION ( 'NONE',  ( 0.000000000000000000, 2.251701056906096594E-16, 1.000000000000000000 ) ) ;
#795 = ORIENTED_EDGE ( 'NONE', *, *, #1991, .T. ) ;
#796 = FACE_OUTER_BOUND ( 'NONE', #77, .T. ) ;
#797 = CARTESIAN_POINT ( 'NONE',  ( -2.539999999999999591, 0.000000000000000000, 0.000000000000000000 ) ) ;
#798 = PLANE ( 'NONE',  #683 ) ;
#799 = VERTEX_POINT ( 'NONE', #2382 ) ;
#800 = CARTESIAN_POINT ( 'NONE',  ( 1.270000000000000240, 0.5080000000000000071, 2.022881810244992806 ) ) ;
#801 = DIRECTION ( 'NONE',  ( -0.000000000000000000, 1.000000000000000000, 1.733406087350420004E-16 ) ) ;
#802 = ORIENTED_EDGE ( 'NONE', *, *, #753, .T. ) ;
#803 = EDGE_CURVE ( 'NONE', #599, #852, #729, .T. ) ;
#804 = ORIENTED_EDGE ( 'NONE', *, *, #2165, .F. ) ;
#805 = EDGE_CURVE ( 'NONE', #2788, #2902, #3389, .T. ) ;
#806 = PLANE ( 'NONE',  #2801 ) ;
#807 = UNCERTAINTY_MEASURE_WITH_UNIT (LENGTH_MEASURE( 1.000000000000000082E-05 ), #1269, 'distance_accuracy_value', 'NONE');
#808 = LINE ( 'NONE', #1921, #3328 ) ;
#809 = DIRECTION ( 'NONE',  ( 0.000000000000000000, 0.9659258262890700886, -0.2588190451025140781 ) ) ;
#810 = CARTESIAN_POINT ( 'NONE',  ( 2.159000000000000252, 7.239000000000000767, 1.650999999999999801 ) ) ;
#811 = VECTOR ( 'NONE', #556, 1000.000000000000000 ) ;
#812 = VERTEX_POINT ( 'NONE', #2596 ) ;
#813 = AXIS2_PLACEMENT_3D ( 'NONE', #759, #171, #1254 ) ;
#814 = LINE ( 'NONE', #1159, #1571 ) ;
#815 = LINE ( 'NONE', #1961, #1057 ) ;
#816 =( NAMED_UNIT ( * ) PLANE_ANGLE_UNIT ( ) SI_UNIT ( $, .RADIAN. ) );
#817 = DIRECTION ( 'NONE',  ( 1.000000000000000000, -0.000000000000000000, -0.000000000000000000 ) ) ;
#818 = VECTOR ( 'NONE', #2472, 1000.000000000000000 ) ;
#819 = ORIENTED_EDGE ( 'NONE', *, *, #2614, .F. ) ;
#820 = EDGE_CURVE ( 'NONE', #1685, #823, #1232, .T. ) ;
#821 = CARTESIAN_POINT ( 'NONE',  ( 0.3810000000000000053, 0.5079999999999998961, -1.066800000000001303 ) ) ;
#822 = DIRECTION ( 'NONE',  ( 0.000000000000000000, 0.000000000000000000, 1.000000000000000000 ) ) ;
#823 = VERTEX_POINT ( 'NONE', #212 ) ;
#824 = ADVANCED_FACE ( 'NONE', ( #1513 ), #967, .F. ) ;
#825 = ORIENTED_EDGE ( 'NONE', *, *, #2762, .F. ) ;
#826 = DIRECTION ( 'NONE',  ( 0.000000000000000000, 0.2588190451025140226, 0.9659258262890700886 ) ) ;
#827 = VECTOR ( 'NONE', #3160, 1000.000000000000000 ) ;
#828 = DIRECTION ( 'NONE',  ( 0.000000000000000000, 1.000000000000000000, -2.251701056906096594E-16 ) ) ;
#829 = DIRECTION ( 'NONE',  ( 0.000000000000000000, 0.2588190451025140226, -0.9659258262890701996 ) ) ;
#830 = DIRECTION ( 'NONE',  ( 0.000000000000000000, -1.000000000000000000, 1.019346266292635338E-16 ) ) ;
#831 = EDGE_CURVE ( 'NONE', #1639, #607, #3441, .T. ) ;
#832 = STYLED_ITEM ( 'NONE', ( #2771 ), #2656 ) ;
#833 = PRODUCT_DEFINITION_SHAPE ( 'NONE', 'NONE',  #2876 ) ;
#834 = ORIENTED_EDGE ( 'NONE', *, *, #2258, .F. ) ;
#835 = CARTESIAN_POINT ( 'NONE',  ( 1.270000000000000240, 4.336808689942017736E-16, -2.159000000000001140 ) ) ;
#836 = CARTESIAN_POINT ( 'NONE',  ( -0.3809999999999998388, 8.064499999999998892, 0.8889999999999999014 ) ) ;
#837 = AXIS2_PLACEMENT_3D ( 'NONE', #1717, #3341, #3302 ) ;
#838 = PLANE ( 'NONE',  #973 ) ;
#839 = DIRECTION ( 'NONE',  ( 0.5773502691896263972, -0.5773502691896253980, -0.5773502691896253980 ) ) ;
#840 = EDGE_CURVE ( 'NONE', #1249, #252, #3141, .T. ) ;
#841 = ORIENTED_EDGE ( 'NONE', *, *, #3175, .T. ) ;
#842 = CARTESIAN_POINT ( 'NONE',  ( 4.064000000000000057, 0.5080000000000006732, -2.022881810244994583 ) ) ;
#843 = CARTESIAN_POINT ( 'NONE',  ( 0.3810000000000000053, 0.5079999999999998961, -1.066800000000001303 ) ) ;
#844 = VERTEX_POINT ( 'NONE', #168 ) ;
#845 = ORIENTED_EDGE ( 'NONE', *, *, #1755, .T. ) ;
#846 = FACE_OUTER_BOUND ( 'NONE', #5, .T. ) ;
#847 = VERTEX_POINT ( 'NONE', #473 ) ;
#848 = LINE ( 'NONE', #1938, #811 ) ;
#849 = CARTESIAN_POINT ( 'NONE',  ( -3.810000000000000053, 0.5080000000000006732, -2.022881810244994583 ) ) ;
#850 = CARTESIAN_POINT ( 'NONE',  ( 3.810000000000000497, 8.509000000000000341, -2.540000000000001812 ) ) ;
#851 = DIRECTION ( 'NONE',  ( 0.000000000000000000, -0.000000000000000000, 1.000000000000000000 ) ) ;
#852 = VERTEX_POINT ( 'NONE', #3457 ) ;
#853 = DIRECTION ( 'NONE',  ( 0.000000000000000000, 0.000000000000000000, 1.000000000000000000 ) ) ;
#854 = DIRECTION ( 'NONE',  ( -0.000000000000000000, -0.000000000000000000, 1.000000000000000000 ) ) ;
#855 = DIRECTION ( 'NONE',  ( 0.000000000000000000, 0.000000000000000000, 1.000000000000000000 ) ) ;
#856 = ORIENTED_EDGE ( 'NONE', *, *, #1755, .F. ) ;
#857 = CARTESIAN_POINT ( 'NONE',  ( 3.810000000000000497, 4.336808689942017736E-16, -2.159000000000001140 ) ) ;
#858 = DIRECTION ( 'NONE',  ( 0.000000000000000000, -1.000000000000000000, 0.000000000000000000 ) ) ;
#859 = ORIENTED_EDGE ( 'NONE', *, *, #990, .T. ) ;
#860 = VERTEX_POINT ( 'NONE', #1549 ) ;
#861 = DIRECTION ( 'NONE',  ( 1.000000000000000000, -0.000000000000000000, -0.000000000000000000 ) ) ;
#862 = VERTEX_POINT ( 'NONE', #1853 ) ;
#863 = DIRECTION ( 'NONE',  ( 0.000000000000000000, -1.607907343367028359E-16, 1.000000000000000000 ) ) ;
#864 = FACE_OUTER_BOUND ( 'NONE', #1754, .T. ) ;
#865 = CARTESIAN_POINT ( 'NONE',  ( 4.064000000000000057, 8.509000000000000341, -2.540000000000001812 ) ) ;
#866 = EDGE_CURVE ( 'NONE', #469, #297, #2348, .T. ) ;
#867 = DIRECTION ( 'NONE',  ( 1.000000000000000000, 0.000000000000000000, 0.000000000000000000 ) ) ;
#868 = CARTESIAN_POINT ( 'NONE',  ( 2.159000000000000252, 8.064499999999998892, 0.8889999999999999014 ) ) ;
#869 = ORIENTED_EDGE ( 'NONE', *, *, #1357, .F. ) ;
#870 = LINE ( 'NONE', #1641, #1336 ) ;
#871 = LINE ( 'NONE', #2212, #2668 ) ;
#872 = EDGE_CURVE ( 'NONE', #1943, #135, #1251, .T. ) ;
#873 = VECTOR ( 'NONE', #924, 1000.000000000000000 ) ;
#874 = VERTEX_POINT ( 'NONE', #1031 ) ;
#875 = LINE ( 'NONE', #1659, #1613 ) ;
#876 = LINE ( 'NONE', #75, #1578 ) ;
#877 = EDGE_CURVE ( 'NONE', #754, #614, #2923, .T. ) ;
#878 = VECTOR ( 'NONE', #3002, 999.9999999999998863 ) ;
#879 = ORIENTED_EDGE ( 'NONE', *, *, #1737, .T. ) ;
#880 = ADVANCED_FACE ( 'NONE', ( #1000 ), #1496, .F. ) ;
#881 = ORIENTED_EDGE ( 'NONE', *, *, #2506, .T. ) ;
#882 = VECTOR ( 'NONE', #1858, 1000.000000000000114 ) ;
#883 = DIRECTION ( 'NONE',  ( 0.000000000000000000, -1.733406087350420004E-16, 1.000000000000000000 ) ) ;
#884 = EDGE_LOOP ( 'NONE', ( #589, #1971, #193, #3223 ) ) ;
#885 = EDGE_CURVE ( 'NONE', #614, #137, #692, .T. ) ;
#886 = CARTESIAN_POINT ( 'NONE',  ( -1.269999999999999796, 8.509000000000000341, -2.095500000000001695 ) ) ;
#887 = DIRECTION ( 'NONE',  ( 1.000000000000000000, 0.000000000000000000, 0.000000000000000000 ) ) ;
#888 = DIRECTION ( 'NONE',  ( 0.000000000000000000, 0.000000000000000000, -1.000000000000000000 ) ) ;
#889 = FACE_OUTER_BOUND ( 'NONE', #884, .T. ) ;
#890 = ORIENTED_EDGE ( 'NONE', *, *, #3231, .T. ) ;
#891 = AXIS2_PLACEMENT_3D ( 'NONE', #2226, #1597, #3280 ) ;
#892 = LINE ( 'NONE', #1137, #1112 ) ;
#893 = CARTESIAN_POINT ( 'NONE',  ( 0.3810000000000000053, -2.692399999999994797, -1.066800000000000637 ) ) ;
#894 = DIRECTION ( 'NONE',  ( -1.000000000000000000, -0.000000000000000000, -0.000000000000000000 ) ) ;
#895 = LINE ( 'NONE', #3318, #648 ) ;
#896 = VECTOR ( 'NONE', #1767, 1000.000000000000000 ) ;
#897 = VECTOR ( 'NONE', #2332, 999.9999999999998863 ) ;
#898 = AXIS2_PLACEMENT_3D ( 'NONE', #3235, #1077, #3292 ) ;
#899 = VERTEX_POINT ( 'NONE', #427 ) ;
#900 = CARTESIAN_POINT ( 'NONE',  ( -4.064000000000000057, 6.505213034913026604E-16, -2.540000000000000924 ) ) ;
#901 =( GEOMETRIC_REPRESENTATION_CONTEXT ( 3 ) GLOBAL_UNCERTAINTY_ASSIGNED_CONTEXT ( ( #958 ) ) GLOBAL_UNIT_ASSIGNED_CONTEXT ( ( #3178, #816, #1587 ) ) REPRESENTATION_CONTEXT ( 'NONE', 'WORKASPACE' ) );
#902 = ORIENTED_EDGE ( 'NONE', *, *, #230, .T. ) ;
#903 = LINE ( 'NONE', #2817, #3244 ) ;
#904 = ORIENTED_EDGE ( 'NONE', *, *, #1575, .F. ) ;
#905 = EDGE_CURVE ( 'NONE', #1568, #218, #2070, .T. ) ;
#906 = DIRECTION ( 'NONE',  ( 0.000000000000000000, -1.000000000000000000, -2.667820306312759283E-16 ) ) ;
#907 = DIRECTION ( 'NONE',  ( -0.000000000000000000, -0.000000000000000000, 1.000000000000000000 ) ) ;
#908 = PLANE ( 'NONE',  #2581 ) ;
#909 = ORIENTED_EDGE ( 'NONE', *, *, #2355, .F. ) ;
#910 = FACE_OUTER_BOUND ( 'NONE', #3296, .T. ) ;
#911 = CARTESIAN_POINT ( 'NONE',  ( -3.810000000000000053, -8.578981026812224210E-17, 2.158999999999999364 ) ) ;
#912 = FACE_OUTER_BOUND ( 'NONE', #443, .T. ) ;
#913 = PLANE ( 'NONE',  #937 ) ;
#914 = VERTEX_POINT ( 'NONE', #2687 ) ;
#915 = SURFACE_SIDE_STYLE ('',( #2550 ) ) ;
#916 = CARTESIAN_POINT ( 'NONE',  ( -3.810000000000000053, 0.5080000000000006732, -2.022881810244994583 ) ) ;
#917 = ORIENTED_EDGE ( 'NONE', *, *, #936, .T. ) ;
#918 = FACE_OUTER_BOUND ( 'NONE', #2231, .T. ) ;
#919 = EDGE_CURVE ( 'NONE', #1356, #1568, #848, .T. ) ;
#920 = ORIENTED_EDGE ( 'NONE', *, *, #877, .T. ) ;
#921 = UNCERTAINTY_MEASURE_WITH_UNIT (LENGTH_MEASURE( 1.000000000000000082E-05 ), #338, 'distance_accuracy_value', 'NONE');
#922 = LINE ( 'NONE', #2278, #2324 ) ;
#923 = CARTESIAN_POINT ( 'NONE',  ( 1.270000000000000240, 8.509000000000000341, 2.540000000000001812 ) ) ;
#924 = DIRECTION ( 'NONE',  ( -1.000000000000000000, 0.000000000000000000, 0.000000000000000000 ) ) ;
#925 = ADVANCED_FACE ( 'NONE', ( #1608 ), #806, .F. ) ;
#926 = EDGE_LOOP ( 'NONE', ( #1647, #3195, #959, #1591 ) ) ;
#927 = LINE ( 'NONE', #2789, #604 ) ;
#928 = DIRECTION ( 'NONE',  ( 0.000000000000000000, 0.000000000000000000, -1.000000000000000000 ) ) ;
#929 = CARTESIAN_POINT ( 'NONE',  ( 1.270000000000000240, 8.509000000000000341, 2.540000000000001812 ) ) ;
#930 = CARTESIAN_POINT ( 'NONE',  ( -1.269999999999999796, 4.336808689942017736E-16, -2.159000000000001140 ) ) ;
#931 = ORIENTED_EDGE ( 'NONE', *, *, #2979, .F. ) ;
#932 = FACE_OUTER_BOUND ( 'NONE', #1152, .T. ) ;
#933 =( LENGTH_UNIT ( ) NAMED_UNIT ( * ) SI_UNIT ( .MILLI., .METRE. ) );
#934 = VECTOR ( 'NONE', #335, 1000.000000000000000 ) ;
#935 = VERTEX_POINT ( 'NONE', #1374 ) ;
#936 = EDGE_CURVE ( 'NONE', #3300, #1878, #3503, .T. ) ;
#937 = AXIS2_PLACEMENT_3D ( 'NONE', #1769, #340, #2060 ) ;
#938 = ORIENTED_EDGE ( 'NONE', *, *, #2565, .F. ) ;
#939 = ORIENTED_EDGE ( 'NONE', *, *, #3222, .T. ) ;
#940 = COLOUR_RGB ( '',1.000000000000000000, 0.8117647058823529438, 0.5019607843137254832 ) ;
#941 = EDGE_CURVE ( 'NONE', #2437, #783, #520, .T. ) ;
#942 = DIRECTION ( 'NONE',  ( -0.5773502691896263972, -0.5773502691896253980, -0.5773502691896253980 ) ) ;
#943 = CARTESIAN_POINT ( 'NONE',  ( 2.159000000000000252, 8.064499999999998892, 0.8889999999999999014 ) ) ;
#944 = DIRECTION ( 'NONE',  ( 0.000000000000000000, 0.000000000000000000, 1.000000000000000000 ) ) ;
#945 = EDGE_LOOP ( 'NONE', ( #1777, #52, #568, #2571 ) ) ;
#946 = CARTESIAN_POINT ( 'NONE',  ( -2.920999999999999819, 7.239000000000000767, -0.8890000000000001235 ) ) ;
#947 = DIRECTION ( 'NONE',  ( 0.000000000000000000, 0.9659258262890700886, -0.2588190451025140781 ) ) ;
#948 = ADVANCED_FACE ( 'NONE', ( #1312 ), #2167, .F. ) ;
#949 = CARTESIAN_POINT ( 'NONE',  ( 2.159000000000000252, 7.239000000000000767, 0.8889999999999997904 ) ) ;
#950 = CARTESIAN_POINT ( 'NONE',  ( 3.810000000000000497, 6.505213034913026604E-16, -2.540000000000000924 ) ) ;
#951 = ORIENTED_EDGE ( 'NONE', *, *, #3089, .F. ) ;
#952 = DIRECTION ( 'NONE',  ( 0.000000000000000000, 0.000000000000000000, -1.000000000000000000 ) ) ;
#953 = COLOUR_RGB ( '',0.2509803921568627416, 0.2509803921568627416, 0.2509803921568627416 ) ;
#954 = DIRECTION ( 'NONE',  ( 0.000000000000000000, 0.000000000000000000, 1.000000000000000000 ) ) ;
#955 = VECTOR ( 'NONE', #809, 1000.000000000000000 ) ;
#956 = VECTOR ( 'NONE', #3118, 1000.000000000000000 ) ;
#957 = CARTESIAN_POINT ( 'NONE',  ( 3.810000000000000053, 6.505213034913026604E-16, -2.540000000000000924 ) ) ;
#958 = UNCERTAINTY_MEASURE_WITH_UNIT (LENGTH_MEASURE( 1.000000000000000082E-05 ), #3178, 'distance_accuracy_value', 'NONE');
#959 = ORIENTED_EDGE ( 'NONE', *, *, #3434, .F. ) ;
#960 = AXIS2_PLACEMENT_3D ( 'NONE', #2374, #1068, #1907 ) ;
#961 = ORIENTED_EDGE ( 'NONE', *, *, #2399, .T. ) ;
#962 = UNCERTAINTY_MEASURE_WITH_UNIT (LENGTH_MEASURE( 1.000000000000000082E-05 ), #2913, 'distance_accuracy_value', 'NONE');
#963 = DIRECTION ( 'NONE',  ( 0.000000000000000000, 1.000000000000000000, -1.019346266292635338E-16 ) ) ;
#964 = DIRECTION ( 'NONE',  ( -1.000000000000000000, -0.000000000000000000, -0.000000000000000000 ) ) ;
#965 = FACE_OUTER_BOUND ( 'NONE', #2670, .T. ) ;
#966 = VERTEX_POINT ( 'NONE', #2411 ) ;
#967 = PLANE ( 'NONE',  #989 ) ;
#968 = FACE_OUTER_BOUND ( 'NONE', #46, .T. ) ;
#969 = DIRECTION ( 'NONE',  ( 0.000000000000000000, 1.000000000000000000, -1.019346266292635338E-16 ) ) ;
#970 = DIRECTION ( 'NONE',  ( 0.000000000000000000, 0.2588190451025139671, -0.9659258262890700886 ) ) ;
#971 = VERTEX_POINT ( 'NONE', #2461 ) ;
#972 =( LENGTH_UNIT ( ) NAMED_UNIT ( * ) SI_UNIT ( .MILLI., .METRE. ) );
#973 = AXIS2_PLACEMENT_3D ( 'NONE', #1963, #2435, #1889 ) ;
#974 = CARTESIAN_POINT ( 'NONE',  ( -2.920999999999999819, 8.064499999999998892, 1.651000000000000023 ) ) ;
#975 = ORIENTED_EDGE ( 'NONE', *, *, #1186, .F. ) ;
#976 = ORIENTED_EDGE ( 'NONE', *, *, #1146, .F. ) ;
#977 = LINE ( 'NONE', #1778, #1524 ) ;
#978 = DIRECTION ( 'NONE',  ( -0.000000000000000000, 1.000000000000000000, 1.733406087350420004E-16 ) ) ;
#979 = ORIENTED_EDGE ( 'NONE', *, *, #2883, .T. ) ;
#980 = EDGE_CURVE ( 'NONE', #1218, #3339, #1592, .T. ) ;
#981 = DIRECTION ( 'NONE',  ( 1.000000000000000000, 0.000000000000000000, 0.000000000000000000 ) ) ;
#982 = FACE_OUTER_BOUND ( 'NONE', #175, .T. ) ;
#983 = CARTESIAN_POINT ( 'NONE',  ( -2.920999999999999819, 7.239000000000000767, -1.651000000000000023 ) ) ;
#984 = VERTEX_POINT ( 'NONE', #1111 ) ;
#985 = EDGE_CURVE ( 'NONE', #935, #1012, #2968, .T. ) ;
#986 = CARTESIAN_POINT ( 'NONE',  ( 3.810000000000000053, 0.5080000000000000071, 2.022881810244992806 ) ) ;
#987 = EDGE_CURVE ( 'NONE', #860, #1075, #2395, .T. ) ;
#988 = EDGE_LOOP ( 'NONE', ( #585, #2638, #1479, #1310 ) ) ;
#989 = AXIS2_PLACEMENT_3D ( 'NONE', #2639, #2057, #2367 ) ;
#990 = EDGE_CURVE ( 'NONE', #632, #1052, #2988, .T. ) ;
#991 = EDGE_LOOP ( 'NONE', ( #177, #1163, #2794, #1934, #3481, #1925, #3167, #2189 ) ) ;
#992 = VECTOR ( 'NONE', #3425, 1000.000000000000000 ) ;
#993 = UNCERTAINTY_MEASURE_WITH_UNIT (LENGTH_MEASURE( 1.000000000000000082E-05 ), #1696, 'distance_accuracy_value', 'NONE');
#994 = CARTESIAN_POINT ( 'NONE',  ( -3.810000000000000053, 8.509000000000000341, 2.540000000000001812 ) ) ;
#995 = LINE ( 'NONE', #2919, #2699 ) ;
#996 = ADVANCED_FACE ( 'NONE', ( #224 ), #2707, .F. ) ;
#997 = ORIENTED_EDGE ( 'NONE', *, *, #466, .T. ) ;
#998 = EDGE_CURVE ( 'NONE', #2798, #3117, #1342, .T. ) ;
#999 = VECTOR ( 'NONE', #1582, 1000.000000000000000 ) ;
#1000 = FACE_OUTER_BOUND ( 'NONE', #3034, .T. ) ;
#1001 = DIRECTION ( 'NONE',  ( -0.000000000000000000, 0.000000000000000000, -1.000000000000000000 ) ) ;
#1002 = PLANE ( 'NONE',  #2818 ) ;
#1003 = COLOUR_RGB ( '',0.2509803921568627416, 0.2509803921568627416, 0.2509803921568627416 ) ;
#1004 = ORIENTED_EDGE ( 'NONE', *, *, #1555, .F. ) ;
#1005 = CARTESIAN_POINT ( 'NONE',  ( -1.269999999999999796, 0.000000000000000000, 2.539999999999999147 ) ) ;
#1006 = FILL_AREA_STYLE_COLOUR ( '', #3162 ) ;
#1007 = VECTOR ( 'NONE', #396, 1000.000000000000000 ) ;
#1008 = FACE_OUTER_BOUND ( 'NONE', #2337, .T. ) ;
#1009 = EDGE_LOOP ( 'NONE', ( #881, #3379, #1413, #2228 ) ) ;
#1010 = VECTOR ( 'NONE', #1694, 999.9999999999998863 ) ;
#1011 = VECTOR ( 'NONE', #2345, 1000.000000000000000 ) ;
#1012 = VERTEX_POINT ( 'NONE', #3273 ) ;
#1013 = VECTOR ( 'NONE', #2720, 999.9999999999998863 ) ;
#1014 = CARTESIAN_POINT ( 'NONE',  ( 2.159000000000000252, 7.239000000000000767, -0.8890000000000001235 ) ) ;
#1015 = ADVANCED_FACE ( 'NONE', ( #1360 ), #1062, .F. ) ;
#1016 = CARTESIAN_POINT ( 'NONE',  ( 0.3809999999999989506, 7.239000000000000767, 0.8889999999999997904 ) ) ;
#1017 = VERTEX_POINT ( 'NONE', #2136 ) ;
#1018 = AXIS2_PLACEMENT_3D ( 'NONE', #1288, #2125, #2114 ) ;
#1019 = DIRECTION ( 'NONE',  ( -0.7071067811865454633, -0.7071067811865495711, 0.000000000000000000 ) ) ;
#1020 = DIRECTION ( 'NONE',  ( 1.000000000000000000, 0.000000000000000000, -0.000000000000000000 ) ) ;
#1021 = CARTESIAN_POINT ( 'NONE',  ( 0.3810000000000000053, 0.5079999999999997851, 1.473200000000000953 ) ) ;
#1022 = ORIENTED_EDGE ( 'NONE', *, *, #725, .T. ) ;
#1023 = CARTESIAN_POINT ( 'NONE',  ( -3.810000000000000053, -8.578981026812224210E-17, 2.158999999999999364 ) ) ;
#1024 = VERTEX_POINT ( 'NONE', #2184 ) ;
#1025 = EDGE_CURVE ( 'NONE', #3139, #137, #1882, .T. ) ;
#1026 = FACE_OUTER_BOUND ( 'NONE', #988, .T. ) ;
#1027 = ORIENTED_EDGE ( 'NONE', *, *, #998, .T. ) ;
#1028 = CARTESIAN_POINT ( 'NONE',  ( -3.810000000000000053, 0.000000000000000000, 2.539999999999999147 ) ) ;
#1029 = ADVANCED_FACE ( 'NONE', ( #779 ), #1648, .F. ) ;
#1030 = ORIENTED_EDGE ( 'NONE', *, *, #546, .T. ) ;
#1031 = CARTESIAN_POINT ( 'NONE',  ( -0.3810000000000000053, 0.5079999999999997851, 1.473200000000000953 ) ) ;
#1032 = DIRECTION ( 'NONE',  ( 0.000000000000000000, 0.000000000000000000, -1.000000000000000000 ) ) ;
#1033 = DIRECTION ( 'NONE',  ( 0.000000000000000000, -0.000000000000000000, -1.000000000000000000 ) ) ;
#1034 = DIRECTION ( 'NONE',  ( -1.000000000000000000, 0.000000000000000000, 0.000000000000000000 ) ) ;
#1035 = ADVANCED_FACE ( 'NONE', ( #1868 ), #2938, .F. ) ;
#1036 = EDGE_LOOP ( 'NONE', ( #939, #87, #1847, #777 ) ) ;
#1037 = DIRECTION ( 'NONE',  ( 0.000000000000000000, -1.000000000000000000, 1.019346266292635338E-16 ) ) ;
#1038 = SHAPE_DEFINITION_REPRESENTATION ( #1693, #3138 ) ;
#1039 = VERTEX_POINT ( 'NONE', #3046 ) ;
#1040 = DIRECTION ( 'NONE',  ( 0.000000000000000000, 0.000000000000000000, 1.000000000000000000 ) ) ;
#1041 = ADVANCED_FACE ( 'NONE', ( #698 ), #2587, .F. ) ;
#1042 = VERTEX_POINT ( 'NONE', #2064 ) ;
#1043 = DIRECTION ( 'NONE',  ( 0.000000000000000000, 0.000000000000000000, -1.000000000000000000 ) ) ;
#1044 = ORIENTED_EDGE ( 'NONE', *, *, #4, .F. ) ;
#1045 = VECTOR ( 'NONE', #861, 1000.000000000000000 ) ;
#1046 = ORIENTED_EDGE ( 'NONE', *, *, #1772, .T. ) ;
#1047 = DIRECTION ( 'NONE',  ( -0.3420201433256661594, 0.9396926207859093161, -2.197857363660188051E-16 ) ) ;
#1048 = LINE ( 'NONE', #213, #2420 ) ;
#1049 = CARTESIAN_POINT ( 'NONE',  ( -1.269999999999999796, 6.505213034913026604E-16, -2.540000000000000924 ) ) ;
#1050 =( NAMED_UNIT ( * ) PLANE_ANGLE_UNIT ( ) SI_UNIT ( $, .RADIAN. ) );
#1051 = PRESENTATION_LAYER_ASSIGNMENT (  '', '', ( #2917 ) ) ;
#1052 = VERTEX_POINT ( 'NONE', #64 ) ;
#1053 = AXIS2_PLACEMENT_3D ( 'NONE', #361, #3320, #156 ) ;
#1054 = LINE ( 'NONE', #2630, #1227 ) ;
#1055 = LINE ( 'NONE', #1844, #3308 ) ;
#1056 = VERTEX_POINT ( 'NONE', #685 ) ;
#1057 = VECTOR ( 'NONE', #1381, 1000.000000000000000 ) ;
#1058 = VECTOR ( 'NONE', #1654, 1000.000000000000000 ) ;
#1059 = AXIS2_PLACEMENT_3D ( 'NONE', #371, #3311, #1172 ) ;
#1060 = EDGE_LOOP ( 'NONE', ( #553, #3227, #232, #2116 ) ) ;
#1061 = VECTOR ( 'NONE', #2293, 1000.000000000000000 ) ;
#1062 = PLANE ( 'NONE',  #2965 ) ;
#1063 = CARTESIAN_POINT ( 'NONE',  ( 0.3810000000000000053, -2.692399999999994797, -1.066800000000000415 ) ) ;
#1064 = DIRECTION ( 'NONE',  ( 0.000000000000000000, -1.000000000000000000, -2.923638691849597351E-16 ) ) ;
#1065 = DIRECTION ( 'NONE',  ( 0.000000000000000000, 1.000000000000000000, -2.251701056906096594E-16 ) ) ;
#1066 = ORIENTED_EDGE ( 'NONE', *, *, #1919, .F. ) ;
#1067 = CARTESIAN_POINT ( 'NONE',  ( -0.3809999999999998388, 7.239000000000000767, 1.650999999999999801 ) ) ;
#1068 = DIRECTION ( 'NONE',  ( 0.000000000000000000, 0.000000000000000000, 1.000000000000000000 ) ) ;
#1069 = DIRECTION ( 'NONE',  ( 1.000000000000000000, 0.000000000000000000, 0.000000000000000000 ) ) ;
#1070 = ORIENTED_EDGE ( 'NONE', *, *, #2511, .F. ) ;
#1071 = LINE ( 'NONE', #18, #2811 ) ;
#1072 = DIRECTION ( 'NONE',  ( 0.5773502691896263972, -0.5773502691896253980, -0.5773502691896253980 ) ) ;
#1073 = EDGE_CURVE ( 'NONE', #368, #200, #435, .T. ) ;
#1074 = EDGE_LOOP ( 'NONE', ( #1893, #2394, #3375, #387 ) ) ;
#1075 = VERTEX_POINT ( 'NONE', #1758 ) ;
#1076 = CARTESIAN_POINT ( 'NONE',  ( -0.3809999999999998388, 8.064500000000002444, -0.8890000000000000124 ) ) ;
#1077 = DIRECTION ( 'NONE',  ( 0.000000000000000000, 2.923638691849597351E-16, 1.000000000000000000 ) ) ;
#1078 = DIRECTION ( 'NONE',  ( 0.000000000000000000, 0.9659258262890701996, 0.2588190451025140226 ) ) ;
#1079 = FACE_OUTER_BOUND ( 'NONE', #630, .T. ) ;
#1080 = EDGE_CURVE ( 'NONE', #1606, #3250, #1132, .T. ) ;
#1081 = ORIENTED_EDGE ( 'NONE', *, *, #1073, .T. ) ;
#1082 = DIRECTION ( 'NONE',  ( 0.000000000000000000, -2.251701056906096594E-16, -1.000000000000000000 ) ) ;
#1083 = CONTEXT_DEPENDENT_SHAPE_REPRESENTATION ( #2515, #1981 ) ;
#1084 = PLANE ( 'NONE',  #3344 ) ;
#1085 = EDGE_CURVE ( 'NONE', #775, #844, #2220, .T. ) ;
#1086 = VERTEX_POINT ( 'NONE', #1773 ) ;
#1087 = FACE_OUTER_BOUND ( 'NONE', #1319, .T. ) ;
#1088 = CARTESIAN_POINT ( 'NONE',  ( 4.064000000000000057, 8.509000000000000341, 2.540000000000001812 ) ) ;
#1089 = VERTEX_POINT ( 'NONE', #986 ) ;
#1090 = EDGE_CURVE ( 'NONE', #172, #860, #313, .T. ) ;
#1091 = EDGE_CURVE ( 'NONE', #2770, #30, #3398, .T. ) ;
#1092 = ORIENTED_EDGE ( 'NONE', *, *, #3134, .T. ) ;
#1093 = DIRECTION ( 'NONE',  ( -0.000000000000000000, -2.667820306312759283E-16, 1.000000000000000000 ) ) ;
#1094 = UNCERTAINTY_MEASURE_WITH_UNIT (LENGTH_MEASURE( 1.000000000000000082E-05 ), #972, 'distance_accuracy_value', 'NONE');
#1095 = DIRECTION ( 'NONE',  ( 0.000000000000000000, 0.000000000000000000, -1.000000000000000000 ) ) ;
#1096 = LINE ( 'NONE', #2481, #2753 ) ;
#1097 = CARTESIAN_POINT ( 'NONE',  ( -1.269999999999999796, 0.5080000000000000071, 2.022881810244992806 ) ) ;
#1098 = EDGE_CURVE ( 'NONE', #1427, #378, #593, .T. ) ;
#1099 = VECTOR ( 'NONE', #2991, 1000.000000000000000 ) ;
#1100 = EDGE_LOOP ( 'NONE', ( #769, #931, #2542, #2605 ) ) ;
#1101 = DIRECTION ( 'NONE',  ( 0.000000000000000000, -0.9659258262890701996, -0.2588190451025140226 ) ) ;
#1102 = FACE_OUTER_BOUND ( 'NONE', #1100, .T. ) ;
#1103 = DIRECTION ( 'NONE',  ( 1.000000000000000000, -0.000000000000000000, -0.000000000000000000 ) ) ;
#1104 = VECTOR ( 'NONE', #3414, 1000.000000000000000 ) ;
#1105 = ORIENTED_EDGE ( 'NONE', *, *, #673, .T. ) ;
#1106 = FACE_OUTER_BOUND ( 'NONE', #451, .T. ) ;
#1107 = DIRECTION ( 'NONE',  ( 1.000000000000000000, 0.000000000000000000, 0.000000000000000000 ) ) ;
#1108 = ORIENTED_EDGE ( 'NONE', *, *, #1408, .T. ) ;
#1109 = ORIENTED_EDGE ( 'NONE', *, *, #463, .F. ) ;
#1110 = VERTEX_POINT ( 'NONE', #974 ) ;
#1111 = CARTESIAN_POINT ( 'NONE',  ( 0.1961031209927689978, -3.200400000000000134, -1.473199999999999843 ) ) ;
#1112 = VECTOR ( 'NONE', #3068, 1000.000000000000000 ) ;
#1113 = VECTOR ( 'NONE', #758, 1000.000000000000000 ) ;
#1114 = FACE_OUTER_BOUND ( 'NONE', #3262, .T. ) ;
#1115 = FACE_OUTER_BOUND ( 'NONE', #1, .T. ) ;
#1116 = CARTESIAN_POINT ( 'NONE',  ( 2.920999999999998931, 7.239000000000000767, 0.8889999999999997904 ) ) ;
#1117 = AXIS2_PLACEMENT_3D ( 'NONE', #693, #3390, #2268 ) ;
#1118 = ORIENTED_EDGE ( 'NONE', *, *, #1306, .T. ) ;
#1119 = CARTESIAN_POINT ( 'NONE',  ( -3.810000000000000053, 0.000000000000000000, 2.539999999999999147 ) ) ;
#1120 = VECTOR ( 'NONE', #2766, 999.9999999999998863 ) ;
#1121 = DIRECTION ( 'NONE',  ( -0.5773502691896261751, 0.5773502691896250649, -0.5773502691896260641 ) ) ;
#1122 = AXIS2_PLACEMENT_3D ( 'NONE', #797, #497, #3211 ) ;
#1123 = ORIENTED_EDGE ( 'NONE', *, *, #3134, .F. ) ;
#1124 = DIRECTION ( 'NONE',  ( 0.000000000000000000, 1.000000000000000000, 1.733406087350420004E-16 ) ) ;
#1125 = DIRECTION ( 'NONE',  ( -1.000000000000000000, 0.000000000000000000, 0.000000000000000000 ) ) ;
#1126 = ORIENTED_EDGE ( 'NONE', *, *, #1309, .F. ) ;
#1127 = EDGE_CURVE ( 'NONE', #1596, #1543, #174, .T. ) ;
#1128 = ORIENTED_EDGE ( 'NONE', *, *, #2722, .F. ) ;
#1129 = CARTESIAN_POINT ( 'NONE',  ( -4.064000000000000057, 0.000000000000000000, 2.539999999999999147 ) ) ;
#1130 = ORIENTED_EDGE ( 'NONE', *, *, #2987, .T. ) ;
#1131 = EDGE_CURVE ( 'NONE', #2734, #1249, #2235, .T. ) ;
#1132 = LINE ( 'NONE', #1414, #2407 ) ;
#1133 = CARTESIAN_POINT ( 'NONE',  ( 3.810000000000000497, 0.5080000000000006732, -2.022881810244994583 ) ) ;
#1134 = DIRECTION ( 'NONE',  ( -0.000000000000000000, -0.7071067811865482389, -0.7071067811865469066 ) ) ;
#1135 = AXIS2_PLACEMENT_3D ( 'NONE', #1366, #2749, #855 ) ;
#1136 = DIRECTION ( 'NONE',  ( 1.000000000000000000, 0.000000000000000000, 0.000000000000000000 ) ) ;
#1137 = CARTESIAN_POINT ( 'NONE',  ( 3.810000000000000497, 6.505213034913026604E-16, -2.540000000000000924 ) ) ;
#1138 = VERTEX_POINT ( 'NONE', #957 ) ;
#1139 = EDGE_CURVE ( 'NONE', #2009, #1189, #2047, .T. ) ;
#1140 = DIRECTION ( 'NONE',  ( 0.000000000000000000, 1.000000000000000000, 3.058038798877906014E-16 ) ) ;
#1141 = DIRECTION ( 'NONE',  ( -1.000000000000000000, -0.000000000000000000, 0.000000000000000000 ) ) ;
#1142 = EDGE_CURVE ( 'NONE', #1544, #368, #2479, .T. ) ;
#1143 = AXIS2_PLACEMENT_3D ( 'NONE', #1698, #3243, #1069 ) ;
#1144 = ORIENTED_EDGE ( 'NONE', *, *, #2532, .T. ) ;
#1145 = PLANE ( 'NONE',  #82 ) ;
#1146 = EDGE_CURVE ( 'NONE', #1086, #3038, #3291, .T. ) ;
#1147 = VERTEX_POINT ( 'NONE', #1222 ) ;
#1148 = ORIENTED_EDGE ( 'NONE', *, *, #1309, .T. ) ;
#1149 = LINE ( 'NONE', #1992, #1045 ) ;
#1150 = ADVANCED_FACE ( 'NONE', ( #3378 ), #2850, .T. ) ;
#1151 = PRODUCT ( 'NPPC032LFBN-RC', 'NPPC032LFBN-RC', '', ( #785 ) ) ;
#1152 = EDGE_LOOP ( 'NONE', ( #3415, #2365, #2219, #1340, #2241, #890, #572, #979 ) ) ;
#1153 = DIRECTION ( 'NONE',  ( 0.000000000000000000, 0.2588190451025140226, -0.9659258262890701996 ) ) ;
#1154 = CARTESIAN_POINT ( 'NONE',  ( -2.159000000000001140, 7.239000000000000767, 0.8889999999999997904 ) ) ;
#1155 = CARTESIAN_POINT ( 'NONE',  ( 1.270000000000000240, 0.000000000000000000, 2.539999999999999147 ) ) ;
#1156 = LINE ( 'NONE', #1708, #3305 ) ;
#1157 = ORIENTED_EDGE ( 'NONE', *, *, #2045, .T. ) ;
#1158 = PLANE ( 'NONE',  #3323 ) ;
#1159 = CARTESIAN_POINT ( 'NONE',  ( -1.269999999999999796, 8.509000000000000341, -2.540000000000001812 ) ) ;
#1160 = FACE_OUTER_BOUND ( 'NONE', #2754, .T. ) ;
#1161 = CARTESIAN_POINT ( 'NONE',  ( -0.3809999999999998388, 7.239000000000000767, 0.8889999999999997904 ) ) ;
#1162 = VECTOR ( 'NONE', #830, 1000.000000000000000 ) ;
#1163 = ORIENTED_EDGE ( 'NONE', *, *, #3338, .T. ) ;
#1164 = DIRECTION ( 'NONE',  ( 0.000000000000000000, -1.733406087350420004E-16, 1.000000000000000000 ) ) ;
#1165 = VECTOR ( 'NONE', #3263, 1000.000000000000000 ) ;
#1166 = ORIENTED_EDGE ( 'NONE', *, *, #4, .T. ) ;
#1167 = ORIENTED_EDGE ( 'NONE', *, *, #404, .F. ) ;
#1168 = VECTOR ( 'NONE', #3340, 999.9999999999998863 ) ;
#1169 = LINE ( 'NONE', #1205, #2019 ) ;
#1170 = ORIENTED_EDGE ( 'NONE', *, *, #233, .F. ) ;
#1171 = LINE ( 'NONE', #350, #440 ) ;
#1172 = DIRECTION ( 'NONE',  ( 0.000000000000000000, -0.9659258262890700886, 0.2588190451025140781 ) ) ;
#1173 = CARTESIAN_POINT ( 'NONE',  ( 3.810000000000000497, 6.505213034913026604E-16, -2.540000000000000924 ) ) ;
#1174 = ORIENTED_EDGE ( 'NONE', *, *, #2620, .F. ) ;
#1175 = VECTOR ( 'NONE', #624, 1000.000000000000000 ) ;
#1176 = LINE ( 'NONE', #868, #1337 ) ;
#1177 = CARTESIAN_POINT ( 'NONE',  ( -0.1961031209927686925, -3.200400000000000134, 1.066800000000000415 ) ) ;
#1178 = CARTESIAN_POINT ( 'NONE',  ( 0.3809999999999989506, 8.064500000000002444, -0.8890000000000000124 ) ) ;
#1179 = PLANE ( 'NONE',  #2054 ) ;
#1180 = AXIS2_PLACEMENT_3D ( 'NONE', #1282, #2396, #1324 ) ;
#1181 = VECTOR ( 'NONE', #2871, 1000.000000000000000 ) ;
#1182 = VECTOR ( 'NONE', #9, 1000.000000000000000 ) ;
#1183 = EDGE_LOOP ( 'NONE', ( #2676, #2718, #721, #1695 ) ) ;
#1184 = APPLICATION_CONTEXT ( 'automotive_design' ) ;
#1185 = CARTESIAN_POINT ( 'NONE',  ( 3.810000000000000497, 0.5080000000000000071, 2.022881810244992806 ) ) ;
#1186 = EDGE_CURVE ( 'NONE', #3361, #519, #159, .T. ) ;
#1187 = DIRECTION ( 'NONE',  ( 0.000000000000000000, -0.000000000000000000, -1.000000000000000000 ) ) ;
#1188 =( GEOMETRIC_REPRESENTATION_CONTEXT ( 3 ) GLOBAL_UNCERTAINTY_ASSIGNED_CONTEXT ( ( #141 ) ) GLOBAL_UNIT_ASSIGNED_CONTEXT ( ( #933, #2024, #3360 ) ) REPRESENTATION_CONTEXT ( 'NONE', 'WORKASPACE' ) );
#1189 = VERTEX_POINT ( 'NONE', #2764 ) ;
#1190 = EDGE_CURVE ( 'NONE', #3121, #2049, #2602, .T. ) ;
#1191 = FACE_OUTER_BOUND ( 'NONE', #2196, .T. ) ;
#1192 = ORIENTED_EDGE ( 'NONE', *, *, #3381, .T. ) ;
#1193 = CARTESIAN_POINT ( 'NONE',  ( 1.270000000000000240, 8.509000000000000341, -2.540000000000001812 ) ) ;
#1194 = DIRECTION ( 'NONE',  ( -0.000000000000000000, 1.000000000000000000, 1.607907343367028359E-16 ) ) ;
#1195 = CARTESIAN_POINT ( 'NONE',  ( -0.3809999999999998388, 7.239000000000000767, 1.650999999999999801 ) ) ;
#1196 = VERTEX_POINT ( 'NONE', #332 ) ;
#1197 = CARTESIAN_POINT ( 'NONE',  ( 0.3809999999999989506, 8.064500000000002444, -0.8890000000000001235 ) ) ;
#1198 = DIRECTION ( 'NONE',  ( 0.9396926207859093161, 0.3420201433256662149, -0.000000000000000000 ) ) ;
#1199 = CARTESIAN_POINT ( 'NONE',  ( -0.3809999999999998388, 8.064500000000002444, -0.8890000000000001235 ) ) ;
#1200 = DIRECTION ( 'NONE',  ( -0.5773502691896266192, 0.5773502691896232886, -0.5773502691896275074 ) ) ;
#1201 = ADVANCED_FACE ( 'NONE', ( #3464 ), #3196, .T. ) ;
#1202 = ORIENTED_EDGE ( 'NONE', *, *, #2650, .F. ) ;
#1203 = ORIENTED_EDGE ( 'NONE', *, *, #2238, .T. ) ;
#1204 = EDGE_CURVE ( 'NONE', #2475, #2529, #1055, .T. ) ;
#1205 = CARTESIAN_POINT ( 'NONE',  ( -3.810000000000000053, 8.509000000000000341, 2.540000000000001812 ) ) ;
#1206 = VERTEX_POINT ( 'NONE', #188 ) ;
#1207 = ADVANCED_FACE ( 'NONE', ( #3431 ), #2916, .F. ) ;
#1208 = EDGE_CURVE ( 'NONE', #378, #2437, #3498, .T. ) ;
#1209 = CARTESIAN_POINT ( 'NONE',  ( -2.920999999999999819, 7.239000000000000767, -0.8890000000000001235 ) ) ;
#1210 = LINE ( 'NONE', #3366, #1522 ) ;
#1211 = CARTESIAN_POINT ( 'NONE',  ( 2.920999999999998931, 7.239000000000000767, 1.650999999999999801 ) ) ;
#1212 = EDGE_LOOP ( 'NONE', ( #1292, #726, #2669, #2657, #1167, #98, #2646, #3127 ) ) ;
#1213 = CARTESIAN_POINT ( 'NONE',  ( 3.810000000000000497, -8.578981026812224210E-17, 2.158999999999999364 ) ) ;
#1214 = FACE_OUTER_BOUND ( 'NONE', #454, .T. ) ;
#1215 = DIRECTION ( 'NONE',  ( 0.7071067811865467956, -0.7071067811865482389, 0.000000000000000000 ) ) ;
#1216 = EDGE_CURVE ( 'NONE', #2703, #3300, #482, .T. ) ;
#1217 = FACE_OUTER_BOUND ( 'NONE', #1519, .T. ) ;
#1218 = VERTEX_POINT ( 'NONE', #3214 ) ;
#1219 = DIRECTION ( 'NONE',  ( 1.000000000000000000, 0.000000000000000000, 0.000000000000000000 ) ) ;
#1220 = VECTOR ( 'NONE', #523, 1000.000000000000000 ) ;
#1221 = ORIENTED_EDGE ( 'NONE', *, *, #37, .T. ) ;
#1222 = CARTESIAN_POINT ( 'NONE',  ( 1.270000000000000240, -8.578981026812224210E-17, 2.158999999999999364 ) ) ;
#1223 = VECTOR ( 'NONE', #2896, 1000.000000000000000 ) ;
#1224 = ORIENTED_EDGE ( 'NONE', *, *, #97, .F. ) ;
#1225 = VECTOR ( 'NONE', #2866, 1000.000000000000000 ) ;
#1226 = ORIENTED_EDGE ( 'NONE', *, *, #1293, .T. ) ;
#1227 = VECTOR ( 'NONE', #2141, 1000.000000000000000 ) ;
#1228 = LINE ( 'NONE', #1453, #1061 ) ;
#1229 = DIRECTION ( 'NONE',  ( 0.000000000000000000, 0.000000000000000000, 1.000000000000000000 ) ) ;
#1230 = CARTESIAN_POINT ( 'NONE',  ( -4.064000000000000057, 8.509000000000000341, -2.540000000000001812 ) ) ;
#1231 = ORIENTED_EDGE ( 'NONE', *, *, #2915, .T. ) ;
#1232 = LINE ( 'NONE', #2119, #2517 ) ;
#1233 = LINE ( 'NONE', #3371, #542 ) ;
#1234 = LINE ( 'NONE', #1697, #715 ) ;
#1235 = LINE ( 'NONE', #3112, #1223 ) ;
#1236 = VECTOR ( 'NONE', #2990, 1000.000000000000000 ) ;
#1237 = ORIENTED_EDGE ( 'NONE', *, *, #673, .F. ) ;
#1238 = LINE ( 'NONE', #2795, #2685 ) ;
#1239 = AXIS2_PLACEMENT_3D ( 'NONE', #1983, #623, #581 ) ;
#1240 = CARTESIAN_POINT ( 'NONE',  ( 0.000000000000000000, 0.000000000000000000, 0.000000000000000000 ) ) ;
#1241 = VECTOR ( 'NONE', #1707, 1000.000000000000000 ) ;
#1242 = VECTOR ( 'NONE', #423, 1000.000000000000000 ) ;
#1243 = CARTESIAN_POINT ( 'NONE',  ( 0.3809999999999989506, 7.239000000000000767, -0.8890000000000001235 ) ) ;
#1244 = EDGE_LOOP ( 'NONE', ( #1371, #2428, #2723, #1581 ) ) ;
#1245 = EDGE_CURVE ( 'NONE', #844, #1895, #3179, .T. ) ;
#1246 = EDGE_LOOP ( 'NONE', ( #2022, #1320, #1702, #2920 ) ) ;
#1247 = CARTESIAN_POINT ( 'NONE',  ( -2.920999999999999819, 8.064500000000002444, -0.8890000000000000124 ) ) ;
#1248 = CARTESIAN_POINT ( 'NONE',  ( -3.810000000000000053, 4.336808689942017736E-16, -2.159000000000001140 ) ) ;
#1249 = VERTEX_POINT ( 'NONE', #2633 ) ;
#1250 = EDGE_CURVE ( 'NONE', #2257, #874, #1318, .T. ) ;
#1251 = LINE ( 'NONE', #1800, #646 ) ;
#1252 = FACE_OUTER_BOUND ( 'NONE', #1833, .T. ) ;
#1253 = LINE ( 'NONE', #2336, #2315 ) ;
#1254 = DIRECTION ( 'NONE',  ( -1.000000000000000000, 0.000000000000000000, 0.000000000000000000 ) ) ;
#1255 = EDGE_CURVE ( 'NONE', #914, #1042, #3148, .T. ) ;
#1256 = ORIENTED_EDGE ( 'NONE', *, *, #1442, .T. ) ;
#1257 = ADVANCED_FACE ( 'NONE', ( #1828 ), #1542, .T. ) ;
#1258 = SURFACE_SIDE_STYLE ('',( #433 ) ) ;
#1259 = CARTESIAN_POINT ( 'NONE',  ( 0.3810000000000000053, -2.692399999999994797, 1.066800000000000415 ) ) ;
#1260 = EDGE_LOOP ( 'NONE', ( #1262, #1643, #1027, #337 ) ) ;
#1261 = EDGE_CURVE ( 'NONE', #2929, #1596, #2901, .T. ) ;
#1262 = ORIENTED_EDGE ( 'NONE', *, *, #284, .T. ) ;
#1263 = CARTESIAN_POINT ( 'NONE',  ( 0.3809999999999989506, 8.064499999999998892, 1.650999999999999801 ) ) ;
#1264 = CARTESIAN_POINT ( 'NONE',  ( -0.3809999999999998388, 8.064500000000002444, -0.8890000000000001235 ) ) ;
#1265 = ORIENTED_EDGE ( 'NONE', *, *, #2132, .T. ) ;
#1266 = DIRECTION ( 'NONE',  ( 0.000000000000000000, 1.607907343367028359E-16, -1.000000000000000000 ) ) ;
#1267 = CARTESIAN_POINT ( 'NONE',  ( -1.269999999999999796, 8.509000000000000341, -2.540000000000001812 ) ) ;
#1268 = FACE_OUTER_BOUND ( 'NONE', #3319, .T. ) ;
#1269 =( LENGTH_UNIT ( ) NAMED_UNIT ( * ) SI_UNIT ( .MILLI., .METRE. ) );
#1270 = ORIENTED_EDGE ( 'NONE', *, *, #3061, .T. ) ;
#1271 = PLANE ( 'NONE',  #1329 ) ;
#1272 = DIRECTION ( 'NONE',  ( -1.000000000000000000, -0.000000000000000000, -0.000000000000000000 ) ) ;
#1273 = VERTEX_POINT ( 'NONE', #2127 ) ;
#1274 = AXIS2_PLACEMENT_3D ( 'NONE', #86, #1433, #2823 ) ;
#1275 = ORIENTED_EDGE ( 'NONE', *, *, #138, .T. ) ;
#1276 = VECTOR ( 'NONE', #1636, 1000.000000000000000 ) ;
#1277 = PLANE ( 'NONE',  #103 ) ;
#1278 = CARTESIAN_POINT ( 'NONE',  ( 1.270000000000000240, 6.505213034913026604E-16, -2.540000000000000924 ) ) ;
#1279 = ORIENTED_EDGE ( 'NONE', *, *, #1518, .F. ) ;
#1280 = AXIS2_PLACEMENT_3D ( 'NONE', #255, #2204, #236 ) ;
#1281 = DIRECTION ( 'NONE',  ( 0.000000000000000000, -0.9659258262890700886, 0.2588190451025140781 ) ) ;
#1282 = CARTESIAN_POINT ( 'NONE',  ( 3.810000000000000497, 0.5080000000000000071, 2.022881810244992806 ) ) ;
#1283 = DIRECTION ( 'NONE',  ( -1.000000000000000000, -0.000000000000000000, -0.000000000000000000 ) ) ;
#1284 = CARTESIAN_POINT ( 'NONE',  ( 3.810000000000000497, 0.5080000000000006732, -2.022881810244994583 ) ) ;
#1285 = EDGE_CURVE ( 'NONE', #2376, #914, #516, .T. ) ;
#1286 = ORIENTED_EDGE ( 'NONE', *, *, #241, .F. ) ;
#1287 = FILL_AREA_STYLE_COLOUR ( '', #1003 ) ;
#1288 = CARTESIAN_POINT ( 'NONE',  ( 2.540000000000000480, 0.000000000000000000, 0.000000000000000000 ) ) ;
#1289 = ADVANCED_FACE ( 'NONE', ( #1862 ), #499, .F. ) ;
#1290 = VECTOR ( 'NONE', #10, 1000.000000000000000 ) ;
#1291 = CARTESIAN_POINT ( 'NONE',  ( 0.3810000000000000053, -2.692399999999994797, 0.000000000000000000 ) ) ;
#1292 = ORIENTED_EDGE ( 'NONE', *, *, #2617, .F. ) ;
#1293 = EDGE_CURVE ( 'NONE', #2560, #735, #250, .T. ) ;
#1294 = AXIS2_PLACEMENT_3D ( 'NONE', #326, #858, #1187 ) ;
#1295 = DIRECTION ( 'NONE',  ( -1.000000000000000000, 0.000000000000000000, 0.000000000000000000 ) ) ;
#1296 =( REPRESENTATION_RELATIONSHIP ('NONE','NONE', #3138, #2663 ) REPRESENTATION_RELATIONSHIP_WITH_TRANSFORMATION ( #1349 )SHAPE_REPRESENTATION_RELATIONSHIP( ) );
#1297 = ORIENTED_EDGE ( 'NONE', *, *, #1512, .T. ) ;
#1298 = CARTESIAN_POINT ( 'NONE',  ( 2.920999999999998931, 7.239000000000000767, 0.8889999999999997904 ) ) ;
#1299 = DIRECTION ( 'NONE',  ( 0.000000000000000000, 0.000000000000000000, -1.000000000000000000 ) ) ;
#1300 = PLANE ( 'NONE',  #2371 ) ;
#1301 = ORIENTED_EDGE ( 'NONE', *, *, #2402, .T. ) ;
#1302 = FILL_AREA_STYLE ('',( #1287 ) ) ;
#1303 = CONTEXT_DEPENDENT_SHAPE_REPRESENTATION ( #1980, #574 ) ;
#1304 = ADVANCED_FACE ( 'NONE', ( #1026 ), #1556, .F. ) ;
#1305 = DIRECTION ( 'NONE',  ( 0.000000000000000000, -0.9659258262890700886, 0.2588190451025140781 ) ) ;
#1306 = EDGE_CURVE ( 'NONE', #2049, #935, #2403, .T. ) ;
#1307 = ORIENTED_EDGE ( 'NONE', *, *, #1142, .T. ) ;
#1308 = CARTESIAN_POINT ( 'NONE',  ( 0.3809999999999989506, 7.239000000000000767, 1.650999999999999801 ) ) ;
#1309 = EDGE_CURVE ( 'NONE', #1273, #1950, #2115, .T. ) ;
#1310 = ORIENTED_EDGE ( 'NONE', *, *, #100, .T. ) ;
#1311 = ORIENTED_EDGE ( 'NONE', *, *, #2108, .F. ) ;
#1312 = FACE_OUTER_BOUND ( 'NONE', #1183, .T. ) ;
#1313 = PLANE ( 'NONE',  #1180 ) ;
#1314 = CARTESIAN_POINT ( 'NONE',  ( 2.920999999999998931, 7.239000000000000767, -1.651000000000000023 ) ) ;
#1315 =( NAMED_UNIT ( * ) SI_UNIT ( $, .STERADIAN. ) SOLID_ANGLE_UNIT ( ) );
#1316 = EDGE_LOOP ( 'NONE', ( #1917, #2252, #331, #2421 ) ) ;
#1317 = CARTESIAN_POINT ( 'NONE',  ( 4.064000000000000057, 8.509000000000000341, -2.540000000000001812 ) ) ;
#1318 = LINE ( 'NONE', #2147, #3427 ) ;
#1319 = EDGE_LOOP ( 'NONE', ( #2495, #2107, #2065, #17, #2843, #254 ) ) ;
#1320 = ORIENTED_EDGE ( 'NONE', *, *, #1501, .T. ) ;
#1321 = VECTOR ( 'NONE', #2295, 1000.000000000000000 ) ;
#1322 = ORIENTED_EDGE ( 'NONE', *, *, #2193, .F. ) ;
#1323 = CARTESIAN_POINT ( 'NONE',  ( 0.3810000000000000053, 0.5079999999999997851, -1.473200000000000953 ) ) ;
#1324 = DIRECTION ( 'NONE',  ( 0.000000000000000000, -1.607907343367028359E-16, 1.000000000000000000 ) ) ;
#1325 = LINE ( 'NONE', #3505, #209 ) ;
#1326 = DIRECTION ( 'NONE',  ( 0.000000000000000000, -0.000000000000000000, -1.000000000000000000 ) ) ;
#1327 = AXIS2_PLACEMENT_3D ( 'NONE', #2438, #325, #2453 ) ;
#1328 = ORIENTED_EDGE ( 'NONE', *, *, #2793, .T. ) ;
#1329 = AXIS2_PLACEMENT_3D ( 'NONE', #496, #2354, #3428 ) ;
#1330 = CARTESIAN_POINT ( 'NONE',  ( 4.064000000000000057, 8.509000000000000341, -2.540000000000001812 ) ) ;
#1331 = DIRECTION ( 'NONE',  ( -0.000000000000000000, 1.000000000000000000, 1.733406087350420004E-16 ) ) ;
#1332 = ORIENTED_EDGE ( 'NONE', *, *, #1025, .T. ) ;
#1333 = CARTESIAN_POINT ( 'NONE',  ( -1.269999999999999796, 0.5080000000000000071, 2.022881810244992806 ) ) ;
#1334 = CARTESIAN_POINT ( 'NONE',  ( -2.920999999999999819, 8.064499999999998892, 0.8889999999999999014 ) ) ;
#1335 = VERTEX_POINT ( 'NONE', #2357 ) ;
#1336 = VECTOR ( 'NONE', #1348, 1000.000000000000114 ) ;
#1337 = VECTOR ( 'NONE', #1982, 1000.000000000000000 ) ;
#1338 = AXIS2_PLACEMENT_3D ( 'NONE', #1264, #741, #1832 ) ;
#1339 = ADVANCED_FACE ( 'NONE', ( #1008 ), #2700, .F. ) ;
#1340 = ORIENTED_EDGE ( 'NONE', *, *, #1570, .T. ) ;
#1341 = VECTOR ( 'NONE', #1431, 1000.000000000000000 ) ;
#1342 = LINE ( 'NONE', #8, #479 ) ;
#1343 = DIRECTION ( 'NONE',  ( -0.5773502691896267303, -0.5773502691896233996, -0.5773502691896272854 ) ) ;
#1344 = PLANE ( 'NONE',  #2256 ) ;
#1345 = DIRECTION ( 'NONE',  ( -1.000000000000000000, -0.000000000000000000, -0.000000000000000000 ) ) ;
#1346 = EDGE_CURVE ( 'NONE', #1052, #874, #875, .T. ) ;
#1347 = ORIENTED_EDGE ( 'NONE', *, *, #2193, .T. ) ;
#1348 = DIRECTION ( 'NONE',  ( -0.3420201433256661594, -0.9396926207859093161, 2.197857363660188051E-16 ) ) ;
#1349 = ITEM_DEFINED_TRANSFORMATION ( 'NONE', 'NONE', #1527,  #2829 ) ;
#1350 = DIRECTION ( 'NONE',  ( -0.5773502691896267303, -0.5773502691896233996, -0.5773502691896272854 ) ) ;
#1351 = EDGE_CURVE ( 'NONE', #2009, #2213, #286, .T. ) ;
#1352 = ADVANCED_FACE ( 'NONE', ( #3228 ), #3035, .F. ) ;
#1353 = ORIENTED_EDGE ( 'NONE', *, *, #309, .T. ) ;
#1354 = DIRECTION ( 'NONE',  ( 0.000000000000000000, 0.2588190451025140226, 0.9659258262890700886 ) ) ;
#1355 = LINE ( 'NONE', #2104, #3161 ) ;
#1356 = VERTEX_POINT ( 'NONE', #1409 ) ;
#1357 = EDGE_CURVE ( 'NONE', #2178, #2782, #2996, .T. ) ;
#1358 = ADVANCED_FACE ( 'NONE', ( #2488 ), #1145, .F. ) ;
#1359 = ORIENTED_EDGE ( 'NONE', *, *, #3132, .T. ) ;
#1360 = FACE_OUTER_BOUND ( 'NONE', #24, .T. ) ;
#1361 = LINE ( 'NONE', #333, #2375 ) ;
#1362 = CARTESIAN_POINT ( 'NONE',  ( -3.810000000000000053, 0.5080000000000000071, 2.022881810244992806 ) ) ;
#1363 = PLANE ( 'NONE',  #2681 ) ;
#1364 = ORIENTED_EDGE ( 'NONE', *, *, #2904, .F. ) ;
#1365 = LINE ( 'NONE', #31, #597 ) ;
#1366 = CARTESIAN_POINT ( 'NONE',  ( 4.064000000000000057, 0.000000000000000000, 0.000000000000000000 ) ) ;
#1367 = EDGE_LOOP ( 'NONE', ( #1487, #1887, #2029, #189 ) ) ;
#1368 = CARTESIAN_POINT ( 'NONE',  ( -0.3809999999999998388, 8.064499999999998892, 1.650999999999999801 ) ) ;
#1369 = DIRECTION ( 'NONE',  ( 0.000000000000000000, 0.000000000000000000, -1.000000000000000000 ) ) ;
#1370 = PRODUCT ( 'NPPC202LFBN-RC_C03', 'NPPC202LFBN-RC_C03', '', ( #1843 ) ) ;
#1371 = ORIENTED_EDGE ( 'NONE', *, *, #2650, .T. ) ;
#1372 = ADVANCED_FACE ( 'NONE', ( #1106 ), #2194, .F. ) ;
#1373 = ORIENTED_EDGE ( 'NONE', *, *, #2966, .F. ) ;
#1374 = CARTESIAN_POINT ( 'NONE',  ( 0.1961031209927689978, -3.200400000000000134, 1.066800000000000415 ) ) ;
#1375 = CARTESIAN_POINT ( 'NONE',  ( 0.3810000000000000053, 0.5079999999999998961, -1.066800000000001303 ) ) ;
#1376 = DIRECTION ( 'NONE',  ( -1.000000000000000000, 0.000000000000000000, 0.000000000000000000 ) ) ;
#1377 = FACE_BOUND ( 'NONE', #392, .T. ) ;
#1378 = VECTOR ( 'NONE', #2783, 1000.000000000000000 ) ;
#1379 = ORIENTED_EDGE ( 'NONE', *, *, #296, .T. ) ;
#1380 = VECTOR ( 'NONE', #1200, 999.9999999999998863 ) ;
#1381 = DIRECTION ( 'NONE',  ( 0.5773502691896261751, 0.5773502691896250649, -0.5773502691896260641 ) ) ;
#1382 = CARTESIAN_POINT ( 'NONE',  ( -0.1961031209927689145, -3.200400000000000134, 1.473199999999999843 ) ) ;
#1383 = ADVANCED_FACE ( 'NONE', ( #2162 ), #1680, .F. ) ;
#1384 = VECTOR ( 'NONE', #2659, 1000.000000000000000 ) ;
#1385 = VERTEX_POINT ( 'NONE', #2214 ) ;
#1386 = LINE ( 'NONE', #342, #818 ) ;
#1387 = PLANE ( 'NONE',  #837 ) ;
#1388 = ORIENTED_EDGE ( 'NONE', *, *, #1080, .T. ) ;
#1389 = ADVANCED_FACE ( 'NONE', ( #2732 ), #2982, .F. ) ;
#1390 = ORIENTED_EDGE ( 'NONE', *, *, #1661, .T. ) ;
#1391 = FACE_OUTER_BOUND ( 'NONE', #1246, .T. ) ;
#1392 = ORIENTED_EDGE ( 'NONE', *, *, #2506, .F. ) ;
#1393 = EDGE_CURVE ( 'NONE', #2475, #3268, #608, .T. ) ;
#1394 = DIRECTION ( 'NONE',  ( 1.000000000000000000, -0.000000000000000000, -0.000000000000000000 ) ) ;
#1395 = AXIS2_PLACEMENT_3D ( 'NONE', #1213, #111, #3334 ) ;
#1396 = EDGE_CURVE ( 'NONE', #614, #1273, #1386, .T. ) ;
#1397 = VECTOR ( 'NONE', #1610, 1000.000000000000000 ) ;
#1398 = CARTESIAN_POINT ( 'NONE',  ( -2.920999999999999819, 7.239000000000000767, 1.650999999999999801 ) ) ;
#1399 = DIRECTION ( 'NONE',  ( 0.000000000000000000, 1.000000000000000000, 2.923638691849597351E-16 ) ) ;
#1400 = FACE_BOUND ( 'NONE', #2814, .T. ) ;
#1401 = VECTOR ( 'NONE', #577, 999.9999999999998863 ) ;
#1402 = EDGE_LOOP ( 'NONE', ( #464, #3055, #2615, #2897 ) ) ;
#1403 =( NAMED_UNIT ( * ) PLANE_ANGLE_UNIT ( ) SI_UNIT ( $, .RADIAN. ) );
#1404 = DIRECTION ( 'NONE',  ( 0.000000000000000000, -0.000000000000000000, -1.000000000000000000 ) ) ;
#1405 = ADVANCED_FACE ( 'NONE', ( #551 ), #38, .F. ) ;
#1406 = LINE ( 'NONE', #1382, #504 ) ;
#1407 = EDGE_LOOP ( 'NONE', ( #1937, #2426, #656, #249 ) ) ;
#1408 = EDGE_CURVE ( 'NONE', #691, #1721, #1071, .T. ) ;
#1409 = CARTESIAN_POINT ( 'NONE',  ( -3.810000000000000053, 8.509000000000000341, -2.540000000000001812 ) ) ;
#1410 = ORIENTED_EDGE ( 'NONE', *, *, #2960, .T. ) ;
#1411 = EDGE_LOOP ( 'NONE', ( #1390, #2728, #3021, #373 ) ) ;
#1412 = DIRECTION ( 'NONE',  ( 0.000000000000000000, -0.7071067811865499042, 0.7071067811865451302 ) ) ;
#1413 = ORIENTED_EDGE ( 'NONE', *, *, #1131, .T. ) ;
#1414 = CARTESIAN_POINT ( 'NONE',  ( -1.269999999999999796, 0.000000000000000000, 2.539999999999999147 ) ) ;
#1415 = CARTESIAN_POINT ( 'NONE',  ( 2.159000000000000252, 7.239000000000000767, 0.8889999999999997904 ) ) ;
#1416 = DIRECTION ( 'NONE',  ( 0.000000000000000000, 3.058038798877906014E-16, -1.000000000000000000 ) ) ;
#1417 = VECTOR ( 'NONE', #817, 1000.000000000000000 ) ;
#1418 = PLANE ( 'NONE',  #1894 ) ;
#1419 = ORIENTED_EDGE ( 'NONE', *, *, #2966, .T. ) ;
#1420 = DIRECTION ( 'NONE',  ( -1.000000000000000000, 0.000000000000000000, -0.000000000000000000 ) ) ;
#1421 = LINE ( 'NONE', #3090, #2092 ) ;
#1422 = DIRECTION ( 'NONE',  ( 0.000000000000000000, 0.9659258262890700886, 0.2588190451025139671 ) ) ;
#1423 = VECTOR ( 'NONE', #528, 1000.000000000000000 ) ;
#1424 = VERTEX_POINT ( 'NONE', #857 ) ;
#1425 = DIRECTION ( 'NONE',  ( 0.000000000000000000, -1.733406087350420004E-16, 1.000000000000000000 ) ) ;
#1426 = DIRECTION ( 'NONE',  ( 0.000000000000000000, 1.000000000000000000, -1.019346266292635338E-16 ) ) ;
#1427 = VERTEX_POINT ( 'NONE', #2 ) ;
#1428 = ORIENTED_EDGE ( 'NONE', *, *, #1204, .F. ) ;
#1429 = CARTESIAN_POINT ( 'NONE',  ( -3.810000000000000053, 0.5080000000000000071, 2.022881810244992806 ) ) ;
#1430 = VERTEX_POINT ( 'NONE', #2752 ) ;
#1431 = DIRECTION ( 'NONE',  ( 0.000000000000000000, 0.9659258262890700886, -0.2588190451025140781 ) ) ;
#1432 = DIRECTION ( 'NONE',  ( 0.000000000000000000, -1.607907343367028359E-16, 1.000000000000000000 ) ) ;
#1433 = DIRECTION ( 'NONE',  ( -0.000000000000000000, 1.000000000000000000, 5.691349986800550837E-16 ) ) ;
#1434 = VERTEX_POINT ( 'NONE', #531 ) ;
#1435 = ADVANCED_FACE ( 'NONE', ( #1087 ), #1949, .F. ) ;
#1436 = FACE_OUTER_BOUND ( 'NONE', #416, .T. ) ;
#1437 =( NAMED_UNIT ( * ) SI_UNIT ( $, .STERADIAN. ) SOLID_ANGLE_UNIT ( ) );
#1438 = DIRECTION ( 'NONE',  ( 0.000000000000000000, 1.000000000000000000, 1.733406087350420004E-16 ) ) ;
#1439 = VECTOR ( 'NONE', #67, 1000.000000000000000 ) ;
#1440 = CARTESIAN_POINT ( 'NONE',  ( 3.810000000000000497, 8.509000000000000341, 2.540000000000001812 ) ) ;
#1441 = VECTOR ( 'NONE', #2122, 1000.000000000000000 ) ;
#1442 = EDGE_CURVE ( 'NONE', #235, #2178, #1644, .T. ) ;
#1443 = EDGE_LOOP ( 'NONE', ( #2861, #1419, #3314, #1428 ) ) ;
#1444 = CARTESIAN_POINT ( 'NONE',  ( -0.3809999999999998388, 7.239000000000000767, -0.8890000000000001235 ) ) ;
#1445 = CARTESIAN_POINT ( 'NONE',  ( -0.3809999999999998388, 7.239000000000000767, 1.650999999999999801 ) ) ;
#1446 = MANIFOLD_SOLID_BREP ( 'Mirror3', #56 ) ;
#1447 = VECTOR ( 'NONE', #2377, 1000.000000000000000 ) ;
#1448 = ORIENTED_EDGE ( 'NONE', *, *, #22, .F. ) ;
#1449 = STYLED_ITEM ( 'NONE', ( #417 ), #1523 ) ;
#1450 = CARTESIAN_POINT ( 'NONE',  ( 4.064000000000000057, 4.336808689942017736E-16, -2.159000000000001140 ) ) ;
#1451 = EDGE_LOOP ( 'NONE', ( #3497, #1148, #2225, #920 ) ) ;
#1452 = UNCERTAINTY_MEASURE_WITH_UNIT (LENGTH_MEASURE( 1.000000000000000082E-05 ), #2647, 'distance_accuracy_value', 'NONE');
#1453 = CARTESIAN_POINT ( 'NONE',  ( 2.159000000000000252, 7.239000000000000767, 1.650999999999999801 ) ) ;
#1454 = DIRECTION ( 'NONE',  ( -1.000000000000000000, 0.000000000000000000, 0.000000000000000000 ) ) ;
#1455 = ADVANCED_FACE ( 'NONE', ( #932 ), #2023, .F. ) ;
#1456 = CARTESIAN_POINT ( 'NONE',  ( 1.270000000000000240, 0.5080000000000006732, -2.022881810244994583 ) ) ;
#1457 = ORIENTED_EDGE ( 'NONE', *, *, #2807, .T. ) ;
#1458 = AXIS2_PLACEMENT_3D ( 'NONE', #3174, #694, #1551 ) ;
#1459 = CARTESIAN_POINT ( 'NONE',  ( 4.064000000000000057, 0.000000000000000000, 2.539999999999999147 ) ) ;
#1460 = CARTESIAN_POINT ( 'NONE',  ( -3.365500000000001268, 8.509000000000000341, -2.095500000000001695 ) ) ;
#1461 = CARTESIAN_POINT ( 'NONE',  ( -2.920999999999999819, 7.239000000000000767, -0.8890000000000001235 ) ) ;
#1462 = DIRECTION ( 'NONE',  ( -1.000000000000000000, 0.000000000000000000, 0.000000000000000000 ) ) ;
#1463 = ADVANCED_FACE ( 'NONE', ( #2287 ), #1789, .F. ) ;
#1464 = VECTOR ( 'NONE', #281, 1000.000000000000000 ) ;
#1465 = VECTOR ( 'NONE', #192, 1000.000000000000000 ) ;
#1466 = VECTOR ( 'NONE', #1966, 1000.000000000000000 ) ;
#1467 = EDGE_LOOP ( 'NONE', ( #3001, #795, #1603, #1857 ) ) ;
#1468 = CARTESIAN_POINT ( 'NONE',  ( 3.810000000000000497, -8.578981026812224210E-17, 2.158999999999999364 ) ) ;
#1469 = CARTESIAN_POINT ( 'NONE',  ( -0.1961031209927689423, -3.200400000000000134, 1.066800000000000415 ) ) ;
#1470 = EDGE_CURVE ( 'NONE', #3213, #235, #2585, .T. ) ;
#1471 = ORIENTED_EDGE ( 'NONE', *, *, #2097, .F. ) ;
#1472 = PRODUCT_RELATED_PRODUCT_CATEGORY ( 'part', '', ( #2201 ) ) ;
#1473 = CARTESIAN_POINT ( 'NONE',  ( 0.3810000000000000053, 0.5079999999999997851, -1.473200000000000953 ) ) ;
#1474 = ORIENTED_EDGE ( 'NONE', *, *, #734, .F. ) ;
#1475 = EDGE_CURVE ( 'NONE', #1622, #1434, #664, .T. ) ;
#1476 = LINE ( 'NONE', #1209, #2760 ) ;
#1477 = CARTESIAN_POINT ( 'NONE',  ( 2.920999999999998931, 8.064500000000002444, -0.8890000000000001235 ) ) ;
#1478 = DIRECTION ( 'NONE',  ( 0.000000000000000000, 0.000000000000000000, 1.000000000000000000 ) ) ;
#1479 = ORIENTED_EDGE ( 'NONE', *, *, #3338, .F. ) ;
#1480 = DIRECTION ( 'NONE',  ( -1.000000000000000000, 0.000000000000000000, -0.000000000000000000 ) ) ;
#1481 = PLANE ( 'NONE',  #1521 ) ;
#1482 = LINE ( 'NONE', #2810, #3380 ) ;
#1483 = DIRECTION ( 'NONE',  ( 0.000000000000000000, -1.607907343367028359E-16, 1.000000000000000000 ) ) ;
#1484 = VERTEX_POINT ( 'NONE', #1520 ) ;
#1485 = CARTESIAN_POINT ( 'NONE',  ( 2.159000000000000252, 8.064499999999998892, 1.651000000000000023 ) ) ;
#1486 = CARTESIAN_POINT ( 'NONE',  ( 0.000000000000000000, 0.000000000000000000, 0.000000000000000000 ) ) ;
#1487 = ORIENTED_EDGE ( 'NONE', *, *, #885, .T. ) ;
#1488 = CARTESIAN_POINT ( 'NONE',  ( -3.810000000000000053, 0.000000000000000000, 0.000000000000000000 ) ) ;
#1489 = ORIENTED_EDGE ( 'NONE', *, *, #22, .T. ) ;
#1490 = ORIENTED_EDGE ( 'NONE', *, *, #498, .T. ) ;
#1491 = UNCERTAINTY_MEASURE_WITH_UNIT (LENGTH_MEASURE( 1.000000000000000082E-05 ), #3096, 'distance_accuracy_value', 'NONE');
#1492 = CARTESIAN_POINT ( 'NONE',  ( -1.269999999999999796, 0.000000000000000000, 2.539999999999999147 ) ) ;
#1493 = CARTESIAN_POINT ( 'NONE',  ( -0.3810000000000000053, 0.5079999999999998961, -1.066800000000001303 ) ) ;
#1494 = DIRECTION ( 'NONE',  ( -0.000000000000000000, 1.000000000000000000, 1.733406087350420004E-16 ) ) ;
#1495 = VERTEX_POINT ( 'NONE', #3114 ) ;
#1496 = PLANE ( 'NONE',  #2629 ) ;
#1497 = CARTESIAN_POINT ( 'NONE',  ( 2.159000000000000252, 7.239000000000000767, -1.651000000000000023 ) ) ;
#1498 = PLANE ( 'NONE',  #486 ) ;
#1499 = DIRECTION ( 'NONE',  ( 0.000000000000000000, 1.000000000000000000, 1.607907343367028359E-16 ) ) ;
#1500 = ORIENTED_EDGE ( 'NONE', *, *, #1351, .T. ) ;
#1501 = EDGE_CURVE ( 'NONE', #1434, #297, #1238, .T. ) ;
#1502 = VECTOR ( 'NONE', #2334, 1000.000000000000114 ) ;
#1503 = DIRECTION ( 'NONE',  ( -0.000000000000000000, 0.000000000000000000, -1.000000000000000000 ) ) ;
#1504 = ORIENTED_EDGE ( 'NONE', *, *, #615, .F. ) ;
#1505 = ADVANCED_FACE ( 'NONE', ( #2326 ), #3095, .F. ) ;
#1506 = EDGE_LOOP ( 'NONE', ( #3240, #2936, #2948, #285 ) ) ;
#1507 = AXIS2_PLACEMENT_3D ( 'NONE', #1827, #3474, #1037 ) ;
#1508 = DIRECTION ( 'NONE',  ( 0.000000000000000000, -1.607907343367028359E-16, 1.000000000000000000 ) ) ;
#1509 = LINE ( 'NONE', #1248, #897 ) ;
#1510 = EDGE_CURVE ( 'NONE', #1206, #2333, #2062, .T. ) ;
#1511 = VERTEX_POINT ( 'NONE', #379 ) ;
#1512 = EDGE_CURVE ( 'NONE', #1110, #2011, #1771, .T. ) ;
#1513 = FACE_OUTER_BOUND ( 'NONE', #104, .T. ) ;
#1514 = DIRECTION ( 'NONE',  ( 0.000000000000000000, 0.000000000000000000, 1.000000000000000000 ) ) ;
#1515 = FACE_BOUND ( 'NONE', #2758, .T. ) ;
#1516 =( NAMED_UNIT ( * ) SI_UNIT ( $, .STERADIAN. ) SOLID_ANGLE_UNIT ( ) );
#1517 = AXIS2_PLACEMENT_3D ( 'NONE', #376, #2846, #1438 ) ;
#1518 = EDGE_CURVE ( 'NONE', #30, #2009, #2305, .T. ) ;
#1519 = EDGE_LOOP ( 'NONE', ( #2343, #1554, #273, #185 ) ) ;
#1520 = CARTESIAN_POINT ( 'NONE',  ( 4.064000000000000057, 0.000000000000000000, 2.539999999999999147 ) ) ;
#1521 = AXIS2_PLACEMENT_3D ( 'NONE', #112, #3335, #2879 ) ;
#1522 = VECTOR ( 'NONE', #1690, 1000.000000000000000 ) ;
#1523 = MANIFOLD_SOLID_BREP ( 'Chamfer1', #452 ) ;
#1524 = VECTOR ( 'NONE', #963, 1000.000000000000000 ) ;
#1525 = CARTESIAN_POINT ( 'NONE',  ( 3.810000000000000497, 0.000000000000000000, 2.539999999999999147 ) ) ;
#1526 = ORIENTED_EDGE ( 'NONE', *, *, #3017, .F. ) ;
#1527 = AXIS2_PLACEMENT_3D ( 'NONE', #1859, #268, #2158 ) ;
#1528 = MANIFOLD_SOLID_BREP ( 'Boss-Extrude2', #2056 ) ;
#1529 = ORIENTED_EDGE ( 'NONE', *, *, #985, .T. ) ;
#1530 = DIRECTION ( 'NONE',  ( 0.7071067811865467956, -0.7071067811865482389, 0.000000000000000000 ) ) ;
#1531 = CARTESIAN_POINT ( 'NONE',  ( -3.810000000000000053, 0.5080000000000000071, 2.022881810244992806 ) ) ;
#1532 = VERTEX_POINT ( 'NONE', #94 ) ;
#1533 = FACE_OUTER_BOUND ( 'NONE', #2855, .T. ) ;
#1534 = CARTESIAN_POINT ( 'NONE',  ( 3.810000000000000053, 4.336808689942017736E-16, -2.159000000000001140 ) ) ;
#1535 = LINE ( 'NONE', #183, #827 ) ;
#1536 = SURFACE_STYLE_FILL_AREA ( #1567 ) ;
#1537 = ORIENTED_EDGE ( 'NONE', *, *, #1553, .T. ) ;
#1538 = ADVANCED_FACE ( 'NONE', ( #3447 ), #1569, .F. ) ;
#1539 = CARTESIAN_POINT ( 'NONE',  ( -4.064000000000000057, -8.578981026812224210E-17, 2.158999999999999364 ) ) ;
#1540 = FILL_AREA_STYLE ('',( #186 ) ) ;
#1541 = VECTOR ( 'NONE', #1103, 1000.000000000000000 ) ;
#1542 = PLANE ( 'NONE',  #1675 ) ;
#1543 = VERTEX_POINT ( 'NONE', #1023 ) ;
#1544 = VERTEX_POINT ( 'NONE', #748 ) ;
#1545 = CARTESIAN_POINT ( 'NONE',  ( -0.3809999999999998388, 7.239000000000000767, -0.8890000000000001235 ) ) ;
#1546 = DIRECTION ( 'NONE',  ( 0.000000000000000000, 1.607907343367028359E-16, -1.000000000000000000 ) ) ;
#1547 = APPLICATION_CONTEXT ( 'automotive_design' ) ;
#1548 = ORIENTED_EDGE ( 'NONE', *, *, #2922, .F. ) ;
#1549 = CARTESIAN_POINT ( 'NONE',  ( -0.1961031209927686925, -3.200400000000000134, -1.066800000000000415 ) ) ;
#1550 = DIRECTION ( 'NONE',  ( 0.000000000000000000, 2.251701056906096594E-16, 1.000000000000000000 ) ) ;
#1551 = DIRECTION ( 'NONE',  ( 0.000000000000000000, 0.9659258262890701996, 0.2588190451025140226 ) ) ;
#1552 = SURFACE_STYLE_USAGE ( .BOTH. , #1824 ) ;
#1553 = EDGE_CURVE ( 'NONE', #2359, #1715, #2076, .T. ) ;
#1554 = ORIENTED_EDGE ( 'NONE', *, *, #2251, .F. ) ;
#1555 = EDGE_CURVE ( 'NONE', #3283, #3250, #784, .T. ) ;
#1556 = PLANE ( 'NONE',  #1901 ) ;
#1557 = VECTOR ( 'NONE', #80, 1000.000000000000000 ) ;
#1558 = VERTEX_POINT ( 'NONE', #1317 ) ;
#1559 = MECHANICAL_DESIGN_GEOMETRIC_PRESENTATION_REPRESENTATION (  '', ( #2021 ), #2078 ) ;
#1560 = FACE_OUTER_BOUND ( 'NONE', #3478, .T. ) ;
#1561 = ORIENTED_EDGE ( 'NONE', *, *, #1819, .F. ) ;
#1562 = VECTOR ( 'NONE', #2570, 1000.000000000000000 ) ;
#1563 = EDGE_CURVE ( 'NONE', #1056, #2093, #1054, .T. ) ;
#1564 = CARTESIAN_POINT ( 'NONE',  ( 1.270000000000000240, 8.509000000000000341, -2.540000000000001812 ) ) ;
#1565 = DIRECTION ( 'NONE',  ( 0.000000000000000000, -0.9659258262890701996, -0.2588190451025140226 ) ) ;
#1566 = DIRECTION ( 'NONE',  ( 0.000000000000000000, 0.000000000000000000, 1.000000000000000000 ) ) ;
#1567 = FILL_AREA_STYLE ('',( #2662 ) ) ;
#1568 = VERTEX_POINT ( 'NONE', #2944 ) ;
#1569 = PLANE ( 'NONE',  #1507 ) ;
#1570 = EDGE_CURVE ( 'NONE', #1138, #2851, #513, .T. ) ;
#1571 = VECTOR ( 'NONE', #1673, 1000.000000000000000 ) ;
#1572 = ORIENTED_EDGE ( 'NONE', *, *, #309, .F. ) ;
#1573 = VECTOR ( 'NONE', #2284, 999.9999999999998863 ) ;
#1574 = CARTESIAN_POINT ( 'NONE',  ( 0.8255000000000002336, 8.509000000000000341, -2.540000000000001812 ) ) ;
#1575 = EDGE_CURVE ( 'NONE', #1799, #2798, #1806, .T. ) ;
#1576 = VECTOR ( 'NONE', #3310, 1000.000000000000114 ) ;
#1577 = ORIENTED_EDGE ( 'NONE', *, *, #501, .T. ) ;
#1578 = VECTOR ( 'NONE', #1125, 1000.000000000000000 ) ;
#1579 = CARTESIAN_POINT ( 'NONE',  ( -1.269999999999999796, 6.505213034913026604E-16, -2.540000000000000924 ) ) ;
#1580 = ORIENTED_EDGE ( 'NONE', *, *, #3140, .T. ) ;
#1581 = ORIENTED_EDGE ( 'NONE', *, *, #247, .F. ) ;
#1582 = DIRECTION ( 'NONE',  ( 1.000000000000000000, 0.000000000000000000, 0.000000000000000000 ) ) ;
#1583 = CARTESIAN_POINT ( 'NONE',  ( -4.064000000000000057, 8.509000000000000341, 2.540000000000001812 ) ) ;
#1584 = DIRECTION ( 'NONE',  ( 0.5773502691896261751, 0.5773502691896250649, -0.5773502691896260641 ) ) ;
#1585 = SURFACE_STYLE_USAGE ( .BOTH. , #782 ) ;
#1586 = EDGE_LOOP ( 'NONE', ( #1301, #2698, #711, #1529 ) ) ;
#1587 =( NAMED_UNIT ( * ) SI_UNIT ( $, .STERADIAN. ) SOLID_ANGLE_UNIT ( ) );
#1588 = DIRECTION ( 'NONE',  ( 0.000000000000000000, 0.000000000000000000, -1.000000000000000000 ) ) ;
#1589 = ORIENTED_EDGE ( 'NONE', *, *, #2635, .F. ) ;
#1590 = ORIENTED_EDGE ( 'NONE', *, *, #1139, .T. ) ;
#1591 = ORIENTED_EDGE ( 'NONE', *, *, #401, .F. ) ;
#1592 = LINE ( 'NONE', #3234, #1962 ) ;
#1593 = DIRECTION ( 'NONE',  ( 1.000000000000000000, 0.000000000000000000, 0.000000000000000000 ) ) ;
#1594 = DIRECTION ( 'NONE',  ( 0.000000000000000000, 0.000000000000000000, -1.000000000000000000 ) ) ;
#1595 = CARTESIAN_POINT ( 'NONE',  ( -0.1961031209927689145, -3.200400000000000134, 1.473199999999999843 ) ) ;
#1596 = VERTEX_POINT ( 'NONE', #1539 ) ;
#1597 = DIRECTION ( 'NONE',  ( 1.000000000000000000, 0.000000000000000000, -0.000000000000000000 ) ) ;
#1598 = CONTEXT_DEPENDENT_SHAPE_REPRESENTATION ( #1296, #40 ) ;
#1599 = ORIENTED_EDGE ( 'NONE', *, *, #359, .F. ) ;
#1600 = EDGE_CURVE ( 'NONE', #3216, #2011, #2124, .T. ) ;
#1601 = DIRECTION ( 'NONE',  ( 0.000000000000000000, 0.000000000000000000, 1.000000000000000000 ) ) ;
#1602 = FACE_OUTER_BOUND ( 'NONE', #717, .T. ) ;
#1603 = ORIENTED_EDGE ( 'NONE', *, *, #1729, .T. ) ;
#1604 = AXIS2_PLACEMENT_3D ( 'NONE', #1230, #2032, #674 ) ;
#1605 = ADVANCED_FACE ( 'NONE', ( #2616 ), #1271, .F. ) ;
#1606 = VERTEX_POINT ( 'NONE', #1005 ) ;
#1607 = AXIS2_PLACEMENT_3D ( 'NONE', #2010, #1412, #2233 ) ;
#1608 = FACE_OUTER_BOUND ( 'NONE', #1679, .T. ) ;
#1609 = CARTESIAN_POINT ( 'NONE',  ( 2.159000000000000252, 7.239000000000000767, -1.651000000000000023 ) ) ;
#1610 = DIRECTION ( 'NONE',  ( -0.000000000000000000, 1.000000000000000000, 1.733406087350420004E-16 ) ) ;
#1611 = CARTESIAN_POINT ( 'NONE',  ( -1.269999999999999796, 0.000000000000000000, 2.539999999999999147 ) ) ;
#1612 = ADVANCED_FACE ( 'NONE', ( #2094, #2714, #1102 ), #299, .F. ) ;
#1613 = VECTOR ( 'NONE', #2961, 1000.000000000000000 ) ;
#1614 = ADVANCED_FACE ( 'NONE', ( #1928 ), #3491, .F. ) ;
#1615 = ORIENTED_EDGE ( 'NONE', *, *, #1090, .T. ) ;
#1616 =( GEOMETRIC_REPRESENTATION_CONTEXT ( 3 ) GLOBAL_UNCERTAINTY_ASSIGNED_CONTEXT ( ( #1452 ) ) GLOBAL_UNIT_ASSIGNED_CONTEXT ( ( #2647, #173, #3462 ) ) REPRESENTATION_CONTEXT ( 'NONE', 'WORKASPACE' ) );
#1617 = DIRECTION ( 'NONE',  ( -1.000000000000000000, 0.000000000000000000, 0.000000000000000000 ) ) ;
#1618 = APPLICATION_PROTOCOL_DEFINITION ( 'draft international standard', 'automotive_design', 1998, #1184 ) ;
#1619 = FACE_OUTER_BOUND ( 'NONE', #3200, .T. ) ;
#1620 = EDGE_CURVE ( 'NONE', #2410, #3433, #2449, .T. ) ;
#1621 = ADVANCED_FACE ( 'NONE', ( #796 ), #2485, .F. ) ;
#1622 = VERTEX_POINT ( 'NONE', #563 ) ;
#1623 = DIRECTION ( 'NONE',  ( 0.000000000000000000, 0.000000000000000000, -1.000000000000000000 ) ) ;
#1624 = CARTESIAN_POINT ( 'NONE',  ( -0.3809999999999998388, 8.064500000000002444, -1.650999999999999801 ) ) ;
#1625 = EDGE_LOOP ( 'NONE', ( #3467, #1046, #399, #3050, #3290, #1410, #1794, #63 ) ) ;
#1626 = VECTOR ( 'NONE', #2563, 1000.000000000000000 ) ;
#1627 = PRODUCT_DEFINITION_CONTEXT ( 'detailed design', #1184, 'design' ) ;
#1628 = VECTOR ( 'NONE', #1565, 999.9999999999998863 ) ;
#1629 = VECTOR ( 'NONE', #2001, 1000.000000000000000 ) ;
#1630 = ORIENTED_EDGE ( 'NONE', *, *, #1919, .T. ) ;
#1631 = AXIS2_PLACEMENT_3D ( 'NONE', #2439, #3, #517 ) ;
#1632 = CARTESIAN_POINT ( 'NONE',  ( 0.3810000000000000053, 0.5079999999999997851, 1.473200000000000953 ) ) ;
#1633 = UNCERTAINTY_MEASURE_WITH_UNIT (LENGTH_MEASURE( 1.000000000000000082E-05 ), #732, 'distance_accuracy_value', 'NONE');
#1634 = DIRECTION ( 'NONE',  ( 0.000000000000000000, 2.251701056906096594E-16, 1.000000000000000000 ) ) ;
#1635 = LINE ( 'NONE', #781, #1290 ) ;
#1636 = DIRECTION ( 'NONE',  ( -1.000000000000000000, -0.000000000000000000, -0.000000000000000000 ) ) ;
#1637 = STYLED_ITEM ( 'NONE', ( #2586 ), #1638 ) ;
#1638 = ADVANCED_BREP_SHAPE_REPRESENTATION ( '', ( #2656, #1446, #2829 ), #1188 ) ;
#1639 = VERTEX_POINT ( 'NONE', #2693 ) ;
#1640 = SURFACE_STYLE_FILL_AREA ( #2210 ) ;
#1641 = CARTESIAN_POINT ( 'NONE',  ( 0.3809999999999999498, -2.692399999999995241, -1.066800000000000637 ) ) ;
#1642 = CARTESIAN_POINT ( 'NONE',  ( -2.920999999999999819, 7.239000000000000767, 0.8889999999999997904 ) ) ;
#1643 = ORIENTED_EDGE ( 'NONE', *, *, #1575, .T. ) ;
#1644 = LINE ( 'NONE', #1185, #2584 ) ;
#1645 = CARTESIAN_POINT ( 'NONE',  ( 2.666999999999998927, 7.810500000000002885, -1.143000000000000682 ) ) ;
#1646 = ORIENTED_EDGE ( 'NONE', *, *, #203, .F. ) ;
#1647 = ORIENTED_EDGE ( 'NONE', *, *, #92, .F. ) ;
#1648 = PLANE ( 'NONE',  #147 ) ;
#1649 = CARTESIAN_POINT ( 'NONE',  ( 3.810000000000000497, 0.000000000000000000, 0.000000000000000000 ) ) ;
#1650 = CARTESIAN_POINT ( 'NONE',  ( 0.3809999999999989506, 7.239000000000000767, 0.8889999999999997904 ) ) ;
#1651 = ADVANCED_FACE ( 'NONE', ( #2975 ), #3258, .T. ) ;
#1652 = CARTESIAN_POINT ( 'NONE',  ( -0.3809999999999998388, 7.239000000000000767, 0.8889999999999997904 ) ) ;
#1653 = EDGE_LOOP ( 'NONE', ( #270, #1448, #3303, #1022 ) ) ;
#1654 = DIRECTION ( 'NONE',  ( -0.000000000000000000, 1.000000000000000000, 1.733406087350420004E-16 ) ) ;
#1655 = CARTESIAN_POINT ( 'NONE',  ( -3.810000000000000053, 0.000000000000000000, 2.539999999999999147 ) ) ;
#1656 = LINE ( 'NONE', #2174, #2942 ) ;
#1657 = EDGE_CURVE ( 'NONE', #971, #1138, #3032, .T. ) ;
#1658 = ORIENTED_EDGE ( 'NONE', *, *, #2617, .T. ) ;
#1659 = CARTESIAN_POINT ( 'NONE',  ( 0.3810000000000000053, 0.5079999999999997851, 1.473200000000000953 ) ) ;
#1660 = LINE ( 'NONE', #843, #2649 ) ;
#1661 = EDGE_CURVE ( 'NONE', #2103, #2734, #1365, .T. ) ;
#1662 = ORIENTED_EDGE ( 'NONE', *, *, #1085, .F. ) ;
#1663 = ORIENTED_EDGE ( 'NONE', *, *, #1765, .F. ) ;
#1664 = CARTESIAN_POINT ( 'NONE',  ( 3.810000000000000497, 0.000000000000000000, 2.539999999999999147 ) ) ;
#1665 = VERTEX_POINT ( 'NONE', #2748 ) ;
#1666 = CARTESIAN_POINT ( 'NONE',  ( -4.064000000000000057, -8.578981026812224210E-17, 2.158999999999999364 ) ) ;
#1667 = LINE ( 'NONE', #1398, #488 ) ;
#1668 = CARTESIAN_POINT ( 'NONE',  ( -2.920999999999999819, 8.064500000000002444, -1.650999999999999801 ) ) ;
#1669 = CARTESIAN_POINT ( 'NONE',  ( 0.3810000000000000053, 0.5079999999999998961, 1.066800000000001303 ) ) ;
#1670 = VECTOR ( 'NONE', #1494, 1000.000000000000000 ) ;
#1671 = EDGE_CURVE ( 'NONE', #1721, #2852, #54, .T. ) ;
#1672 = VERTEX_POINT ( 'NONE', #582 ) ;
#1673 = DIRECTION ( 'NONE',  ( 0.000000000000000000, 0.000000000000000000, 1.000000000000000000 ) ) ;
#1674 = CARTESIAN_POINT ( 'NONE',  ( -0.3809999999999998388, 7.239000000000000767, 1.650999999999999801 ) ) ;
#1675 = AXIS2_PLACEMENT_3D ( 'NONE', #787, #2618, #2933 ) ;
#1676 = LINE ( 'NONE', #564, #1541 ) ;
#1677 = VECTOR ( 'NONE', #2601, 1000.000000000000000 ) ;
#1678 = EDGE_CURVE ( 'NONE', #1430, #775, #1945, .T. ) ;
#1679 = EDGE_LOOP ( 'NONE', ( #3382, #3286, #1590, #879 ) ) ;
#1680 = PLANE ( 'NONE',  #2360 ) ;
#1681 = ORIENTED_EDGE ( 'NONE', *, *, #1782, .T. ) ;
#1682 = ORIENTED_EDGE ( 'NONE', *, *, #1722, .T. ) ;
#1683 = LINE ( 'NONE', #2759, #1378 ) ;
#1684 = VECTOR ( 'NONE', #894, 1000.000000000000000 ) ;
#1685 = VERTEX_POINT ( 'NONE', #1674 ) ;
#1686 = DIRECTION ( 'NONE',  ( 1.000000000000000000, 0.000000000000000000, -0.000000000000000000 ) ) ;
#1687 = VECTOR ( 'NONE', #375, 1000.000000000000000 ) ;
#1688 = AXIS2_PLACEMENT_3D ( 'NONE', #334, #1194, #1432 ) ;
#1689 = DIRECTION ( 'NONE',  ( 0.000000000000000000, 1.733406087350420004E-16, -1.000000000000000000 ) ) ;
#1690 = DIRECTION ( 'NONE',  ( 0.000000000000000000, 5.691349986800550837E-16, -1.000000000000000000 ) ) ;
#1691 = LINE ( 'NONE', #2014, #584 ) ;
#1692 = VECTOR ( 'NONE', #2853, 1000.000000000000000 ) ;
#1693 = PRODUCT_DEFINITION_SHAPE ( 'NONE', 'NONE',  #363 ) ;
#1694 = DIRECTION ( 'NONE',  ( 0.5773502691896267303, -0.5773502691896233996, -0.5773502691896272854 ) ) ;
#1695 = ORIENTED_EDGE ( 'NONE', *, *, #2251, .T. ) ;
#1696 =( LENGTH_UNIT ( ) NAMED_UNIT ( * ) SI_UNIT ( .MILLI., .METRE. ) );
#1697 = CARTESIAN_POINT ( 'NONE',  ( -1.269999999999999796, -8.578981026812224210E-17, 2.158999999999999364 ) ) ;
#1698 = CARTESIAN_POINT ( 'NONE',  ( -0.3809999999999998388, 8.064500000000002444, -0.8890000000000000124 ) ) ;
#1699 = ORIENTED_EDGE ( 'NONE', *, *, #1563, .F. ) ;
#1700 = DIRECTION ( 'NONE',  ( 0.000000000000000000, -1.000000000000000000, -1.733406087350420004E-16 ) ) ;
#1701 = CARTESIAN_POINT ( 'NONE',  ( 1.270000000000000240, 0.5080000000000000071, 2.022881810244992806 ) ) ;
#1702 = ORIENTED_EDGE ( 'NONE', *, *, #866, .F. ) ;
#1703 = EDGE_LOOP ( 'NONE', ( #2362, #904, #3463, #1373 ) ) ;
#1704 = DIRECTION ( 'NONE',  ( 0.000000000000000000, -1.607907343367028359E-16, 1.000000000000000000 ) ) ;
#1705 = ORIENTED_EDGE ( 'NONE', *, *, #1842, .T. ) ;
#1706 = CARTESIAN_POINT ( 'NONE',  ( 1.270000000000000240, -8.578981026812224210E-17, 2.158999999999999364 ) ) ;
#1707 = DIRECTION ( 'NONE',  ( 0.000000000000000000, 1.607907343367028359E-16, -1.000000000000000000 ) ) ;
#1708 = CARTESIAN_POINT ( 'NONE',  ( 2.159000000000000252, 7.239000000000000767, -0.8890000000000001235 ) ) ;
#1709 = EDGE_CURVE ( 'NONE', #297, #2376, #815, .T. ) ;
#1710 = VERTEX_POINT ( 'NONE', #547 ) ;
#1711 = DIRECTION ( 'NONE',  ( 0.7071067811865454633, -0.7071067811865495711, 0.000000000000000000 ) ) ;
#1712 = CARTESIAN_POINT ( 'NONE',  ( 2.920999999999998931, 7.239000000000000767, -0.8890000000000001235 ) ) ;
#1713 = FACE_OUTER_BOUND ( 'NONE', #2379, .T. ) ;
#1714 = FACE_OUTER_BOUND ( 'NONE', #457, .T. ) ;
#1715 = VERTEX_POINT ( 'NONE', #527 ) ;
#1716 = PRESENTATION_STYLE_ASSIGNMENT (( #3359 ) ) ;
#1717 = CARTESIAN_POINT ( 'NONE',  ( -2.920999999999999819, 7.239000000000000767, 1.650999999999999801 ) ) ;
#1718 = ORIENTED_EDGE ( 'NONE', *, *, #1255, .F. ) ;
#1719 = EDGE_CURVE ( 'NONE', #1606, #3098, #263, .T. ) ;
#1720 = LINE ( 'NONE', #1450, #472 ) ;
#1721 = VERTEX_POINT ( 'NONE', #1119 ) ;
#1722 = EDGE_CURVE ( 'NONE', #3433, #1196, #2211, .T. ) ;
#1723 = DIRECTION ( 'NONE',  ( -1.000000000000000000, -0.000000000000000000, -0.000000000000000000 ) ) ;
#1724 = DIRECTION ( 'NONE',  ( 0.000000000000000000, 0.000000000000000000, -1.000000000000000000 ) ) ;
#1725 = CARTESIAN_POINT ( 'NONE',  ( -2.159000000000001140, 7.239000000000000767, -0.8890000000000001235 ) ) ;
#1726 = ORIENTED_EDGE ( 'NONE', *, *, #1518, .T. ) ;
#1727 = LINE ( 'NONE', #2037, #1010 ) ;
#1728 = LINE ( 'NONE', #2038, #3039 ) ;
#1729 = EDGE_CURVE ( 'NONE', #220, #1685, #2157, .T. ) ;
#1730 = CARTESIAN_POINT ( 'NONE',  ( 2.920999999999998931, 8.064499999999998892, 1.650999999999999801 ) ) ;
#1731 = VECTOR ( 'NONE', #1741, 1000.000000000000000 ) ;
#1732 = CARTESIAN_POINT ( 'NONE',  ( -0.1269999999999986418, 7.810500000000001997, -1.396999999999998465 ) ) ;
#1733 = EDGE_CURVE ( 'NONE', #2653, #172, #870, .T. ) ;
#1734 = AXIS2_PLACEMENT_3D ( 'NONE', #2727, #50, #2446 ) ;
#1735 = ORIENTED_EDGE ( 'NONE', *, *, #2436, .F. ) ;
#1736 = CARTESIAN_POINT ( 'NONE',  ( 0.8255000000000020099, 8.509000000000000341, -2.540000000000001812 ) ) ;
#1737 = EDGE_CURVE ( 'NONE', #1189, #1089, #3009, .T. ) ;
#1738 = VECTOR ( 'NONE', #2837, 1000.000000000000000 ) ;
#1739 = VERTEX_POINT ( 'NONE', #2416 ) ;
#1740 = PRODUCT_DEFINITION_CONTEXT ( 'detailed design', #1547, 'design' ) ;
#1741 = DIRECTION ( 'NONE',  ( -0.000000000000000000, -0.000000000000000000, 1.000000000000000000 ) ) ;
#1742 = ORIENTED_EDGE ( 'NONE', *, *, #1127, .T. ) ;
#1743 = CARTESIAN_POINT ( 'NONE',  ( -4.064000000000000057, 0.5080000000000006732, -2.022881810244994583 ) ) ;
#1744 = CARTESIAN_POINT ( 'NONE',  ( 0.3810000000000000053, 0.5079999999999998961, -1.066800000000001303 ) ) ;
#1745 = DIRECTION ( 'NONE',  ( -0.7071067811865467956, -0.7071067811865482389, 0.000000000000000000 ) ) ;
#1746 = ORIENTED_EDGE ( 'NONE', *, *, #288, .F. ) ;
#1747 = AXIS2_PLACEMENT_3D ( 'NONE', #49, #1922, #1870 ) ;
#1748 = CARTESIAN_POINT ( 'NONE',  ( -3.810000000000000053, -8.578981026812224210E-17, 2.158999999999999364 ) ) ;
#1749 = CARTESIAN_POINT ( 'NONE',  ( 1.270000000000000240, 0.5080000000000006732, -2.022881810244994583 ) ) ;
#1750 = LINE ( 'NONE', #2791, #1175 ) ;
#1751 = FACE_OUTER_BOUND ( 'NONE', #495, .T. ) ;
#1752 = VECTOR ( 'NONE', #3458, 1000.000000000000000 ) ;
#1753 = VECTOR ( 'NONE', #2983, 1000.000000000000000 ) ;
#1754 = EDGE_LOOP ( 'NONE', ( #1978, #746, #1663, #81 ) ) ;
#1755 = EDGE_CURVE ( 'NONE', #1852, #155, #1888, .T. ) ;
#1756 = DIRECTION ( 'NONE',  ( -0.000000000000000000, 0.000000000000000000, 1.000000000000000000 ) ) ;
#1757 = ORIENTED_EDGE ( 'NONE', *, *, #2084, .T. ) ;
#1758 = CARTESIAN_POINT ( 'NONE',  ( -0.3810000000000000053, -2.692399999999994797, -1.066800000000000637 ) ) ;
#1759 = ORIENTED_EDGE ( 'NONE', *, *, #1553, .F. ) ;
#1760 = EDGE_LOOP ( 'NONE', ( #131, #2265, #2081, #2874 ) ) ;
#1761 = DIRECTION ( 'NONE',  ( 0.000000000000000000, 0.000000000000000000, -1.000000000000000000 ) ) ;
#1762 = FACE_OUTER_BOUND ( 'NONE', #348, .T. ) ;
#1763 = DIRECTION ( 'NONE',  ( 1.000000000000000000, 0.000000000000000000, 0.000000000000000000 ) ) ;
#1764 = ORIENTED_EDGE ( 'NONE', *, *, #203, .T. ) ;
#1765 = EDGE_CURVE ( 'NONE', #2249, #2151, #660, .T. ) ;
#1766 = LINE ( 'NONE', #336, #667 ) ;
#1767 = DIRECTION ( 'NONE',  ( -0.000000000000000000, 1.000000000000000000, 1.733406087350420004E-16 ) ) ;
#1768 = DIRECTION ( 'NONE',  ( 0.000000000000000000, 0.000000000000000000, 1.000000000000000000 ) ) ;
#1769 = CARTESIAN_POINT ( 'NONE',  ( 3.810000000000000497, 6.505213034913026604E-16, -2.540000000000000924 ) ) ;
#1770 = ORIENTED_EDGE ( 'NONE', *, *, #2004, .T. ) ;
#1771 = LINE ( 'NONE', #2833, #430 ) ;
#1772 = EDGE_CURVE ( 'NONE', #1710, #1606, #2003, .T. ) ;
#1773 = CARTESIAN_POINT ( 'NONE',  ( -1.269999999999999796, 0.5080000000000006732, -2.022881810244994583 ) ) ;
#1774 = PRODUCT_DEFINITION_CONTEXT ( 'detailed design', #2340, 'design' ) ;
#1775 = EDGE_CURVE ( 'NONE', #783, #3300, #113, .T. ) ;
#1776 = ORIENTED_EDGE ( 'NONE', *, *, #2873, .F. ) ;
#1777 = ORIENTED_EDGE ( 'NONE', *, *, #1555, .T. ) ;
#1778 = CARTESIAN_POINT ( 'NONE',  ( -3.810000000000000053, 6.505213034913026604E-16, -2.540000000000000924 ) ) ;
#1779 = CARTESIAN_POINT ( 'NONE',  ( 0.8255000000000020099, 8.509000000000000341, 2.095500000000002139 ) ) ;
#1780 = LINE ( 'NONE', #2255, #3079 ) ;
#1781 = VERTEX_POINT ( 'NONE', #3053 ) ;
#1782 = EDGE_CURVE ( 'NONE', #2824, #2921, #2322, .T. ) ;
#1783 = CARTESIAN_POINT ( 'NONE',  ( -2.159000000000001140, 7.239000000000000767, -0.8890000000000001235 ) ) ;
#1784 = CARTESIAN_POINT ( 'NONE',  ( -0.3810000000000000053, 0.5079999999999997851, -1.473200000000000953 ) ) ;
#1785 = LINE ( 'NONE', #3410, #322 ) ;
#1786 = DIRECTION ( 'NONE',  ( 0.000000000000000000, 3.058038798877906014E-16, -1.000000000000000000 ) ) ;
#1787 = EDGE_CURVE ( 'NONE', #478, #1710, #2580, .T. ) ;
#1788 = ORIENTED_EDGE ( 'NONE', *, *, #2692, .F. ) ;
#1789 = PLANE ( 'NONE',  #2745 ) ;
#1790 = VECTOR ( 'NONE', #2555, 1000.000000000000000 ) ;
#1791 = CARTESIAN_POINT ( 'NONE',  ( -1.269999999999999796, 0.5080000000000006732, -2.022881810244994583 ) ) ;
#1792 = ORIENTED_EDGE ( 'NONE', *, *, #2102, .T. ) ;
#1793 = AXIS2_PLACEMENT_3D ( 'NONE', #58, #3013, #1623 ) ;
#1794 = ORIENTED_EDGE ( 'NONE', *, *, #1563, .T. ) ;
#1795 = VECTOR ( 'NONE', #2863, 1000.000000000000000 ) ;
#1796 = CARTESIAN_POINT ( 'NONE',  ( 4.064000000000000057, 8.509000000000000341, -2.540000000000001812 ) ) ;
#1797 = CARTESIAN_POINT ( 'NONE',  ( -2.159000000000001140, 8.064500000000002444, -0.8890000000000001235 ) ) ;
#1798 = APPLICATION_CONTEXT ( 'automotive_design' ) ;
#1799 = VERTEX_POINT ( 'NONE', #3336 ) ;
#1800 = CARTESIAN_POINT ( 'NONE',  ( 2.920999999999998931, 7.239000000000000767, -1.651000000000000023 ) ) ;
#1801 = CARTESIAN_POINT ( 'NONE',  ( 1.270000000000000240, 0.000000000000000000, 0.000000000000000000 ) ) ;
#1802 = CARTESIAN_POINT ( 'NONE',  ( 3.810000000000000497, 8.509000000000000341, -2.540000000000001812 ) ) ;
#1803 = FACE_OUTER_BOUND ( 'NONE', #2069, .T. ) ;
#1804 = VECTOR ( 'NONE', #2547, 1000.000000000000000 ) ;
#1805 = ORIENTED_EDGE ( 'NONE', *, *, #1470, .T. ) ;
#1806 = LINE ( 'NONE', #2885, #152 ) ;
#1807 = AXIS2_PLACEMENT_3D ( 'NONE', #2924, #2626, #1299 ) ;
#1808 = SURFACE_STYLE_USAGE ( .BOTH. , #697 ) ;
#1809 = VECTOR ( 'NONE', #978, 1000.000000000000000 ) ;
#1810 = VECTOR ( 'NONE', #2574, 1000.000000000000000 ) ;
#1811 = DIRECTION ( 'NONE',  ( 0.000000000000000000, -0.000000000000000000, 1.000000000000000000 ) ) ;
#1812 = SHAPE_REPRESENTATION ( 'NPPC202LFBN-RC_C03', ( #2829 ), #727 ) ;
#1813 = EDGE_LOOP ( 'NONE', ( #2303, #3432, #1964, #1388 ) ) ;
#1814 = VECTOR ( 'NONE', #1426, 1000.000000000000000 ) ;
#1815 = EDGE_LOOP ( 'NONE', ( #2156, #68, #1044, #1988 ) ) ;
#1816 = UNCERTAINTY_MEASURE_WITH_UNIT (LENGTH_MEASURE( 1.000000000000000082E-05 ), #2567, 'distance_accuracy_value', 'NONE');
#1817 = LINE ( 'NONE', #1088, #2098 ) ;
#1818 = CARTESIAN_POINT ( 'NONE',  ( 3.365500000000002156, 8.509000000000000341, 0.4444999999999970086 ) ) ;
#1819 = EDGE_CURVE ( 'NONE', #691, #2892, #1750, .T. ) ;
#1820 = ORIENTED_EDGE ( 'NONE', *, *, #1357, .T. ) ;
#1821 = CARTESIAN_POINT ( 'NONE',  ( -0.1961031209927689145, -3.200400000000000134, -1.473199999999999843 ) ) ;
#1822 = LINE ( 'NONE', #3218, #1752 ) ;
#1823 = CARTESIAN_POINT ( 'NONE',  ( -1.269999999999999796, 6.505213034913026604E-16, -2.540000000000000924 ) ) ;
#1824 = SURFACE_SIDE_STYLE ('',( #1536 ) ) ;
#1825 = EDGE_CURVE ( 'NONE', #2608, #1017, #1234, .T. ) ;
#1826 = ORIENTED_EDGE ( 'NONE', *, *, #1842, .F. ) ;
#1827 = CARTESIAN_POINT ( 'NONE',  ( 1.270000000000000240, 6.505213034913026604E-16, -2.540000000000000924 ) ) ;
#1828 = FACE_OUTER_BOUND ( 'NONE', #2658, .T. ) ;
#1829 = EDGE_CURVE ( 'NONE', #607, #2684, #1421, .T. ) ;
#1830 = VERTEX_POINT ( 'NONE', #3111 ) ;
#1831 = DIRECTION ( 'NONE',  ( -0.5773502691896266192, 0.5773502691896232886, -0.5773502691896275074 ) ) ;
#1832 = DIRECTION ( 'NONE',  ( 0.000000000000000000, 0.000000000000000000, 1.000000000000000000 ) ) ;
#1833 = EDGE_LOOP ( 'NONE', ( #575, #3352, #2083, #762 ) ) ;
#1834 = ADVANCED_FACE ( 'NONE', ( #1160 ), #2059, .F. ) ;
#1835 = LINE ( 'NONE', #756, #2240 ) ;
#1836 = CARTESIAN_POINT ( 'NONE',  ( -2.920999999999999819, 7.239000000000000767, 1.650999999999999801 ) ) ;
#1837 = CARTESIAN_POINT ( 'NONE',  ( -2.159000000000001140, 8.064499999999998892, 1.650999999999999801 ) ) ;
#1838 = CARTESIAN_POINT ( 'NONE',  ( -4.064000000000000057, 0.5080000000000006732, -2.022881810244994583 ) ) ;
#1839 = EDGE_CURVE ( 'NONE', #1511, #1249, #1482, .T. ) ;
#1840 = ORIENTED_EDGE ( 'NONE', *, *, #349, .T. ) ;
#1841 = DIRECTION ( 'NONE',  ( 0.000000000000000000, -1.000000000000000000, -3.058038798877906014E-16 ) ) ;
#1842 = EDGE_CURVE ( 'NONE', #2721, #2589, #2244, .T. ) ;
#1843 = PRODUCT_CONTEXT ( 'NONE', #267, 'mechanical' ) ;
#1844 = CARTESIAN_POINT ( 'NONE',  ( -2.920999999999999819, 7.239000000000000767, 1.650999999999999801 ) ) ;
#1845 = EDGE_CURVE ( 'NONE', #1495, #3149, #3317, .T. ) ;
#1846 = VECTOR ( 'NONE', #2170, 1000.000000000000000 ) ;
#1847 = ORIENTED_EDGE ( 'NONE', *, *, #157, .F. ) ;
#1848 = PRESENTATION_LAYER_ASSIGNMENT (  '', '', ( #2805 ) ) ;
#1849 = DIRECTION ( 'NONE',  ( 0.7071067811865454633, -0.7071067811865495711, 0.000000000000000000 ) ) ;
#1850 = EDGE_LOOP ( 'NONE', ( #2848, #2490, #1202, #2175 ) ) ;
#1851 = AXIS2_PLACEMENT_3D ( 'NONE', #1791, #1153, #1972 ) ;
#1852 = VERTEX_POINT ( 'NONE', #1984 ) ;
#1853 = CARTESIAN_POINT ( 'NONE',  ( 4.064000000000000057, -8.578981026812224210E-17, 2.158999999999999364 ) ) ;
#1854 = DIRECTION ( 'NONE',  ( 0.000000000000000000, 0.000000000000000000, 1.000000000000000000 ) ) ;
#1855 = DIRECTION ( 'NONE',  ( 0.000000000000000000, -1.000000000000000000, 1.019346266292635338E-16 ) ) ;
#1856 = PRESENTATION_STYLE_ASSIGNMENT (( #1552 ) ) ;
#1857 = ORIENTED_EDGE ( 'NONE', *, *, #820, .T. ) ;
#1858 = DIRECTION ( 'NONE',  ( -0.5773502691896263972, -0.5773502691896253980, -0.5773502691896253980 ) ) ;
#1859 = CARTESIAN_POINT ( 'NONE',  ( 0.000000000000000000, 0.000000000000000000, 0.000000000000000000 ) ) ;
#1860 = AXIS2_PLACEMENT_3D ( 'NONE', #2809, #2845, #395 ) ;
#1861 = VECTOR ( 'NONE', #1283, 1000.000000000000000 ) ;
#1862 = FACE_OUTER_BOUND ( 'NONE', #1881, .T. ) ;
#1863 = VECTOR ( 'NONE', #2611, 1000.000000000000000 ) ;
#1864 = ORIENTED_EDGE ( 'NONE', *, *, #765, .F. ) ;
#1865 = CARTESIAN_POINT ( 'NONE',  ( 4.064000000000000057, 0.000000000000000000, 2.539999999999999147 ) ) ;
#1866 = EDGE_LOOP ( 'NONE', ( #1130, #2442, #534, #2949 ) ) ;
#1867 = ORIENTED_EDGE ( 'NONE', *, *, #2143, .T. ) ;
#1868 = FACE_OUTER_BOUND ( 'NONE', #2516, .T. ) ;
#1869 = CARTESIAN_POINT ( 'NONE',  ( 3.365500000000000380, 8.509000000000000341, -0.4444999999999983409 ) ) ;
#1870 = DIRECTION ( 'NONE',  ( 0.000000000000000000, -1.607907343367028359E-16, 1.000000000000000000 ) ) ;
#1871 = FACE_OUTER_BOUND ( 'NONE', #2572, .T. ) ;
#1872 = EDGE_CURVE ( 'NONE', #754, #3139, #640, .T. ) ;
#1873 = ORIENTED_EDGE ( 'NONE', *, *, #1250, .F. ) ;
#1874 = ITEM_DEFINED_TRANSFORMATION ( 'NONE', 'NONE', #2763,  #2829 ) ;
#1875 = LINE ( 'NONE', #583, #3221 ) ;
#1876 = ADVANCED_FACE ( 'NONE', ( #1713 ), #2525, .F. ) ;
#1877 = CARTESIAN_POINT ( 'NONE',  ( 0.000000000000000000, 7.239000000000000767, -2.201425730935033664E-16 ) ) ;
#1878 = VERTEX_POINT ( 'NONE', #1178 ) ;
#1879 = ADVANCED_FACE ( 'NONE', ( #912 ), #3070, .F. ) ;
#1880 = EDGE_CURVE ( 'NONE', #852, #860, #3372, .T. ) ;
#1881 = EDGE_LOOP ( 'NONE', ( #3163, #2406, #681, #561 ) ) ;
#1882 = LINE ( 'NONE', #1920, #3475 ) ;
#1883 = LINE ( 'NONE', #521, #1863 ) ;
#1884 = LINE ( 'NONE', #522, #1397 ) ;
#1885 = LINE ( 'NONE', #2690, #1099 ) ;
#1886 = ADVANCED_FACE ( 'NONE', ( #413 ), #1498, .F. ) ;
#1887 = ORIENTED_EDGE ( 'NONE', *, *, #2692, .T. ) ;
#1888 = LINE ( 'NONE', #601, #3437 ) ;
#1889 = DIRECTION ( 'NONE',  ( 1.000000000000000000, 0.000000000000000000, 0.000000000000000000 ) ) ;
#1890 = EDGE_LOOP ( 'NONE', ( #790, #1286, #2140, #1993, #3171, #2441 ) ) ;
#1891 = CARTESIAN_POINT ( 'NONE',  ( -0.3809999999999998388, 7.239000000000000767, -1.651000000000000023 ) ) ;
#1892 = DIRECTION ( 'NONE',  ( 0.000000000000000000, 0.000000000000000000, 1.000000000000000000 ) ) ;
#1893 = ORIENTED_EDGE ( 'NONE', *, *, #1186, .T. ) ;
#1894 = AXIS2_PLACEMENT_3D ( 'NONE', #1725, #1763, #635 ) ;
#1895 = VERTEX_POINT ( 'NONE', #198 ) ;
#1896 = VECTOR ( 'NONE', #1462, 1000.000000000000000 ) ;
#1897 = DIRECTION ( 'NONE',  ( 0.000000000000000000, -5.691349986800550837E-16, 1.000000000000000000 ) ) ;
#1898 = CARTESIAN_POINT ( 'NONE',  ( 0.1269999999999986418, 7.810500000000002885, -1.143000000000000682 ) ) ;
#1899 = DIRECTION ( 'NONE',  ( -0.5773502691896263972, -0.5773502691896253980, -0.5773502691896253980 ) ) ;
#1900 = CARTESIAN_POINT ( 'NONE',  ( 1.270000000000000240, 0.000000000000000000, 2.539999999999999147 ) ) ;
#1901 = AXIS2_PLACEMENT_3D ( 'NONE', #2667, #3450, #205 ) ;
#1902 = ADVANCED_FACE ( 'NONE', ( #3187 ), #3443, .F. ) ;
#1903 = EDGE_LOOP ( 'NONE', ( #2624, #2087, #3452, #2352 ) ) ;
#1904 = PRESENTATION_LAYER_ASSIGNMENT (  '', '', ( #3429 ) ) ;
#1905 = SURFACE_SIDE_STYLE ('',( #3008 ) ) ;
#1906 = DIRECTION ( 'NONE',  ( 0.000000000000000000, -1.000000000000000000, 1.019346266292635461E-16 ) ) ;
#1907 = DIRECTION ( 'NONE',  ( 1.000000000000000000, 0.000000000000000000, 0.000000000000000000 ) ) ;
#1908 = LINE ( 'NONE', #1946, #3269 ) ;
#1909 = EDGE_LOOP ( 'NONE', ( #210, #420, #951, #324 ) ) ;
#1910 = DIRECTION ( 'NONE',  ( 0.000000000000000000, -1.000000000000000000, 2.338910953479677683E-16 ) ) ;
#1911 = CARTESIAN_POINT ( 'NONE',  ( 0.3809999999999989506, 7.239000000000000767, -0.8890000000000001235 ) ) ;
#1912 = ORIENTED_EDGE ( 'NONE', *, *, #2165, .T. ) ;
#1913 = VECTOR ( 'NONE', #2880, 1000.000000000000000 ) ;
#1914 = EDGE_CURVE ( 'NONE', #2093, #2290, #475, .T. ) ;
#1915 = VECTOR ( 'NONE', #3278, 1000.000000000000000 ) ;
#1916 = VECTOR ( 'NONE', #672, 1000.000000000000000 ) ;
#1917 = ORIENTED_EDGE ( 'NONE', *, *, #3456, .T. ) ;
#1918 = VECTOR ( 'NONE', #801, 1000.000000000000000 ) ;
#1919 = EDGE_CURVE ( 'NONE', #2959, #378, #461, .T. ) ;
#1920 = CARTESIAN_POINT ( 'NONE',  ( -2.920999999999999819, 8.064500000000002444, -0.8890000000000000124 ) ) ;
#1921 = CARTESIAN_POINT ( 'NONE',  ( -1.269999999999999796, 8.509000000000000341, 2.540000000000001812 ) ) ;
#1922 = DIRECTION ( 'NONE',  ( -0.000000000000000000, 1.000000000000000000, 1.607907343367028359E-16 ) ) ;
#1923 = FACE_OUTER_BOUND ( 'NONE', #1813, .T. ) ;
#1924 = STYLED_ITEM ( 'NONE', ( #3413 ), #565 ) ;
#1925 = ORIENTED_EDGE ( 'NONE', *, *, #637, .T. ) ;
#1926 = LINE ( 'NONE', #1712, #1058 ) ;
#1927 = EDGE_CURVE ( 'NONE', #2902, #971, #3125, .T. ) ;
#1928 = FACE_OUTER_BOUND ( 'NONE', #610, .T. ) ;
#1929 = FACE_OUTER_BOUND ( 'NONE', #1909, .T. ) ;
#1930 = ORIENTED_EDGE ( 'NONE', *, *, #2915, .F. ) ;
#1931 = DIRECTION ( 'NONE',  ( 0.000000000000000000, 1.733406087350420004E-16, -1.000000000000000000 ) ) ;
#1932 = DIRECTION ( 'NONE',  ( -0.3420201433256661594, 0.9396926207859093161, 2.197857363660188051E-16 ) ) ;
#1933 = ORIENTED_EDGE ( 'NONE', *, *, #2440, .F. ) ;
#1934 = ORIENTED_EDGE ( 'NONE', *, *, #3400, .T. ) ;
#1935 = DIRECTION ( 'NONE',  ( 0.000000000000000000, 0.000000000000000000, -1.000000000000000000 ) ) ;
#1936 = EDGE_CURVE ( 'NONE', #1052, #3121, #3459, .T. ) ;
#1937 = ORIENTED_EDGE ( 'NONE', *, *, #1995, .T. ) ;
#1938 = CARTESIAN_POINT ( 'NONE',  ( -3.810000000000000053, 8.509000000000000341, -2.540000000000001812 ) ) ;
#1939 = LINE ( 'NONE', #1133, #1401 ) ;
#1940 = CARTESIAN_POINT ( 'NONE',  ( 0.1269999999999990858, 7.810499999999998444, 1.397000000000000464 ) ) ;
#1941 = LINE ( 'NONE', #1595, #301 ) ;
#1942 = EDGE_CURVE ( 'NONE', #2103, #3139, #446, .T. ) ;
#1943 = VERTEX_POINT ( 'NONE', #1314 ) ;
#1944 = SURFACE_SIDE_STYLE ('',( #1640 ) ) ;
#1945 = LINE ( 'NONE', #836, #158 ) ;
#1946 = CARTESIAN_POINT ( 'NONE',  ( 0.3809999999999989506, 7.239000000000000767, 1.650999999999999801 ) ) ;
#1947 = EDGE_CURVE ( 'NONE', #2011, #3107, #492, .T. ) ;
#1948 = ORIENTED_EDGE ( 'NONE', *, *, #2834, .F. ) ;
#1949 = PLANE ( 'NONE',  #652 ) ;
#1950 = VERTEX_POINT ( 'NONE', #983 ) ;
#1951 = ORIENTED_EDGE ( 'NONE', *, *, #453, .T. ) ;
#1952 = CARTESIAN_POINT ( 'NONE',  ( 2.920999999999998931, 7.239000000000000767, 1.650999999999999801 ) ) ;
#1953 = ORIENTED_EDGE ( 'NONE', *, *, #990, .F. ) ;
#1954 = DIRECTION ( 'NONE',  ( -0.5773502691896261751, 0.5773502691896250649, -0.5773502691896260641 ) ) ;
#1955 = PLANE ( 'NONE',  #2041 ) ;
#1956 = CARTESIAN_POINT ( 'NONE',  ( -4.064000000000000057, 0.5080000000000000071, 2.022881810244992806 ) ) ;
#1957 = LINE ( 'NONE', #3351, #2128 ) ;
#1958 = VECTOR ( 'NONE', #851, 1000.000000000000000 ) ;
#1959 = DIRECTION ( 'NONE',  ( -0.000000000000000000, 1.000000000000000000, 2.338910953479677683E-16 ) ) ;
#1960 = ORIENTED_EDGE ( 'NONE', *, *, #1190, .F. ) ;
#1961 = CARTESIAN_POINT ( 'NONE',  ( 2.666999999999998927, 7.810499999999998444, 1.143000000000000238 ) ) ;
#1962 = VECTOR ( 'NONE', #3217, 1000.000000000000000 ) ;
#1963 = CARTESIAN_POINT ( 'NONE',  ( -2.920999999999999819, 8.064499999999998892, 1.651000000000000023 ) ) ;
#1964 = ORIENTED_EDGE ( 'NONE', *, *, #1719, .F. ) ;
#1965 = CARTESIAN_POINT ( 'NONE',  ( -2.920999999999999819, 7.239000000000000767, -0.8890000000000001235 ) ) ;
#1966 = DIRECTION ( 'NONE',  ( 0.000000000000000000, -0.9659258262890700886, 0.2588190451025140781 ) ) ;
#1967 = ORIENTED_EDGE ( 'NONE', *, *, #2864, .F. ) ;
#1968 = VERTEX_POINT ( 'NONE', #2858 ) ;
#1969 = CARTESIAN_POINT ( 'NONE',  ( -4.064000000000000057, 0.5080000000000006732, -2.022881810244994583 ) ) ;
#1970 = VECTOR ( 'NONE', #2504, 1000.000000000000000 ) ;
#1971 = ORIENTED_EDGE ( 'NONE', *, *, #2405, .F. ) ;
#1972 = DIRECTION ( 'NONE',  ( 0.000000000000000000, 0.9659258262890701996, 0.2588190451025140226 ) ) ;
#1973 = VECTOR ( 'NONE', #2137, 1000.000000000000000 ) ;
#1974 = AXIS2_PLACEMENT_3D ( 'NONE', #143, #456, #724 ) ;
#1975 = CARTESIAN_POINT ( 'NONE',  ( 2.159000000000000252, 8.064500000000002444, -0.8890000000000000124 ) ) ;
#1976 = CARTESIAN_POINT ( 'NONE',  ( -0.3810000000000000053, 0.000000000000000000, 0.000000000000000000 ) ) ;
#1977 = LINE ( 'NONE', #2520, #1439 ) ;
#1978 = ORIENTED_EDGE ( 'NONE', *, *, #866, .T. ) ;
#1979 = VECTOR ( 'NONE', #2185, 999.9999999999998863 ) ;
#1980 =( REPRESENTATION_RELATIONSHIP ('NONE','NONE', #3138, #2663 ) REPRESENTATION_RELATIONSHIP_WITH_TRANSFORMATION ( #229 )SHAPE_REPRESENTATION_RELATIONSHIP( ) );
#1981 = PRODUCT_DEFINITION_SHAPE ( 'NONE', 'NONE',  #3511 ) ;
#1982 = DIRECTION ( 'NONE',  ( -1.000000000000000000, 0.000000000000000000, 0.000000000000000000 ) ) ;
#1983 = CARTESIAN_POINT ( 'NONE',  ( 0.3810000000000000053, -3.200400000000000134, 1.473199999999999843 ) ) ;
#1984 = CARTESIAN_POINT ( 'NONE',  ( 1.270000000000000240, 6.505213034913026604E-16, -2.540000000000000924 ) ) ;
#1985 =( GEOMETRIC_REPRESENTATION_CONTEXT ( 3 ) GLOBAL_UNCERTAINTY_ASSIGNED_CONTEXT ( ( #1816 ) ) GLOBAL_UNIT_ASSIGNED_CONTEXT ( ( #2567, #133, #2886 ) ) REPRESENTATION_CONTEXT ( 'NONE', 'WORKASPACE' ) );
#1986 = PLANE ( 'NONE',  #3424 ) ;
#1987 = ADVANCED_FACE ( 'NONE', ( #2369 ), #731, .F. ) ;
#1988 = ORIENTED_EDGE ( 'NONE', *, *, #753, .F. ) ;
#1989 = DIRECTION ( 'NONE',  ( 0.000000000000000000, -2.338910953479677683E-16, 1.000000000000000000 ) ) ;
#1990 = ORIENTED_EDGE ( 'NONE', *, *, #877, .F. ) ;
#1991 = EDGE_CURVE ( 'NONE', #2135, #220, #745, .T. ) ;
#1992 = CARTESIAN_POINT ( 'NONE',  ( -4.064000000000000057, 6.505213034913026604E-16, -2.540000000000000924 ) ) ;
#1993 = ORIENTED_EDGE ( 'NONE', *, *, #567, .F. ) ;
#1994 = ADVANCED_FACE ( 'NONE', ( #2908 ), #2350, .F. ) ;
#1995 = EDGE_CURVE ( 'NONE', #3107, #3117, #1785, .T. ) ;
#1996 = DIRECTION ( 'NONE',  ( 0.000000000000000000, 0.000000000000000000, -1.000000000000000000 ) ) ;
#1997 = DIRECTION ( 'NONE',  ( 0.000000000000000000, 1.000000000000000000, -2.338910953479677683E-16 ) ) ;
#1998 = CARTESIAN_POINT ( 'NONE',  ( -1.269999999999999796, 8.509000000000000341, -2.540000000000001812 ) ) ;
#1999 = ORIENTED_EDGE ( 'NONE', *, *, #3184, .F. ) ;
#2000 = ADVANCED_FACE ( 'NONE', ( #1515, #3423, #2641 ), #1300, .F. ) ;
#2001 = DIRECTION ( 'NONE',  ( 0.000000000000000000, 0.9659258262890700886, -0.2588190451025140781 ) ) ;
#2002 = CARTESIAN_POINT ( 'NONE',  ( -0.3810000000000000053, 0.5079999999999998961, -1.066800000000001303 ) ) ;
#2003 = LINE ( 'NONE', #2018, #434 ) ;
#2004 = EDGE_CURVE ( 'NONE', #3149, #2400, #1253, .T. ) ;
#2005 = CARTESIAN_POINT ( 'NONE',  ( 2.159000000000000252, 7.239000000000000767, -0.8890000000000001235 ) ) ;
#2006 = EDGE_LOOP ( 'NONE', ( #2254, #500, #544, #1126 ) ) ;
#2007 =( NAMED_UNIT ( * ) PLANE_ANGLE_UNIT ( ) SI_UNIT ( $, .RADIAN. ) );
#2008 = LINE ( 'NONE', #570, #3108 ) ;
#2009 = VERTEX_POINT ( 'NONE', #3143 ) ;
#2010 = CARTESIAN_POINT ( 'NONE',  ( 2.159000000000000252, 8.064500000000002444, -0.8890000000000000124 ) ) ;
#2011 = VERTEX_POINT ( 'NONE', #708 ) ;
#2012 = CARTESIAN_POINT ( 'NONE',  ( 0.3809999999999989506, 7.239000000000000767, 1.650999999999999801 ) ) ;
#2013 = CARTESIAN_POINT ( 'NONE',  ( 0.3810000000000000053, -2.692399999999994797, -1.473200000000000065 ) ) ;
#2014 = CARTESIAN_POINT ( 'NONE',  ( 0.3809999999999998388, -2.692399999999995241, -1.473200000000000065 ) ) ;
#2015 = ORIENTED_EDGE ( 'NONE', *, *, #2666, .T. ) ;
#2016 = DIRECTION ( 'NONE',  ( -0.000000000000000000, 0.000000000000000000, 1.000000000000000000 ) ) ;
#2017 = CARTESIAN_POINT ( 'NONE',  ( -0.3809999999999998388, 8.064500000000002444, -1.650999999999999801 ) ) ;
#2018 = CARTESIAN_POINT ( 'NONE',  ( -1.269999999999999796, 8.509000000000000341, 2.540000000000001812 ) ) ;
#2019 = VECTOR ( 'NONE', #1935, 1000.000000000000000 ) ;
#2020 = CARTESIAN_POINT ( 'NONE',  ( 3.810000000000000497, 0.5080000000000000071, 2.022881810244992806 ) ) ;
#2021 = STYLED_ITEM ( 'NONE', ( #1856 ), #253 ) ;
#2022 = ORIENTED_EDGE ( 'NONE', *, *, #615, .T. ) ;
#2023 = PLANE ( 'NONE',  #1053 ) ;
#2024 =( NAMED_UNIT ( * ) PLANE_ANGLE_UNIT ( ) SI_UNIT ( $, .RADIAN. ) );
#2025 = VECTOR ( 'NONE', #3024, 1000.000000000000000 ) ;
#2026 = VERTEX_POINT ( 'NONE', #1802 ) ;
#2027 = ORIENTED_EDGE ( 'NONE', *, *, #2898, .F. ) ;
#2028 = EDGE_CURVE ( 'NONE', #2678, #469, #1535, .T. ) ;
#2029 = ORIENTED_EDGE ( 'NONE', *, *, #3494, .F. ) ;
#2030 = DIRECTION ( 'NONE',  ( -1.000000000000000000, -0.000000000000000000, -0.000000000000000000 ) ) ;
#2031 = DIRECTION ( 'NONE',  ( 1.000000000000000000, 0.000000000000000000, 0.000000000000000000 ) ) ;
#2032 = DIRECTION ( 'NONE',  ( 0.000000000000000000, 1.019346266292635461E-16, 1.000000000000000000 ) ) ;
#2033 = ORIENTED_EDGE ( 'NONE', *, *, #148, .T. ) ;
#2034 = ADVANCED_FACE ( 'NONE', ( #1268 ), #1002, .F. ) ;
#2035 = VECTOR ( 'NONE', #1101, 999.9999999999998863 ) ;
#2036 = VECTOR ( 'NONE', #839, 1000.000000000000114 ) ;
#2037 = CARTESIAN_POINT ( 'NONE',  ( -2.920999999999999819, 8.064500000000002444, -0.8890000000000001235 ) ) ;
#2038 = CARTESIAN_POINT ( 'NONE',  ( 1.270000000000000240, 8.509000000000000341, 2.540000000000001812 ) ) ;
#2039 = CARTESIAN_POINT ( 'NONE',  ( -0.1961031209927689145, -3.200400000000000134, -1.473199999999999843 ) ) ;
#2040 = DIRECTION ( 'NONE',  ( -1.000000000000000000, -0.000000000000000000, 0.000000000000000000 ) ) ;
#2041 = AXIS2_PLACEMENT_3D ( 'NONE', #1649, #48, #2688 ) ;
#2042 = EDGE_CURVE ( 'NONE', #783, #2959, #3004, .T. ) ;
#2043 = ORIENTED_EDGE ( 'NONE', *, *, #1306, .F. ) ;
#2044 = FILL_AREA_STYLE ('',( #3376 ) ) ;
#2045 = EDGE_CURVE ( 'NONE', #2410, #449, #2445, .T. ) ;
#2046 = SURFACE_STYLE_USAGE ( .BOTH. , #1258 ) ;
#2047 = LINE ( 'NONE', #2497, #3194 ) ;
#2048 = ORIENTED_EDGE ( 'NONE', *, *, #1293, .F. ) ;
#2049 = VERTEX_POINT ( 'NONE', #2970 ) ;
#2050 = CARTESIAN_POINT ( 'NONE',  ( 3.810000000000000053, 0.5080000000000006732, -2.022881810244994583 ) ) ;
#2051 = CARTESIAN_POINT ( 'NONE',  ( -1.269999999999999796, 0.000000000000000000, 2.539999999999999147 ) ) ;
#2052 = ADVANCED_FACE ( 'NONE', ( #558 ), #3205, .F. ) ;
#2053 = DIRECTION ( 'NONE',  ( -1.000000000000000000, 0.000000000000000000, 0.000000000000000000 ) ) ;
#2054 = AXIS2_PLACEMENT_3D ( 'NONE', #2323, #2847, #2302 ) ;
#2055 = ORIENTED_EDGE ( 'NONE', *, *, #567, .T. ) ;
#2056 = CLOSED_SHELL ( 'NONE', ( #1876, #1304, #503, #1605, #2458, #240, #948, #2972, #2388, #617 ) ) ;
#2057 = DIRECTION ( 'NONE',  ( 0.000000000000000000, 1.000000000000000000, -2.251701056906096594E-16 ) ) ;
#2058 = PLANE ( 'NONE',  #2697 ) ;
#2059 = PLANE ( 'NONE',  #1517 ) ;
#2060 = DIRECTION ( 'NONE',  ( 0.000000000000000000, -1.000000000000000000, 1.019346266292635338E-16 ) ) ;
#2061 = ORIENTED_EDGE ( 'NONE', *, *, #1839, .T. ) ;
#2062 = LINE ( 'NONE', #132, #1795 ) ;
#2063 = DIRECTION ( 'NONE',  ( 1.000000000000000000, 0.000000000000000000, 0.000000000000000000 ) ) ;
#2064 = CARTESIAN_POINT ( 'NONE',  ( 1.714499999999997248, 8.509000000000000341, 2.095500000000002139 ) ) ;
#2065 = ORIENTED_EDGE ( 'NONE', *, *, #2258, .T. ) ;
#2066 = EDGE_LOOP ( 'NONE', ( #57, #3067, #2593, #2784, #73, #2493 ) ) ;
#2067 = DIRECTION ( 'NONE',  ( -1.000000000000000000, -0.000000000000000000, -0.000000000000000000 ) ) ;
#2068 = FACE_OUTER_BOUND ( 'NONE', #2181, .T. ) ;
#2069 = EDGE_LOOP ( 'NONE', ( #1166, #2408, #1662, #2286 ) ) ;
#2070 = LINE ( 'NONE', #3251, #365 ) ;
#2071 = FACE_OUTER_BOUND ( 'NONE', #290, .T. ) ;
#2072 = DIRECTION ( 'NONE',  ( 0.000000000000000000, -1.000000000000000000, -3.058038798877906014E-16 ) ) ;
#2073 = CARTESIAN_POINT ( 'NONE',  ( -0.3810000000000000053, -2.692399999999994797, 1.066800000000000637 ) ) ;
#2074 = EDGE_LOOP ( 'NONE', ( #167, #405, #2043, #1960 ) ) ;
#2075 = AXIS2_PLACEMENT_3D ( 'NONE', #3020, #2218, #3306 ) ;
#2076 = LINE ( 'NONE', #3209, #3477 ) ;
#2077 =( NAMED_UNIT ( * ) PLANE_ANGLE_UNIT ( ) SI_UNIT ( $, .RADIAN. ) );
#2078 =( GEOMETRIC_REPRESENTATION_CONTEXT ( 3 ) GLOBAL_UNCERTAINTY_ASSIGNED_CONTEXT ( ( #807 ) ) GLOBAL_UNIT_ASSIGNED_CONTEXT ( ( #1269, #447, #1516 ) ) REPRESENTATION_CONTEXT ( 'NONE', 'WORKASPACE' ) );
#2079 = ADVANCED_FACE ( 'NONE', ( #1115 ), #2431, .F. ) ;
#2080 = DIRECTION ( 'NONE',  ( -0.3420201433256661594, -0.9396926207859093161, -2.197857363660188051E-16 ) ) ;
#2081 = ORIENTED_EDGE ( 'NONE', *, *, #2179, .F. ) ;
#2082 = AXIS2_PLACEMENT_3D ( 'NONE', #47, #2341, #1503 ) ;
#2083 = ORIENTED_EDGE ( 'NONE', *, *, #987, .T. ) ;
#2084 = EDGE_CURVE ( 'NONE', #862, #1484, #1635, .T. ) ;
#2085 = LINE ( 'NONE', #2177, #3492 ) ;
#2086 = PLANE ( 'NONE',  #3489 ) ;
#2087 = ORIENTED_EDGE ( 'NONE', *, *, #1737, .F. ) ;
#2088 = LINE ( 'NONE', #1564, #243 ) ;
#2089 = CARTESIAN_POINT ( 'NONE',  ( -2.159000000000001140, 7.239000000000000767, 1.650999999999999801 ) ) ;
#2090 = CARTESIAN_POINT ( 'NONE',  ( 5.080000000000000071, 7.239000000000000767, -2.201425730935033664E-16 ) ) ;
#2091 = FILL_AREA_STYLE_COLOUR ( '', #2521 ) ;
#2092 = VECTOR ( 'NONE', #71, 999.9999999999998863 ) ;
#2093 = VERTEX_POINT ( 'NONE', #793 ) ;
#2094 = FACE_BOUND ( 'NONE', #1260, .T. ) ;
#2095 = VECTOR ( 'NONE', #2383, 1000.000000000000000 ) ;
#2096 = VECTOR ( 'NONE', #598, 1000.000000000000000 ) ;
#2097 = EDGE_CURVE ( 'NONE', #3098, #2560, #2743, .T. ) ;
#2098 = VECTOR ( 'NONE', #455, 1000.000000000000000 ) ;
#2099 = APPLICATION_CONTEXT ( 'automotive_design' ) ;
#2100 = DIRECTION ( 'NONE',  ( 0.9396926207859093161, -0.3420201433256662149, -0.000000000000000000 ) ) ;
#2101 = ORIENTED_EDGE ( 'NONE', *, *, #1190, .T. ) ;
#2102 = EDGE_CURVE ( 'NONE', #2921, #2359, #277, .T. ) ;
#2103 = VERTEX_POINT ( 'NONE', #1668 ) ;
#2104 = CARTESIAN_POINT ( 'NONE',  ( -4.064000000000000057, 8.509000000000000341, 2.540000000000001812 ) ) ;
#2105 = PLANE ( 'NONE',  #438 ) ;
#2106 = EDGE_CURVE ( 'NONE', #3213, #1147, #1096, .T. ) ;
#2107 = ORIENTED_EDGE ( 'NONE', *, *, #1733, .F. ) ;
#2108 = EDGE_CURVE ( 'NONE', #1039, #1543, #315, .T. ) ;
#2109 = CARTESIAN_POINT ( 'NONE',  ( -0.3809999999999998388, 8.064499999999998892, 0.8889999999999999014 ) ) ;
#2110 = LINE ( 'NONE', #1063, #3439 ) ;
#2111 = DIRECTION ( 'NONE',  ( 0.000000000000000000, 0.000000000000000000, 1.000000000000000000 ) ) ;
#2112 = EDGE_CURVE ( 'NONE', #874, #1781, #1325, .T. ) ;
#2113 = ORIENTED_EDGE ( 'NONE', *, *, #3388, .T. ) ;
#2114 = DIRECTION ( 'NONE',  ( 1.000000000000000000, 0.000000000000000000, 0.000000000000000000 ) ) ;
#2115 = LINE ( 'NONE', #3476, #2683 ) ;
#2116 = ORIENTED_EDGE ( 'NONE', *, *, #2496, .F. ) ;
#2117 = CARTESIAN_POINT ( 'NONE',  ( 2.920999999999998931, 8.064500000000002444, -0.8890000000000001235 ) ) ;
#2118 = EDGE_LOOP ( 'NONE', ( #2995, #550, #3346, #3248, #1279, #668, #1322, #2884 ) ) ;
#2119 = CARTESIAN_POINT ( 'NONE',  ( -0.3809999999999998388, 7.239000000000000767, 1.650999999999999801 ) ) ;
#2120 = LINE ( 'NONE', #3186, #2200 ) ;
#2121 = DIRECTION ( 'NONE',  ( -1.000000000000000000, 0.000000000000000000, 0.000000000000000000 ) ) ;
#2122 = DIRECTION ( 'NONE',  ( 0.000000000000000000, 1.000000000000000000, -1.019346266292635338E-16 ) ) ;
#2123 = ORIENTED_EDGE ( 'NONE', *, *, #1722, .F. ) ;
#2124 = LINE ( 'NONE', #764, #882 ) ;
#2125 = DIRECTION ( 'NONE',  ( 0.000000000000000000, 0.000000000000000000, 1.000000000000000000 ) ) ;
#2126 = ORIENTED_EDGE ( 'NONE', *, *, #2717, .F. ) ;
#2127 = CARTESIAN_POINT ( 'NONE',  ( -2.159000000000001140, 7.239000000000000767, -1.651000000000000023 ) ) ;
#2128 = VECTOR ( 'NONE', #3027, 1000.000000000000000 ) ;
#2129 = ORIENTED_EDGE ( 'NONE', *, *, #2868, .F. ) ;
#2130 = VECTOR ( 'NONE', #2080, 1000.000000000000114 ) ;
#2131 = DIRECTION ( 'NONE',  ( 0.000000000000000000, 3.058038798877906014E-16, -1.000000000000000000 ) ) ;
#2132 = EDGE_CURVE ( 'NONE', #1878, #1427, #3275, .T. ) ;
#2133 = EDGE_LOOP ( 'NONE', ( #636, #1646, #666, #1275 ) ) ;
#2134 = AXIS2_PLACEMENT_3D ( 'NONE', #1444, #2530, #1756 ) ;
#2135 = VERTEX_POINT ( 'NONE', #1650 ) ;
#2136 = CARTESIAN_POINT ( 'NONE',  ( -1.269999999999999796, 0.5080000000000000071, 2.022881810244992806 ) ) ;
#2137 = DIRECTION ( 'NONE',  ( 0.000000000000000000, 0.000000000000000000, 1.000000000000000000 ) ) ;
#2138 = LINE ( 'NONE', #850, #1236 ) ;
#2139 = EDGE_CURVE ( 'NONE', #2770, #1138, #28, .T. ) ;
#2140 = ORIENTED_EDGE ( 'NONE', *, *, #2868, .T. ) ;
#2141 = DIRECTION ( 'NONE',  ( 0.000000000000000000, 5.691349986800550837E-16, -1.000000000000000000 ) ) ;
#2142 = AXIS2_PLACEMENT_3D ( 'NONE', #1330, #282, #1906 ) ;
#2143 = EDGE_CURVE ( 'NONE', #2026, #155, #2138, .T. ) ;
#2144 = VECTOR ( 'NONE', #3470, 1000.000000000000000 ) ;
#2145 = PRODUCT_RELATED_PRODUCT_CATEGORY ( 'part', '', ( #1370 ) ) ;
#2146 = VECTOR ( 'NONE', #1997, 1000.000000000000000 ) ;
#2147 = CARTESIAN_POINT ( 'NONE',  ( -0.3810000000000000053, 0.5079999999999997851, 1.473200000000000953 ) ) ;
#2148 = VECTOR ( 'NONE', #1892, 1000.000000000000000 ) ;
#2149 = ORIENTED_EDGE ( 'NONE', *, *, #3122, .T. ) ;
#2150 = ADVANCED_FACE ( 'NONE', ( #2726 ), #2689, .F. ) ;
#2151 = VERTEX_POINT ( 'NONE', #238 ) ;
#2152 = CARTESIAN_POINT ( 'NONE',  ( 4.064000000000000057, 0.5080000000000006732, -2.022881810244994583 ) ) ;
#2153 = CARTESIAN_POINT ( 'NONE',  ( 3.810000000000000053, 4.336808689942017736E-16, -2.159000000000001140 ) ) ;
#2154 = CARTESIAN_POINT ( 'NONE',  ( -3.810000000000000053, 0.5080000000000006732, -2.022881810244994583 ) ) ;
#2155 = CARTESIAN_POINT ( 'NONE',  ( 0.3810000000000000053, 0.000000000000000000, 0.000000000000000000 ) ) ;
#2156 = ORIENTED_EDGE ( 'NONE', *, *, #2045, .F. ) ;
#2157 = LINE ( 'NONE', #1067, #256 ) ;
#2158 = DIRECTION ( 'NONE',  ( 1.000000000000000000, 0.000000000000000000, 0.000000000000000000 ) ) ;
#2159 = FACE_OUTER_BOUND ( 'NONE', #945, .T. ) ;
#2160 =( REPRESENTATION_RELATIONSHIP ('NONE','NONE', #3138, #1812 ) REPRESENTATION_RELATIONSHIP_WITH_TRANSFORMATION ( #1874 )SHAPE_REPRESENTATION_RELATIONSHIP( ) );
#2161 = ORIENTED_EDGE ( 'NONE', *, *, #919, .F. ) ;
#2162 = FACE_OUTER_BOUND ( 'NONE', #2006, .T. ) ;
#2163 = DIRECTION ( 'NONE',  ( -1.000000000000000000, 0.000000000000000000, 0.000000000000000000 ) ) ;
#2164 = ORIENTED_EDGE ( 'NONE', *, *, #2399, .F. ) ;
#2165 = EDGE_CURVE ( 'NONE', #3038, #1532, #3485, .T. ) ;
#2166 = EDGE_LOOP ( 'NONE', ( #43, #3287, #12, #3075 ) ) ;
#2167 = PLANE ( 'NONE',  #3146 ) ;
#2168 = LINE ( 'NONE', #2236, #1576 ) ;
#2169 = CARTESIAN_POINT ( 'NONE',  ( 1.270000000000000240, 0.5080000000000006732, -2.022881810244994583 ) ) ;
#2170 = DIRECTION ( 'NONE',  ( -1.000000000000000000, -0.000000000000000000, -0.000000000000000000 ) ) ;
#2171 = ORIENTED_EDGE ( 'NONE', *, *, #1880, .F. ) ;
#2172 = FILL_AREA_STYLE_COLOUR ( '', #953 ) ;
#2173 = CARTESIAN_POINT ( 'NONE',  ( -1.269999999999999796, 8.509000000000000341, -2.540000000000001812 ) ) ;
#2174 = CARTESIAN_POINT ( 'NONE',  ( 0.3810000000000000053, -3.200400000000000134, -1.473199999999999843 ) ) ;
#2175 = ORIENTED_EDGE ( 'NONE', *, *, #546, .F. ) ;
#2176 = DIRECTION ( 'NONE',  ( 0.000000000000000000, -2.338910953479677683E-16, -1.000000000000000000 ) ) ;
#2177 = CARTESIAN_POINT ( 'NONE',  ( -0.3809999999999998388, 8.064499999999998892, 1.650999999999999801 ) ) ;
#2178 = VERTEX_POINT ( 'NONE', #3219 ) ;
#2179 = EDGE_CURVE ( 'NONE', #220, #775, #1884, .T. ) ;
#2180 = VECTOR ( 'NONE', #444, 1000.000000000000000 ) ;
#2181 = EDGE_LOOP ( 'NONE', ( #902, #93, #2390, #110 ) ) ;
#2182 = VECTOR ( 'NONE', #2744, 1000.000000000000000 ) ;
#2183 = ADVANCED_FACE ( 'NONE', ( #258 ), #1344, .F. ) ;
#2184 = CARTESIAN_POINT ( 'NONE',  ( -3.365500000000001268, 8.509000000000000341, -0.4444999999999983409 ) ) ;
#2185 = DIRECTION ( 'NONE',  ( 0.5773502691896266192, 0.5773502691896232886, -0.5773502691896275074 ) ) ;
#2186 = CARTESIAN_POINT ( 'NONE',  ( 4.064000000000000057, 6.505213034913026604E-16, -2.540000000000000924 ) ) ;
#2187 = CARTESIAN_POINT ( 'NONE',  ( 1.270000000000000240, 4.336808689942017736E-16, -2.159000000000001140 ) ) ;
#2188 = VECTOR ( 'NONE', #1601, 1000.000000000000000 ) ;
#2189 = ORIENTED_EDGE ( 'NONE', *, *, #463, .T. ) ;
#2190 = DIRECTION ( 'NONE',  ( 0.000000000000000000, -1.000000000000000000, 0.000000000000000000 ) ) ;
#2191 = DIRECTION ( 'NONE',  ( 0.000000000000000000, 1.000000000000000000, 3.058038798877906014E-16 ) ) ;
#2192 = ORIENTED_EDGE ( 'NONE', *, *, #980, .F. ) ;
#2193 = EDGE_CURVE ( 'NONE', #1558, #2770, #2540, .T. ) ;
#2194 = PLANE ( 'NONE',  #369 ) ;
#2195 = LINE ( 'NONE', #2215, #3103 ) ;
#2196 = EDGE_LOOP ( 'NONE', ( #2061, #2954, #530, #60 ) ) ;
#2197 = VECTOR ( 'NONE', #3253, 1000.000000000000000 ) ;
#2198 = EDGE_LOOP ( 'NONE', ( #1577, #2471, #3304, #3277 ) ) ;
#2199 = EDGE_CURVE ( 'NONE', #235, #3116, #3331, .T. ) ;
#2200 = VECTOR ( 'NONE', #757, 1000.000000000000000 ) ;
#2201 = PRODUCT ( 'Pin - Gold', 'Pin - Gold', '', ( #3448 ) ) ;
#2202 = ORIENTED_EDGE ( 'NONE', *, *, #2139, .T. ) ;
#2203 = VECTOR ( 'NONE', #2778, 1000.000000000000000 ) ;
#2204 = DIRECTION ( 'NONE',  ( 0.000000000000000000, -1.000000000000000000, 0.000000000000000000 ) ) ;
#2205 = DIRECTION ( 'NONE',  ( 0.000000000000000000, -0.7071067811865475727, 0.7071067811865475727 ) ) ;
#2206 = DIRECTION ( 'NONE',  ( 0.000000000000000000, -0.000000000000000000, -1.000000000000000000 ) ) ;
#2207 = LINE ( 'NONE', #1097, #2301 ) ;
#2208 = EDGE_CURVE ( 'NONE', #1075, #2746, #2786, .T. ) ;
#2209 = ORIENTED_EDGE ( 'NONE', *, *, #650, .F. ) ;
#2210 = FILL_AREA_STYLE ('',( #3031 ) ) ;
#2211 = LINE ( 'NONE', #319, #2036 ) ;
#2212 = CARTESIAN_POINT ( 'NONE',  ( -2.413000000000001588, 7.810500000000002885, -1.143000000000000682 ) ) ;
#2213 = VERTEX_POINT ( 'NONE', #66 ) ;
#2214 = CARTESIAN_POINT ( 'NONE',  ( 1.270000000000000240, 6.505213034913026604E-16, -2.540000000000000924 ) ) ;
#2215 = CARTESIAN_POINT ( 'NONE',  ( -2.159000000000001140, 7.239000000000000767, -1.651000000000000023 ) ) ;
#2216 = ORIENTED_EDGE ( 'NONE', *, *, #2554, .T. ) ;
#2217 = VERTEX_POINT ( 'NONE', #1155 ) ;
#2218 = DIRECTION ( 'NONE',  ( -0.000000000000000000, -0.7071067811865501263, -0.7071067811865449082 ) ) ;
#2219 = ORIENTED_EDGE ( 'NONE', *, *, #1657, .T. ) ;
#2220 = LINE ( 'NONE', #3309, #529 ) ;
#2221 = PLANE ( 'NONE',  #898 ) ;
#2222 = PLANE ( 'NONE',  #3440 ) ;
#2223 = FACE_OUTER_BOUND ( 'NONE', #1451, .T. ) ;
#2224 = DIRECTION ( 'NONE',  ( 0.000000000000000000, 0.9659258262890700886, 0.2588190451025139671 ) ) ;
#2225 = ORIENTED_EDGE ( 'NONE', *, *, #3170, .T. ) ;
#2226 = CARTESIAN_POINT ( 'NONE',  ( 0.3810000000000000053, 0.000000000000000000, 0.000000000000000000 ) ) ;
#2227 = PLANE ( 'NONE',  #3401 ) ;
#2228 = ORIENTED_EDGE ( 'NONE', *, *, #840, .T. ) ;
#2229 = DIRECTION ( 'NONE',  ( 0.000000000000000000, 1.607907343367028359E-16, -1.000000000000000000 ) ) ;
#2230 = DIRECTION ( 'NONE',  ( 0.000000000000000000, -0.9659258262890701996, -0.2588190451025140226 ) ) ;
#2231 = EDGE_LOOP ( 'NONE', ( #1192, #2889, #704, #489 ) ) ;
#2232 = ORIENTED_EDGE ( 'NONE', *, *, #3279, .T. ) ;
#2233 = DIRECTION ( 'NONE',  ( 1.000000000000000000, 0.000000000000000000, 0.000000000000000000 ) ) ;
#2234 = ORIENTED_EDGE ( 'NONE', *, *, #1829, .T. ) ;
#2235 = LINE ( 'NONE', #886, #1562 ) ;
#2236 = CARTESIAN_POINT ( 'NONE',  ( -2.920999999999999819, 8.064499999999998892, 1.650999999999999801 ) ) ;
#2237 = DIRECTION ( 'NONE',  ( 1.000000000000000000, 0.000000000000000000, 0.000000000000000000 ) ) ;
#2238 = EDGE_CURVE ( 'NONE', #1532, #2290, #1210, .T. ) ;
#2239 = LINE ( 'NONE', #144, #873 ) ;
#2240 = VECTOR ( 'NONE', #1281, 1000.000000000000000 ) ;
#2241 = ORIENTED_EDGE ( 'NONE', *, *, #2722, .T. ) ;
#2242 = PLANE ( 'NONE',  #485 ) ;
#2243 = CARTESIAN_POINT ( 'NONE',  ( 2.159000000000000252, 8.064500000000002444, -0.8890000000000000124 ) ) ;
#2244 = LINE ( 'NONE', #3391, #34 ) ;
#2245 = AXIS2_PLACEMENT_3D ( 'NONE', #1488, #1686, #2741 ) ;
#2246 = CARTESIAN_POINT ( 'NONE',  ( 4.064000000000000057, 4.336808689942017736E-16, -2.159000000000001140 ) ) ;
#2247 = EDGE_CURVE ( 'NONE', #2703, #3361, #2294, .T. ) ;
#2248 = VECTOR ( 'NONE', #2272, 1000.000000000000000 ) ;
#2249 = VERTEX_POINT ( 'NONE', #390 ) ;
#2250 = DIRECTION ( 'NONE',  ( 0.000000000000000000, 0.000000000000000000, 1.000000000000000000 ) ) ;
#2251 = EDGE_CURVE ( 'NONE', #2929, #1039, #634, .T. ) ;
#2252 = ORIENTED_EDGE ( 'NONE', *, *, #138, .F. ) ;
#2253 = ADVANCED_FACE ( 'NONE', ( #1762 ), #2841, .F. ) ;
#2254 = ORIENTED_EDGE ( 'NONE', *, *, #3494, .T. ) ;
#2255 = CARTESIAN_POINT ( 'NONE',  ( -2.920999999999999819, 8.064500000000002444, -1.650999999999999801 ) ) ;
#2256 = AXIS2_PLACEMENT_3D ( 'NONE', #943, #1134, #1454 ) ;
#2257 = VERTEX_POINT ( 'NONE', #2519 ) ;
#2258 = EDGE_CURVE ( 'NONE', #2653, #2974, #351, .T. ) ;
#2259 = ADVANCED_FACE ( 'NONE', ( #2263 ), #2222, .F. ) ;
#2260 = VECTOR ( 'NONE', #659, 1000.000000000000000 ) ;
#2261 = AXIS2_PLACEMENT_3D ( 'NONE', #502, #2502, #2224 ) ;
#2262 = LINE ( 'NONE', #1193, #669 ) ;
#2263 = FACE_OUTER_BOUND ( 'NONE', #3406, .T. ) ;
#2264 = CARTESIAN_POINT ( 'NONE',  ( -0.1961031209927686925, -3.200400000000000134, 1.473199999999999843 ) ) ;
#2265 = ORIENTED_EDGE ( 'NONE', *, *, #1678, .T. ) ;
#2266 = VECTOR ( 'NONE', #1761, 1000.000000000000000 ) ;
#2267 = FACE_OUTER_BOUND ( 'NONE', #1850, .T. ) ;
#2268 = DIRECTION ( 'NONE',  ( 1.000000000000000000, 0.000000000000000000, 0.000000000000000000 ) ) ;
#2269 = DIRECTION ( 'NONE',  ( 0.000000000000000000, -1.000000000000000000, -3.058038798877906014E-16 ) ) ;
#2270 = FACE_OUTER_BOUND ( 'NONE', #2289, .T. ) ;
#2271 = ORIENTED_EDGE ( 'NONE', *, *, #761, .T. ) ;
#2272 = DIRECTION ( 'NONE',  ( 0.000000000000000000, 0.9659258262890700886, -0.2588190451025140781 ) ) ;
#2273 = CARTESIAN_POINT ( 'NONE',  ( 4.064000000000000057, 0.5080000000000000071, 2.022881810244992806 ) ) ;
#2274 = VERTEX_POINT ( 'NONE', #2013 ) ;
#2275 = LINE ( 'NONE', #1969, #16 ) ;
#2276 = EDGE_LOOP ( 'NONE', ( #3416, #1265, #1746, #975 ) ) ;
#2277 = ADVANCED_FACE ( 'NONE', ( #2558 ), #619, .F. ) ;
#2278 = CARTESIAN_POINT ( 'NONE',  ( 2.666999999999999371, 7.810499999999998444, 1.397000000000000464 ) ) ;
#2279 = FACE_OUTER_BOUND ( 'NONE', #2549, .T. ) ;
#2280 = FACE_OUTER_BOUND ( 'NONE', #2819, .T. ) ;
#2281 = ORIENTED_EDGE ( 'NONE', *, *, #560, .T. ) ;
#2282 = CARTESIAN_POINT ( 'NONE',  ( 2.159000000000000252, 8.064500000000002444, -1.650999999999999801 ) ) ;
#2283 = CARTESIAN_POINT ( 'NONE',  ( 3.810000000000000053, 0.000000000000000000, 2.539999999999999147 ) ) ;
#2284 = DIRECTION ( 'NONE',  ( 0.5773502691896267303, -0.5773502691896233996, -0.5773502691896272854 ) ) ;
#2285 = LINE ( 'NONE', #950, #199 ) ;
#2286 = ORIENTED_EDGE ( 'NONE', *, *, #1678, .F. ) ;
#2287 = FACE_OUTER_BOUND ( 'NONE', #2513, .T. ) ;
#2288 = EDGE_CURVE ( 'NONE', #2249, #3502, #3026, .T. ) ;
#2289 = EDGE_LOOP ( 'NONE', ( #1705, #1328, #3412, #786 ) ) ;
#2290 = VERTEX_POINT ( 'NONE', #84 ) ;
#2291 = ADVANCED_FACE ( 'NONE', ( #108 ), #2767, .F. ) ;
#2292 = EDGE_LOOP ( 'NONE', ( #2835, #1174, #2905, #938 ) ) ;
#2293 = DIRECTION ( 'NONE',  ( 1.000000000000000000, 0.000000000000000000, 0.000000000000000000 ) ) ;
#2294 = LINE ( 'NONE', #3064, #3040 ) ;
#2295 = DIRECTION ( 'NONE',  ( -0.000000000000000000, 1.000000000000000000, 1.733406087350420004E-16 ) ) ;
#2296 = ADVANCED_FACE ( 'NONE', ( #2279 ), #3350, .F. ) ;
#2297 = ORIENTED_EDGE ( 'NONE', *, *, #3155, .T. ) ;
#2298 = LINE ( 'NONE', #3370, #3100 ) ;
#2299 = LINE ( 'NONE', #169, #896 ) ;
#2300 = DIRECTION ( 'NONE',  ( 0.000000000000000000, 0.000000000000000000, -1.000000000000000000 ) ) ;
#2301 = VECTOR ( 'NONE', #279, 1000.000000000000000 ) ;
#2302 = DIRECTION ( 'NONE',  ( -0.000000000000000000, 0.000000000000000000, -1.000000000000000000 ) ) ;
#2303 = ORIENTED_EDGE ( 'NONE', *, *, #2398, .T. ) ;
#2304 = VECTOR ( 'NONE', #2229, 1000.000000000000000 ) ;
#2305 = LINE ( 'NONE', #74, #1168 ) ;
#2306 = VECTOR ( 'NONE', #1040, 1000.000000000000000 ) ;
#2307 = EDGE_LOOP ( 'NONE', ( #1792, #1537, #3007, #1681 ) ) ;
#2308 = ADVANCED_FACE ( 'NONE', ( #654 ), #2499, .F. ) ;
#2309 = CARTESIAN_POINT ( 'NONE',  ( 4.064000000000000057, 6.505213034913026604E-16, -2.540000000000000924 ) ) ;
#2310 = ORIENTED_EDGE ( 'NONE', *, *, #1098, .F. ) ;
#2311 = EDGE_LOOP ( 'NONE', ( #696, #2964, #1953, #1353 ) ) ;
#2312 = ADVANCED_FACE ( 'NONE', ( #3048 ), #2105, .F. ) ;
#2313 = CARTESIAN_POINT ( 'NONE',  ( -1.714499999999998137, 8.509000000000000341, 2.095500000000002139 ) ) ;
#2314 = DIRECTION ( 'NONE',  ( -0.000000000000000000, 1.000000000000000000, 5.691349986800550837E-16 ) ) ;
#2315 = VECTOR ( 'NONE', #2072, 1000.000000000000000 ) ;
#2316 = PLANE ( 'NONE',  #3144 ) ;
#2317 = ORIENTED_EDGE ( 'NONE', *, *, #3165, .F. ) ;
#2318 = AXIS2_PLACEMENT_3D ( 'NONE', #2546, #1198, #150 ) ;
#2319 = AXIS2_PLACEMENT_3D ( 'NONE', #1049, #2895, #1855 ) ;
#2320 = CARTESIAN_POINT ( 'NONE',  ( 2.159000000000000252, 8.064500000000002444, -0.8890000000000001235 ) ) ;
#2321 = LINE ( 'NONE', #1784, #1687 ) ;
#2322 = LINE ( 'NONE', #339, #1804 ) ;
#2323 = CARTESIAN_POINT ( 'NONE',  ( -1.269999999999999796, 0.000000000000000000, 0.000000000000000000 ) ) ;
#2324 = VECTOR ( 'NONE', #942, 1000.000000000000114 ) ;
#2325 = EDGE_LOOP ( 'NONE', ( #3113, #2281, #2192, #612 ) ) ;
#2326 = FACE_OUTER_BOUND ( 'NONE', #262, .T. ) ;
#2327 = DIRECTION ( 'NONE',  ( 0.000000000000000000, 0.000000000000000000, 1.000000000000000000 ) ) ;
#2328 = DIRECTION ( 'NONE',  ( -1.000000000000000000, -0.000000000000000000, -0.000000000000000000 ) ) ;
#2329 = ORIENTED_EDGE ( 'NONE', *, *, #3434, .T. ) ;
#2330 = ORIENTED_EDGE ( 'NONE', *, *, #2405, .T. ) ;
#2331 = DIRECTION ( 'NONE',  ( -0.000000000000000000, -0.000000000000000000, 1.000000000000000000 ) ) ;
#2332 = DIRECTION ( 'NONE',  ( 0.000000000000000000, 0.9659258262890701996, 0.2588190451025140226 ) ) ;
#2333 = VERTEX_POINT ( 'NONE', #1579 ) ;
#2334 = DIRECTION ( 'NONE',  ( 0.3420201433256661594, -0.9396926207859093161, 2.747321704575235311E-16 ) ) ;
#2335 = LINE ( 'NONE', #3409, #2260 ) ;
#2336 = CARTESIAN_POINT ( 'NONE',  ( -1.269999999999999796, 8.509000000000000341, 2.540000000000001812 ) ) ;
#2337 = EDGE_LOOP ( 'NONE', ( #2980, #3062, #1237, #1081 ) ) ;
#2338 = SURFACE_STYLE_USAGE ( .BOTH. , #480 ) ;
#2339 = FILL_AREA_STYLE ('',( #1006 ) ) ;
#2340 = APPLICATION_CONTEXT ( 'automotive_design' ) ;
#2341 = DIRECTION ( 'NONE',  ( 1.000000000000000000, 0.000000000000000000, -0.000000000000000000 ) ) ;
#2342 = ORIENTED_EDGE ( 'NONE', *, *, #1657, .F. ) ;
#2343 = ORIENTED_EDGE ( 'NONE', *, *, #3451, .T. ) ;
#2344 = FACE_OUTER_BOUND ( 'NONE', #926, .T. ) ;
#2345 = DIRECTION ( 'NONE',  ( 0.000000000000000000, 0.000000000000000000, -1.000000000000000000 ) ) ;
#2346 = ORIENTED_EDGE ( 'NONE', *, *, #3155, .F. ) ;
#2347 = ADVANCED_FACE ( 'NONE', ( #3152 ), #2086, .F. ) ;
#2348 = LINE ( 'NONE', #1298, #2180 ) ;
#2349 = PLANE ( 'NONE',  #1807 ) ;
#2350 = PLANE ( 'NONE',  #381 ) ;
#2351 = CARTESIAN_POINT ( 'NONE',  ( -0.3809999999999998388, 8.064499999999998892, 0.8889999999999999014 ) ) ;
#2352 = ORIENTED_EDGE ( 'NONE', *, *, #3239, .T. ) ;
#2353 = AXIS2_PLACEMENT_3D ( 'NONE', #3270, #883, #385 ) ;
#2354 = DIRECTION ( 'NONE',  ( 0.000000000000000000, 1.000000000000000000, 5.691349986800550837E-16 ) ) ;
#2355 = EDGE_CURVE ( 'NONE', #180, #135, #2380, .T. ) ;
#2356 =( GEOMETRIC_REPRESENTATION_CONTEXT ( 3 ) GLOBAL_UNCERTAINTY_ASSIGNED_CONTEXT ( ( #1633 ) ) GLOBAL_UNIT_ASSIGNED_CONTEXT ( ( #732, #1050, #1315 ) ) REPRESENTATION_CONTEXT ( 'NONE', 'WORKASPACE' ) );
#2357 = CARTESIAN_POINT ( 'NONE',  ( -1.269999999999999796, 0.5080000000000006732, -2.022881810244994583 ) ) ;
#2358 = ADVANCED_FACE ( 'NONE', ( #442 ), #3453, .F. ) ;
#2359 = VERTEX_POINT ( 'NONE', #166 ) ;
#2360 = AXIS2_PLACEMENT_3D ( 'NONE', #271, #1931, #3301 ) ;
#2361 = ADVANCED_FACE ( 'NONE', ( #3385 ), #3418, .F. ) ;
#2362 = ORIENTED_EDGE ( 'NONE', *, *, #117, .T. ) ;
#2363 = DIRECTION ( 'NONE',  ( 0.000000000000000000, 0.000000000000000000, -1.000000000000000000 ) ) ;
#2364 = CARTESIAN_POINT ( 'NONE',  ( -1.269999999999999796, 8.509000000000000341, -2.540000000000001812 ) ) ;
#2365 = ORIENTED_EDGE ( 'NONE', *, *, #1927, .T. ) ;
#2366 = EDGE_CURVE ( 'NONE', #735, #3038, #2637, .T. ) ;
#2367 = DIRECTION ( 'NONE',  ( 0.000000000000000000, 2.251701056906096594E-16, 1.000000000000000000 ) ) ;
#2368 = DIRECTION ( 'NONE',  ( -0.000000000000000000, 1.000000000000000000, 1.733406087350420004E-16 ) ) ;
#2369 = FACE_OUTER_BOUND ( 'NONE', #1316, .T. ) ;
#2370 = LINE ( 'NONE', #2926, #992 ) ;
#2371 = AXIS2_PLACEMENT_3D ( 'NONE', #2661, #170, #1033 ) ;
#2372 = ORIENTED_EDGE ( 'NONE', *, *, #3501, .T. ) ;
#2373 = STYLED_ITEM ( 'NONE', ( #355 ), #2632 ) ;
#2374 = CARTESIAN_POINT ( 'NONE',  ( 0.000000000000000000, 0.000000000000000000, 0.000000000000000000 ) ) ;
#2375 = VECTOR ( 'NONE', #887, 1000.000000000000000 ) ;
#2376 = VERTEX_POINT ( 'NONE', #1818 ) ;
#2377 = DIRECTION ( 'NONE',  ( 1.000000000000000000, 0.000000000000000000, 0.000000000000000000 ) ) ;
#2378 = PRODUCT_DEFINITION_FORMATION_WITH_SPECIFIED_SOURCE ( 'ANY', '', #2201, .NOT_KNOWN. ) ;
#2379 = EDGE_LOOP ( 'NONE', ( #3377, #2911, #1561, #1108 ) ) ;
#2380 = LINE ( 'NONE', #2117, #1011 ) ;
#2381 = EDGE_LOOP ( 'NONE', ( #2934, #1231, #421, #2967 ) ) ;
#2382 = CARTESIAN_POINT ( 'NONE',  ( -4.064000000000000057, 4.336808689942017736E-16, -2.159000000000001140 ) ) ;
#2383 = DIRECTION ( 'NONE',  ( -1.000000000000000000, -0.000000000000000000, -0.000000000000000000 ) ) ;
#2384 = CARTESIAN_POINT ( 'NONE',  ( -2.920999999999999819, 8.064500000000002444, -0.8890000000000001235 ) ) ;
#2385 = PLANE ( 'NONE',  #813 ) ;
#2386 = ORIENTED_EDGE ( 'NONE', *, *, #3393, .F. ) ;
#2387 = CARTESIAN_POINT ( 'NONE',  ( 3.810000000000000053, 6.505213034913026604E-16, -2.540000000000000924 ) ) ;
#2388 = ADVANCED_FACE ( 'NONE', ( #2891 ), #484, .T. ) ;
#2389 = DIRECTION ( 'NONE',  ( -0.000000000000000000, -2.667820306312759283E-16, 1.000000000000000000 ) ) ;
#2390 = ORIENTED_EDGE ( 'NONE', *, *, #1775, .T. ) ;
#2391 = PLANE ( 'NONE',  #162 ) ;
#2392 = EDGE_CURVE ( 'NONE', #2217, #2400, #995, .T. ) ;
#2393 = ORIENTED_EDGE ( 'NONE', *, *, #1501, .F. ) ;
#2394 = ORIENTED_EDGE ( 'NONE', *, *, #3232, .T. ) ;
#2395 = LINE ( 'NONE', #26, #3249 ) ;
#2396 = DIRECTION ( 'NONE',  ( -0.000000000000000000, 1.000000000000000000, 1.607907343367028359E-16 ) ) ;
#2397 = CARTESIAN_POINT ( 'NONE',  ( -0.3809999999999998388, 7.239000000000000767, 0.8889999999999997904 ) ) ;
#2398 = EDGE_CURVE ( 'NONE', #3250, #899, #2903, .T. ) ;
#2399 = EDGE_CURVE ( 'NONE', #1544, #812, #3182, .T. ) ;
#2400 = VERTEX_POINT ( 'NONE', #2051 ) ;
#2401 = APPLICATION_PROTOCOL_DEFINITION ( 'draft international standard', 'automotive_design', 1998, #267 ) ;
#2402 = EDGE_CURVE ( 'NONE', #1012, #525, #470, .T. ) ;
#2403 = LINE ( 'NONE', #231, #2130 ) ;
#2404 = VECTOR ( 'NONE', #2893, 1000.000000000000000 ) ;
#2405 = EDGE_CURVE ( 'NONE', #1385, #2333, #2607, .T. ) ;
#2406 = ORIENTED_EDGE ( 'NONE', *, *, #1947, .T. ) ;
#2407 = VECTOR ( 'NONE', #2328, 1000.000000000000000 ) ;
#2408 = ORIENTED_EDGE ( 'NONE', *, *, #1245, .F. ) ;
#2409 = VECTOR ( 'NONE', #1841, 1000.000000000000000 ) ;
#2410 = VERTEX_POINT ( 'NONE', #1779 ) ;
#2411 = CARTESIAN_POINT ( 'NONE',  ( 3.810000000000000053, -8.578981026812224210E-17, 2.158999999999999364 ) ) ;
#2412 = CARTESIAN_POINT ( 'NONE',  ( 1.270000000000000240, 0.000000000000000000, 2.539999999999999147 ) ) ;
#2413 = DIRECTION ( 'NONE',  ( -1.000000000000000000, -0.000000000000000000, -0.000000000000000000 ) ) ;
#2414 = CARTESIAN_POINT ( 'NONE',  ( 0.3809999999999989506, 8.064499999999998892, 1.651000000000000023 ) ) ;
#2415 = VERTEX_POINT ( 'NONE', #2364 ) ;
#2416 = CARTESIAN_POINT ( 'NONE',  ( -4.064000000000000057, 8.509000000000000341, -2.540000000000001812 ) ) ;
#2417 = APPLICATION_PROTOCOL_DEFINITION ( 'draft international standard', 'automotive_design', 1998, #2099 ) ;
#2418 = CARTESIAN_POINT ( 'NONE',  ( -2.159000000000001140, 8.064500000000002444, -0.8890000000000000124 ) ) ;
#2419 = VECTOR ( 'NONE', #2940, 1000.000000000000000 ) ;
#2420 = VECTOR ( 'NONE', #1032, 1000.000000000000000 ) ;
#2421 = ORIENTED_EDGE ( 'NONE', *, *, #278, .T. ) ;
#2422 = VECTOR ( 'NONE', #179, 1000.000000000000000 ) ;
#2423 = DIRECTION ( 'NONE',  ( -1.000000000000000000, -0.000000000000000000, -0.000000000000000000 ) ) ;
#2424 = CARTESIAN_POINT ( 'NONE',  ( 2.159000000000000252, 8.064499999999998892, 1.650999999999999801 ) ) ;
#2425 = AXIS2_PLACEMENT_3D ( 'NONE', #3499, #1107, #2947 ) ;
#2426 = ORIENTED_EDGE ( 'NONE', *, *, #998, .F. ) ;
#2427 = COLOUR_RGB ( '',0.2509803921568627416, 0.2509803921568627416, 0.2509803921568627416 ) ;
#2428 = ORIENTED_EDGE ( 'NONE', *, *, #2355, .T. ) ;
#2429 = DIRECTION ( 'NONE',  ( 1.000000000000000000, 0.000000000000000000, 0.000000000000000000 ) ) ;
#2430 = CARTESIAN_POINT ( 'NONE',  ( 2.159000000000000252, 8.064500000000002444, -0.8890000000000001235 ) ) ;
#2431 = PLANE ( 'NONE',  #1747 ) ;
#2432 = FACE_OUTER_BOUND ( 'NONE', #1760, .T. ) ;
#2433 = ORIENTED_EDGE ( 'NONE', *, *, #3405, .T. ) ;
#2434 = CARTESIAN_POINT ( 'NONE',  ( -0.3809999999999998388, 7.239000000000000767, 1.650999999999999801 ) ) ;
#2435 = DIRECTION ( 'NONE',  ( 0.000000000000000000, -0.7071067811865475727, 0.7071067811865475727 ) ) ;
#2436 = EDGE_CURVE ( 'NONE', #2135, #1430, #3436, .T. ) ;
#2437 = VERTEX_POINT ( 'NONE', #2854 ) ;
#2438 = CARTESIAN_POINT ( 'NONE',  ( 3.810000000000000497, 0.000000000000000000, 2.539999999999999147 ) ) ;
#2439 = CARTESIAN_POINT ( 'NONE',  ( 1.270000000000000240, -8.578981026812224210E-17, 2.158999999999999364 ) ) ;
#2440 = EDGE_CURVE ( 'NONE', #218, #1665, #1509, .T. ) ;
#2441 = ORIENTED_EDGE ( 'NONE', *, *, #803, .F. ) ;
#2442 = ORIENTED_EDGE ( 'NONE', *, *, #936, .F. ) ;
#2443 = DIRECTION ( 'NONE',  ( 0.000000000000000000, -1.607907343367028359E-16, 1.000000000000000000 ) ) ;
#2444 = LINE ( 'NONE', #314, #3383 ) ;
#2445 = LINE ( 'NONE', #1940, #2872 ) ;
#2446 = DIRECTION ( 'NONE',  ( 0.000000000000000000, -0.000000000000000000, -1.000000000000000000 ) ) ;
#2447 = ADVANCED_FACE ( 'NONE', ( #2068 ), #3137, .F. ) ;
#2448 = ORIENTED_EDGE ( 'NONE', *, *, #2112, .F. ) ;
#2449 = LINE ( 'NONE', #2993, #96 ) ;
#2450 = CARTESIAN_POINT ( 'NONE',  ( -1.269999999999999796, 8.509000000000000341, 2.540000000000001812 ) ) ;
#2451 = ADVANCED_FACE ( 'NONE', ( #1560 ), #2391, .F. ) ;
#2452 = ORIENTED_EDGE ( 'NONE', *, *, #2042, .T. ) ;
#2453 = DIRECTION ( 'NONE',  ( 0.000000000000000000, 2.251701056906096594E-16, 1.000000000000000000 ) ) ;
#2454 = LINE ( 'NONE', #1545, #386 ) ;
#2455 = EDGE_LOOP ( 'NONE', ( #2522, #425, #1109, #1742 ) ) ;
#2456 = ADVANCED_FACE ( 'NONE', ( #2655 ), #221, .F. ) ;
#2457 = VECTOR ( 'NONE', #1345, 1000.000000000000000 ) ;
#2458 = ADVANCED_FACE ( 'NONE', ( #772 ), #2935, .F. ) ;
#2459 = ORIENTED_EDGE ( 'NONE', *, *, #566, .T. ) ;
#2460 = VECTOR ( 'NONE', #3444, 1000.000000000000000 ) ;
#2461 = CARTESIAN_POINT ( 'NONE',  ( 3.810000000000000053, 8.509000000000000341, -2.540000000000001812 ) ) ;
#2462 = DIRECTION ( 'NONE',  ( 1.000000000000000000, 0.000000000000000000, 0.000000000000000000 ) ) ;
#2463 = DIRECTION ( 'NONE',  ( 0.000000000000000000, -1.000000000000000000, 0.000000000000000000 ) ) ;
#2464 = DIRECTION ( 'NONE',  ( 0.000000000000000000, 1.733406087350420004E-16, -1.000000000000000000 ) ) ;
#2465 = EDGE_CURVE ( 'NONE', #899, #735, #3109, .T. ) ;
#2466 = VECTOR ( 'NONE', #304, 1000.000000000000000 ) ;
#2467 = ORIENTED_EDGE ( 'NONE', *, *, #560, .F. ) ;
#2468 = LINE ( 'NONE', #3241, #260 ) ;
#2469 = CARTESIAN_POINT ( 'NONE',  ( -1.269999999999999796, 0.000000000000000000, 2.539999999999999147 ) ) ;
#2470 = LINE ( 'NONE', #32, #3407 ) ;
#2471 = ORIENTED_EDGE ( 'NONE', *, *, #206, .T. ) ;
#2472 = DIRECTION ( 'NONE',  ( 0.000000000000000000, 0.000000000000000000, -1.000000000000000000 ) ) ;
#2473 = ORIENTED_EDGE ( 'NONE', *, *, #3093, .F. ) ;
#2474 = AXIS2_PLACEMENT_3D ( 'NONE', #2169, #829, #1078 ) ;
#2475 = VERTEX_POINT ( 'NONE', #3295 ) ;
#2476 = DIRECTION ( 'NONE',  ( 0.000000000000000000, 0.000000000000000000, -1.000000000000000000 ) ) ;
#2477 = VECTOR ( 'NONE', #2030, 1000.000000000000000 ) ;
#2478 = ORIENTED_EDGE ( 'NONE', *, *, #122, .F. ) ;
#2479 = LINE ( 'NONE', #136, #310 ) ;
#2480 = FACE_OUTER_BOUND ( 'NONE', #1890, .T. ) ;
#2481 = CARTESIAN_POINT ( 'NONE',  ( 3.810000000000000497, -8.578981026812224210E-17, 2.158999999999999364 ) ) ;
#2482 = PLANE ( 'NONE',  #2736 ) ;
#2483 = DIRECTION ( 'NONE',  ( -0.000000000000000000, 0.000000000000000000, 1.000000000000000000 ) ) ;
#2484 = ORIENTED_EDGE ( 'NONE', *, *, #278, .F. ) ;
#2485 = PLANE ( 'NONE',  #2696 ) ;
#2486 = DIRECTION ( 'NONE',  ( 0.000000000000000000, 5.691349986800550837E-16, -1.000000000000000000 ) ) ;
#2487 = ORIENTED_EDGE ( 'NONE', *, *, #980, .T. ) ;
#2488 = FACE_OUTER_BOUND ( 'NONE', #2325, .T. ) ;
#2489 = FACE_OUTER_BOUND ( 'NONE', #1506, .T. ) ;
#2490 = ORIENTED_EDGE ( 'NONE', *, *, #3022, .T. ) ;
#2491 = VECTOR ( 'NONE', #2486, 1000.000000000000000 ) ;
#2492 = EDGE_CURVE ( 'NONE', #2049, #632, #927, .T. ) ;
#2493 = ORIENTED_EDGE ( 'NONE', *, *, #1346, .T. ) ;
#2494 = PLANE ( 'NONE',  #3364 ) ;
#2495 = ORIENTED_EDGE ( 'NONE', *, *, #1090, .F. ) ;
#2496 = EDGE_CURVE ( 'NONE', #135, #2589, #69, .T. ) ;
#2497 = CARTESIAN_POINT ( 'NONE',  ( 4.064000000000000057, 0.5080000000000006732, -2.022881810244994583 ) ) ;
#2498 = FACE_OUTER_BOUND ( 'NONE', #2568, .T. ) ;
#2499 = PLANE ( 'NONE',  #2538 ) ;
#2500 = FACE_OUTER_BOUND ( 'NONE', #1367, .T. ) ;
#2501 = EDGE_LOOP ( 'NONE', ( #222, #2164, #3363, #1867 ) ) ;
#2502 = DIRECTION ( 'NONE',  ( 0.000000000000000000, 0.2588190451025139671, -0.9659258262890700886 ) ) ;
#2503 = ADVANCED_FACE ( 'NONE', ( #2769 ), #3315, .F. ) ;
#2504 = DIRECTION ( 'NONE',  ( -0.000000000000000000, 1.000000000000000000, 1.733406087350420004E-16 ) ) ;
#2505 = DIRECTION ( 'NONE',  ( -1.000000000000000000, -0.000000000000000000, -0.000000000000000000 ) ) ;
#2506 = EDGE_CURVE ( 'NONE', #252, #1024, #658, .T. ) ;
#2507 = ORIENTED_EDGE ( 'NONE', *, *, #404, .T. ) ;
#2508 = CARTESIAN_POINT ( 'NONE',  ( 4.064000000000000057, 0.5080000000000000071, 2.022881810244992806 ) ) ;
#2509 = DIRECTION ( 'NONE',  ( -0.000000000000000000, -0.000000000000000000, 1.000000000000000000 ) ) ;
#2510 = PRODUCT_DEFINITION_SHAPE ( 'NONE', 'NONE',  #733 ) ;
#2511 = EDGE_CURVE ( 'NONE', #1024, #3139, #1727, .T. ) ;
#2512 = ORIENTED_EDGE ( 'NONE', *, *, #1091, .T. ) ;
#2513 = EDGE_LOOP ( 'NONE', ( #997, #2329, #366, #1572, #346, #1118 ) ) ;
#2514 = LINE ( 'NONE', #1473, #1790 ) ;
#2515 =( REPRESENTATION_RELATIONSHIP ('NONE','NONE', #3138, #2663 ) REPRESENTATION_RELATIONSHIP_WITH_TRANSFORMATION ( #3192 )SHAPE_REPRESENTATION_RELATIONSHIP( ) );
#2516 = EDGE_LOOP ( 'NONE', ( #2536, #3094, #328, #804, #3154, #3201, #402, #1004 ) ) ;
#2517 = VECTOR ( 'NONE', #2610, 1000.000000000000000 ) ;
#2518 = LINE ( 'NONE', #1706, #1341 ) ;
#2519 = CARTESIAN_POINT ( 'NONE',  ( -0.3810000000000000053, 0.5079999999999998961, 1.066800000000001303 ) ) ;
#2520 = CARTESIAN_POINT ( 'NONE',  ( -0.3810000000000000053, 0.5079999999999997851, -1.473200000000000953 ) ) ;
#2521 = COLOUR_RGB ( '',0.2509803921568627416, 0.2509803921568627416, 0.2509803921568627416 ) ;
#2522 = ORIENTED_EDGE ( 'NONE', *, *, #2717, .T. ) ;
#2523 = LINE ( 'NONE', #1459, #2927 ) ;
#2524 = FACE_OUTER_BOUND ( 'NONE', #1586, .T. ) ;
#2525 = PLANE ( 'NONE',  #2644 ) ;
#2526 = VECTOR ( 'NONE', #403, 1000.000000000000000 ) ;
#2527 = LINE ( 'NONE', #695, #398 ) ;
#2528 = PRESENTATION_LAYER_ASSIGNMENT (  '', '', ( #1449 ) ) ;
#2529 = VERTEX_POINT ( 'NONE', #3087 ) ;
#2530 = DIRECTION ( 'NONE',  ( -1.000000000000000000, 0.000000000000000000, -0.000000000000000000 ) ) ;
#2531 = LINE ( 'NONE', #1701, #2203 ) ;
#2532 = EDGE_CURVE ( 'NONE', #1042, #847, #1766, .T. ) ;
#2533 = EDGE_LOOP ( 'NONE', ( #3472, #2346, #2577, #2330 ) ) ;
#2534 = DIRECTION ( 'NONE',  ( -1.000000000000000000, 0.000000000000000000, 0.000000000000000000 ) ) ;
#2535 = VECTOR ( 'NONE', #244, 1000.000000000000000 ) ;
#2536 = ORIENTED_EDGE ( 'NONE', *, *, #718, .F. ) ;
#2537 = MECHANICAL_DESIGN_GEOMETRIC_PRESENTATION_REPRESENTATION (  '', ( #2373 ), #33 ) ;
#2538 = AXIS2_PLACEMENT_3D ( 'NONE', #1976, #2237, #888 ) ;
#2539 = CARTESIAN_POINT ( 'NONE',  ( -1.714499999999998137, 8.509000000000000341, 0.4444999999999970086 ) ) ;
#2540 = LINE ( 'NONE', #865, #2981 ) ;
#2541 = CARTESIAN_POINT ( 'NONE',  ( -2.920999999999999819, 8.064499999999998892, 1.650999999999999801 ) ) ;
#2542 = ORIENTED_EDGE ( 'NONE', *, *, #1787, .F. ) ;
#2543 = VECTOR ( 'NONE', #1508, 1000.000000000000000 ) ;
#2544 = ADVANCED_FACE ( 'NONE', ( #2826 ), #2242, .F. ) ;
#2545 = CARTESIAN_POINT ( 'NONE',  ( -1.269999999999999796, 8.509000000000000341, -0.4444999999999982854 ) ) ;
#2546 = CARTESIAN_POINT ( 'NONE',  ( -0.1961031209927689145, -3.200400000000000134, -1.473199999999999843 ) ) ;
#2547 = DIRECTION ( 'NONE',  ( 0.000000000000000000, 0.000000000000000000, 1.000000000000000000 ) ) ;
#2548 = CARTESIAN_POINT ( 'NONE',  ( 1.270000000000000240, 0.000000000000000000, 2.539999999999999147 ) ) ;
#2549 = EDGE_LOOP ( 'NONE', ( #1770, #700, #825, #3135 ) ) ;
#2550 = SURFACE_STYLE_FILL_AREA ( #3395 ) ;
#2551 = ADVANCED_FACE ( 'NONE', ( #2267 ), #394, .F. ) ;
#2552 = CARTESIAN_POINT ( 'NONE',  ( 3.810000000000000497, -8.578981026812224210E-17, 2.158999999999999364 ) ) ;
#2553 = ORIENTED_EDGE ( 'NONE', *, *, #1825, .T. ) ;
#2554 = EDGE_CURVE ( 'NONE', #592, #2026, #892, .T. ) ;
#2555 = DIRECTION ( 'NONE',  ( 0.000000000000000000, -2.667820306312759283E-16, -1.000000000000000000 ) ) ;
#2556 = ORIENTED_EDGE ( 'NONE', *, *, #3451, .F. ) ;
#2557 = CARTESIAN_POINT ( 'NONE',  ( 0.3810000000000000053, 0.5079999999999997851, 1.473200000000000953 ) ) ;
#2558 = FACE_OUTER_BOUND ( 'NONE', #751, .T. ) ;
#2559 = CARTESIAN_POINT ( 'NONE',  ( -2.159000000000001140, 7.239000000000000767, -0.8890000000000001235 ) ) ;
#2560 = VERTEX_POINT ( 'NONE', #622 ) ;
#2561 = DIRECTION ( 'NONE',  ( 0.000000000000000000, 0.000000000000000000, -1.000000000000000000 ) ) ;
#2562 = LINE ( 'NONE', #1534, #161 ) ;
#2563 = DIRECTION ( 'NONE',  ( 0.000000000000000000, 0.000000000000000000, 1.000000000000000000 ) ) ;
#2564 = LINE ( 'NONE', #130, #2914 ) ;
#2565 = EDGE_CURVE ( 'NONE', #297, #2151, #1176, .T. ) ;
#2566 = ORIENTED_EDGE ( 'NONE', *, *, #2793, .F. ) ;
#2567 =( LENGTH_UNIT ( ) NAMED_UNIT ( * ) SI_UNIT ( .MILLI., .METRE. ) );
#2568 = EDGE_LOOP ( 'NONE', ( #627, #1307, #1105, #1805, #3426, #1270, #1580, #2216 ) ) ;
#2569 = ADVANCED_FACE ( 'NONE', ( #910 ), #3051, .F. ) ;
#2570 = DIRECTION ( 'NONE',  ( 1.000000000000000000, 0.000000000000000000, 0.000000000000000000 ) ) ;
#2571 = ORIENTED_EDGE ( 'NONE', *, *, #2979, .T. ) ;
#2572 = EDGE_LOOP ( 'NONE', ( #1658, #2583, #1589, #2297 ) ) ;
#2573 = ADVANCED_FACE ( 'NONE', ( #1436 ), #1158, .F. ) ;
#2574 = DIRECTION ( 'NONE',  ( -1.000000000000000000, -0.000000000000000000, -0.000000000000000000 ) ) ;
#2575 = CARTESIAN_POINT ( 'NONE',  ( 2.159000000000000252, 7.239000000000000767, 1.650999999999999801 ) ) ;
#2576 = CARTESIAN_POINT ( 'NONE',  ( 4.064000000000000057, 0.000000000000000000, 2.539999999999999147 ) ) ;
#2577 = ORIENTED_EDGE ( 'NONE', *, *, #296, .F. ) ;
#2578 = DIRECTION ( 'NONE',  ( 0.000000000000000000, 1.000000000000000000, 3.058038798877906014E-16 ) ) ;
#2579 = DIRECTION ( 'NONE',  ( 0.000000000000000000, 2.251701056906096594E-16, 1.000000000000000000 ) ) ;
#2580 = LINE ( 'NONE', #357, #1626 ) ;
#2581 = AXIS2_PLACEMENT_3D ( 'NONE', #2541, #1745, #1478 ) ;
#2582 = LINE ( 'NONE', #3392, #3368 ) ;
#2583 = ORIENTED_EDGE ( 'NONE', *, *, #1845, .F. ) ;
#2584 = VECTOR ( 'NONE', #2849, 1000.000000000000000 ) ;
#2585 = LINE ( 'NONE', #1468, #2248 ) ;
#2586 = PRESENTATION_STYLE_ASSIGNMENT (( #1808 ) ) ;
#2587 = PLANE ( 'NONE',  #1851 ) ;
#2588 = ORIENTED_EDGE ( 'NONE', *, *, #831, .T. ) ;
#2589 = VERTEX_POINT ( 'NONE', #2282 ) ;
#2590 = LINE ( 'NONE', #165, #3210 ) ;
#2591 = CARTESIAN_POINT ( 'NONE',  ( -4.064000000000000057, 0.000000000000000000, 0.000000000000000000 ) ) ;
#2592 = VECTOR ( 'NONE', #3242, 1000.000000000000000 ) ;
#2593 = ORIENTED_EDGE ( 'NONE', *, *, #2402, .F. ) ;
#2594 = AXIS2_PLACEMENT_3D ( 'NONE', #127, #51, #3029 ) ;
#2595 = AXIS2_PLACEMENT_3D ( 'NONE', #946, #1480, #2016 ) ;
#2596 = CARTESIAN_POINT ( 'NONE',  ( 1.270000000000000240, 8.509000000000000341, 2.540000000000001812 ) ) ;
#2597 = PLANE ( 'NONE',  #2318 ) ;
#2598 = CARTESIAN_POINT ( 'NONE',  ( 1.270000000000000240, 8.509000000000000341, -2.095500000000001695 ) ) ;
#2599 = AXIS2_PLACEMENT_3D ( 'NONE', #2557, #906, #2785 ) ;
#2600 = ORIENTED_EDGE ( 'NONE', *, *, #122, .T. ) ;
#2601 = DIRECTION ( 'NONE',  ( 0.000000000000000000, -5.691349986800550837E-16, 1.000000000000000000 ) ) ;
#2602 = LINE ( 'NONE', #1259, #1104 ) ;
#2603 = ORIENTED_EDGE ( 'NONE', *, *, #1600, .F. ) ;
#2604 = EDGE_CURVE ( 'NONE', #303, #2257, #2808, .T. ) ;
#2605 = ORIENTED_EDGE ( 'NONE', *, *, #2831, .T. ) ;
#2606 = LINE ( 'NONE', #1796, #164 ) ;
#2607 = LINE ( 'NONE', #1278, #2422 ) ;
#2608 = VERTEX_POINT ( 'NONE', #374 ) ;
#2609 = EDGE_CURVE ( 'NONE', #1484, #2816, #2523, .T. ) ;
#2610 = DIRECTION ( 'NONE',  ( 1.000000000000000000, 0.000000000000000000, 0.000000000000000000 ) ) ;
#2611 = DIRECTION ( 'NONE',  ( 0.000000000000000000, 0.000000000000000000, 1.000000000000000000 ) ) ;
#2612 = DIRECTION ( 'NONE',  ( -0.000000000000000000, -0.7071067811865501263, -0.7071067811865449082 ) ) ;
#2613 = SURFACE_STYLE_FILL_AREA ( #3411 ) ;
#2614 = EDGE_CURVE ( 'NONE', #2560, #1086, #2298, .T. ) ;
#2615 = ORIENTED_EDGE ( 'NONE', *, *, #1872, .F. ) ;
#2616 = FACE_OUTER_BOUND ( 'NONE', #1653, .T. ) ;
#2617 = EDGE_CURVE ( 'NONE', #2415, #3149, #814, .T. ) ;
#2618 = DIRECTION ( 'NONE',  ( 0.9396926207859093161, -0.3420201433256662149, 0.000000000000000000 ) ) ;
#2619 = VERTEX_POINT ( 'NONE', #2243 ) ;
#2620 = EDGE_CURVE ( 'NONE', #847, #2376, #3316, .T. ) ;
#2621 = ORIENTED_EDGE ( 'NONE', *, *, #1085, .T. ) ;
#2622 = CARTESIAN_POINT ( 'NONE',  ( -3.810000000000000053, 0.000000000000000000, 2.539999999999999147 ) ) ;
#2623 = CARTESIAN_POINT ( 'NONE',  ( 3.810000000000000497, 8.509000000000000341, 2.540000000000001812 ) ) ;
#2624 = ORIENTED_EDGE ( 'NONE', *, *, #778, .F. ) ;
#2625 = DIRECTION ( 'NONE',  ( 0.000000000000000000, -5.691349986800550837E-16, 1.000000000000000000 ) ) ;
#2626 = DIRECTION ( 'NONE',  ( 0.7071067811865467956, -0.7071067811865482389, 0.000000000000000000 ) ) ;
#2627 = DIRECTION ( 'NONE',  ( 0.000000000000000000, 0.000000000000000000, -1.000000000000000000 ) ) ;
#2628 = ORIENTED_EDGE ( 'NONE', *, *, #2834, .T. ) ;
#2629 = AXIS2_PLACEMENT_3D ( 'NONE', #3123, #459, #2625 ) ;
#2630 = CARTESIAN_POINT ( 'NONE',  ( -1.269999999999999796, 4.336808689942017736E-16, -2.159000000000001140 ) ) ;
#2631 = AXIS2_PLACEMENT_3D ( 'NONE', #397, #1499, #1483 ) ;
#2632 = MANIFOLD_SOLID_BREP ( 'LPattern1[2]', #2781 ) ;
#2633 = CARTESIAN_POINT ( 'NONE',  ( -1.714499999999999913, 8.509000000000000341, -2.095500000000001695 ) ) ;
#2634 = VECTOR ( 'NONE', #616, 1000.000000000000000 ) ;
#2635 = EDGE_CURVE ( 'NONE', #3419, #1495, #2468, .T. ) ;
#2636 = ORIENTED_EDGE ( 'NONE', *, *, #1475, .F. ) ;
#2637 = LINE ( 'NONE', #1531, #3207 ) ;
#2638 = ORIENTED_EDGE ( 'NONE', *, *, #2807, .F. ) ;
#2639 = CARTESIAN_POINT ( 'NONE',  ( 1.270000000000000240, 0.000000000000000000, 2.539999999999999147 ) ) ;
#2640 = CARTESIAN_POINT ( 'NONE',  ( 3.365500000000000380, 8.509000000000000341, -2.095500000000001695 ) ) ;
#2641 = FACE_OUTER_BOUND ( 'NONE', #2501, .T. ) ;
#2642 = LINE ( 'NONE', #215, #1441 ) ;
#2643 =( GEOMETRIC_REPRESENTATION_CONTEXT ( 3 ) GLOBAL_UNCERTAINTY_ASSIGNED_CONTEXT ( ( #921 ) ) GLOBAL_UNIT_ASSIGNED_CONTEXT ( ( #338, #1403, #545 ) ) REPRESENTATION_CONTEXT ( 'NONE', 'WORKASPACE' ) );
#2644 = AXIS2_PLACEMENT_3D ( 'NONE', #678, #129, #90 ) ;
#2645 = EDGE_CURVE ( 'NONE', #1335, #1206, #53, .T. ) ;
#2646 = ORIENTED_EDGE ( 'NONE', *, *, #3226, .F. ) ;
#2647 =( LENGTH_UNIT ( ) NAMED_UNIT ( * ) SI_UNIT ( .MILLI., .METRE. ) );
#2648 = VECTOR ( 'NONE', #460, 1000.000000000000000 ) ;
#2649 = VECTOR ( 'NONE', #59, 1000.000000000000000 ) ;
#2650 = EDGE_CURVE ( 'NONE', #3176, #180, #1926, .T. ) ;
#2651 = EDGE_LOOP ( 'NONE', ( #2033, #3387, #3245, #1930 ) ) ;
#2652 = CARTESIAN_POINT ( 'NONE',  ( 3.810000000000000497, 8.509000000000000341, 2.095500000000002139 ) ) ;
#2653 = VERTEX_POINT ( 'NONE', #893 ) ;
#2654 = ADVANCED_FACE ( 'NONE', ( #2524 ), #2747, .F. ) ;
#2655 = FACE_OUTER_BOUND ( 'NONE', #3233, .T. ) ;
#2656 = MANIFOLD_SOLID_BREP ( 'Chamfer1', #176 ) ;
#2657 = ORIENTED_EDGE ( 'NONE', *, *, #2645, .F. ) ;
#2658 = EDGE_LOOP ( 'NONE', ( #2055, #2628, #3369, #2149 ) ) ;
#2659 = DIRECTION ( 'NONE',  ( 0.000000000000000000, 0.000000000000000000, 1.000000000000000000 ) ) ;
#2660 = CARTESIAN_POINT ( 'NONE',  ( 1.270000000000000240, -8.578981026812224210E-17, 2.158999999999999364 ) ) ;
#2661 = CARTESIAN_POINT ( 'NONE',  ( 3.810000000000000497, 8.509000000000000341, -2.540000000000001812 ) ) ;
#2662 = FILL_AREA_STYLE_COLOUR ( '', #2739 ) ;
#2663 = SHAPE_REPRESENTATION ( 'Pin - Gold', ( #2829 ), #1188 ) ;
#2664 = ORIENTED_EDGE ( 'NONE', *, *, #3267, .T. ) ;
#2665 =( NAMED_UNIT ( * ) SI_UNIT ( $, .STERADIAN. ) SOLID_ANGLE_UNIT ( ) );
#2666 = EDGE_CURVE ( 'NONE', #812, #200, #2790, .T. ) ;
#2667 = CARTESIAN_POINT ( 'NONE',  ( -4.064000000000000057, 8.509000000000000341, 2.540000000000001812 ) ) ;
#2668 = VECTOR ( 'NONE', #1350, 999.9999999999998863 ) ;
#2669 = ORIENTED_EDGE ( 'NONE', *, *, #1510, .F. ) ;
#2670 = EDGE_LOOP ( 'NONE', ( #590, #2126, #1311, #2556, #1933, #788, #2161, #2209 ) ) ;
#2671 = ORIENTED_EDGE ( 'NONE', *, *, #2106, .T. ) ;
#2672 = DIRECTION ( 'NONE',  ( 0.000000000000000000, -1.000000000000000000, -1.733406087350420004E-16 ) ) ;
#2673 = CARTESIAN_POINT ( 'NONE',  ( -0.8255000000000011218, 8.509000000000000341, -2.095500000000001695 ) ) ;
#2674 = CARTESIAN_POINT ( 'NONE',  ( 0.3810000000000000053, 0.5079999999999997851, 1.473200000000000953 ) ) ;
#2675 = DIRECTION ( 'NONE',  ( 0.000000000000000000, -1.000000000000000000, 0.000000000000000000 ) ) ;
#2676 = ORIENTED_EDGE ( 'NONE', *, *, #2108, .T. ) ;
#2677 = CARTESIAN_POINT ( 'NONE',  ( 4.064000000000000057, 0.5080000000000000071, 2.022881810244992806 ) ) ;
#2678 = VERTEX_POINT ( 'NONE', #3257 ) ;
#2679 = CARTESIAN_POINT ( 'NONE',  ( -2.159000000000001140, 7.239000000000000767, 1.650999999999999801 ) ) ;
#2680 = LINE ( 'NONE', #1014, #1918 ) ;
#2681 = AXIS2_PLACEMENT_3D ( 'NONE', #2155, #1136, #316 ) ;
#2682 = ORIENTED_EDGE ( 'NONE', *, *, #3479, .F. ) ;
#2683 = VECTOR ( 'NONE', #1272, 1000.000000000000000 ) ;
#2684 = VERTEX_POINT ( 'NONE', #835 ) ;
#2685 = VECTOR ( 'NONE', #952, 1000.000000000000000 ) ;
#2686 = ADVANCED_FACE ( 'NONE', ( #3124 ), #445, .F. ) ;
#2687 = CARTESIAN_POINT ( 'NONE',  ( 3.365500000000002156, 8.509000000000000341, 2.095500000000002139 ) ) ;
#2688 = DIRECTION ( 'NONE',  ( -0.000000000000000000, 0.000000000000000000, -1.000000000000000000 ) ) ;
#2689 = PLANE ( 'NONE',  #665 ) ;
#2690 = CARTESIAN_POINT ( 'NONE',  ( -4.064000000000000057, -8.578981026812224210E-17, 2.158999999999999364 ) ) ;
#2691 = ORIENTED_EDGE ( 'NONE', *, *, #2132, .F. ) ;
#2692 = EDGE_CURVE ( 'NONE', #137, #1511, #412, .T. ) ;
#2693 = CARTESIAN_POINT ( 'NONE',  ( 1.270000000000000240, 0.5080000000000000071, 2.022881810244992806 ) ) ;
#2694 = DIRECTION ( 'NONE',  ( 1.000000000000000000, 0.000000000000000000, 0.000000000000000000 ) ) ;
#2695 = PLANE ( 'NONE',  #2779 ) ;
#2696 = AXIS2_PLACEMENT_3D ( 'NONE', #2434, #3224, #2955 ) ;
#2697 = AXIS2_PLACEMENT_3D ( 'NONE', #2017, #2857, #3088 ) ;
#2698 = ORIENTED_EDGE ( 'NONE', *, *, #401, .T. ) ;
#2699 = VECTOR ( 'NONE', #3404, 1000.000000000000000 ) ;
#2700 = PLANE ( 'NONE',  #1327 ) ;
#2701 = LINE ( 'NONE', #272, #1753 ) ;
#2702 = AXIS2_PLACEMENT_3D ( 'NONE', #1263, #1530, #2363 ) ;
#2703 = VERTEX_POINT ( 'NONE', #128 ) ;
#2704 =( GEOMETRIC_REPRESENTATION_CONTEXT ( 3 ) GLOBAL_UNCERTAINTY_ASSIGNED_CONTEXT ( ( #1491 ) ) GLOBAL_UNIT_ASSIGNED_CONTEXT ( ( #3096, #2077, #3164 ) ) REPRESENTATION_CONTEXT ( 'NONE', 'WORKASPACE' ) );
#2705 = EDGE_CURVE ( 'NONE', #2746, #3058, #2321, .T. ) ;
#2706 = ORIENTED_EDGE ( 'NONE', *, *, #554, .T. ) ;
#2707 = PLANE ( 'NONE',  #1280 ) ;
#2708 = PLANE ( 'NONE',  #264 ) ;
#2709 = CARTESIAN_POINT ( 'NONE',  ( -1.269999999999999796, -8.578981026812224210E-17, 2.158999999999999364 ) ) ;
#2710 = LINE ( 'NONE', #1900, #2182 ) ;
#2711 = ADVANCED_FACE ( 'NONE', ( #2071 ), #1481, .F. ) ;
#2712 = EDGE_LOOP ( 'NONE', ( #1820, #2484, #2867, #1256 ) ) ;
#2713 = CARTESIAN_POINT ( 'NONE',  ( 1.270000000000000240, 8.509000000000000341, 2.540000000000001812 ) ) ;
#2714 = FACE_BOUND ( 'NONE', #1009, .T. ) ;
#2715 = DIRECTION ( 'NONE',  ( 0.000000000000000000, -1.000000000000000000, 0.000000000000000000 ) ) ;
#2716 = ADVANCED_FACE ( 'NONE', ( #1214 ), #3069, .F. ) ;
#2717 = EDGE_CURVE ( 'NONE', #1543, #1721, #639, .T. ) ;
#2718 = ORIENTED_EDGE ( 'NONE', *, *, #1127, .F. ) ;
#2719 = DIRECTION ( 'NONE',  ( 0.000000000000000000, -0.9659258262890700886, 0.2588190451025140226 ) ) ;
#2720 = DIRECTION ( 'NONE',  ( -0.5773502691896267303, -0.5773502691896233996, -0.5773502691896272854 ) ) ;
#2721 = VERTEX_POINT ( 'NONE', #1497 ) ;
#2722 = EDGE_CURVE ( 'NONE', #2851, #2213, #2562, .T. ) ;
#2723 = ORIENTED_EDGE ( 'NONE', *, *, #872, .F. ) ;
#2724 = DIRECTION ( 'NONE',  ( 0.000000000000000000, -1.000000000000000000, 2.667820306312759283E-16 ) ) ;
#2725 = DIRECTION ( 'NONE',  ( 1.000000000000000000, 0.000000000000000000, 0.000000000000000000 ) ) ;
#2726 = FACE_OUTER_BOUND ( 'NONE', #2066, .T. ) ;
#2727 = CARTESIAN_POINT ( 'NONE',  ( 0.000000000000000000, 7.239000000000000767, -2.201425730935033664E-16 ) ) ;
#2728 = ORIENTED_EDGE ( 'NONE', *, *, #3005, .F. ) ;
#2729 = DIRECTION ( 'NONE',  ( -1.000000000000000000, 0.000000000000000000, 0.000000000000000000 ) ) ;
#2730 = DIRECTION ( 'NONE',  ( 0.5773502691896261751, 0.5773502691896250649, -0.5773502691896260641 ) ) ;
#2731 = ORIENTED_EDGE ( 'NONE', *, *, #3347, .F. ) ;
#2732 = FACE_OUTER_BOUND ( 'NONE', #621, .T. ) ;
#2733 =( LENGTH_UNIT ( ) NAMED_UNIT ( * ) SI_UNIT ( .MILLI., .METRE. ) );
#2734 = VERTEX_POINT ( 'NONE', #1460 ) ;
#2735 = EDGE_LOOP ( 'NONE', ( #1490, #2433, #439, #1599 ) ) ;
#2736 = AXIS2_PLACEMENT_3D ( 'NONE', #2953, #2675, #1326 ) ;
#2737 = DIRECTION ( 'NONE',  ( 0.000000000000000000, -2.251701056906096594E-16, -1.000000000000000000 ) ) ;
#2738 = ORIENTED_EDGE ( 'NONE', *, *, #2750, .F. ) ;
#2739 = COLOUR_RGB ( '',0.2509803921568627416, 0.2509803921568627416, 0.2509803921568627416 ) ;
#2740 = VECTOR ( 'NONE', #3202, 1000.000000000000000 ) ;
#2741 = DIRECTION ( 'NONE',  ( -0.000000000000000000, 0.000000000000000000, -1.000000000000000000 ) ) ;
#2742 = CARTESIAN_POINT ( 'NONE',  ( -4.064000000000000057, -8.578981026812224210E-17, 2.158999999999999364 ) ) ;
#2743 = LINE ( 'NONE', #2709, #955 ) ;
#2744 = DIRECTION ( 'NONE',  ( 0.000000000000000000, -2.251701056906096594E-16, -1.000000000000000000 ) ) ;
#2745 = AXIS2_PLACEMENT_3D ( 'NONE', #644, #1989, #116 ) ;
#2746 = VERTEX_POINT ( 'NONE', #2002 ) ;
#2747 = PLANE ( 'NONE',  #1239 ) ;
#2748 = CARTESIAN_POINT ( 'NONE',  ( -3.810000000000000053, 0.5080000000000006732, -2.022881810244994583 ) ) ;
#2749 = DIRECTION ( 'NONE',  ( 1.000000000000000000, 0.000000000000000000, -0.000000000000000000 ) ) ;
#2750 = EDGE_CURVE ( 'NONE', #3361, #1878, #2299, .T. ) ;
#2751 = VERTEX_POINT ( 'NONE', #1177 ) ;
#2752 = CARTESIAN_POINT ( 'NONE',  ( 0.3809999999999989506, 8.064499999999998892, 0.8889999999999999014 ) ) ;
#2753 = VECTOR ( 'NONE', #2413, 1000.000000000000000 ) ;
#2754 = EDGE_LOOP ( 'NONE', ( #3468, #3230, #1826, #2473 ) ) ;
#2755 = EDGE_CURVE ( 'NONE', #1147, #2178, #1233, .T. ) ;
#2756 = VECTOR ( 'NONE', #1959, 1000.000000000000000 ) ;
#2757 = AXIS2_PLACEMENT_3D ( 'NONE', #2591, #1295, #1229 ) ;
#2758 = EDGE_LOOP ( 'NONE', ( #3016, #1144, #2937, #2761 ) ) ;
#2759 = CARTESIAN_POINT ( 'NONE',  ( -1.714499999999998137, 8.509000000000000341, -2.540000000000001812 ) ) ;
#2760 = VECTOR ( 'NONE', #2331, 1000.000000000000000 ) ;
#2761 = ORIENTED_EDGE ( 'NONE', *, *, #1285, .T. ) ;
#2762 = EDGE_CURVE ( 'NONE', #1495, #2217, #1728, .T. ) ;
#2763 = AXIS2_PLACEMENT_3D ( 'NONE', #1240, #713, #2694 ) ;
#2764 = CARTESIAN_POINT ( 'NONE',  ( 4.064000000000000057, 0.5080000000000000071, 2.022881810244992806 ) ) ;
#2765 = PRODUCT_RELATED_PRODUCT_CATEGORY ( 'part', '', ( #1151 ) ) ;
#2766 = DIRECTION ( 'NONE',  ( 0.5773502691896267303, -0.5773502691896233996, -0.5773502691896272854 ) ) ;
#2767 = PLANE ( 'NONE',  #1688 ) ;
#2768 = DIRECTION ( 'NONE',  ( 0.3420201433256661594, 0.9396926207859093161, -2.747321704575235311E-16 ) ) ;
#2769 = FACE_OUTER_BOUND ( 'NONE', #1402, .T. ) ;
#2770 = VERTEX_POINT ( 'NONE', #677 ) ;
#2771 = PRESENTATION_STYLE_ASSIGNMENT (( #318 ) ) ;
#2772 = DIRECTION ( 'NONE',  ( 0.000000000000000000, 0.9659258262890700886, -0.2588190451025140781 ) ) ;
#2773 = ADVANCED_FACE ( 'NONE', ( #1252 ), #2597, .F. ) ;
#2774 = CARTESIAN_POINT ( 'NONE',  ( 2.920999999999998931, 8.064500000000002444, -1.650999999999999801 ) ) ;
#2775 = EDGE_LOOP ( 'NONE', ( #514, #1297, #1548, #21 ) ) ;
#2776 = ADVANCED_FACE ( 'NONE', ( #968 ), #2058, .F. ) ;
#2777 = CARTESIAN_POINT ( 'NONE',  ( -2.920999999999999819, 7.239000000000000767, 0.8889999999999997904 ) ) ;
#2778 = DIRECTION ( 'NONE',  ( -1.000000000000000000, -0.000000000000000000, -0.000000000000000000 ) ) ;
#2779 = AXIS2_PLACEMENT_3D ( 'NONE', #2246, #970, #1422 ) ;
#2780 = ORIENTED_EDGE ( 'NONE', *, *, #536, .T. ) ;
#2781 = CLOSED_SHELL ( 'NONE', ( #2000, #187, #1339, #2569, #2910, #1987, #2347, #184, #2973, #662, #680, #1015, #2544, #3080, #3449, #3237, #2551, #195, #1834, #2034, #1879, #2183, #2716, #2312, #2253, #1886, #642, #766 ) ) ;
#2782 = VERTEX_POINT ( 'NONE', #1749 ) ;
#2783 = DIRECTION ( 'NONE',  ( 0.000000000000000000, 0.000000000000000000, 1.000000000000000000 ) ) ;
#2784 = ORIENTED_EDGE ( 'NONE', *, *, #3189, .T. ) ;
#2785 = DIRECTION ( 'NONE',  ( 0.000000000000000000, 2.667820306312759283E-16, -1.000000000000000000 ) ) ;
#2786 = LINE ( 'NONE', #1493, #2146 ) ;
#2787 = CARTESIAN_POINT ( 'NONE',  ( 0.3809999999999989506, 7.239000000000000767, -1.651000000000000023 ) ) ;
#2788 = VERTEX_POINT ( 'NONE', #2283 ) ;
#2789 = CARTESIAN_POINT ( 'NONE',  ( 0.3810000000000000053, 0.5079999999999998961, 1.066800000000001303 ) ) ;
#2790 = LINE ( 'NONE', #2713, #1464 ) ;
#2791 = CARTESIAN_POINT ( 'NONE',  ( -4.064000000000000057, 0.000000000000000000, 2.539999999999999147 ) ) ;
#2792 = DIRECTION ( 'NONE',  ( -1.000000000000000000, 0.000000000000000000, -0.000000000000000000 ) ) ;
#2793 = EDGE_CURVE ( 'NONE', #2589, #2619, #89, .T. ) ;
#2794 = ORIENTED_EDGE ( 'NONE', *, *, #393, .T. ) ;
#2795 = CARTESIAN_POINT ( 'NONE',  ( 2.920999999999998931, 8.064499999999998892, 1.650999999999999801 ) ) ;
#2796 = LINE ( 'NONE', #916, #3265 ) ;
#2797 = PRODUCT_DEFINITION_SHAPE ( 'NONE', 'NONE',  #3508 ) ;
#2798 = VERTEX_POINT ( 'NONE', #3354 ) ;
#2799 = PLANE ( 'NONE',  #1607 ) ;
#2800 = ORIENTED_EDGE ( 'NONE', *, *, #1475, .T. ) ;
#2801 = AXIS2_PLACEMENT_3D ( 'NONE', #2152, #291, #2443 ) ;
#2802 = CARTESIAN_POINT ( 'NONE',  ( -1.269999999999999796, -8.578981026812224210E-17, 2.158999999999999364 ) ) ;
#2803 = DIRECTION ( 'NONE',  ( 0.000000000000000000, 1.000000000000000000, 0.000000000000000000 ) ) ;
#2804 = PLANE ( 'NONE',  #755 ) ;
#2805 = STYLED_ITEM ( 'NONE', ( #431 ), #293 ) ;
#2806 = ORIENTED_EDGE ( 'NONE', *, *, #1872, .T. ) ;
#2807 = EDGE_CURVE ( 'NONE', #1739, #1356, #2335, .T. ) ;
#2808 = LINE ( 'NONE', #638, #2756 ) ;
#2809 = CARTESIAN_POINT ( 'NONE',  ( -2.920999999999999819, 7.239000000000000767, 1.650999999999999801 ) ) ;
#2810 = CARTESIAN_POINT ( 'NONE',  ( -2.413000000000002476, 7.810500000000001997, -1.396999999999998465 ) ) ;
#2811 = VECTOR ( 'NONE', #3246, 1000.000000000000000 ) ;
#2812 = LINE ( 'NONE', #153, #1896 ) ;
#2813 = ADVANCED_FACE ( 'NONE', ( #982 ), #3142, .T. ) ;
#2814 = EDGE_LOOP ( 'NONE', ( #512, #3190, #3307, #2372 ) ) ;
#2815 = LINE ( 'NONE', #900, #3445 ) ;
#2816 = VERTEX_POINT ( 'NONE', #3159 ) ;
#2817 = CARTESIAN_POINT ( 'NONE',  ( -3.810000000000000053, 8.509000000000000341, -2.540000000000001812 ) ) ;
#2818 = AXIS2_PLACEMENT_3D ( 'NONE', #2090, #2463, #2206 ) ;
#2819 = EDGE_LOOP ( 'NONE', ( #2600, #483, #1070, #1392 ) ) ;
#2820 = CARTESIAN_POINT ( 'NONE',  ( 0.3809999999999998388, -2.692399999999995241, 1.473200000000000065 ) ) ;
#2821 = CARTESIAN_POINT ( 'NONE',  ( 0.3810000000000000053, -3.200400000000000134, -1.473199999999999843 ) ) ;
#2822 = ADVANCED_FACE ( 'NONE', ( #182 ), #2349, .F. ) ;
#2823 = DIRECTION ( 'NONE',  ( 0.000000000000000000, -5.691349986800550837E-16, 1.000000000000000000 ) ) ;
#2824 = VERTEX_POINT ( 'NONE', #2640 ) ;
#2825 = VECTOR ( 'NONE', #1932, 1000.000000000000114 ) ;
#2826 = FACE_OUTER_BOUND ( 'NONE', #2381, .T. ) ;
#2827 = CARTESIAN_POINT ( 'NONE',  ( -2.159000000000001140, 8.064500000000002444, -0.8890000000000001235 ) ) ;
#2828 = DIRECTION ( 'NONE',  ( -0.000000000000000000, 1.000000000000000000, 1.733406087350420004E-16 ) ) ;
#2829 = AXIS2_PLACEMENT_3D ( 'NONE', #3397, #2327, #2063 ) ;
#2830 = PLANE ( 'NONE',  #3193 ) ;
#2831 = EDGE_CURVE ( 'NONE', #478, #1830, #3422, .T. ) ;
#2832 = ORIENTED_EDGE ( 'NONE', *, *, #247, .T. ) ;
#2833 = CARTESIAN_POINT ( 'NONE',  ( -2.920999999999999819, 8.064499999999998892, 1.651000000000000023 ) ) ;
#2834 = EDGE_CURVE ( 'NONE', #2274, #2653, #2110, .T. ) ;
#2835 = ORIENTED_EDGE ( 'NONE', *, *, #1709, .T. ) ;
#2836 = EDGE_CURVE ( 'NONE', #200, #1147, #3204, .T. ) ;
#2837 = DIRECTION ( 'NONE',  ( -1.000000000000000000, -0.000000000000000000, 0.000000000000000000 ) ) ;
#2838 = VERTEX_POINT ( 'NONE', #2089 ) ;
#2839 = ORIENTED_EDGE ( 'NONE', *, *, #3122, .F. ) ;
#2840 = DIRECTION ( 'NONE',  ( 0.3420201433256661594, 0.9396926207859093161, 2.747321704575235311E-16 ) ) ;
#2841 = PLANE ( 'NONE',  #384 ) ;
#2842 = DIRECTION ( 'NONE',  ( 0.000000000000000000, -0.7071067811865499042, 0.7071067811865451302 ) ) ;
#2843 = ORIENTED_EDGE ( 'NONE', *, *, #2208, .F. ) ;
#2844 = DIRECTION ( 'NONE',  ( -1.000000000000000000, 0.000000000000000000, 0.000000000000000000 ) ) ;
#2845 = DIRECTION ( 'NONE',  ( -1.000000000000000000, 0.000000000000000000, -0.000000000000000000 ) ) ;
#2846 = DIRECTION ( 'NONE',  ( 0.000000000000000000, 1.733406087350420004E-16, -1.000000000000000000 ) ) ;
#2847 = DIRECTION ( 'NONE',  ( 1.000000000000000000, 0.000000000000000000, -0.000000000000000000 ) ) ;
#2848 = ORIENTED_EDGE ( 'NONE', *, *, #3326, .T. ) ;
#2849 = DIRECTION ( 'NONE',  ( -1.000000000000000000, -0.000000000000000000, -0.000000000000000000 ) ) ;
#2850 = PLANE ( 'NONE',  #2082 ) ;
#2851 = VERTEX_POINT ( 'NONE', #2153 ) ;
#2852 = VERTEX_POINT ( 'NONE', #730 ) ;
#2853 = DIRECTION ( 'NONE',  ( -1.000000000000000000, -0.000000000000000000, -0.000000000000000000 ) ) ;
#2854 = CARTESIAN_POINT ( 'NONE',  ( 0.8255000000000002336, 8.509000000000000341, -0.4444999999999983409 ) ) ;
#2855 = EDGE_LOOP ( 'NONE', ( #2232, #1759, #2992, #2566 ) ) ;
#2856 = DIRECTION ( 'NONE',  ( -0.000000000000000000, 1.000000000000000000, 1.733406087350420004E-16 ) ) ;
#2857 = DIRECTION ( 'NONE',  ( -0.000000000000000000, -0.7071067811865501263, -0.7071067811865449082 ) ) ;
#2858 = CARTESIAN_POINT ( 'NONE',  ( 0.3810000000000000053, 0.5079999999999997851, -1.473200000000000953 ) ) ;
#2859 = AXIS2_PLACEMENT_3D ( 'NONE', #1652, #2464, #29 ) ;
#2860 = CARTESIAN_POINT ( 'NONE',  ( -1.714499999999999913, 8.509000000000000341, -0.4444999999999983409 ) ) ;
#2861 = ORIENTED_EDGE ( 'NONE', *, *, #1393, .T. ) ;
#2862 = VECTOR ( 'NONE', #2423, 1000.000000000000000 ) ;
#2863 = DIRECTION ( 'NONE',  ( 0.000000000000000000, 5.691349986800550837E-16, -1.000000000000000000 ) ) ;
#2864 = EDGE_CURVE ( 'NONE', #1075, #599, #1822, .T. ) ;
#2865 = COLOUR_RGB ( '',0.2509803921568627416, 0.2509803921568627416, 0.2509803921568627416 ) ;
#2866 = DIRECTION ( 'NONE',  ( -1.000000000000000000, -0.000000000000000000, -0.000000000000000000 ) ) ;
#2867 = ORIENTED_EDGE ( 'NONE', *, *, #2199, .F. ) ;
#2868 = EDGE_CURVE ( 'NONE', #1968, #2274, #474, .T. ) ;
#2869 = ORIENTED_EDGE ( 'NONE', *, *, #1216, .F. ) ;
#2870 = CARTESIAN_POINT ( 'NONE',  ( 4.064000000000000057, -8.578981026812224210E-17, 2.158999999999999364 ) ) ;
#2871 = DIRECTION ( 'NONE',  ( -1.000000000000000000, -0.000000000000000000, -0.000000000000000000 ) ) ;
#2872 = VECTOR ( 'NONE', #1899, 1000.000000000000114 ) ;
#2873 = EDGE_CURVE ( 'NONE', #607, #1335, #2120, .T. ) ;
#2874 = ORIENTED_EDGE ( 'NONE', *, *, #1991, .F. ) ;
#2875 = VECTOR ( 'NONE', #928, 1000.000000000000000 ) ;
#2876 = PRODUCT_DEFINITION ( 'UNKNOWN', '', #2378, #1740 ) ;
#2877 = AXIS2_PLACEMENT_3D ( 'NONE', #923, #1416, #3083 ) ;
#2878 = DIRECTION ( 'NONE',  ( -0.000000000000000000, 1.000000000000000000, 1.733406087350420004E-16 ) ) ;
#2879 = DIRECTION ( 'NONE',  ( 0.000000000000000000, 2.251701056906096594E-16, 1.000000000000000000 ) ) ;
#2880 = DIRECTION ( 'NONE',  ( -1.000000000000000000, -0.000000000000000000, -0.000000000000000000 ) ) ;
#2881 = LINE ( 'NONE', #1669, #1276 ) ;
#2882 = VECTOR ( 'NONE', #2840, 1000.000000000000114 ) ;
#2883 = EDGE_CURVE ( 'NONE', #966, #2788, #2951, .T. ) ;
#2884 = ORIENTED_EDGE ( 'NONE', *, *, #3356, .F. ) ;
#2885 = CARTESIAN_POINT ( 'NONE',  ( -3.365500000000003045, 8.509000000000000341, -2.540000000000001812 ) ) ;
#2886 =( NAMED_UNIT ( * ) SI_UNIT ( $, .STERADIAN. ) SOLID_ANGLE_UNIT ( ) );
#2887 = CARTESIAN_POINT ( 'NONE',  ( 1.270000000000000240, 8.509000000000000341, 0.4444999999999970086 ) ) ;
#2888 = ORIENTED_EDGE ( 'NONE', *, *, #233, .T. ) ;
#2889 = ORIENTED_EDGE ( 'NONE', *, *, #3022, .F. ) ;
#2890 = FACE_OUTER_BOUND ( 'NONE', #1815, .T. ) ;
#2891 = FACE_OUTER_BOUND ( 'NONE', #991, .T. ) ;
#2892 = VERTEX_POINT ( 'NONE', #1583 ) ;
#2893 = DIRECTION ( 'NONE',  ( 0.000000000000000000, 0.000000000000000000, 1.000000000000000000 ) ) ;
#2894 = CARTESIAN_POINT ( 'NONE',  ( 3.810000000000000053, 8.509000000000000341, 2.540000000000001812 ) ) ;
#2895 = DIRECTION ( 'NONE',  ( -0.000000000000000000, 1.019346266292635338E-16, 1.000000000000000000 ) ) ;
#2896 = DIRECTION ( 'NONE',  ( 0.000000000000000000, 0.000000000000000000, -1.000000000000000000 ) ) ;
#2897 = ORIENTED_EDGE ( 'NONE', *, *, #3170, .F. ) ;
#2898 = EDGE_CURVE ( 'NONE', #3433, #844, #1048, .T. ) ;
#2899 = DIRECTION ( 'NONE',  ( 0.000000000000000000, 0.000000000000000000, -1.000000000000000000 ) ) ;
#2900 = SHAPE_REPRESENTATION_RELATIONSHIP ( 'NONE' , 'NONE' ,  #1812, #565 ) ;
#2901 = LINE ( 'NONE', #2946, #201 ) ;
#2902 = VERTEX_POINT ( 'NONE', #2894 ) ;
#2903 = LINE ( 'NONE', #1028, #1465 ) ;
#2904 = EDGE_CURVE ( 'NONE', #1672, #2608, #780, .T. ) ;
#2905 = ORIENTED_EDGE ( 'NONE', *, *, #148, .F. ) ;
#2906 = CARTESIAN_POINT ( 'NONE',  ( -1.714499999999999913, 8.509000000000000341, -2.540000000000001812 ) ) ;
#2907 = LINE ( 'NONE', #1836, #3156 ) ;
#2908 = FACE_OUTER_BOUND ( 'NONE', #163, .T. ) ;
#2909 = DIRECTION ( 'NONE',  ( -1.000000000000000000, -0.000000000000000000, -0.000000000000000000 ) ) ;
#2910 = ADVANCED_FACE ( 'NONE', ( #225 ), #1313, .F. ) ;
#2911 = ORIENTED_EDGE ( 'NONE', *, *, #100, .F. ) ;
#2912 = AXIS2_PLACEMENT_3D ( 'NONE', #3042, #3000, #573 ) ;
#2913 =( LENGTH_UNIT ( ) NAMED_UNIT ( * ) SI_UNIT ( .MILLI., .METRE. ) );
#2914 = VECTOR ( 'NONE', #2040, 1000.000000000000000 ) ;
#2915 = EDGE_CURVE ( 'NONE', #2151, #1622, #197, .T. ) ;
#2916 = PLANE ( 'NONE',  #23 ) ;
#2917 = STYLED_ITEM ( 'NONE', ( #1716 ), #1446 ) ;
#2918 = EDGE_LOOP ( 'NONE', ( #2603, #1474, #3266, #353 ) ) ;
#2919 = CARTESIAN_POINT ( 'NONE',  ( 1.270000000000000240, 0.000000000000000000, 2.539999999999999147 ) ) ;
#2920 = ORIENTED_EDGE ( 'NONE', *, *, #2028, .F. ) ;
#2921 = VERTEX_POINT ( 'NONE', #1869 ) ;
#2922 = EDGE_CURVE ( 'NONE', #2838, #2011, #3484, .T. ) ;
#2923 = LINE ( 'NONE', #3408, #701 ) ;
#2924 = CARTESIAN_POINT ( 'NONE',  ( -2.159000000000001140, 8.064499999999998892, 1.650999999999999801 ) ) ;
#2925 = CARTESIAN_POINT ( 'NONE',  ( 3.810000000000000053, 8.509000000000000341, 2.540000000000001812 ) ) ;
#2926 = CARTESIAN_POINT ( 'NONE',  ( -1.269999999999999796, 8.509000000000000341, 2.095500000000002139 ) ) ;
#2927 = VECTOR ( 'NONE', #3353, 1000.000000000000000 ) ;
#2928 = VECTOR ( 'NONE', #1594, 1000.000000000000000 ) ;
#2929 = VERTEX_POINT ( 'NONE', #508 ) ;
#2930 = EDGE_CURVE ( 'NONE', #2529, #2838, #2907, .T. ) ;
#2931 = AXIS2_PLACEMENT_3D ( 'NONE', #557, #2205, #2725 ) ;
#2932 = PRODUCT_DEFINITION_FORMATION_WITH_SPECIFIED_SOURCE ( 'ANY', '', #1370, .NOT_KNOWN. ) ;
#2933 = DIRECTION ( 'NONE',  ( 0.000000000000000000, 0.000000000000000000, -1.000000000000000000 ) ) ;
#2934 = ORIENTED_EDGE ( 'NONE', *, *, #1765, .T. ) ;
#2935 = PLANE ( 'NONE',  #2261 ) ;
#2936 = ORIENTED_EDGE ( 'NONE', *, *, #657, .T. ) ;
#2937 = ORIENTED_EDGE ( 'NONE', *, *, #2620, .T. ) ;
#2938 = PLANE ( 'NONE',  #2245 ) ;
#2939 = CARTESIAN_POINT ( 'NONE',  ( -2.159000000000001140, 7.239000000000000767, 1.650999999999999801 ) ) ;
#2940 = DIRECTION ( 'NONE',  ( 0.000000000000000000, -0.9659258262890700886, 0.2588190451025140781 ) ) ;
#2941 = PLANE ( 'NONE',  #1734 ) ;
#2942 = VECTOR ( 'NONE', #1141, 1000.000000000000000 ) ;
#2943 = ORIENTED_EDGE ( 'NONE', *, *, #2960, .F. ) ;
#2944 = CARTESIAN_POINT ( 'NONE',  ( -3.810000000000000053, 6.505213034913026604E-16, -2.540000000000000924 ) ) ;
#2945 = ORIENTED_EDGE ( 'NONE', *, *, #919, .T. ) ;
#2946 = CARTESIAN_POINT ( 'NONE',  ( -4.064000000000000057, 0.5080000000000000071, 2.022881810244992806 ) ) ;
#2947 = DIRECTION ( 'NONE',  ( 0.000000000000000000, 0.000000000000000000, -1.000000000000000000 ) ) ;
#2948 = ORIENTED_EDGE ( 'NONE', *, *, #2288, .T. ) ;
#2949 = ORIENTED_EDGE ( 'NONE', *, *, #941, .F. ) ;
#2950 = DIRECTION ( 'NONE',  ( 1.000000000000000000, 0.000000000000000000, 0.000000000000000000 ) ) ;
#2951 = LINE ( 'NONE', #3442, #3488 ) ;
#2952 = DIRECTION ( 'NONE',  ( 0.000000000000000000, -0.9659258262890701996, -0.2588190451025140226 ) ) ;
#2953 = CARTESIAN_POINT ( 'NONE',  ( 1.270000000000000240, 8.509000000000000341, -2.540000000000001812 ) ) ;
#2954 = ORIENTED_EDGE ( 'NONE', *, *, #1131, .F. ) ;
#2955 = DIRECTION ( 'NONE',  ( -0.000000000000000000, 0.000000000000000000, 1.000000000000000000 ) ) ;
#2956 = APPLICATION_PROTOCOL_DEFINITION ( 'draft international standard', 'automotive_design', 1998, #1547 ) ;
#2957 = CARTESIAN_POINT ( 'NONE',  ( 3.810000000000000497, 4.336808689942017736E-16, -2.159000000000001140 ) ) ;
#2958 = VECTOR ( 'NONE', #3254, 1000.000000000000000 ) ;
#2959 = VERTEX_POINT ( 'NONE', #2673 ) ;
#2960 = EDGE_CURVE ( 'NONE', #1086, #1056, #3173, .T. ) ;
#2961 = DIRECTION ( 'NONE',  ( -1.000000000000000000, -0.000000000000000000, -0.000000000000000000 ) ) ;
#2962 = DIRECTION ( 'NONE',  ( 0.9396926207859093161, 0.3420201433256662149, 0.000000000000000000 ) ) ;
#2963 = MECHANICAL_DESIGN_GEOMETRIC_PRESENTATION_REPRESENTATION (  '', ( #2805 ), #2356 ) ;
#2964 = ORIENTED_EDGE ( 'NONE', *, *, #1346, .F. ) ;
#2965 = AXIS2_PLACEMENT_3D ( 'NONE', #3482, #275, #2672 ) ;
#2966 = EDGE_CURVE ( 'NONE', #3268, #1110, #1883, .T. ) ;
#2967 = ORIENTED_EDGE ( 'NONE', *, *, #2288, .F. ) ;
#2968 = LINE ( 'NONE', #791, #1384 ) ;
#2969 = FACE_OUTER_BOUND ( 'NONE', #2455, .T. ) ;
#2970 = CARTESIAN_POINT ( 'NONE',  ( 0.3810000000000000053, -2.692399999999994797, 1.066800000000000637 ) ) ;
#2971 = LINE ( 'NONE', #510, #1846 ) ;
#2972 = ADVANCED_FACE ( 'NONE', ( #2969 ), #2708, .F. ) ;
#2973 = ADVANCED_FACE ( 'NONE', ( #2498 ), #1955, .T. ) ;
#2974 = VERTEX_POINT ( 'NONE', #1375 ) ;
#2975 = FACE_OUTER_BOUND ( 'NONE', #280, .T. ) ;
#2976 = LINE ( 'NONE', #3259, #2491 ) ;
#2977 = AXIS2_PLACEMENT_3D ( 'NONE', #1730, #1215, #2300 ) ;
#2978 = EDGE_CURVE ( 'NONE', #2026, #1544, #257, .T. ) ;
#2979 = EDGE_CURVE ( 'NONE', #1710, #3283, #808, .T. ) ;
#2980 = ORIENTED_EDGE ( 'NONE', *, *, #2836, .T. ) ;
#2981 = VECTOR ( 'NONE', #3105, 1000.000000000000000 ) ;
#2982 = PLANE ( 'NONE',  #760 ) ;
#2983 = DIRECTION ( 'NONE',  ( -0.000000000000000000, 1.000000000000000000, 1.733406087350420004E-16 ) ) ;
#2984 = VECTOR ( 'NONE', #1369, 1000.000000000000000 ) ;
#2985 = ORIENTED_EDGE ( 'NONE', *, *, #2645, .T. ) ;
#2986 = ORIENTED_EDGE ( 'NONE', *, *, #1570, .F. ) ;
#2987 = EDGE_CURVE ( 'NONE', #2437, #1878, #276, .T. ) ;
#2988 = LINE ( 'NONE', #1632, #3373 ) ;
#2989 = PLANE ( 'NONE',  #2931 ) ;
#2990 = DIRECTION ( 'NONE',  ( -1.000000000000000000, -0.000000000000000000, -0.000000000000000000 ) ) ;
#2991 = DIRECTION ( 'NONE',  ( 0.000000000000000000, 2.251701056906096594E-16, 1.000000000000000000 ) ) ;
#2992 = ORIENTED_EDGE ( 'NONE', *, *, #3011, .T. ) ;
#2993 = CARTESIAN_POINT ( 'NONE',  ( 1.270000000000000240, 8.509000000000000341, 2.095500000000002139 ) ) ;
#2994 = DIRECTION ( 'NONE',  ( 0.000000000000000000, -0.000000000000000000, -1.000000000000000000 ) ) ;
#2995 = ORIENTED_EDGE ( 'NONE', *, *, #2609, .F. ) ;
#2996 = LINE ( 'NONE', #800, #2304 ) ;
#2997 = PLANE ( 'NONE',  #1294 ) ;
#2998 = ORIENTED_EDGE ( 'NONE', *, *, #1927, .F. ) ;
#2999 = ORIENTED_EDGE ( 'NONE', *, *, #2492, .T. ) ;
#3000 = DIRECTION ( 'NONE',  ( 1.000000000000000000, 0.000000000000000000, -0.000000000000000000 ) ) ;
#3001 = ORIENTED_EDGE ( 'NONE', *, *, #3165, .T. ) ;
#3002 = DIRECTION ( 'NONE',  ( 0.5773502691896266192, 0.5773502691896232886, -0.5773502691896275074 ) ) ;
#3003 = CARTESIAN_POINT ( 'NONE',  ( 3.810000000000000497, 8.509000000000000341, -2.540000000000001812 ) ) ;
#3004 = LINE ( 'NONE', #578, #3101 ) ;
#3005 = EDGE_CURVE ( 'NONE', #1024, #2734, #2444, .T. ) ;
#3006 = LINE ( 'NONE', #810, #1220 ) ;
#3007 = ORIENTED_EDGE ( 'NONE', *, *, #3015, .T. ) ;
#3008 = SURFACE_STYLE_FILL_AREA ( #298 ) ;
#3009 = LINE ( 'NONE', #2677, #2535 ) ;
#3010 = DIRECTION ( 'NONE',  ( 0.000000000000000000, 3.058038798877906014E-16, -1.000000000000000000 ) ) ;
#3011 = EDGE_CURVE ( 'NONE', #2359, #2619, #27, .T. ) ;
#3012 = ORIENTED_EDGE ( 'NONE', *, *, #2762, .T. ) ;
#3013 = DIRECTION ( 'NONE',  ( 1.000000000000000000, 0.000000000000000000, 0.000000000000000000 ) ) ;
#3014 = DIRECTION ( 'NONE',  ( 0.000000000000000000, -1.607907343367028359E-16, 1.000000000000000000 ) ) ;
#3015 = EDGE_CURVE ( 'NONE', #1715, #2824, #1361, .T. ) ;
#3016 = ORIENTED_EDGE ( 'NONE', *, *, #1255, .T. ) ;
#3017 = EDGE_CURVE ( 'NONE', #135, #2824, #3274, .T. ) ;
#3018 = ORIENTED_EDGE ( 'NONE', *, *, #1208, .F. ) ;
#3019 = VECTOR ( 'NONE', #3172, 999.9999999999998863 ) ;
#3020 = CARTESIAN_POINT ( 'NONE',  ( -2.920999999999999819, 8.064500000000002444, -1.650999999999999801 ) ) ;
#3021 = ORIENTED_EDGE ( 'NONE', *, *, #2511, .T. ) ;
#3022 = EDGE_CURVE ( 'NONE', #2619, #180, #3252, .T. ) ;
#3023 = MECHANICAL_DESIGN_GEOMETRIC_PRESENTATION_REPRESENTATION (  '', ( #2917 ), #763 ) ;
#3024 = DIRECTION ( 'NONE',  ( 0.000000000000000000, 0.000000000000000000, -1.000000000000000000 ) ) ;
#3025 = CARTESIAN_POINT ( 'NONE',  ( 2.666999999999998039, 7.810500000000001997, -1.396999999999998465 ) ) ;
#3026 = LINE ( 'NONE', #2575, #543 ) ;
#3027 = DIRECTION ( 'NONE',  ( 0.000000000000000000, 5.691349986800550837E-16, -1.000000000000000000 ) ) ;
#3028 = ADVANCED_FACE ( 'NONE', ( #1114 ), #2989, .F. ) ;
#3029 = DIRECTION ( 'NONE',  ( 0.000000000000000000, -1.000000000000000000, -1.733406087350420004E-16 ) ) ;
#3030 = EDGE_LOOP ( 'NONE', ( #2507, #1776, #3490, #61 ) ) ;
#3031 = FILL_AREA_STYLE_COLOUR ( '', #3206 ) ;
#3032 = LINE ( 'NONE', #3298, #2592 ) ;
#3033 = FACE_OUTER_BOUND ( 'NONE', #1866, .T. ) ;
#3034 = EDGE_LOOP ( 'NONE', ( #2986, #3271, #2512, #2271 ) ) ;
#3035 = PLANE ( 'NONE',  #1793 ) ;
#3036 = LINE ( 'NONE', #2273, #1466 ) ;
#3037 = VECTOR ( 'NONE', #226, 1000.000000000000000 ) ;
#3038 = VERTEX_POINT ( 'NONE', #849 ) ;
#3039 = VECTOR ( 'NONE', #3110, 1000.000000000000000 ) ;
#3040 = VECTOR ( 'NONE', #2031, 1000.000000000000000 ) ;
#3041 = ORIENTED_EDGE ( 'NONE', *, *, #2635, .T. ) ;
#3042 = CARTESIAN_POINT ( 'NONE',  ( 1.270000000000000240, 0.000000000000000000, 0.000000000000000000 ) ) ;
#3043 = VECTOR ( 'NONE', #671, 1000.000000000000000 ) ;
#3044 = ORIENTED_EDGE ( 'NONE', *, *, #85, .F. ) ;
#3045 = PRODUCT_DEFINITION_FORMATION_WITH_SPECIFIED_SOURCE ( 'ANY', '', #1151, .NOT_KNOWN. ) ;
#3046 = CARTESIAN_POINT ( 'NONE',  ( -3.810000000000000053, 0.5080000000000000071, 2.022881810244992806 ) ) ;
#3047 = LINE ( 'NONE', #1609, #2477 ) ;
#3048 = FACE_OUTER_BOUND ( 'NONE', #2651, .T. ) ;
#3049 = CARTESIAN_POINT ( 'NONE',  ( -2.920999999999999819, 8.064500000000002444, -0.8890000000000001235 ) ) ;
#3050 = ORIENTED_EDGE ( 'NONE', *, *, #2097, .T. ) ;
#3051 = PLANE ( 'NONE',  #1395 ) ;
#3052 = CARTESIAN_POINT ( 'NONE',  ( 3.810000000000000497, 8.509000000000000341, 0.4444999999999970086 ) ) ;
#3053 = CARTESIAN_POINT ( 'NONE',  ( -0.3810000000000000053, -2.692399999999994797, 1.473200000000000065 ) ) ;
#3054 = DIRECTION ( 'NONE',  ( 0.000000000000000000, 1.000000000000000000, 3.058038798877906014E-16 ) ) ;
#3055 = ORIENTED_EDGE ( 'NONE', *, *, #1942, .T. ) ;
#3056 =( NAMED_UNIT ( * ) SI_UNIT ( $, .STERADIAN. ) SOLID_ANGLE_UNIT ( ) );
#3057 = DIRECTION ( 'NONE',  ( 0.000000000000000000, -1.000000000000000000, -1.733406087350420004E-16 ) ) ;
#3058 = VERTEX_POINT ( 'NONE', #292 ) ;
#3059 = CLOSED_SHELL ( 'NONE', ( #2451, #996, #1614, #880, #145, #925, #1405, #2711, #25, #1455 ) ) ;
#3060 = PLANE ( 'NONE',  #2353 ) ;
#3061 = EDGE_CURVE ( 'NONE', #3116, #1424, #1939, .T. ) ;
#3062 = ORIENTED_EDGE ( 'NONE', *, *, #2106, .F. ) ;
#3063 = CARTESIAN_POINT ( 'NONE',  ( -1.269999999999999796, -8.578981026812224210E-17, 2.158999999999999364 ) ) ;
#3064 = CARTESIAN_POINT ( 'NONE',  ( -0.3809999999999998388, 7.239000000000000767, -0.8890000000000001235 ) ) ;
#3065 = PLANE ( 'NONE',  #1604 ) ;
#3066 = EDGE_CURVE ( 'NONE', #2529, #1110, #1667, .T. ) ;
#3067 = ORIENTED_EDGE ( 'NONE', *, *, #92, .T. ) ;
#3068 = DIRECTION ( 'NONE',  ( 0.000000000000000000, 1.000000000000000000, -1.019346266292635338E-16 ) ) ;
#3069 = PLANE ( 'NONE',  #1117 ) ;
#3070 = PLANE ( 'NONE',  #2977 ) ;
#3071 = DIRECTION ( 'NONE',  ( -0.000000000000000000, 0.000000000000000000, 1.000000000000000000 ) ) ;
#3072 = ORIENTED_EDGE ( 'NONE', *, *, #393, .F. ) ;
#3073 = SURFACE_SIDE_STYLE ('',( #3128 ) ) ;
#3074 = DIRECTION ( 'NONE',  ( -0.000000000000000000, 1.000000000000000000, 1.733406087350420004E-16 ) ) ;
#3075 = ORIENTED_EDGE ( 'NONE', *, *, #241, .T. ) ;
#3076 = ADVANCED_FACE ( 'NONE', ( #2480 ), #2221, .F. ) ;
#3077 = DIRECTION ( 'NONE',  ( 1.000000000000000000, 0.000000000000000000, 0.000000000000000000 ) ) ;
#3078 = ORIENTED_EDGE ( 'NONE', *, *, #1936, .T. ) ;
#3079 = VECTOR ( 'NONE', #311, 1000.000000000000000 ) ;
#3080 = ADVANCED_FACE ( 'NONE', ( #864 ), #594, .F. ) ;
#3081 = UNCERTAINTY_MEASURE_WITH_UNIT (LENGTH_MEASURE( 1.000000000000000082E-05 ), #2733, 'distance_accuracy_value', 'NONE');
#3082 = LINE ( 'NONE', #2802, #1810 ) ;
#3083 = DIRECTION ( 'NONE',  ( 0.000000000000000000, 1.000000000000000000, 3.058038798877906014E-16 ) ) ;
#3084 = FACE_OUTER_BOUND ( 'NONE', #308, .T. ) ;
#3085 = AXIS2_PLACEMENT_3D ( 'NONE', #2005, #2792, #3071 ) ;
#3086 = VERTEX_POINT ( 'NONE', #1154 ) ;
#3087 = CARTESIAN_POINT ( 'NONE',  ( -2.920999999999999819, 7.239000000000000767, 1.650999999999999801 ) ) ;
#3088 = DIRECTION ( 'NONE',  ( -1.000000000000000000, 0.000000000000000000, 0.000000000000000000 ) ) ;
#3089 = EDGE_CURVE ( 'NONE', #1799, #1110, #2168, .T. ) ;
#3090 = CARTESIAN_POINT ( 'NONE',  ( 1.270000000000000240, 0.5080000000000006732, -2.022881810244994583 ) ) ;
#3091 = VECTOR ( 'NONE', #716, 1000.000000000000000 ) ;
#3092 = PLANE ( 'NONE',  #2631 ) ;
#3093 = EDGE_CURVE ( 'NONE', #1943, #2721, #3047, .T. ) ;
#3094 = ORIENTED_EDGE ( 'NONE', *, *, #3222, .F. ) ;
#3095 = PLANE ( 'NONE',  #2134 ) ;
#3096 =( LENGTH_UNIT ( ) NAMED_UNIT ( * ) SI_UNIT ( .MILLI., .METRE. ) );
#3097 = EDGE_CURVE ( 'NONE', #914, #1434, #922, .T. ) ;
#3098 = VERTEX_POINT ( 'NONE', #3063 ) ;
#3099 = ORIENTED_EDGE ( 'NONE', *, *, #230, .F. ) ;
#3100 = VECTOR ( 'NONE', #3297, 1000.000000000000000 ) ;
#3101 = VECTOR ( 'NONE', #3236, 1000.000000000000000 ) ;
#3102 = ORIENTED_EDGE ( 'NONE', *, *, #501, .F. ) ;
#3103 = VECTOR ( 'NONE', #3074, 1000.000000000000000 ) ;
#3104 = CARTESIAN_POINT ( 'NONE',  ( -2.159000000000001140, 8.064499999999998892, 0.8889999999999999014 ) ) ;
#3105 = DIRECTION ( 'NONE',  ( 0.000000000000000000, -1.000000000000000000, 1.019346266292635338E-16 ) ) ;
#3106 = CARTESIAN_POINT ( 'NONE',  ( -2.920999999999999819, 8.064500000000002444, -0.8890000000000000124 ) ) ;
#3107 = VERTEX_POINT ( 'NONE', #3104 ) ;
#3108 = VECTOR ( 'NONE', #2230, 999.9999999999998863 ) ;
#3109 = LINE ( 'NONE', #1748, #1629 ) ;
#3110 = DIRECTION ( 'NONE',  ( 0.000000000000000000, -1.000000000000000000, -3.058038798877906014E-16 ) ) ;
#3111 = CARTESIAN_POINT ( 'NONE',  ( -3.810000000000000053, 8.509000000000000341, -2.540000000000001812 ) ) ;
#3112 = CARTESIAN_POINT ( 'NONE',  ( 2.920999999999998931, 7.239000000000000767, -0.8890000000000001235 ) ) ;
#3113 = ORIENTED_EDGE ( 'NONE', *, *, #288, .T. ) ;
#3114 = CARTESIAN_POINT ( 'NONE',  ( 1.270000000000000240, 8.509000000000000341, 2.540000000000001812 ) ) ;
#3115 = DIRECTION ( 'NONE',  ( 0.000000000000000000, -1.000000000000000000, -3.058038798877906014E-16 ) ) ;
#3116 = VERTEX_POINT ( 'NONE', #83 ) ;
#3117 = VERTEX_POINT ( 'NONE', #2539 ) ;
#3118 = DIRECTION ( 'NONE',  ( 0.000000000000000000, 5.691349986800550837E-16, -1.000000000000000000 ) ) ;
#3119 = CARTESIAN_POINT ( 'NONE',  ( 0.3810000000000000053, -3.200400000000000134, 1.473199999999999843 ) ) ;
#3120 = PLANE ( 'NONE',  #3473 ) ;
#3121 = VERTEX_POINT ( 'NONE', #3349 ) ;
#3122 = EDGE_CURVE ( 'NONE', #172, #984, #1171, .T. ) ;
#3123 = CARTESIAN_POINT ( 'NONE',  ( 4.064000000000000057, 6.505213034913026604E-16, -2.540000000000000924 ) ) ;
#3124 = FACE_OUTER_BOUND ( 'NONE', #1443, .T. ) ;
#3125 = LINE ( 'NONE', #2925, #774 ) ;
#3126 = DIRECTION ( 'NONE',  ( 0.000000000000000000, -5.691349986800550837E-16, 1.000000000000000000 ) ) ;
#3127 = ORIENTED_EDGE ( 'NONE', *, *, #2004, .F. ) ;
#3128 = SURFACE_STYLE_FILL_AREA ( #2044 ) ;
#3129 = ADVANCED_FACE ( 'NONE', ( #107 ), #3330, .F. ) ;
#3130 = SURFACE_STYLE_FILL_AREA ( #2339 ) ;
#3131 = CARTESIAN_POINT ( 'NONE',  ( -1.269999999999999796, 0.5080000000000006732, -2.022881810244994583 ) ) ;
#3132 = EDGE_CURVE ( 'NONE', #1056, #1532, #688, .T. ) ;
#3133 = ORIENTED_EDGE ( 'NONE', *, *, #2904, .T. ) ;
#3134 = EDGE_CURVE ( 'NONE', #1672, #1639, #2518, .T. ) ;
#3135 = ORIENTED_EDGE ( 'NONE', *, *, #1845, .T. ) ;
#3136 = CARTESIAN_POINT ( 'NONE',  ( -0.3809999999999998388, 8.064500000000002444, -0.8890000000000001235 ) ) ;
#3137 = PLANE ( 'NONE',  #1338 ) ;
#3138 = SHAPE_REPRESENTATION ( 'NPPC032LFBN-RC', ( #960, #2763, #1122, #1527, #1018 ), #901 ) ;
#3139 = VERTEX_POINT ( 'NONE', #1247 ) ;
#3140 = EDGE_CURVE ( 'NONE', #1424, #592, #653, .T. ) ;
#3141 = LINE ( 'NONE', #2906, #2404 ) ;
#3142 = PLANE ( 'NONE',  #719 ) ;
#3143 = CARTESIAN_POINT ( 'NONE',  ( 4.064000000000000057, 0.5080000000000006732, -2.022881810244994583 ) ) ;
#3144 = AXIS2_PLACEMENT_3D ( 'NONE', #3106, #2842, #620 ) ;
#3145 = ORIENTED_EDGE ( 'NONE', *, *, #3347, .T. ) ;
#3146 = AXIS2_PLACEMENT_3D ( 'NONE', #3469, #826, #537 ) ;
#3147 = MECHANICAL_DESIGN_GEOMETRIC_PRESENTATION_REPRESENTATION (  '', ( #1449 ), #1616 ) ;
#3148 = LINE ( 'NONE', #2652, #248 ) ;
#3149 = VERTEX_POINT ( 'NONE', #389 ) ;
#3150 = ORIENTED_EDGE ( 'NONE', *, *, #805, .F. ) ;
#3151 = DIRECTION ( 'NONE',  ( 0.000000000000000000, 0.000000000000000000, -1.000000000000000000 ) ) ;
#3152 = FACE_OUTER_BOUND ( 'NONE', #2133, .T. ) ;
#3153 = VECTOR ( 'NONE', #1082, 1000.000000000000000 ) ;
#3154 = ORIENTED_EDGE ( 'NONE', *, *, #2366, .F. ) ;
#3155 = EDGE_CURVE ( 'NONE', #3419, #2415, #2262, .T. ) ;
#3156 = VECTOR ( 'NONE', #1593, 1000.000000000000000 ) ;
#3157 = AXIS2_PLACEMENT_3D ( 'NONE', #1308, #3466, #1043 ) ;
#3158 = PLANE ( 'NONE',  #194 ) ;
#3159 = CARTESIAN_POINT ( 'NONE',  ( 4.064000000000000057, 8.509000000000000341, 2.540000000000001812 ) ) ;
#3160 = DIRECTION ( 'NONE',  ( 0.000000000000000000, 0.000000000000000000, -1.000000000000000000 ) ) ;
#3161 = VECTOR ( 'NONE', #723, 1000.000000000000000 ) ;
#3162 = COLOUR_RGB ( '',1.000000000000000000, 0.8117647058823529438, 0.5019607843137254832 ) ;
#3163 = ORIENTED_EDGE ( 'NONE', *, *, #2922, .T. ) ;
#3164 =( NAMED_UNIT ( * ) SI_UNIT ( $, .STERADIAN. ) SOLID_ANGLE_UNIT ( ) );
#3165 = EDGE_CURVE ( 'NONE', #823, #2135, #3365, .T. ) ;
#3166 = DIRECTION ( 'NONE',  ( -0.000000000000000000, -0.000000000000000000, 1.000000000000000000 ) ) ;
#3167 = ORIENTED_EDGE ( 'NONE', *, *, #1261, .T. ) ;
#3168 = PLANE ( 'NONE',  #1631 ) ;
#3169 = CARTESIAN_POINT ( 'NONE',  ( 2.159000000000000252, 8.064499999999998892, 1.650999999999999801 ) ) ;
#3170 = EDGE_CURVE ( 'NONE', #1950, #754, #1476, .T. ) ;
#3171 = ORIENTED_EDGE ( 'NONE', *, *, #85, .T. ) ;
#3172 = DIRECTION ( 'NONE',  ( 0.000000000000000000, 0.9659258262890701996, 0.2588190451025140226 ) ) ;
#3173 = LINE ( 'NONE', #237, #1628 ) ;
#3174 = CARTESIAN_POINT ( 'NONE',  ( 3.810000000000000497, 0.5080000000000006732, -2.022881810244994583 ) ) ;
#3175 = EDGE_CURVE ( 'NONE', #3098, #899, #3082, .T. ) ;
#3176 = VERTEX_POINT ( 'NONE', #370 ) ;
#3177 = SURFACE_STYLE_FILL_AREA ( #1302 ) ;
#3178 =( LENGTH_UNIT ( ) NAMED_UNIT ( * ) SI_UNIT ( .MILLI., .METRE. ) );
#3179 = LINE ( 'NONE', #2887, #1447 ) ;
#3180 = EDGE_CURVE ( 'NONE', #3502, #2678, #1228, .T. ) ;
#3181 = ORIENTED_EDGE ( 'NONE', *, *, #3097, .F. ) ;
#3182 = LINE ( 'NONE', #2623, #720 ) ;
#3183 = ORIENTED_EDGE ( 'NONE', *, *, #3180, .F. ) ;
#3184 = EDGE_CURVE ( 'NONE', #274, #1665, #3403, .T. ) ;
#3185 = LINE ( 'NONE', #743, #3019 ) ;
#3186 = CARTESIAN_POINT ( 'NONE',  ( 1.270000000000000240, 0.5080000000000006732, -2.022881810244994583 ) ) ;
#3187 = FACE_OUTER_BOUND ( 'NONE', #1036, .T. ) ;
#3188 = CARTESIAN_POINT ( 'NONE',  ( 2.920999999999998931, 8.064499999999998892, 0.8889999999999999014 ) ) ;
#3189 = EDGE_CURVE ( 'NONE', #1012, #3121, #142, .T. ) ;
#3190 = ORIENTED_EDGE ( 'NONE', *, *, #2898, .T. ) ;
#3191 = AXIS2_PLACEMENT_3D ( 'NONE', #1611, #1065, #794 ) ;
#3192 = ITEM_DEFINED_TRANSFORMATION ( 'NONE', 'NONE', #1018,  #2829 ) ;
#3193 = AXIS2_PLACEMENT_3D ( 'NONE', #930, #3337, #3126 ) ;
#3194 = VECTOR ( 'NONE', #863, 1000.000000000000000 ) ;
#3195 = ORIENTED_EDGE ( 'NONE', *, *, #364, .F. ) ;
#3196 = PLANE ( 'NONE',  #426 ) ;
#3197 = MECHANICAL_DESIGN_GEOMETRIC_PRESENTATION_REPRESENTATION (  '', ( #3429 ), #533 ) ;
#3198 = ORIENTED_EDGE ( 'NONE', *, *, #3267, .F. ) ;
#3199 = DIRECTION ( 'NONE',  ( 0.000000000000000000, 1.000000000000000000, 3.058038798877906014E-16 ) ) ;
#3200 = EDGE_LOOP ( 'NONE', ( #1128, #341, #1726, #1500 ) ) ;
#3201 = ORIENTED_EDGE ( 'NONE', *, *, #2465, .F. ) ;
#3202 = DIRECTION ( 'NONE',  ( -1.000000000000000000, 0.000000000000000000, 0.000000000000000000 ) ) ;
#3203 = VECTOR ( 'NONE', #2952, 999.9999999999998863 ) ;
#3204 = LINE ( 'NONE', #2412, #2144 ) ;
#3205 = PLANE ( 'NONE',  #2474 ) ;
#3206 = COLOUR_RGB ( '',1.000000000000000000, 0.8117647058823529438, 0.5019607843137254832 ) ;
#3207 = VECTOR ( 'NONE', #1546, 1000.000000000000000 ) ;
#3208 = ORIENTED_EDGE ( 'NONE', *, *, #3132, .F. ) ;
#3209 = CARTESIAN_POINT ( 'NONE',  ( 1.714499999999999025, 8.509000000000000341, -2.540000000000001812 ) ) ;
#3210 = VECTOR ( 'NONE', #2067, 1000.000000000000000 ) ;
#3211 = DIRECTION ( 'NONE',  ( 1.000000000000000000, 0.000000000000000000, 0.000000000000000000 ) ) ;
#3212 = EDGE_LOOP ( 'NONE', ( #3362, #1999, #767, #1489 ) ) ;
#3213 = VERTEX_POINT ( 'NONE', #2552 ) ;
#3214 = CARTESIAN_POINT ( 'NONE',  ( -0.3809999999999998388, 7.239000000000000767, -1.651000000000000023 ) ) ;
#3215 = ORIENTED_EDGE ( 'NONE', *, *, #2392, .T. ) ;
#3216 = VERTEX_POINT ( 'NONE', #2313 ) ;
#3217 = DIRECTION ( 'NONE',  ( -0.000000000000000000, 1.000000000000000000, 1.733406087350420004E-16 ) ) ;
#3218 = CARTESIAN_POINT ( 'NONE',  ( -0.3810000000000000053, -2.692399999999994797, -0.000000000000000000 ) ) ;
#3219 = CARTESIAN_POINT ( 'NONE',  ( 1.270000000000000240, 0.5080000000000000071, 2.022881810244992806 ) ) ;
#3220 = CARTESIAN_POINT ( 'NONE',  ( -0.3810000000000000053, -2.692399999999994797, 0.000000000000000000 ) ) ;
#3221 = VECTOR ( 'NONE', #2730, 1000.000000000000000 ) ;
#3222 = EDGE_CURVE ( 'NONE', #2290, #1830, #977, .T. ) ;
#3223 = ORIENTED_EDGE ( 'NONE', *, *, #448, .T. ) ;
#3224 = DIRECTION ( 'NONE',  ( -1.000000000000000000, 0.000000000000000000, -0.000000000000000000 ) ) ;
#3225 = LINE ( 'NONE', #2957, #1423 ) ;
#3226 = EDGE_CURVE ( 'NONE', #2400, #2608, #407, .T. ) ;
#3227 = ORIENTED_EDGE ( 'NONE', *, *, #3015, .F. ) ;
#3228 = FACE_OUTER_BOUND ( 'NONE', #2276, .T. ) ;
#3229 = CARTESIAN_POINT ( 'NONE',  ( -0.3809999999999998388, 8.064500000000002444, -0.8890000000000000124 ) ) ;
#3230 = ORIENTED_EDGE ( 'NONE', *, *, #2496, .T. ) ;
#3231 = EDGE_CURVE ( 'NONE', #2213, #1089, #3384, .T. ) ;
#3232 = EDGE_CURVE ( 'NONE', #519, #1218, #2590, .T. ) ;
#3233 = EDGE_LOOP ( 'NONE', ( #1221, #802, #1735, #2317 ) ) ;
#3234 = CARTESIAN_POINT ( 'NONE',  ( -0.3809999999999998388, 7.239000000000000767, -1.651000000000000023 ) ) ;
#3235 = CARTESIAN_POINT ( 'NONE',  ( 0.3810000000000000053, 0.5079999999999997851, -1.473200000000000953 ) ) ;
#3236 = DIRECTION ( 'NONE',  ( 0.000000000000000000, 0.000000000000000000, -1.000000000000000000 ) ) ;
#3237 = ADVANCED_FACE ( 'NONE', ( #618 ), #740, .F. ) ;
#3238 = CARTESIAN_POINT ( 'NONE',  ( 0.8255000000000002336, 8.509000000000000341, -2.095500000000001695 ) ) ;
#3239 = EDGE_CURVE ( 'NONE', #862, #966, #3247, .T. ) ;
#3240 = ORIENTED_EDGE ( 'NONE', *, *, #2028, .T. ) ;
#3241 = CARTESIAN_POINT ( 'NONE',  ( 1.270000000000000240, 8.509000000000000341, -2.540000000000001812 ) ) ;
#3242 = DIRECTION ( 'NONE',  ( 0.000000000000000000, -1.000000000000000000, 1.019346266292635338E-16 ) ) ;
#3243 = DIRECTION ( 'NONE',  ( 0.000000000000000000, -0.7071067811865499042, 0.7071067811865451302 ) ) ;
#3244 = VECTOR ( 'NONE', #3288, 1000.000000000000000 ) ;
#3245 = ORIENTED_EDGE ( 'NONE', *, *, #3289, .T. ) ;
#3246 = DIRECTION ( 'NONE',  ( 1.000000000000000000, -0.000000000000000000, -0.000000000000000000 ) ) ;
#3247 = LINE ( 'NONE', #2870, #722 ) ;
#3248 = ORIENTED_EDGE ( 'NONE', *, *, #1139, .F. ) ;
#3249 = VECTOR ( 'NONE', #1047, 1000.000000000000114 ) ;
#3250 = VERTEX_POINT ( 'NONE', #2622 ) ;
#3251 = CARTESIAN_POINT ( 'NONE',  ( -3.810000000000000053, 6.505213034913026604E-16, -2.540000000000000924 ) ) ;
#3252 = LINE ( 'NONE', #1975, #323 ) ;
#3253 = DIRECTION ( 'NONE',  ( -1.000000000000000000, 0.000000000000000000, 0.000000000000000000 ) ) ;
#3254 = DIRECTION ( 'NONE',  ( -1.000000000000000000, -0.000000000000000000, -0.000000000000000000 ) ) ;
#3255 = EDGE_CURVE ( 'NONE', #1950, #2103, #2701, .T. ) ;
#3256 = ORIENTED_EDGE ( 'NONE', *, *, #941, .T. ) ;
#3257 = CARTESIAN_POINT ( 'NONE',  ( 2.920999999999998931, 7.239000000000000767, 1.650999999999999801 ) ) ;
#3258 = PLANE ( 'NONE',  #891 ) ;
#3259 = CARTESIAN_POINT ( 'NONE',  ( 1.270000000000000240, 4.336808689942017736E-16, -2.159000000000001140 ) ) ;
#3260 = VECTOR ( 'NONE', #1140, 1000.000000000000000 ) ;
#3261 = PRESENTATION_LAYER_ASSIGNMENT (  '', '', ( #832 ) ) ;
#3262 = EDGE_LOOP ( 'NONE', ( #1157, #651, #2123, #36 ) ) ;
#3263 = DIRECTION ( 'NONE',  ( -1.000000000000000000, 0.000000000000000000, 0.000000000000000000 ) ) ;
#3264 = DIRECTION ( 'NONE',  ( 0.000000000000000000, -5.691349986800550837E-16, 1.000000000000000000 ) ) ;
#3265 = VECTOR ( 'NONE', #3014, 1000.000000000000000 ) ;
#3266 = ORIENTED_EDGE ( 'NONE', *, *, #1995, .F. ) ;
#3267 = EDGE_CURVE ( 'NONE', #1558, #971, #2606, .T. ) ;
#3268 = VERTEX_POINT ( 'NONE', #1334 ) ;
#3269 = VECTOR ( 'NONE', #1331, 1000.000000000000000 ) ;
#3270 = CARTESIAN_POINT ( 'NONE',  ( -0.3809999999999998388, 7.239000000000000767, -0.8890000000000001235 ) ) ;
#3271 = ORIENTED_EDGE ( 'NONE', *, *, #2139, .F. ) ;
#3272 = EDGE_CURVE ( 'NONE', #3339, #3300, #287, .T. ) ;
#3273 = CARTESIAN_POINT ( 'NONE',  ( 0.1961031209927689978, -3.200400000000000134, 1.473199999999999843 ) ) ;
#3274 = LINE ( 'NONE', #3025, #1979 ) ;
#3275 = LINE ( 'NONE', #509, #2928 ) ;
#3276 = LINE ( 'NONE', #2187, #2958 ) ;
#3277 = ORIENTED_EDGE ( 'NONE', *, *, #820, .F. ) ;
#3278 = DIRECTION ( 'NONE',  ( 1.000000000000000000, 0.000000000000000000, 0.000000000000000000 ) ) ;
#3279 = EDGE_CURVE ( 'NONE', #2589, #1715, #441, .T. ) ;
#3280 = DIRECTION ( 'NONE',  ( 0.000000000000000000, 0.000000000000000000, 1.000000000000000000 ) ) ;
#3281 = LINE ( 'NONE', #55, #1417 ) ;
#3282 = ADVANCED_FACE ( 'NONE', ( #2890 ), #3435, .F. ) ;
#3283 = VERTEX_POINT ( 'NONE', #994 ) ;
#3284 = DIRECTION ( 'NONE',  ( -0.7071067811865467956, -0.7071067811865482389, 0.000000000000000000 ) ) ;
#3285 = CARTESIAN_POINT ( 'NONE',  ( 2.159000000000000252, 7.239000000000000767, 1.650999999999999801 ) ) ;
#3286 = ORIENTED_EDGE ( 'NONE', *, *, #1351, .F. ) ;
#3287 = ORIENTED_EDGE ( 'NONE', *, *, #3487, .F. ) ;
#3288 = DIRECTION ( 'NONE',  ( 0.000000000000000000, 0.000000000000000000, 1.000000000000000000 ) ) ;
#3289 = EDGE_CURVE ( 'NONE', #1042, #1622, #191, .T. ) ;
#3290 = ORIENTED_EDGE ( 'NONE', *, *, #2614, .T. ) ;
#3291 = LINE ( 'NONE', #3131, #1225 ) ;
#3292 = DIRECTION ( 'NONE',  ( 0.000000000000000000, 1.000000000000000000, -2.923638691849597351E-16 ) ) ;
#3293 = DIRECTION ( 'NONE',  ( 0.7071067811865454633, -0.7071067811865495711, 0.000000000000000000 ) ) ;
#3294 = LINE ( 'NONE', #11, #1162 ) ;
#3295 = CARTESIAN_POINT ( 'NONE',  ( -2.920999999999999819, 7.239000000000000767, 0.8889999999999997904 ) ) ;
#3296 = EDGE_LOOP ( 'NONE', ( #739, #670, #242, #2671 ) ) ;
#3297 = DIRECTION ( 'NONE',  ( 0.000000000000000000, 1.607907343367028359E-16, -1.000000000000000000 ) ) ;
#3298 = CARTESIAN_POINT ( 'NONE',  ( 3.810000000000000053, 8.509000000000000341, -2.540000000000001812 ) ) ;
#3299 = FACE_OUTER_BOUND ( 'NONE', #2735, .T. ) ;
#3300 = VERTEX_POINT ( 'NONE', #3229 ) ;
#3301 = DIRECTION ( 'NONE',  ( 0.000000000000000000, 1.000000000000000000, 1.733406087350420004E-16 ) ) ;
#3302 = DIRECTION ( 'NONE',  ( 0.000000000000000000, -1.000000000000000000, -1.733406087350420004E-16 ) ) ;
#3303 = ORIENTED_EDGE ( 'NONE', *, *, #3400, .F. ) ;
#3304 = ORIENTED_EDGE ( 'NONE', *, *, #37, .F. ) ;
#3305 = VECTOR ( 'NONE', #867, 1000.000000000000000 ) ;
#3306 = DIRECTION ( 'NONE',  ( -1.000000000000000000, 0.000000000000000000, 0.000000000000000000 ) ) ;
#3307 = ORIENTED_EDGE ( 'NONE', *, *, #1245, .T. ) ;
#3308 = VECTOR ( 'NONE', #3166, 1000.000000000000000 ) ;
#3309 = CARTESIAN_POINT ( 'NONE',  ( -0.1269999999999995022, 7.810499999999998444, 1.143000000000000238 ) ) ;
#3310 = DIRECTION ( 'NONE',  ( 0.5773502691896263972, -0.5773502691896253980, -0.5773502691896253980 ) ) ;
#3311 = DIRECTION ( 'NONE',  ( -0.000000000000000000, 0.2588190451025140781, 0.9659258262890700886 ) ) ;
#3312 = CARTESIAN_POINT ( 'NONE',  ( -0.3810000000000000053, -2.692399999999994797, -1.473200000000000065 ) ) ;
#3313 = AXIS2_PLACEMENT_3D ( 'NONE', #2173, #2190, #1404 ) ;
#3314 = ORIENTED_EDGE ( 'NONE', *, *, #3066, .F. ) ;
#3315 = PLANE ( 'NONE',  #2595 ) ;
#3316 = LINE ( 'NONE', #3052, #1915 ) ;
#3317 = LINE ( 'NONE', #929, #1684 ) ;
#3318 = CARTESIAN_POINT ( 'NONE',  ( -1.269999999999999796, 6.505213034913026604E-16, -2.540000000000000924 ) ) ;
#3319 = EDGE_LOOP ( 'NONE', ( #2832, #505, #3446, #1030 ) ) ;
#3320 = DIRECTION ( 'NONE',  ( 1.000000000000000000, 0.000000000000000000, -0.000000000000000000 ) ) ;
#3321 = VECTOR ( 'NONE', #214, 1000.000000000000000 ) ;
#3322 = EDGE_LOOP ( 'NONE', ( #845, #663, #699, #1764 ) ) ;
#3323 = AXIS2_PLACEMENT_3D ( 'NONE', #1197, #1711, #354 ) ;
#3324 = AXIS2_PLACEMENT_3D ( 'NONE', #1797, #1849, #703 ) ;
#3325 = ORIENTED_EDGE ( 'NONE', *, *, #2465, .T. ) ;
#3326 = EDGE_CURVE ( 'NONE', #344, #2619, #2680, .T. ) ;
#3327 = PLANE ( 'NONE',  #2075 ) ;
#3328 = VECTOR ( 'NONE', #539, 1000.000000000000000 ) ;
#3329 = ORIENTED_EDGE ( 'NONE', *, *, #1285, .F. ) ;
#3330 = PLANE ( 'NONE',  #2599 ) ;
#3331 = LINE ( 'NONE', #124, #1241 ) ;
#3332 = FACE_OUTER_BOUND ( 'NONE', #1703, .T. ) ;
#3333 = VERTEX_POINT ( 'NONE', #178 ) ;
#3334 = DIRECTION ( 'NONE',  ( 0.000000000000000000, -0.9659258262890700886, 0.2588190451025140781 ) ) ;
#3335 = DIRECTION ( 'NONE',  ( 0.000000000000000000, 1.000000000000000000, -2.251701056906096594E-16 ) ) ;
#3336 = CARTESIAN_POINT ( 'NONE',  ( -3.365500000000003045, 8.509000000000000341, 2.095500000000002139 ) ) ;
#3337 = DIRECTION ( 'NONE',  ( -0.000000000000000000, 1.000000000000000000, 5.691349986800550837E-16 ) ) ;
#3338 = EDGE_CURVE ( 'NONE', #2892, #1739, #1355, .T. ) ;
#3339 = VERTEX_POINT ( 'NONE', #1624 ) ;
#3340 = DIRECTION ( 'NONE',  ( 0.000000000000000000, 0.9659258262890701996, 0.2588190451025140226 ) ) ;
#3341 = DIRECTION ( 'NONE',  ( 0.000000000000000000, -1.733406087350420004E-16, 1.000000000000000000 ) ) ;
#3342 = ORIENTED_EDGE ( 'NONE', *, *, #725, .F. ) ;
#3343 = ADVANCED_FACE ( 'NONE', ( #2344 ), #1277, .F. ) ;
#3344 = AXIS2_PLACEMENT_3D ( 'NONE', #14, #2715, #2994 ) ;
#3345 = FACE_OUTER_BOUND ( 'NONE', #3399, .T. ) ;
#3346 = ORIENTED_EDGE ( 'NONE', *, *, #3396, .F. ) ;
#3347 = EDGE_CURVE ( 'NONE', #775, #1196, #2085, .T. ) ;
#3348 = ADVANCED_FACE ( 'NONE', ( #1602 ), #3168, .F. ) ;
#3349 = CARTESIAN_POINT ( 'NONE',  ( 0.3810000000000000053, -2.692399999999994797, 1.473200000000000065 ) ) ;
#3350 = PLANE ( 'NONE',  #2877 ) ;
#3351 = CARTESIAN_POINT ( 'NONE',  ( 1.270000000000000240, 4.336808689942017736E-16, -2.159000000000001140 ) ) ;
#3352 = ORIENTED_EDGE ( 'NONE', *, *, #1880, .T. ) ;
#3353 = DIRECTION ( 'NONE',  ( 0.000000000000000000, 1.000000000000000000, 3.058038798877906014E-16 ) ) ;
#3354 = CARTESIAN_POINT ( 'NONE',  ( -3.365500000000003045, 8.509000000000000341, 0.4444999999999970086 ) ) ;
#3355 = DIRECTION ( 'NONE',  ( 0.5773502691896266192, 0.5773502691896232886, -0.5773502691896275074 ) ) ;
#3356 = EDGE_CURVE ( 'NONE', #2816, #1558, #1817, .T. ) ;
#3357 = CARTESIAN_POINT ( 'NONE',  ( 1.270000000000000240, 8.509000000000000341, -2.540000000000001812 ) ) ;
#3358 = ORIENTED_EDGE ( 'NONE', *, *, #747, .F. ) ;
#3359 = SURFACE_STYLE_USAGE ( .BOTH. , #915 ) ;
#3360 =( NAMED_UNIT ( * ) SI_UNIT ( $, .STERADIAN. ) SOLID_ANGLE_UNIT ( ) );
#3361 = VERTEX_POINT ( 'NONE', #1911 ) ;
#3362 = ORIENTED_EDGE ( 'NONE', *, *, #2440, .T. ) ;
#3363 = ORIENTED_EDGE ( 'NONE', *, *, #2978, .F. ) ;
#3364 = AXIS2_PLACEMENT_3D ( 'NONE', #1952, #3077, #2476 ) ;
#3365 = LINE ( 'NONE', #2012, #2266 ) ;
#3366 = CARTESIAN_POINT ( 'NONE',  ( -3.810000000000000053, 4.336808689942017736E-16, -2.159000000000001140 ) ) ;
#3367 = LINE ( 'NONE', #1195, #1670 ) ;
#3368 = VECTOR ( 'NONE', #114, 1000.000000000000000 ) ;
#3369 = ORIENTED_EDGE ( 'NONE', *, *, #1733, .T. ) ;
#3370 = CARTESIAN_POINT ( 'NONE',  ( -1.269999999999999796, 0.5080000000000000071, 2.022881810244992806 ) ) ;
#3371 = CARTESIAN_POINT ( 'NONE',  ( 1.270000000000000240, -8.578981026812224210E-17, 2.158999999999999364 ) ) ;
#3372 = LINE ( 'NONE', #2039, #3483 ) ;
#3373 = VECTOR ( 'NONE', #1093, 1000.000000000000000 ) ;
#3374 = CARTESIAN_POINT ( 'NONE',  ( 2.920999999999998931, 8.064500000000002444, -0.8890000000000000124 ) ) ;
#3375 = ORIENTED_EDGE ( 'NONE', *, *, #3393, .T. ) ;
#3376 = FILL_AREA_STYLE_COLOUR ( '', #2865 ) ;
#3377 = ORIENTED_EDGE ( 'NONE', *, *, #1671, .T. ) ;
#3378 = FACE_OUTER_BOUND ( 'NONE', #1625, .T. ) ;
#3379 = ORIENTED_EDGE ( 'NONE', *, *, #3005, .T. ) ;
#3380 = VECTOR ( 'NONE', #3355, 999.9999999999998863 ) ;
#3381 = EDGE_CURVE ( 'NONE', #2921, #180, #552, .T. ) ;
#3382 = ORIENTED_EDGE ( 'NONE', *, *, #3231, .F. ) ;
#3383 = VECTOR ( 'NONE', #1095, 1000.000000000000000 ) ;
#3384 = LINE ( 'NONE', #2050, #2543 ) ;
#3385 = FACE_OUTER_BOUND ( 'NONE', #312, .T. ) ;
#3386 = DIRECTION ( 'NONE',  ( 0.000000000000000000, 0.000000000000000000, 1.000000000000000000 ) ) ;
#3387 = ORIENTED_EDGE ( 'NONE', *, *, #2532, .F. ) ;
#3388 = EDGE_CURVE ( 'NONE', #2838, #3086, #19, .T. ) ;
#3389 = LINE ( 'NONE', #149, #524 ) ;
#3390 = DIRECTION ( 'NONE',  ( 0.000000000000000000, -0.7071067811865475727, 0.7071067811865475727 ) ) ;
#3391 = CARTESIAN_POINT ( 'NONE',  ( 2.159000000000000252, 7.239000000000000767, -1.651000000000000023 ) ) ;
#3392 = CARTESIAN_POINT ( 'NONE',  ( -0.3809999999999998388, 8.064499999999998892, 1.651000000000000023 ) ) ;
#3393 = EDGE_CURVE ( 'NONE', #1218, #2703, #2454, .T. ) ;
#3394 = ORIENTED_EDGE ( 'NONE', *, *, #1709, .F. ) ;
#3395 = FILL_AREA_STYLE ('',( #400 ) ) ;
#3396 = EDGE_CURVE ( 'NONE', #1189, #862, #3036, .T. ) ;
#3397 = CARTESIAN_POINT ( 'NONE',  ( 0.000000000000000000, 0.000000000000000000, 0.000000000000000000 ) ) ;
#3398 = LINE ( 'NONE', #2309, #2526 ) ;
#3399 = EDGE_LOOP ( 'NONE', ( #1864, #856, #1224, #289, #869, #234, #360, #42 ) ) ;
#3400 = EDGE_CURVE ( 'NONE', #3333, #799, #2815, .T. ) ;
#3401 = AXIS2_PLACEMENT_3D ( 'NONE', #2450, #3010, #2191 ) ;
#3402 = ORIENTED_EDGE ( 'NONE', *, *, #2883, .F. ) ;
#3403 = LINE ( 'NONE', #1743, #3043 ) ;
#3404 = DIRECTION ( 'NONE',  ( -1.000000000000000000, -0.000000000000000000, -0.000000000000000000 ) ) ;
#3405 = EDGE_CURVE ( 'NONE', #3107, #3268, #876, .T. ) ;
#3406 = EDGE_LOOP ( 'NONE', ( #3044, #2839, #1615, #2171 ) ) ;
#3407 = VECTOR ( 'NONE', #1121, 1000.000000000000000 ) ;
#3408 = CARTESIAN_POINT ( 'NONE',  ( -2.920999999999999819, 7.239000000000000767, -0.8890000000000001235 ) ) ;
#3409 = CARTESIAN_POINT ( 'NONE',  ( -4.064000000000000057, 8.509000000000000341, -2.540000000000001812 ) ) ;
#3410 = CARTESIAN_POINT ( 'NONE',  ( -2.413000000000001588, 7.810499999999998444, 1.143000000000000238 ) ) ;
#3411 = FILL_AREA_STYLE ('',( #2091 ) ) ;
#3412 = ORIENTED_EDGE ( 'NONE', *, *, #3326, .F. ) ;
#3413 = PRESENTATION_STYLE_ASSIGNMENT (( #2046 ) ) ;
#3414 = DIRECTION ( 'NONE',  ( 0.000000000000000000, 0.000000000000000000, -1.000000000000000000 ) ) ;
#3415 = ORIENTED_EDGE ( 'NONE', *, *, #805, .T. ) ;
#3416 = ORIENTED_EDGE ( 'NONE', *, *, #2750, .T. ) ;
#3417 = CARTESIAN_POINT ( 'NONE',  ( -0.1961031209927689145, -3.200400000000000134, 1.473199999999999843 ) ) ;
#3418 = PLANE ( 'NONE',  #3324 ) ;
#3419 = VERTEX_POINT ( 'NONE', #380 ) ;
#3420 = VECTOR ( 'NONE', #2856, 1000.000000000000000 ) ;
#3421 = DIRECTION ( 'NONE',  ( 0.000000000000000000, 0.000000000000000000, 1.000000000000000000 ) ) ;
#3422 = LINE ( 'NONE', #1267, #2095 ) ;
#3423 = FACE_BOUND ( 'NONE', #2307, .T. ) ;
#3424 = AXIS2_PLACEMENT_3D ( 'NONE', #1440, #1786, #3054 ) ;
#3425 = DIRECTION ( 'NONE',  ( -1.000000000000000000, 0.000000000000000000, 0.000000000000000000 ) ) ;
#3426 = ORIENTED_EDGE ( 'NONE', *, *, #2199, .T. ) ;
#3427 = VECTOR ( 'NONE', #2389, 1000.000000000000000 ) ;
#3428 = DIRECTION ( 'NONE',  ( 0.000000000000000000, -5.691349986800550837E-16, 1.000000000000000000 ) ) ;
#3429 = STYLED_ITEM ( 'NONE', ( #465 ), #1528 ) ;
#3430 = ADVANCED_FACE ( 'NONE', ( #609 ), #1387, .F. ) ;
#3431 = FACE_OUTER_BOUND ( 'NONE', #329, .T. ) ;
#3432 = ORIENTED_EDGE ( 'NONE', *, *, #3175, .F. ) ;
#3433 = VERTEX_POINT ( 'NONE', #587 ) ;
#3434 = EDGE_CURVE ( 'NONE', #2751, #303, #118, .T. ) ;
#3435 = PLANE ( 'NONE',  #2702 ) ;
#3436 = LINE ( 'NONE', #1016, #1809 ) ;
#3437 = VECTOR ( 'NONE', #969, 1000.000000000000000 ) ;
#3438 = ORIENTED_EDGE ( 'NONE', *, *, #2247, .F. ) ;
#3439 = VECTOR ( 'NONE', #1854, 1000.000000000000000 ) ;
#3440 = AXIS2_PLACEMENT_3D ( 'NONE', #2821, #2803, #595 ) ;
#3441 = LINE ( 'NONE', #181, #422 ) ;
#3442 = CARTESIAN_POINT ( 'NONE',  ( 3.810000000000000053, -8.578981026812224210E-17, 2.158999999999999364 ) ) ;
#3443 = PLANE ( 'NONE',  #2319 ) ;
#3444 = DIRECTION ( 'NONE',  ( -0.000000000000000000, 1.000000000000000000, 1.733406087350420004E-16 ) ) ;
#3445 = VECTOR ( 'NONE', #3264, 1000.000000000000000 ) ;
#3446 = ORIENTED_EDGE ( 'NONE', *, *, #684, .T. ) ;
#3447 = FACE_OUTER_BOUND ( 'NONE', #2533, .T. ) ;
#3448 = PRODUCT_CONTEXT ( 'NONE', #1798, 'mechanical' ) ;
#3449 = ADVANCED_FACE ( 'NONE', ( #2489 ), #2997, .F. ) ;
#3450 = DIRECTION ( 'NONE',  ( 0.000000000000000000, -1.000000000000000000, -0.000000000000000000 ) ) ;
#3451 = EDGE_CURVE ( 'NONE', #1665, #1039, #2796, .T. ) ;
#3452 = ORIENTED_EDGE ( 'NONE', *, *, #3396, .T. ) ;
#3453 = PLANE ( 'NONE',  #1974 ) ;
#3454 = ADVANCED_FACE ( 'NONE', ( #362 ), #39, .F. ) ;
#3455 = EDGE_LOOP ( 'NONE', ( #1912, #3208, #2943, #410 ) ) ;
#3456 = EDGE_CURVE ( 'NONE', #2782, #160, #2008, .T. ) ;
#3457 = CARTESIAN_POINT ( 'NONE',  ( -0.1961031209927686925, -3.200400000000000134, -1.473199999999999843 ) ) ;
#3458 = DIRECTION ( 'NONE',  ( 0.000000000000000000, 0.000000000000000000, -1.000000000000000000 ) ) ;
#3459 = LINE ( 'NONE', #1021, #3037 ) ;
#3460 = PLANE ( 'NONE',  #476 ) ;
#3461 = ORIENTED_EDGE ( 'NONE', *, *, #3381, .F. ) ;
#3462 =( NAMED_UNIT ( * ) SI_UNIT ( $, .STERADIAN. ) SOLID_ANGLE_UNIT ( ) );
#3463 = ORIENTED_EDGE ( 'NONE', *, *, #3089, .T. ) ;
#3464 = FACE_OUTER_BOUND ( 'NONE', #2074, .T. ) ;
#3465 = ORIENTED_EDGE ( 'NONE', *, *, #885, .F. ) ;
#3466 = DIRECTION ( 'NONE',  ( 1.000000000000000000, 0.000000000000000000, 0.000000000000000000 ) ) ;
#3467 = ORIENTED_EDGE ( 'NONE', *, *, #1787, .T. ) ;
#3468 = ORIENTED_EDGE ( 'NONE', *, *, #872, .T. ) ;
#3469 = CARTESIAN_POINT ( 'NONE',  ( -4.064000000000000057, 0.5080000000000000071, 2.022881810244992806 ) ) ;
#3470 = DIRECTION ( 'NONE',  ( 0.000000000000000000, -2.251701056906096594E-16, -1.000000000000000000 ) ) ;
#3471 = DIRECTION ( 'NONE',  ( 1.000000000000000000, 0.000000000000000000, -0.000000000000000000 ) ) ;
#3472 = ORIENTED_EDGE ( 'NONE', *, *, #3496, .T. ) ;
#3473 = AXIS2_PLACEMENT_3D ( 'NONE', #690, #2053, #3386 ) ;
#3474 = DIRECTION ( 'NONE',  ( -0.000000000000000000, 1.019346266292635338E-16, 1.000000000000000000 ) ) ;
#3475 = VECTOR ( 'NONE', #2950, 1000.000000000000000 ) ;
#3476 = CARTESIAN_POINT ( 'NONE',  ( -2.920999999999999819, 7.239000000000000767, -1.651000000000000023 ) ) ;
#3477 = VECTOR ( 'NONE', #2899, 1000.000000000000000 ) ;
#3478 = EDGE_LOOP ( 'NONE', ( #3150, #228, #675, #2888 ) ) ;
#3479 = EDGE_CURVE ( 'NONE', #1639, #1017, #2531, .T. ) ;
#3480 = ORIENTED_EDGE ( 'NONE', *, *, #3289, .F. ) ;
#3481 = ORIENTED_EDGE ( 'NONE', *, *, #771, .T. ) ;
#3482 = CARTESIAN_POINT ( 'NONE',  ( 2.159000000000000252, 7.239000000000000767, 1.650999999999999801 ) ) ;
#3483 = VECTOR ( 'NONE', #1768, 1000.000000000000000 ) ;
#3484 = LINE ( 'NONE', #2939, #437 ) ;
#3485 = LINE ( 'NONE', #2154, #3203 ) ;
#3486 = PLANE ( 'NONE',  #3191 ) ;
#3487 = EDGE_CURVE ( 'NONE', #2974, #2746, #1660, .T. ) ;
#3488 = VECTOR ( 'NONE', #1550, 1000.000000000000000 ) ;
#3489 = AXIS2_PLACEMENT_3D ( 'NONE', #424, #2314, #208 ) ;
#3490 = ORIENTED_EDGE ( 'NONE', *, *, #831, .F. ) ;
#3491 = PLANE ( 'NONE',  #2142 ) ;
#3492 = VECTOR ( 'NONE', #822, 1000.000000000000000 ) ;
#3493 = CARTESIAN_POINT ( 'NONE',  ( 4.064000000000000057, 4.336808689942017736E-16, -2.159000000000001140 ) ) ;
#3494 = EDGE_CURVE ( 'NONE', #1273, #1511, #2195, .T. ) ;
#3495 = VECTOR ( 'NONE', #2250, 1000.000000000000000 ) ;
#3496 = EDGE_CURVE ( 'NONE', #2333, #2415, #343, .T. ) ;
#3497 = ORIENTED_EDGE ( 'NONE', *, *, #1396, .T. ) ;
#3498 = LINE ( 'NONE', #1574, #2306 ) ;
#3499 = CARTESIAN_POINT ( 'NONE',  ( 2.920999999999998931, 7.239000000000000767, -0.8890000000000001235 ) ) ;
#3500 = ORIENTED_EDGE ( 'NONE', *, *, #3272, .T. ) ;
#3501 = EDGE_CURVE ( 'NONE', #1895, #2410, #95, .T. ) ;
#3502 = VERTEX_POINT ( 'NONE', #3285 ) ;
#3503 = LINE ( 'NONE', #1076, #999 ) ;
#3504 = DIRECTION ( 'NONE',  ( -0.000000000000000000, 1.000000000000000000, 1.733406087350420004E-16 ) ) ;
#3505 = CARTESIAN_POINT ( 'NONE',  ( -0.3810000000000000053, 0.5079999999999997851, 1.473200000000000953 ) ) ;
#3506 = PLANE ( 'NONE',  #2859 ) ;
#3507 = DIRECTION ( 'NONE',  ( 0.000000000000000000, 1.000000000000000000, 1.733406087350420004E-16 ) ) ;
#3508 = NEXT_ASSEMBLY_USAGE_OCCURRENCE ( 'NAUO1', ' ', ' ', #363, #733, $ ) ;
#3509 = NEXT_ASSEMBLY_USAGE_OCCURRENCE ( 'NAUO2', ' ', ' ', #363, #2876, $ ) ;
#3510 = NEXT_ASSEMBLY_USAGE_OCCURRENCE ( 'NAUO3', ' ', ' ', #363, #2876, $ ) ;
#3511 = NEXT_ASSEMBLY_USAGE_OCCURRENCE ( 'NAUO4', ' ', ' ', #363, #2876, $ ) ;
ENDSEC;
END-ISO-10303-21;
