ISO-10303-21;
HEADER;
FILE_DESCRIPTION (( 'STEP AP214' ),
    '1' );
FILE_NAME ('CUI_DEVICES_HSE-B20380-040H.step',
    '2022-05-24T19:17:50',
    ( '' ),
    ( '' ),
    'SwSTEP 2.0',
    'SolidWorks 2022',
    '' );
FILE_SCHEMA (( 'AUTOMOTIVE_DESIGN' ));
ENDSEC;

DATA;
#1 = LINE ( 'NONE', #4606, #631 ) ;
#2 = LINE ( 'NONE', #310, #1375 ) ;
#3 = PRESENTATION_STYLE_ASSIGNMENT (( #500 ) ) ;
#4 = ORIENTED_EDGE ( 'NONE', *, *, #3833, .T. ) ;
#5 = ORIENTED_EDGE ( 'NONE', *, *, #4486, .F. ) ;
#6 = CARTESIAN_POINT ( 'NONE',  ( -0.4113517303212779752, -0.05118110236220472370, -1.496062992125984259 ) ) ;
#7 = DIRECTION ( 'NONE',  ( 1.000000000000000000, 0.0000000000000000000, 0.0000000000000000000 ) ) ;
#8 = ADVANCED_FACE ( 'NONE', ( #1228 ), #4377, .T. ) ;
#9 = DIRECTION ( 'NONE',  ( 4.010514564478714727E-16, -1.000000000000000000, 0.0000000000000000000 ) ) ;
#10 = FACE_OUTER_BOUND ( 'NONE', #4200, .T. ) ;
#11 = EDGE_CURVE ( 'NONE', #2112, #2191, #151, .T. ) ;
#12 = EDGE_CURVE ( 'NONE', #983, #4562, #1774, .T. ) ;
#13 = CARTESIAN_POINT ( 'NONE',  ( -0.5000000000000000000, 0.2263779527559055260, -1.496062992125984259 ) ) ;
#14 = EDGE_CURVE ( 'NONE', #1601, #3917, #890, .T. ) ;
#15 = ORIENTED_EDGE ( 'NONE', *, *, #630, .T. ) ;
#16 = DIRECTION ( 'NONE',  ( 1.000000000000000000, 0.0000000000000000000, 0.0000000000000000000 ) ) ;
#17 = DIRECTION ( 'NONE',  ( -1.000000000000000000, 0.0000000000000000000, 0.0000000000000000000 ) ) ;
#18 = VERTEX_POINT ( 'NONE', #4801 ) ;
#19 = FACE_OUTER_BOUND ( 'NONE', #5002, .T. ) ;
#20 = UNCERTAINTY_MEASURE_WITH_UNIT (LENGTH_MEASURE( 1.000000000000000082E-05 ), #3509, 'distance_accuracy_value', 'NONE');
#21 = ORIENTED_EDGE ( 'NONE', *, *, #2266, .F. ) ;
#22 = LINE ( 'NONE', #4702, #4132 ) ;
#23 = ORIENTED_EDGE ( 'NONE', *, *, #2163, .F. ) ;
#24 = CIRCLE ( 'NONE', #1181, 0.01181102362204724046 ) ;
#25 = DIRECTION ( 'NONE',  ( 0.0000000000000000000, -1.000000000000000000, 0.0000000000000000000 ) ) ;
#26 = LINE ( 'NONE', #4637, #682 ) ;
#27 = VECTOR ( 'NONE', #1722, 39.37007874015748143 ) ;
#28 = VERTEX_POINT ( 'NONE', #123 ) ;
#29 = AXIS2_PLACEMENT_3D ( 'NONE', #4288, #3906, #1640 ) ;
#30 = ORIENTED_EDGE ( 'NONE', *, *, #2360, .F. ) ;
#31 = CARTESIAN_POINT ( 'NONE',  ( 0.4132675480220180941, 0.05436453559011661385, -1.496062992125984259 ) ) ;
#32 = CARTESIAN_POINT ( 'NONE',  ( -0.3433144357111932998, 0.1561060993681155917, 0.0000000000000000000 ) ) ;
#33 = AXIS2_PLACEMENT_3D ( 'NONE', #4541, #823, #1993 ) ;
#34 = VECTOR ( 'NONE', #428, 39.37007874015748143 ) ;
#35 = EDGE_CURVE ( 'NONE', #1622, #1384, #3229, .T. ) ;
#36 = VERTEX_POINT ( 'NONE', #4404 ) ;
#37 = CARTESIAN_POINT ( 'NONE',  ( -0.6594488188976378451, 0.2263779527559055260, 0.0000000000000000000 ) ) ;
#38 = PRESENTATION_LAYER_ASSIGNMENT (  '', '', ( #4821 ) ) ;
#39 = FACE_OUTER_BOUND ( 'NONE', #1412, .T. ) ;
#40 = CARTESIAN_POINT ( 'NONE',  ( -0.2047244094488188948, -0.03937007874015523851, -0.4330708661417322913 ) ) ;
#41 = CARTESIAN_POINT ( 'NONE',  ( -0.3433144357111932998, 0.1561060993681155917, -1.496062992125984259 ) ) ;
#42 = FACE_OUTER_BOUND ( 'NONE', #1231, .T. ) ;
#43 = CIRCLE ( 'NONE', #4095, 0.01181102362204724046 ) ;
#44 = EDGE_CURVE ( 'NONE', #3480, #643, #3256, .T. ) ;
#45 = EDGE_CURVE ( 'NONE', #1552, #4828, #1302, .T. ) ;
#46 = VECTOR ( 'NONE', #669, 39.37007874015748143 ) ;
#47 = LINE ( 'NONE', #2771, #3070 ) ;
#48 = EDGE_CURVE ( 'NONE', #3778, #454, #2510, .T. ) ;
#49 = VERTEX_POINT ( 'NONE', #1247 ) ;
#50 = DIRECTION ( 'NONE',  ( -1.000000000000000000, 1.089603340915474052E-15, 0.0000000000000000000 ) ) ;
#51 = ORIENTED_EDGE ( 'NONE', *, *, #70, .F. ) ;
#52 = CARTESIAN_POINT ( 'NONE',  ( -0.4261811023622047445, -0.2263779527559055260, -1.496062992125984259 ) ) ;
#53 = VERTEX_POINT ( 'NONE', #3669 ) ;
#54 = CARTESIAN_POINT ( 'NONE',  ( -0.4488188976377953110, -5.335640612625512173E-19, -0.3149606299212598381 ) ) ;
#55 = EDGE_LOOP ( 'NONE', ( #648, #4655, #1113, #2603 ) ) ;
#56 = VERTEX_POINT ( 'NONE', #2403 ) ;
#57 = FACE_OUTER_BOUND ( 'NONE', #1173, .T. ) ;
#58 = CYLINDRICAL_SURFACE ( 'NONE', #3690, 0.01968503937007872254 ) ;
#59 = ORIENTED_EDGE ( 'NONE', *, *, #2382, .T. ) ;
#60 = DIRECTION ( 'NONE',  ( -1.000000000000000000, 2.168404344971010446E-15, 0.0000000000000000000 ) ) ;
#61 = CYLINDRICAL_SURFACE ( 'NONE', #1838, 0.01181102362204703576 ) ;
#62 = DIRECTION ( 'NONE',  ( 0.0000000000000000000, 0.0000000000000000000, 1.000000000000000000 ) ) ;
#63 = VECTOR ( 'NONE', #2734, 39.37007874015748143 ) ;
#64 = AXIS2_PLACEMENT_3D ( 'NONE', #3756, #1425, #1353 ) ;
#65 = ORIENTED_EDGE ( 'NONE', *, *, #2068, .F. ) ;
#66 = AXIS2_PLACEMENT_3D ( 'NONE', #2286, #3821, #3394 ) ;
#67 = VECTOR ( 'NONE', #3102, 39.37007874015748143 ) ;
#68 = DIRECTION ( 'NONE',  ( -1.000000000000000000, 0.0000000000000000000, 0.0000000000000000000 ) ) ;
#69 = PLANE ( 'NONE',  #2985 ) ;
#70 = EDGE_CURVE ( 'NONE', #3254, #3548, #4325, .T. ) ;
#71 = DIRECTION ( 'NONE',  ( 0.0000000000000000000, 0.0000000000000000000, -1.000000000000000000 ) ) ;
#72 = ADVANCED_FACE ( 'NONE', ( #2799 ), #458, .T. ) ;
#73 = UNCERTAINTY_MEASURE_WITH_UNIT (LENGTH_MEASURE( 1.000000000000000082E-05 ), #713, 'distance_accuracy_value', 'NONE');
#74 = ORIENTED_EDGE ( 'NONE', *, *, #388, .T. ) ;
#75 = AXIS2_PLACEMENT_3D ( 'NONE', #1200, #4934, #787 ) ;
#76 = VERTEX_POINT ( 'NONE', #3592 ) ;
#77 = LINE ( 'NONE', #2854, #3326 ) ;
#78 = EDGE_CURVE ( 'NONE', #408, #1502, #4040, .T. ) ;
#79 = AXIS2_PLACEMENT_3D ( 'NONE', #975, #3015, #4941 ) ;
#80 = VERTEX_POINT ( 'NONE', #2899 ) ;
#81 = VERTEX_POINT ( 'NONE', #1035 ) ;
#82 = DIRECTION ( 'NONE',  ( -0.8090169943749386805, 0.5877852522924849055, 0.0000000000000000000 ) ) ;
#83 = CARTESIAN_POINT ( 'NONE',  ( 0.4232751386348622136, 0.04809170456048779407, -1.496062992125984259 ) ) ;
#84 = ORIENTED_EDGE ( 'NONE', *, *, #2563, .F. ) ;
#85 = DIRECTION ( 'NONE',  ( 0.0000000000000000000, 1.000000000000000000, 0.0000000000000000000 ) ) ;
#86 = DIRECTION ( 'NONE',  ( 1.000000000000000000, 0.0000000000000000000, 0.0000000000000000000 ) ) ;
#87 = DIRECTION ( 'NONE',  ( 1.000000000000000000, 0.0000000000000000000, 0.0000000000000000000 ) ) ;
#88 = DIRECTION ( 'NONE',  ( -1.000000000000000000, 0.0000000000000000000, 0.0000000000000000000 ) ) ;
#89 = DIRECTION ( 'NONE',  ( 1.000000000000000000, 0.0000000000000000000, 0.0000000000000000000 ) ) ;
#90 = CARTESIAN_POINT ( 'NONE',  ( 0.3826845144513507657, 0.1704356361502496198, -1.496062992125984259 ) ) ;
#91 = DIRECTION ( 'NONE',  ( -1.000000000000000000, 0.0000000000000000000, 0.0000000000000000000 ) ) ;
#92 = EDGE_CURVE ( 'NONE', #1635, #3527, #312, .T. ) ;
#93 = ORIENTED_EDGE ( 'NONE', *, *, #418, .T. ) ;
#94 = LINE ( 'NONE', #1652, #1461 ) ;
#95 = ORIENTED_EDGE ( 'NONE', *, *, #761, .T. ) ;
#96 = DIRECTION ( 'NONE',  ( 0.0000000000000000000, 0.0000000000000000000, -1.000000000000000000 ) ) ;
#97 = ORIENTED_EDGE ( 'NONE', *, *, #4399, .F. ) ;
#98 = EDGE_CURVE ( 'NONE', #2951, #4171, #679, .T. ) ;
#99 = EDGE_CURVE ( 'NONE', #1917, #643, #2278, .T. ) ;
#100 = ORIENTED_EDGE ( 'NONE', *, *, #3774, .T. ) ;
#101 = AXIS2_PLACEMENT_3D ( 'NONE', #1280, #4259, #4232 ) ;
#102 = CARTESIAN_POINT ( 'NONE',  ( 0.0000000000000000000, -0.03937007874015523851, -1.047244094488189115 ) ) ;
#103 = DIRECTION ( 'NONE',  ( 0.0000000000000000000, -1.000000000000000000, 0.0000000000000000000 ) ) ;
#104 = EDGE_CURVE ( 'NONE', #4437, #2375, #2924, .T. ) ;
#105 = AXIS2_PLACEMENT_3D ( 'NONE', #949, #4466, #2842 ) ;
#106 = EDGE_LOOP ( 'NONE', ( #657, #4010, #2598, #256 ) ) ;
#107 = DIRECTION ( 'NONE',  ( -1.000000000000000000, 2.168404344971010446E-15, 0.0000000000000000000 ) ) ;
#108 = ORIENTED_EDGE ( 'NONE', *, *, #932, .T. ) ;
#109 = CARTESIAN_POINT ( 'NONE',  ( -0.6673228346456693272, -0.1118343365560181130, -1.496062992125984259 ) ) ;
#110 = AXIS2_PLACEMENT_3D ( 'NONE', #2092, #1709, #4807 ) ;
#111 = VECTOR ( 'NONE', #2484, 39.37007874015748143 ) ;
#112 = DIRECTION ( 'NONE',  ( 0.0000000000000000000, 0.0000000000000000000, 1.000000000000000000 ) ) ;
#113 = CARTESIAN_POINT ( 'NONE',  ( 0.6279527559055118058, -0.1318943936227279512, -1.496062992125984259 ) ) ;
#114 = CIRCLE ( 'NONE', #2719, 0.01181102362204724046 ) ;
#115 = CIRCLE ( 'NONE', #3133, 0.01181102362204724046 ) ;
#116 = DIRECTION ( 'NONE',  ( 0.0000000000000000000, 0.0000000000000000000, -1.000000000000000000 ) ) ;
#117 = DIRECTION ( 'NONE',  ( -1.000000000000000000, 0.0000000000000000000, 0.0000000000000000000 ) ) ;
#118 = AXIS2_PLACEMENT_3D ( 'NONE', #2848, #3252, #4797 ) ;
#119 = LINE ( 'NONE', #1698, #849 ) ;
#120 = AXIS2_PLACEMENT_3D ( 'NONE', #3014, #3750, #1109 ) ;
#121 = VERTEX_POINT ( 'NONE', #4141 ) ;
#122 = DIRECTION ( 'NONE',  ( 0.0000000000000000000, -1.000000000000000000, 0.0000000000000000000 ) ) ;
#123 = CARTESIAN_POINT ( 'NONE',  ( -0.4803149606299212948, 0.09739619588073208933, -1.496062992125984259 ) ) ;
#124 = DIRECTION ( 'NONE',  ( -1.000000000000000000, 0.0000000000000000000, 0.0000000000000000000 ) ) ;
#125 = AXIS2_PLACEMENT_3D ( 'NONE', #2318, #3533, #4233 ) ;
#126 = ORIENTED_EDGE ( 'NONE', *, *, #3770, .T. ) ;
#127 = VERTEX_POINT ( 'NONE', #4476 ) ;
#128 = DIRECTION ( 'NONE',  ( 1.000000000000000000, 0.0000000000000000000, 0.0000000000000000000 ) ) ;
#129 = CARTESIAN_POINT ( 'NONE',  ( -0.5602822563229370445, -0.08272889778461692267, -1.496062992125984259 ) ) ;
#130 = EDGE_CURVE ( 'NONE', #185, #1937, #4063, .T. ) ;
#131 = ORIENTED_EDGE ( 'NONE', *, *, #2845, .F. ) ;
#132 = CYLINDRICAL_SURFACE ( 'NONE', #3122, 0.01968503937007875723 ) ;
#133 = EDGE_LOOP ( 'NONE', ( #375, #4996 ) ) ;
#134 = LINE ( 'NONE', #1641, #4678 ) ;
#135 = EDGE_CURVE ( 'NONE', #1628, #121, #4931, .T. ) ;
#136 = DIRECTION ( 'NONE',  ( 0.0000000000000000000, 0.0000000000000000000, -1.000000000000000000 ) ) ;
#137 = DIRECTION ( 'NONE',  ( 0.0000000000000000000, 0.0000000000000000000, 1.000000000000000000 ) ) ;
#138 = CIRCLE ( 'NONE', #4767, 0.09055118110236398676 ) ;
#139 = ORIENTED_EDGE ( 'NONE', *, *, #3626, .T. ) ;
#140 = DIRECTION ( 'NONE',  ( 0.0000000000000000000, 0.0000000000000000000, 1.000000000000000000 ) ) ;
#141 = LINE ( 'NONE', #1315, #671 ) ;
#142 = COLOUR_RGB ( '',0.8000000000000000444, 0.8078431372549019773, 0.8000000000000000444 ) ;
#143 = DIRECTION ( 'NONE',  ( 0.0000000000000000000, 0.0000000000000000000, -1.000000000000000000 ) ) ;
#144 = CARTESIAN_POINT ( 'NONE',  ( -0.5000000000000000000, -3.175773292634704438E-15, 0.0000000000000000000 ) ) ;
#145 = AXIS2_PLACEMENT_3D ( 'NONE', #3890, #4294, #3022 ) ;
#146 = DIRECTION ( 'NONE',  ( -1.000000000000000000, 0.0000000000000000000, 0.0000000000000000000 ) ) ;
#147 = VECTOR ( 'NONE', #3363, 39.37007874015748143 ) ;
#148 = VERTEX_POINT ( 'NONE', #4448 ) ;
#149 = FACE_OUTER_BOUND ( 'NONE', #2276, .T. ) ;
#150 = CARTESIAN_POINT ( 'NONE',  ( -0.3917322834645669549, 0.1780276157922165425, 0.0000000000000000000 ) ) ;
#151 = LINE ( 'NONE', #1632, #3320 ) ;
#152 =( CONVERSION_BASED_UNIT ( 'INCH', #1326 ) LENGTH_UNIT ( ) NAMED_UNIT ( #2087 ) );
#153 = COLOUR_RGB ( '',0.8000000000000000444, 0.8078431372549019773, 0.8000000000000000444 ) ;
#154 = VERTEX_POINT ( 'NONE', #3357 ) ;
#155 = CIRCLE ( 'NONE', #3498, 0.01181102362204724046 ) ;
#156 = ORIENTED_EDGE ( 'NONE', *, *, #445, .T. ) ;
#157 = FACE_OUTER_BOUND ( 'NONE', #2055, .T. ) ;
#158 = LINE ( 'NONE', #3261, #4256 ) ;
#159 = AXIS2_PLACEMENT_3D ( 'NONE', #620, #3782, #707 ) ;
#160 = ORIENTED_EDGE ( 'NONE', *, *, #2301, .T. ) ;
#161 = CARTESIAN_POINT ( 'NONE',  ( -0.3602362204724409711, 0.2263779527559055260, 0.0000000000000000000 ) ) ;
#162 = EDGE_LOOP ( 'NONE', ( #1304, #4559, #4299, #2063, #2088 ) ) ;
#163 = CARTESIAN_POINT ( 'NONE',  ( -0.2401574803149606474, -0.03937007874015523851, -1.496062992125984259 ) ) ;
#164 = ADVANCED_FACE ( 'NONE', ( #958 ), #2975, .T. ) ;
#165 = FACE_OUTER_BOUND ( 'NONE', #1207, .T. ) ;
#166 = CARTESIAN_POINT ( 'NONE',  ( -0.2244094488188976555, -0.09252431488256988856, -1.496062992125984259 ) ) ;
#167 = DIRECTION ( 'NONE',  ( 1.000000000000000000, -2.067150312461970137E-14, 0.0000000000000000000 ) ) ;
#168 = VERTEX_POINT ( 'NONE', #1799 ) ;
#169 = EDGE_CURVE ( 'NONE', #284, #1310, #1932, .T. ) ;
#170 = EDGE_CURVE ( 'NONE', #719, #1457, #2015, .T. ) ;
#171 = CARTESIAN_POINT ( 'NONE',  ( 0.6673228346456693272, 0.1118343365560181130, -1.496062992125984259 ) ) ;
#172 = CARTESIAN_POINT ( 'NONE',  ( 0.6397637795275591399, 0.2263779527559055260, -1.496062992125984259 ) ) ;
#173 = CARTESIAN_POINT ( 'NONE',  ( 0.2519685039370078705, -0.1318943936227267855, 0.0000000000000000000 ) ) ;
#174 = CARTESIAN_POINT ( 'NONE',  ( 0.4458661417322834497, -0.2263779527559055260, -1.496062992125984259 ) ) ;
#175 = EDGE_CURVE ( 'NONE', #3063, #4710, #1753, .T. ) ;
#176 = ORIENTED_EDGE ( 'NONE', *, *, #3781, .T. ) ;
#177 = LINE ( 'NONE', #2113, #2714 ) ;
#178 = VERTEX_POINT ( 'NONE', #2547 ) ;
#179 = DIRECTION ( 'NONE',  ( 0.0000000000000000000, 0.0000000000000000000, 1.000000000000000000 ) ) ;
#180 = VERTEX_POINT ( 'NONE', #3308 ) ;
#181 = EDGE_LOOP ( 'NONE', ( #1488, #3843, #1555, #4328 ) ) ;
#182 = CARTESIAN_POINT ( 'NONE',  ( 0.6594488188976378451, 0.2263779527559055260, -1.496062992125984259 ) ) ;
#183 = CARTESIAN_POINT ( 'NONE',  ( 0.6348951014050294717, -0.1223390747915281684, 0.0000000000000000000 ) ) ;
#184 = VERTEX_POINT ( 'NONE', #4847 ) ;
#185 = VERTEX_POINT ( 'NONE', #1396 ) ;
#186 =( LENGTH_UNIT ( ) NAMED_UNIT ( * ) SI_UNIT ( $, .METRE. ) );
#187 = CYLINDRICAL_SURFACE ( 'NONE', #3126, 0.01968503937007875723 ) ;
#188 =( GEOMETRIC_REPRESENTATION_CONTEXT ( 3 ) GLOBAL_UNCERTAINTY_ASSIGNED_CONTEXT ( ( #2872 ) ) GLOBAL_UNIT_ASSIGNED_CONTEXT ( ( #1796, #347, #3411 ) ) REPRESENTATION_CONTEXT ( 'NONE', 'WORKASPACE' ) );
#189 = EDGE_CURVE ( 'NONE', #1951, #4118, #4535, .T. ) ;
#190 = PLANE ( 'NONE',  #1751 ) ;
#191 = ORIENTED_EDGE ( 'NONE', *, *, #537, .F. ) ;
#192 = DIRECTION ( 'NONE',  ( 0.0000000000000000000, 0.0000000000000000000, 1.000000000000000000 ) ) ;
#193 = AXIS2_PLACEMENT_3D ( 'NONE', #2611, #4102, #217 ) ;
#194 = DIRECTION ( 'NONE',  ( 0.8090169943749389025, -0.5877852522924849055, 0.0000000000000000000 ) ) ;
#195 = CARTESIAN_POINT ( 'NONE',  ( -0.4113517303212779752, -0.03937007874015747977, 0.0000000000000000000 ) ) ;
#196 = DIRECTION ( 'NONE',  ( 1.000000000000000000, 0.0000000000000000000, 0.0000000000000000000 ) ) ;
#197 = DIRECTION ( 'NONE',  ( 1.000000000000000000, 0.0000000000000000000, 0.0000000000000000000 ) ) ;
#198 = AXIS2_PLACEMENT_3D ( 'NONE', #3503, #1890, #4658 ) ;
#199 = VECTOR ( 'NONE', #4116, 39.37007874015748143 ) ;
#200 = EDGE_CURVE ( 'NONE', #2221, #1788, #604, .T. ) ;
#201 = ADVANCED_FACE ( 'NONE', ( #3388 ), #4924, .T. ) ;
#202 = ORIENTED_EDGE ( 'NONE', *, *, #104, .F. ) ;
#203 = AXIS2_PLACEMENT_3D ( 'NONE', #2189, #2945, #1005 ) ;
#204 = EDGE_CURVE ( 'NONE', #463, #2874, #3470, .T. ) ;
#205 = CARTESIAN_POINT ( 'NONE',  ( -0.2519685039370078705, -0.2263779527559055260, -1.496062992125984259 ) ) ;
#206 = CARTESIAN_POINT ( 'NONE',  ( 7.714310545810101211E-18, 0.03937007874015747977, -0.7204724409448819422 ) ) ;
#207 = EDGE_LOOP ( 'NONE', ( #3050, #4321, #15, #1262 ) ) ;
#208 = ORIENTED_EDGE ( 'NONE', *, *, #3564, .T. ) ;
#209 = ORIENTED_EDGE ( 'NONE', *, *, #3253, .F. ) ;
#210 = DIRECTION ( 'NONE',  ( -1.089603340915474052E-15, -1.000000000000000000, 0.0000000000000000000 ) ) ;
#211 = DIRECTION ( 'NONE',  ( 0.0000000000000000000, 0.0000000000000000000, 1.000000000000000000 ) ) ;
#212 = AXIS2_PLACEMENT_3D ( 'NONE', #1213, #1947, #4337 ) ;
#213 = ORIENTED_EDGE ( 'NONE', *, *, #3688, .F. ) ;
#214 = VERTEX_POINT ( 'NONE', #5018 ) ;
#215 =( NAMED_UNIT ( * ) PLANE_ANGLE_UNIT ( ) SI_UNIT ( $, .RADIAN. ) );
#216 = CARTESIAN_POINT ( 'NONE',  ( 0.4566929133858244061, 1.468368296594541258E-15, 0.1574803149606299191 ) ) ;
#217 = DIRECTION ( 'NONE',  ( 0.6427876096865435818, 0.7660444431189744607, 0.0000000000000000000 ) ) ;
#218 = LINE ( 'NONE', #3322, #1672 ) ;
#219 = ORIENTED_EDGE ( 'NONE', *, *, #765, .T. ) ;
#220 = CARTESIAN_POINT ( 'NONE',  ( 0.2913385826771653919, -0.05118110236220244080, 0.0000000000000000000 ) ) ;
#221 = DIRECTION ( 'NONE',  ( 0.0000000000000000000, 0.0000000000000000000, -1.000000000000000000 ) ) ;
#222 = DIRECTION ( 'NONE',  ( 0.0000000000000000000, 0.0000000000000000000, 1.000000000000000000 ) ) ;
#223 = CARTESIAN_POINT ( 'NONE',  ( 0.5497918511573290923, 0.01184385061273604371, -1.496062992125984259 ) ) ;
#224 = ORIENTED_EDGE ( 'NONE', *, *, #4528, .F. ) ;
#225 = CARTESIAN_POINT ( 'NONE',  ( -0.2519685039370078705, -0.05118110236220244080, -1.496062992125984259 ) ) ;
#226 = ADVANCED_FACE ( 'NONE', ( #809 ), #1528, .T. ) ;
#227 = DIRECTION ( 'NONE',  ( 0.0000000000000000000, 0.0000000000000000000, 1.000000000000000000 ) ) ;
#228 = AXIS2_PLACEMENT_3D ( 'NONE', #1150, #3502, #3873 ) ;
#229 = MECHANICAL_DESIGN_GEOMETRIC_PRESENTATION_REPRESENTATION (  '', ( #2986 ), #551 ) ;
#230 = EDGE_CURVE ( 'NONE', #3888, #1384, #1881, .T. ) ;
#231 = ORIENTED_EDGE ( 'NONE', *, *, #1806, .F. ) ;
#232 = ORIENTED_EDGE ( 'NONE', *, *, #45, .F. ) ;
#233 = EDGE_CURVE ( 'NONE', #3264, #4203, #4845, .T. ) ;
#234 = CARTESIAN_POINT ( 'NONE',  ( 0.4113517303212779752, 0.05118110236220472370, -1.496062992125984259 ) ) ;
#235 = CARTESIAN_POINT ( 'NONE',  ( -0.5000000000000000000, 1.468368296594541258E-15, -1.496062992125984259 ) ) ;
#236 = EDGE_CURVE ( 'NONE', #4531, #2528, #3047, .T. ) ;
#237 = VERTEX_POINT ( 'NONE', #4968 ) ;
#238 = ORIENTED_EDGE ( 'NONE', *, *, #3413, .T. ) ;
#239 = ORIENTED_EDGE ( 'NONE', *, *, #1260, .F. ) ;
#240 = CIRCLE ( 'NONE', #4940, 0.05118110236220468900 ) ;
#241 = FACE_OUTER_BOUND ( 'NONE', #865, .T. ) ;
#242 = CARTESIAN_POINT ( 'NONE',  ( -0.5278619018776495864, 0.08615817327910905987, -1.496062992125984259 ) ) ;
#243 = ORIENTED_EDGE ( 'NONE', *, *, #2931, .T. ) ;
#244 = CIRCLE ( 'NONE', #79, 0.01181102362204887977 ) ;
#245 = CARTESIAN_POINT ( 'NONE',  ( 0.3405511811023622104, 0.2263779527559055260, -1.496062992125984259 ) ) ;
#246 = PRESENTATION_STYLE_ASSIGNMENT (( #703 ) ) ;
#247 = DIRECTION ( 'NONE',  ( 1.000000000000000000, 0.0000000000000000000, 0.0000000000000000000 ) ) ;
#248 = SURFACE_SIDE_STYLE ('',( #3752 ) ) ;
#249 = CARTESIAN_POINT ( 'NONE',  ( 0.5000000000000000000, 1.468368296594541258E-15, -1.496062992125984259 ) ) ;
#250 = ORIENTED_EDGE ( 'NONE', *, *, #2506, .T. ) ;
#251 = DIRECTION ( 'NONE',  ( 0.0000000000000000000, 0.0000000000000000000, 1.000000000000000000 ) ) ;
#252 = CARTESIAN_POINT ( 'NONE',  ( -0.6348951014050294717, 0.1223390747915281684, 0.0000000000000000000 ) ) ;
#253 = ADVANCED_FACE ( 'NONE', ( #1167 ), #2669, .F. ) ;
#254 = EDGE_LOOP ( 'NONE', ( #2097, #607, #1512, #957, #3390, #1278 ) ) ;
#255 = FACE_OUTER_BOUND ( 'NONE', #4024, .T. ) ;
#256 = ORIENTED_EDGE ( 'NONE', *, *, #3021, .T. ) ;
#257 = ORIENTED_EDGE ( 'NONE', *, *, #453, .T. ) ;
#258 = DIRECTION ( 'NONE',  ( 0.0000000000000000000, -1.000000000000000000, 0.0000000000000000000 ) ) ;
#259 = LINE ( 'NONE', #3364, #4897 ) ;
#260 = EDGE_CURVE ( 'NONE', #28, #3888, #4602, .T. ) ;
#261 = EDGE_CURVE ( 'NONE', #532, #961, #4628, .T. ) ;
#262 = ORIENTED_EDGE ( 'NONE', *, *, #2506, .F. ) ;
#263 = EDGE_LOOP ( 'NONE', ( #979, #1157, #4715, #4820 ) ) ;
#264 = EDGE_CURVE ( 'NONE', #493, #1917, #2372, .T. ) ;
#265 = CARTESIAN_POINT ( 'NONE',  ( 0.2401574803149606474, -0.08071329126052262382, -1.496062992125984259 ) ) ;
#266 = CARTESIAN_POINT ( 'NONE',  ( 0.2913385826771653919, -0.1082723463786324780, 0.0000000000000000000 ) ) ;
#267 = VERTEX_POINT ( 'NONE', #4219 ) ;
#268 = CYLINDRICAL_SURFACE ( 'NONE', #1165, 0.01181102362204724046 ) ;
#269 = DIRECTION ( 'NONE',  ( 0.0000000000000000000, 0.0000000000000000000, 1.000000000000000000 ) ) ;
#270 = VECTOR ( 'NONE', #3557, 39.37007874015748143 ) ;
#271 = LINE ( 'NONE', #3704, #1048 ) ;
#272 = DIRECTION ( 'NONE',  ( 1.000000000000000000, 0.0000000000000000000, 0.0000000000000000000 ) ) ;
#273 = CARTESIAN_POINT ( 'NONE',  ( 0.2125984251968504046, -0.09252431488256988856, -1.496062992125984259 ) ) ;
#274 = LINE ( 'NONE', #733, #3135 ) ;
#275 = CIRCLE ( 'NONE', #993, 0.01181102362204724046 ) ;
#276 = ORIENTED_EDGE ( 'NONE', *, *, #4164, .T. ) ;
#277 = DIRECTION ( 'NONE',  ( 0.0000000000000000000, 0.0000000000000000000, 1.000000000000000000 ) ) ;
#278 = CARTESIAN_POINT ( 'NONE',  ( -0.5000000000000000000, 0.0000000000000000000, -1.496062992125984259 ) ) ;
#279 = VECTOR ( 'NONE', #1565, 39.37007874015748143 ) ;
#280 = AXIS2_PLACEMENT_3D ( 'NONE', #337, #1178, #4372 ) ;
#281 = VECTOR ( 'NONE', #3303, 39.37007874015748854 ) ;
#282 = DIRECTION ( 'NONE',  ( -1.000000000000000000, 0.0000000000000000000, 0.0000000000000000000 ) ) ;
#283 = ORIENTED_EDGE ( 'NONE', *, *, #4308, .F. ) ;
#284 = VERTEX_POINT ( 'NONE', #4675 ) ;
#285 = CARTESIAN_POINT ( 'NONE',  ( -0.3917322834645669549, 0.1780276157922165425, -1.496062992125984259 ) ) ;
#286 = LINE ( 'NONE', #3795, #4426 ) ;
#287 = AXIS2_PLACEMENT_3D ( 'NONE', #1161, #2768, #2815 ) ;
#288 = EDGE_LOOP ( 'NONE', ( #4966, #1246, #2229, #3423 ) ) ;
#289 = ORIENTED_EDGE ( 'NONE', *, *, #130, .T. ) ;
#290 = VECTOR ( 'NONE', #2656, 39.37007874015748143 ) ;
#291 = DIRECTION ( 'NONE',  ( 1.000000000000000000, 0.0000000000000000000, 0.0000000000000000000 ) ) ;
#292 = EDGE_CURVE ( 'NONE', #3227, #780, #4269, .T. ) ;
#293 = LINE ( 'NONE', #4154, #2794 ) ;
#294 = CARTESIAN_POINT ( 'NONE',  ( 0.6791338582677166613, 0.2263779527559055260, -1.496062992125984259 ) ) ;
#295 = CIRCLE ( 'NONE', #2570, 0.01181102362204724046 ) ;
#296 = ORIENTED_EDGE ( 'NONE', *, *, #204, .T. ) ;
#297 = ADVANCED_FACE ( 'NONE', ( #738 ), #4195, .F. ) ;
#298 = DIRECTION ( 'NONE',  ( 1.000000000000000000, 0.0000000000000000000, 0.0000000000000000000 ) ) ;
#299 = CARTESIAN_POINT ( 'NONE',  ( 0.6397637795275591399, 0.2263779527559055260, -1.496062992125984259 ) ) ;
#300 = CARTESIAN_POINT ( 'NONE',  ( 0.6791338582677166613, -0.1118343365560181130, 0.0000000000000000000 ) ) ;
#301 = DIRECTION ( 'NONE',  ( 0.0000000000000000000, 0.0000000000000000000, 1.000000000000000000 ) ) ;
#302 = CARTESIAN_POINT ( 'NONE',  ( 0.4655511811023622104, -0.2263779527559055260, 0.0000000000000000000 ) ) ;
#303 = ORIENTED_EDGE ( 'NONE', *, *, #2869, .T. ) ;
#304 = DIRECTION ( 'NONE',  ( 1.000000000000000000, 0.0000000000000000000, 0.0000000000000000000 ) ) ;
#305 = LINE ( 'NONE', #1475, #4287 ) ;
#306 = CARTESIAN_POINT ( 'NONE',  ( 0.5511811023622072980, 1.474636173913012125E-15, 0.1496062992125984370 ) ) ;
#307 = ORIENTED_EDGE ( 'NONE', *, *, #2351, .T. ) ;
#308 = EDGE_LOOP ( 'NONE', ( #3739, #4898 ) ) ;
#309 = FACE_OUTER_BOUND ( 'NONE', #2606, .T. ) ;
#310 = CARTESIAN_POINT ( 'NONE',  ( -0.3405511811023622104, 0.1636980790100826810, -1.496062992125984259 ) ) ;
#311 = DIRECTION ( 'NONE',  ( -2.168404344971010446E-15, 1.000000000000000000, 0.0000000000000000000 ) ) ;
#312 = CIRCLE ( 'NONE', #3803, 0.01181102362204724046 ) ;
#313 = VERTEX_POINT ( 'NONE', #1858 ) ;
#314 = VECTOR ( 'NONE', #867, 39.37007874015748143 ) ;
#315 = ORIENTED_EDGE ( 'NONE', *, *, #1470, .T. ) ;
#316 = CARTESIAN_POINT ( 'NONE',  ( 0.2047244094488188948, 0.05905511811023622659, -0.4330708661417322913 ) ) ;
#317 = CARTESIAN_POINT ( 'NONE',  ( 0.4721380981223504136, 0.08615817327910925416, 0.0000000000000000000 ) ) ;
#318 = DIRECTION ( 'NONE',  ( 0.0000000000000000000, 0.0000000000000000000, -1.000000000000000000 ) ) ;
#319 = AXIS2_PLACEMENT_3D ( 'NONE', #2058, #530, #3573 ) ;
#320 = EDGE_CURVE ( 'NONE', #3568, #3447, #138, .T. ) ;
#321 = DIRECTION ( 'NONE',  ( 0.0000000000000000000, 0.0000000000000000000, 1.000000000000000000 ) ) ;
#322 = LINE ( 'NONE', #3434, #2969 ) ;
#323 = PLANE ( 'NONE',  #2708 ) ;
#324 = DIRECTION ( 'NONE',  ( 0.0000000000000000000, 0.0000000000000000000, 1.000000000000000000 ) ) ;
#325 = AXIS2_PLACEMENT_3D ( 'NONE', #2663, #2391, #2766 ) ;
#326 = EDGE_CURVE ( 'NONE', #585, #1473, #305, .T. ) ;
#327 = EDGE_CURVE ( 'NONE', #3443, #719, #2643, .T. ) ;
#328 = EDGE_LOOP ( 'NONE', ( #2012, #2483, #2354, #2728 ) ) ;
#329 =( NAMED_UNIT ( * ) SI_UNIT ( $, .STERADIAN. ) SOLID_ANGLE_UNIT ( ) );
#330 = EDGE_CURVE ( 'NONE', #53, #3432, #2091, .T. ) ;
#331 = ORIENTED_EDGE ( 'NONE', *, *, #2812, .T. ) ;
#332 =( NAMED_UNIT ( * ) PLANE_ANGLE_UNIT ( ) SI_UNIT ( $, .RADIAN. ) );
#333 = ORIENTED_EDGE ( 'NONE', *, *, #5000, .T. ) ;
#334 = EDGE_LOOP ( 'NONE', ( #974, #262, #1182, #4098 ) ) ;
#335 = CARTESIAN_POINT ( 'NONE',  ( 0.3433144357111932998, 0.1561060993681155917, -1.496062992125984259 ) ) ;
#336 = DIRECTION ( 'NONE',  ( 0.0000000000000000000, 0.0000000000000000000, 1.000000000000000000 ) ) ;
#337 = CARTESIAN_POINT ( 'NONE',  ( 0.4113517303212779752, 0.05118110236220472370, 0.0000000000000000000 ) ) ;
#338 = ORIENTED_EDGE ( 'NONE', *, *, #2817, .T. ) ;
#339 = VERTEX_POINT ( 'NONE', #4395 ) ;
#340 = DIRECTION ( 'NONE',  ( 1.508455196501569950E-16, 0.0000000000000000000, 1.000000000000000000 ) ) ;
#341 = CARTESIAN_POINT ( 'NONE',  ( -0.4113517303212779752, -0.05118110236220472370, -1.496062992125984259 ) ) ;
#342 = VERTEX_POINT ( 'NONE', #2793 ) ;
#343 = CARTESIAN_POINT ( 'NONE',  ( 0.4458661417322834497, -0.2263779527559055260, 0.0000000000000000000 ) ) ;
#344 = LINE ( 'NONE', #299, #370 ) ;
#345 = CARTESIAN_POINT ( 'NONE',  ( -0.6279527559055118058, -0.1318943936227279512, -1.496062992125984259 ) ) ;
#346 = CARTESIAN_POINT ( 'NONE',  ( 0.4113517303212779752, -0.05118110236220472370, 0.0000000000000000000 ) ) ;
#347 =( NAMED_UNIT ( * ) PLANE_ANGLE_UNIT ( ) SI_UNIT ( $, .RADIAN. ) );
#348 = FACE_OUTER_BOUND ( 'NONE', #2525, .T. ) ;
#349 = ORIENTED_EDGE ( 'NONE', *, *, #1689, .T. ) ;
#350 = AXIS2_PLACEMENT_3D ( 'NONE', #3168, #1662, #1235 ) ;
#351 = CARTESIAN_POINT ( 'NONE',  ( -0.2913385826771653919, -0.1082723463786324780, -1.496062992125984259 ) ) ;
#352 = EDGE_CURVE ( 'NONE', #3051, #2951, #928, .T. ) ;
#353 = ADVANCED_FACE ( 'NONE', ( #1316 ), #881, .T. ) ;
#354 = ORIENTED_EDGE ( 'NONE', *, *, #92, .T. ) ;
#355 = CARTESIAN_POINT ( 'NONE',  ( 0.3826845144513507657, 0.1704356361502496198, -1.496062992125984259 ) ) ;
#356 = EDGE_CURVE ( 'NONE', #3813, #4731, #2503, .T. ) ;
#357 = ORIENTED_EDGE ( 'NONE', *, *, #1597, .T. ) ;
#358 = MECHANICAL_DESIGN_GEOMETRIC_PRESENTATION_REPRESENTATION (  '', ( #2635 ), #1082 ) ;
#359 = ORIENTED_EDGE ( 'NONE', *, *, #1086, .F. ) ;
#360 = LINE ( 'NONE', #743, #1939 ) ;
#361 = CARTESIAN_POINT ( 'NONE',  ( -0.4799742580254394153, -0.08830903723516123072, 0.0000000000000000000 ) ) ;
#362 = AXIS2_PLACEMENT_3D ( 'NONE', #2979, #1402, #1042 ) ;
#363 = CIRCLE ( 'NONE', #3615, 0.01181102362204703576 ) ;
#364 = ORIENTED_EDGE ( 'NONE', *, *, #3185, .F. ) ;
#365 = ORIENTED_EDGE ( 'NONE', *, *, #4050, .F. ) ;
#366 = CIRCLE ( 'NONE', #1991, 0.04330708661417556615 ) ;
#367 = DIRECTION ( 'NONE',  ( 0.0000000000000000000, 0.0000000000000000000, -1.000000000000000000 ) ) ;
#368 = CARTESIAN_POINT ( 'NONE',  ( 0.2047244094488188948, 0.03937007874015747977, -0.4330708661417322913 ) ) ;
#369 = DIRECTION ( 'NONE',  ( 1.000000000000000000, 0.0000000000000000000, 0.0000000000000000000 ) ) ;
#370 = VECTOR ( 'NONE', #269, 39.37007874015748143 ) ;
#371 =( NAMED_UNIT ( * ) SI_UNIT ( $, .STERADIAN. ) SOLID_ANGLE_UNIT ( ) );
#372 = DIRECTION ( 'NONE',  ( 0.0000000000000000000, 0.0000000000000000000, 1.000000000000000000 ) ) ;
#373 = CIRCLE ( 'NONE', #2334, 0.05118110236220468900 ) ;
#374 = SURFACE_SIDE_STYLE ('',( #5015 ) ) ;
#375 = ORIENTED_EDGE ( 'NONE', *, *, #3501, .T. ) ;
#376 = LINE ( 'NONE', #3910, #2025 ) ;
#377 = VERTEX_POINT ( 'NONE', #3911 ) ;
#378 = ADVANCED_FACE ( 'NONE', ( #1696 ), #69, .T. ) ;
#379 = ORIENTED_EDGE ( 'NONE', *, *, #698, .T. ) ;
#380 = FACE_OUTER_BOUND ( 'NONE', #1935, .T. ) ;
#381 = VERTEX_POINT ( 'NONE', #902 ) ;
#382 = LINE ( 'NONE', #3053, #4616 ) ;
#383 = SURFACE_SIDE_STYLE ('',( #3822 ) ) ;
#384 = CARTESIAN_POINT ( 'NONE',  ( 0.3799212598425197318, 0.2263779527559055260, 0.0000000000000000000 ) ) ;
#385 = EDGE_CURVE ( 'NONE', #1147, #342, #4320, .T. ) ;
#386 = ADVANCED_FACE ( 'NONE', ( #2464 ), #3224, .T. ) ;
#387 = ORIENTED_EDGE ( 'NONE', *, *, #1970, .T. ) ;
#388 = EDGE_CURVE ( 'NONE', #3744, #3443, #4772, .T. ) ;
#389 = VECTOR ( 'NONE', #2853, 39.37007874015748143 ) ;
#390 = DIRECTION ( 'NONE',  ( 1.000000000000000000, 0.0000000000000000000, 0.0000000000000000000 ) ) ;
#391 = CARTESIAN_POINT ( 'NONE',  ( 0.5672246018224543773, -0.07317357895341693175, 0.0000000000000000000 ) ) ;
#392 = EDGE_CURVE ( 'NONE', #4281, #3648, #1684, .T. ) ;
#393 = VECTOR ( 'NONE', #1938, 39.37007874015748143 ) ;
#394 = LINE ( 'NONE', #3882, #1329 ) ;
#395 = LINE ( 'NONE', #4990, #2417 ) ;
#396 = CARTESIAN_POINT ( 'NONE',  ( 0.3405511811023622104, 0.1636980790100826810, -1.496062992125984259 ) ) ;
#397 = CIRCLE ( 'NONE', #4295, 0.01181102362204724046 ) ;
#398 = DIRECTION ( 'NONE',  ( 0.0000000000000000000, 0.0000000000000000000, 1.000000000000000000 ) ) ;
#399 = VECTOR ( 'NONE', #4946, 39.37007874015748854 ) ;
#400 = VERTEX_POINT ( 'NONE', #3637 ) ;
#401 = DIRECTION ( 'NONE',  ( 1.000000000000000000, 0.0000000000000000000, 0.0000000000000000000 ) ) ;
#402 = CARTESIAN_POINT ( 'NONE',  ( -0.2322834645669291376, -0.2263779527559055260, -1.496062992125984259 ) ) ;
#403 = CIRCLE ( 'NONE', #3247, 0.09055118110236889950 ) ;
#404 = ORIENTED_EDGE ( 'NONE', *, *, #4182, .T. ) ;
#405 = CARTESIAN_POINT ( 'NONE',  ( 0.2047244094488188948, 0.05905511811023622659, -0.4330708661417322913 ) ) ;
#406 = ORIENTED_EDGE ( 'NONE', *, *, #3898, .T. ) ;
#407 = CYLINDRICAL_SURFACE ( 'NONE', #2840, 0.01181102362204730985 ) ;
#408 = VERTEX_POINT ( 'NONE', #4005 ) ;
#409 = SURFACE_STYLE_FILL_AREA ( #4705 ) ;
#410 =( NAMED_UNIT ( * ) PLANE_ANGLE_UNIT ( ) SI_UNIT ( $, .RADIAN. ) );
#411 = CARTESIAN_POINT ( 'NONE',  ( -0.4261811023622047445, -0.2263779527559055260, -1.496062992125984259 ) ) ;
#412 = ORIENTED_EDGE ( 'NONE', *, *, #788, .T. ) ;
#413 = VERTEX_POINT ( 'NONE', #4742 ) ;
#414 = ORIENTED_EDGE ( 'NONE', *, *, #2325, .T. ) ;
#415 = FACE_OUTER_BOUND ( 'NONE', #561, .T. ) ;
#416 = DIRECTION ( 'NONE',  ( 0.0000000000000000000, 0.0000000000000000000, 1.000000000000000000 ) ) ;
#417 = EDGE_CURVE ( 'NONE', #1439, #2874, #2426, .T. ) ;
#418 = EDGE_CURVE ( 'NONE', #454, #3452, #1031, .T. ) ;
#419 = ORIENTED_EDGE ( 'NONE', *, *, #2967, .T. ) ;
#420 = DIRECTION ( 'NONE',  ( 0.0000000000000000000, 0.0000000000000000000, 1.000000000000000000 ) ) ;
#421 = DIRECTION ( 'NONE',  ( 0.0000000000000000000, 0.0000000000000000000, 1.000000000000000000 ) ) ;
#422 = DIRECTION ( 'NONE',  ( 1.000000000000000000, 0.0000000000000000000, 0.0000000000000000000 ) ) ;
#423 = EDGE_CURVE ( 'NONE', #3192, #1457, #1220, .T. ) ;
#424 = DIRECTION ( 'NONE',  ( 0.0000000000000000000, 0.0000000000000000000, 1.000000000000000000 ) ) ;
#425 = CARTESIAN_POINT ( 'NONE',  ( -0.5433070866141732624, -5.335640612625512173E-19, 0.1574803149606299191 ) ) ;
#426 = CARTESIAN_POINT ( 'NONE',  ( 0.5000000000000000000, 1.468368296594541258E-15, -1.496062992125984259 ) ) ;
#427 = ORIENTED_EDGE ( 'NONE', *, *, #1570, .T. ) ;
#428 = DIRECTION ( 'NONE',  ( 0.0000000000000000000, 0.0000000000000000000, 1.000000000000000000 ) ) ;
#429 = UNCERTAINTY_MEASURE_WITH_UNIT (LENGTH_MEASURE( 1.000000000000000082E-05 ), #3274, 'distance_accuracy_value', 'NONE');
#430 = ORIENTED_EDGE ( 'NONE', *, *, #417, .F. ) ;
#431 = CARTESIAN_POINT ( 'NONE',  ( 0.3799212598425197318, 0.1780276157922165425, -1.496062992125984259 ) ) ;
#432 = ORIENTED_EDGE ( 'NONE', *, *, #2377, .F. ) ;
#433 = AXIS2_PLACEMENT_3D ( 'NONE', #4989, #4545, #1052 ) ;
#434 = DIRECTION ( 'NONE',  ( 0.0000000000000000000, 0.0000000000000000000, 1.000000000000000000 ) ) ;
#435 = COLOUR_RGB ( '',0.8000000000000000444, 0.8078431372549019773, 0.8000000000000000444 ) ;
#436 = ORIENTED_EDGE ( 'NONE', *, *, #3029, .F. ) ;
#437 = ORIENTED_EDGE ( 'NONE', *, *, #4755, .F. ) ;
#438 = CARTESIAN_POINT ( 'NONE',  ( -0.6348951014050294717, 0.1223390747915281684, -1.496062992125984259 ) ) ;
#439 = VECTOR ( 'NONE', #2631, 39.37007874015748143 ) ;
#440 = MECHANICAL_DESIGN_GEOMETRIC_PRESENTATION_REPRESENTATION (  '', ( #2402 ), #3288 ) ;
#441 = ORIENTED_EDGE ( 'NONE', *, *, #2236, .F. ) ;
#442 = DIRECTION ( 'NONE',  ( 0.0000000000000000000, 0.0000000000000000000, 1.000000000000000000 ) ) ;
#443 = CIRCLE ( 'NONE', #1180, 0.05118110236220468900 ) ;
#444 = CARTESIAN_POINT ( 'NONE',  ( -0.5511811023622046335, 5.734313257208149950E-18, -0.3149606299212598381 ) ) ;
#445 = EDGE_CURVE ( 'NONE', #2112, #1639, #47, .T. ) ;
#446 = DIRECTION ( 'NONE',  ( 0.0000000000000000000, 0.0000000000000000000, 1.000000000000000000 ) ) ;
#447 = FACE_OUTER_BOUND ( 'NONE', #3037, .T. ) ;
#448 = ADVANCED_FACE ( 'NONE', ( #2005 ), #3563, .T. ) ;
#449 = CIRCLE ( 'NONE', #3211, 0.01968503937007875723 ) ;
#450 = DIRECTION ( 'NONE',  ( -5.295027878066720598E-16, -1.000000000000000000, 0.0000000000000000000 ) ) ;
#451 = DIRECTION ( 'NONE',  ( 0.0000000000000000000, -1.000000000000000000, 0.0000000000000000000 ) ) ;
#452 = AXIS2_PLACEMENT_3D ( 'NONE', #109, #3296, #2889 ) ;
#453 = EDGE_CURVE ( 'NONE', #3300, #1552, #1450, .T. ) ;
#454 = VERTEX_POINT ( 'NONE', #3958 ) ;
#455 = FACE_OUTER_BOUND ( 'NONE', #4030, .T. ) ;
#456 = ORIENTED_EDGE ( 'NONE', *, *, #35, .T. ) ;
#457 = DIRECTION ( 'NONE',  ( 0.0000000000000000000, 0.0000000000000000000, 1.000000000000000000 ) ) ;
#458 = PLANE ( 'NONE',  #876 ) ;
#459 = MECHANICAL_DESIGN_GEOMETRIC_PRESENTATION_REPRESENTATION (  '', ( #1019 ), #2170 ) ;
#460 = PLANE ( 'NONE',  #960 ) ;
#461 = DIMENSIONAL_EXPONENTS ( 1.000000000000000000, 0.0000000000000000000, 0.0000000000000000000, 0.0000000000000000000, 0.0000000000000000000, 0.0000000000000000000, 0.0000000000000000000 ) ;
#462 = ORIENTED_EDGE ( 'NONE', *, *, #2628, .T. ) ;
#463 = VERTEX_POINT ( 'NONE', #475 ) ;
#464 = CARTESIAN_POINT ( 'NONE',  ( 0.6348951014050294717, 0.1223390747915279603, 0.0000000000000000000 ) ) ;
#465 = DIRECTION ( 'NONE',  ( 0.0000000000000000000, 0.0000000000000000000, 1.000000000000000000 ) ) ;
#466 = EDGE_LOOP ( 'NONE', ( #3589, #2094, #4749, #4724 ) ) ;
#467 = CYLINDRICAL_SURFACE ( 'NONE', #29, 0.09055118110236104467 ) ;
#468 = DIRECTION ( 'NONE',  ( -0.0000000000000000000, -1.000000000000000000, -0.0000000000000000000 ) ) ;
#469 = DIRECTION ( 'NONE',  ( 0.0000000000000000000, 0.0000000000000000000, 1.000000000000000000 ) ) ;
#470 = CARTESIAN_POINT ( 'NONE',  ( -0.2795275590551181133, -0.1200833700006795346, -1.496062992125984259 ) ) ;
#471 = AXIS2_PLACEMENT_3D ( 'NONE', #2781, #367, #821 ) ;
#472 = AXIS2_PLACEMENT_3D ( 'NONE', #2948, #1373, #4086 ) ;
#473 = AXIS2_PLACEMENT_3D ( 'NONE', #3741, #4952, #1485 ) ;
#474 = DIRECTION ( 'NONE',  ( 0.0000000000000000000, 0.0000000000000000000, 1.000000000000000000 ) ) ;
#475 = CARTESIAN_POINT ( 'NONE',  ( -0.4721380981223504136, 0.08615817327910826884, -1.496062992125984259 ) ) ;
#476 = ADVANCED_FACE ( 'NONE', ( #2027 ), #3353, .T. ) ;
#477 = CIRCLE ( 'NONE', #1694, 0.09055118110236398676 ) ;
#478 = EDGE_CURVE ( 'NONE', #2673, #794, #1346, .T. ) ;
#479 = ORIENTED_EDGE ( 'NONE', *, *, #1447, .F. ) ;
#480 = DIRECTION ( 'NONE',  ( 1.000000000000000000, -1.412527898055806035E-15, 0.0000000000000000000 ) ) ;
#481 = ORIENTED_EDGE ( 'NONE', *, *, #4672, .F. ) ;
#482 = CIRCLE ( 'NONE', #1218, 0.05118110236220728415 ) ;
#483 = ADVANCED_FACE ( 'NONE', ( #1393 ), #595, .T. ) ;
#484 = CARTESIAN_POINT ( 'NONE',  ( 0.4132675480220180941, 0.05436453559011661385, 0.0000000000000000000 ) ) ;
#485 = CARTESIAN_POINT ( 'NONE',  ( -0.5497918511573290923, -0.01184385061273618249, 0.0000000000000000000 ) ) ;
#486 = AXIS2_PLACEMENT_3D ( 'NONE', #2841, #4027, #1714 ) ;
#487 = ORIENTED_EDGE ( 'NONE', *, *, #1447, .T. ) ;
#488 = ORIENTED_EDGE ( 'NONE', *, *, #3134, .F. ) ;
#489 = LINE ( 'NONE', #3290, #4375 ) ;
#490 = DIRECTION ( 'NONE',  ( 1.000000000000000000, 0.0000000000000000000, 0.0000000000000000000 ) ) ;
#491 = VERTEX_POINT ( 'NONE', #953 ) ;
#492 = LINE ( 'NONE', #3600, #4004 ) ;
#493 = VERTEX_POINT ( 'NONE', #3664 ) ;
#494 = FACE_BOUND ( 'NONE', #3138, .T. ) ;
#495 = CARTESIAN_POINT ( 'NONE',  ( -0.6673228346456693272, -0.1118343365560181130, -1.496062992125984259 ) ) ;
#496 = DIRECTION ( 'NONE',  ( 1.000000000000000000, 0.0000000000000000000, 0.0000000000000000000 ) ) ;
#497 = CARTESIAN_POINT ( 'NONE',  ( 7.714310545810101211E-18, -0.03937007874015523851, -0.7204724409448819422 ) ) ;
#498 = DIRECTION ( 'NONE',  ( -1.000000000000000000, 0.0000000000000000000, 0.0000000000000000000 ) ) ;
#499 = FACE_OUTER_BOUND ( 'NONE', #334, .T. ) ;
#500 = SURFACE_STYLE_USAGE ( .BOTH. , #4607 ) ;
#501 = ORIENTED_EDGE ( 'NONE', *, *, #1222, .T. ) ;
#502 = EDGE_CURVE ( 'NONE', #1990, #178, #4494, .T. ) ;
#503 =( NAMED_UNIT ( * ) PLANE_ANGLE_UNIT ( ) SI_UNIT ( $, .RADIAN. ) );
#504 = EDGE_CURVE ( 'NONE', #838, #4350, #2745, .T. ) ;
#505 = ORIENTED_EDGE ( 'NONE', *, *, #2541, .F. ) ;
#506 = CYLINDRICAL_SURFACE ( 'NONE', #3164, 0.01968503937007875723 ) ;
#507 = EDGE_CURVE ( 'NONE', #4302, #2501, #3684, .T. ) ;
#508 = ORIENTED_EDGE ( 'NONE', *, *, #1128, .F. ) ;
#509 = ORIENTED_EDGE ( 'NONE', *, *, #4676, .F. ) ;
#510 = CARTESIAN_POINT ( 'NONE',  ( -0.4488188976377953110, -5.335640612625512173E-19, 0.0000000000000000000 ) ) ;
#511 = CYLINDRICAL_SURFACE ( 'NONE', #1343, 0.01181102362204703576 ) ;
#512 = VECTOR ( 'NONE', #2465, 39.37007874015748143 ) ;
#513 = ORIENTED_EDGE ( 'NONE', *, *, #3486, .F. ) ;
#514 = CARTESIAN_POINT ( 'NONE',  ( -0.5511811023622046335, 5.734313257208149950E-18, -0.3149606299212598381 ) ) ;
#515 = ORIENTED_EDGE ( 'NONE', *, *, #2100, .F. ) ;
#516 = DIRECTION ( 'NONE',  ( 0.0000000000000000000, 0.0000000000000000000, 1.000000000000000000 ) ) ;
#517 = VECTOR ( 'NONE', #3194, 39.37007874015748143 ) ;
#518 = PRESENTATION_LAYER_ASSIGNMENT (  '', '', ( #1339 ) ) ;
#519 = DIRECTION ( 'NONE',  ( -1.000000000000000000, 0.0000000000000000000, 0.0000000000000000000 ) ) ;
#520 = CARTESIAN_POINT ( 'NONE',  ( -0.4488188976377953110, -5.335640612625512173E-19, -1.496062992125984259 ) ) ;
#521 = CIRCLE ( 'NONE', #1585, 0.01181102362204730985 ) ;
#522 = CYLINDRICAL_SURFACE ( 'NONE', #2114, 0.01181102362204730985 ) ;
#523 = DIRECTION ( 'NONE',  ( 0.0000000000000000000, 0.0000000000000000000, 1.000000000000000000 ) ) ;
#524 = FACE_BOUND ( 'NONE', #1761, .T. ) ;
#525 = AXIS2_PLACEMENT_3D ( 'NONE', #249, #3354, #4549 ) ;
#526 = CARTESIAN_POINT ( 'NONE',  ( -0.4458661417322834497, -0.2263779527559055260, 0.0000000000000000000 ) ) ;
#527 = CIRCLE ( 'NONE', #1349, 0.09055118110235886586 ) ;
#528 = CYLINDRICAL_SURFACE ( 'NONE', #3366, 0.06299212598425192600 ) ;
#529 = ORIENTED_EDGE ( 'NONE', *, *, #78, .F. ) ;
#530 = DIRECTION ( 'NONE',  ( 0.0000000000000000000, 1.000000000000000000, 0.0000000000000000000 ) ) ;
#531 = ADVANCED_FACE ( 'NONE', ( #4919 ), #1824, .T. ) ;
#532 = VERTEX_POINT ( 'NONE', #2186 ) ;
#533 = ORIENTED_EDGE ( 'NONE', *, *, #4945, .F. ) ;
#534 = LINE ( 'NONE', #3649, #4538 ) ;
#535 = DIRECTION ( 'NONE',  ( 0.0000000000000000000, -1.000000000000000000, 0.0000000000000000000 ) ) ;
#536 = EDGE_CURVE ( 'NONE', #2736, #4033, #2968, .T. ) ;
#537 = EDGE_CURVE ( 'NONE', #762, #831, #1529, .T. ) ;
#538 = EDGE_CURVE ( 'NONE', #3620, #3448, #547, .T. ) ;
#539 = VERTEX_POINT ( 'NONE', #4134 ) ;
#540 = CARTESIAN_POINT ( 'NONE',  ( -0.2322834645669291376, -0.2263779527559055260, -1.496062992125984259 ) ) ;
#541 = ORIENTED_EDGE ( 'NONE', *, *, #2882, .T. ) ;
#542 = CARTESIAN_POINT ( 'NONE',  ( -0.5000000000000000000, -5.335640612625512173E-19, 0.1574803149606299191 ) ) ;
#544 = EDGE_CURVE ( 'NONE', #184, #3227, #650, .T. ) ;
#543 = CARTESIAN_POINT ( 'NONE',  ( -0.6279527559055118058, 0.1318943936227279512, 0.0000000000000000000 ) ) ;
#545 = CARTESIAN_POINT ( 'NONE',  ( 0.3031496062992126150, -0.03937007874015523851, -1.496062992125984259 ) ) ;
#546 = ORIENTED_EDGE ( 'NONE', *, *, #330, .T. ) ;
#547 = CIRCLE ( 'NONE', #4770, 0.01181102362204724046 ) ;
#548 = PLANE ( 'NONE',  #2765 ) ;
#549 = FILL_AREA_STYLE ('',( #976 ) ) ;
#550 = DIRECTION ( 'NONE',  ( 0.0000000000000000000, 0.0000000000000000000, -1.000000000000000000 ) ) ;
#551 =( GEOMETRIC_REPRESENTATION_CONTEXT ( 3 ) GLOBAL_UNCERTAINTY_ASSIGNED_CONTEXT ( ( #1650 ) ) GLOBAL_UNIT_ASSIGNED_CONTEXT ( ( #3283, #2280, #329 ) ) REPRESENTATION_CONTEXT ( 'NONE', 'WORKASPACE' ) );
#552 = DIRECTION ( 'NONE',  ( -0.6427876096865549060, 0.7660444431189648018, 0.0000000000000000000 ) ) ;
#553 = VECTOR ( 'NONE', #2225, 39.37007874015748143 ) ;
#554 = ORIENTED_EDGE ( 'NONE', *, *, #4557, .F. ) ;
#555 = CARTESIAN_POINT ( 'NONE',  ( 0.0000000000000000000, 0.05905511811023622659, -0.5905511811023621549 ) ) ;
#556 = ORIENTED_EDGE ( 'NONE', *, *, #728, .F. ) ;
#557 = CARTESIAN_POINT ( 'NONE',  ( -0.2401574803149606474, -0.06890226763847540070, -1.496062992125984259 ) ) ;
#558 = AXIS2_PLACEMENT_3D ( 'NONE', #666, #2234, #991 ) ;
#559 = ORIENTED_EDGE ( 'NONE', *, *, #4577, .F. ) ;
#560 = AXIS2_PLACEMENT_3D ( 'NONE', #3101, #829, #4268 ) ;
#561 = EDGE_LOOP ( 'NONE', ( #1226, #4642, #2452, #4932 ) ) ;
#562 = LINE ( 'NONE', #3972, #314 ) ;
#563 = CARTESIAN_POINT ( 'NONE',  ( -0.2519685039370078705, -0.1318943936227267855, 0.0000000000000000000 ) ) ;
#564 = ORIENTED_EDGE ( 'NONE', *, *, #1759, .T. ) ;
#565 = ORIENTED_EDGE ( 'NONE', *, *, #2966, .T. ) ;
#566 = DIRECTION ( 'NONE',  ( 0.0000000000000000000, 0.0000000000000000000, -1.000000000000000000 ) ) ;
#567 = ADVANCED_FACE ( 'NONE', ( #1613 ), #3507, .F. ) ;
#568 = ADVANCED_FACE ( 'NONE', ( #57 ), #1992, .T. ) ;
#569 = PLANE ( 'NONE',  #3605 ) ;
#570 = DIRECTION ( 'NONE',  ( 1.000000000000000000, 0.0000000000000000000, 0.0000000000000000000 ) ) ;
#571 = ORIENTED_EDGE ( 'NONE', *, *, #932, .F. ) ;
#572 = EDGE_CURVE ( 'NONE', #2521, #1107, #1206, .T. ) ;
#573 = DIRECTION ( 'NONE',  ( 1.000000000000000000, 0.0000000000000000000, 0.0000000000000000000 ) ) ;
#574 = CARTESIAN_POINT ( 'NONE',  ( -0.2401574803149606474, -0.03937007874015523851, 0.0000000000000000000 ) ) ;
#575 = DIRECTION ( 'NONE',  ( 0.0000000000000000000, 0.0000000000000000000, 1.000000000000000000 ) ) ;
#576 = ORIENTED_EDGE ( 'NONE', *, *, #3307, .F. ) ;
#577 = CARTESIAN_POINT ( 'NONE',  ( -0.2401574803149606474, -0.05118110236220244080, 0.0000000000000000000 ) ) ;
#578 = DIRECTION ( 'NONE',  ( 1.000000000000000000, 0.0000000000000000000, 0.0000000000000000000 ) ) ;
#579 = ORIENTED_EDGE ( 'NONE', *, *, #4333, .F. ) ;
#580 = VERTEX_POINT ( 'NONE', #464 ) ;
#581 = ORIENTED_EDGE ( 'NONE', *, *, #3379, .T. ) ;
#582 = DIRECTION ( 'NONE',  ( 1.000000000000000000, 0.0000000000000000000, 0.0000000000000000000 ) ) ;
#583 = CARTESIAN_POINT ( 'NONE',  ( -0.5533266113625984195, -0.07318325573254566563, -1.496062992125984259 ) ) ;
#584 = ORIENTED_EDGE ( 'NONE', *, *, #230, .F. ) ;
#585 = VERTEX_POINT ( 'NONE', #4159 ) ;
#586 = LENGTH_MEASURE_WITH_UNIT ( LENGTH_MEASURE( 0.02539999999999999897 ), #2581 );
#587 = DIRECTION ( 'NONE',  ( 0.0000000000000000000, 0.0000000000000000000, 1.000000000000000000 ) ) ;
#588 = DIRECTION ( 'NONE',  ( 1.000000000000000000, 0.0000000000000000000, 0.0000000000000000000 ) ) ;
#589 = DIRECTION ( 'NONE',  ( -1.000000000000000000, 0.0000000000000000000, 0.0000000000000000000 ) ) ;
#590 = VECTOR ( 'NONE', #1773, 39.37007874015748143 ) ;
#591 = LINE ( 'NONE', #2102, #3468 ) ;
#592 = ORIENTED_EDGE ( 'NONE', *, *, #1811, .T. ) ;
#593 = EDGE_CURVE ( 'NONE', #491, #4479, #1921, .T. ) ;
#594 = CARTESIAN_POINT ( 'NONE',  ( 0.5497918511573290923, -0.01184385061273604371, -1.496062992125984259 ) ) ;
#595 = CYLINDRICAL_SURFACE ( 'NONE', #3154, 0.09055118110236083651 ) ;
#596 = CARTESIAN_POINT ( 'NONE',  ( -0.4113517303212779752, 0.03937007874015747977, 0.0000000000000000000 ) ) ;
#597 = DIRECTION ( 'NONE',  ( 1.000000000000000000, 0.0000000000000000000, 0.0000000000000000000 ) ) ;
#598 = AXIS2_PLACEMENT_3D ( 'NONE', #1433, #311, #1460 ) ;
#599 = CIRCLE ( 'NONE', #3462, 0.01968503937007875723 ) ;
#600 = EDGE_CURVE ( 'NONE', #1963, #36, #2247, .T. ) ;
#601 = ORIENTED_EDGE ( 'NONE', *, *, #3408, .T. ) ;
#602 = VECTOR ( 'NONE', #3384, 39.37007874015748854 ) ;
#603 = DIRECTION ( 'NONE',  ( 0.0000000000000000000, 0.0000000000000000000, 1.000000000000000000 ) ) ;
#604 = LINE ( 'NONE', #1011, #3723 ) ;
#605 = ORIENTED_EDGE ( 'NONE', *, *, #4528, .T. ) ;
#606 = ORIENTED_EDGE ( 'NONE', *, *, #2903, .F. ) ;
#607 = ORIENTED_EDGE ( 'NONE', *, *, #2537, .T. ) ;
#608 = STYLED_ITEM ( 'NONE', ( #246 ), #4739 ) ;
#609 = CARTESIAN_POINT ( 'NONE',  ( -0.5672246018224543773, -0.07317357895341673746, -1.496062992125984259 ) ) ;
#610 = DIRECTION ( 'NONE',  ( 0.0000000000000000000, 0.0000000000000000000, -1.000000000000000000 ) ) ;
#611 = ORIENTED_EDGE ( 'NONE', *, *, #1261, .T. ) ;
#612 = ORIENTED_EDGE ( 'NONE', *, *, #48, .F. ) ;
#613 = DIRECTION ( 'NONE',  ( 0.0000000000000000000, 0.0000000000000000000, -1.000000000000000000 ) ) ;
#614 = LINE ( 'NONE', #4836, #3580 ) ;
#615 = CARTESIAN_POINT ( 'NONE',  ( 0.5497918511573290923, -0.01184385061273594483, -0.3149606299212598381 ) ) ;
#616 = CARTESIAN_POINT ( 'NONE',  ( 0.5497918511573290923, 0.01184385061273604371, 0.0000000000000000000 ) ) ;
#617 = ORIENTED_EDGE ( 'NONE', *, *, #629, .F. ) ;
#618 = LINE ( 'NONE', #1053, #2733 ) ;
#619 = EDGE_CURVE ( 'NONE', #3769, #1502, #3529, .T. ) ;
#620 = CARTESIAN_POINT ( 'NONE',  ( 0.2322834645669291376, -0.2263779527559055260, 0.0000000000000000000 ) ) ;
#621 = DIRECTION ( 'NONE',  ( 0.0000000000000000000, 0.0000000000000000000, 1.000000000000000000 ) ) ;
#622 = CARTESIAN_POINT ( 'NONE',  ( -0.5196850393700787052, 0.2263779527559055260, -1.496062992125984259 ) ) ;
#623 = CARTESIAN_POINT ( 'NONE',  ( 0.6397637795275591399, 0.1318943936227281455, -1.496062992125984259 ) ) ;
#624 = VECTOR ( 'NONE', #2305, 39.37007874015748143 ) ;
#625 = EDGE_LOOP ( 'NONE', ( #2697, #4844, #4065, #4252 ) ) ;
#626 = VECTOR ( 'NONE', #1419, 39.37007874015748143 ) ;
#627 = DIRECTION ( 'NONE',  ( -1.000000000000000000, 0.0000000000000000000, 0.0000000000000000000 ) ) ;
#628 = FILL_AREA_STYLE ('',( #4499 ) ) ;
#629 = EDGE_CURVE ( 'NONE', #4731, #3714, #3919, .T. ) ;
#630 = EDGE_CURVE ( 'NONE', #1829, #2916, #674, .T. ) ;
#631 = VECTOR ( 'NONE', #3845, 39.37007874015748143 ) ;
#632 = ORIENTED_EDGE ( 'NONE', *, *, #1542, .F. ) ;
#633 = DIRECTION ( 'NONE',  ( 1.000000000000000000, 0.0000000000000000000, 0.0000000000000000000 ) ) ;
#634 = EDGE_CURVE ( 'NONE', #3768, #1844, #3483, .T. ) ;
#635 = ORIENTED_EDGE ( 'NONE', *, *, #4890, .F. ) ;
#636 = AXIS2_PLACEMENT_3D ( 'NONE', #3450, #2287, #1865 ) ;
#637 = ORIENTED_EDGE ( 'NONE', *, *, #4270, .T. ) ;
#638 = CARTESIAN_POINT ( 'NONE',  ( -0.4113517303212779752, 0.05118110236220472370, -1.496062992125984259 ) ) ;
#639 = LINE ( 'NONE', #2530, #2641 ) ;
#640 = VECTOR ( 'NONE', #587, 39.37007874015748143 ) ;
#641 = EDGE_LOOP ( 'NONE', ( #938, #3319, #3905, #307 ) ) ;
#642 = ORIENTED_EDGE ( 'NONE', *, *, #1970, .F. ) ;
#643 = VERTEX_POINT ( 'NONE', #842 ) ;
#644 = DIRECTION ( 'NONE',  ( 0.0000000000000000000, 0.0000000000000000000, 1.000000000000000000 ) ) ;
#645 = VECTOR ( 'NONE', #1418, 39.37007874015748143 ) ;
#646 = DIRECTION ( 'NONE',  ( 1.000000000000000000, 0.0000000000000000000, 0.0000000000000000000 ) ) ;
#647 = LINE ( 'NONE', #4103, #3550 ) ;
#648 = ORIENTED_EDGE ( 'NONE', *, *, #2778, .F. ) ;
#649 = CYLINDRICAL_SURFACE ( 'NONE', #2292, 0.01181102362204724046 ) ;
#650 = LINE ( 'NONE', #2214, #2909 ) ;
#651 = LINE ( 'NONE', #1056, #1732 ) ;
#652 = FACE_OUTER_BOUND ( 'NONE', #914, .T. ) ;
#653 = CARTESIAN_POINT ( 'NONE',  ( 0.6742651801451869931, 0.1022790177248179139, 0.0000000000000000000 ) ) ;
#654 = ORIENTED_EDGE ( 'NONE', *, *, #3808, .F. ) ;
#655 = DIRECTION ( 'NONE',  ( 0.0000000000000000000, 0.0000000000000000000, 1.000000000000000000 ) ) ;
#656 = EDGE_CURVE ( 'NONE', #381, #2772, #4640, .T. ) ;
#657 = ORIENTED_EDGE ( 'NONE', *, *, #2966, .F. ) ;
#658 = ORIENTED_EDGE ( 'NONE', *, *, #4701, .T. ) ;
#659 = DIRECTION ( 'NONE',  ( 0.0000000000000000000, 0.0000000000000000000, 1.000000000000000000 ) ) ;
#660 = DIRECTION ( 'NONE',  ( 0.0000000000000000000, 0.0000000000000000000, 1.000000000000000000 ) ) ;
#661 = ADVANCED_FACE ( 'NONE', ( #2409 ), #2760, .T. ) ;
#662 = ORIENTED_EDGE ( 'NONE', *, *, #3992, .F. ) ;
#663 = ORIENTED_EDGE ( 'NONE', *, *, #1454, .F. ) ;
#664 = ORIENTED_EDGE ( 'NONE', *, *, #2359, .F. ) ;
#665 = CARTESIAN_POINT ( 'NONE',  ( -0.4685039370078740717, 0.09739619588073208933, 0.0000000000000000000 ) ) ;
#666 = CARTESIAN_POINT ( 'NONE',  ( 0.5000000000000000000, 1.468368296594541258E-15, -1.496062992125984259 ) ) ;
#667 = DIRECTION ( 'NONE',  ( 1.000000000000000000, 0.0000000000000000000, 0.0000000000000000000 ) ) ;
#668 = CARTESIAN_POINT ( 'NONE',  ( -0.6348951014050294717, -0.1223390747915281684, 0.0000000000000000000 ) ) ;
#669 = DIRECTION ( 'NONE',  ( 0.0000000000000000000, 0.0000000000000000000, 1.000000000000000000 ) ) ;
#670 = ORIENTED_EDGE ( 'NONE', *, *, #3955, .T. ) ;
#671 = VECTOR ( 'NONE', #3066, 39.37007874015748143 ) ;
#672 = CIRCLE ( 'NONE', #2142, 0.01968503937007875723 ) ;
#673 = DIRECTION ( 'NONE',  ( 1.412527898055806035E-15, 1.000000000000000000, 0.0000000000000000000 ) ) ;
#674 = LINE ( 'NONE', #3187, #1122 ) ;
#675 = CARTESIAN_POINT ( 'NONE',  ( -0.5672246018224543773, -0.07317357895341673746, 0.0000000000000000000 ) ) ;
#676 = DIRECTION ( 'NONE',  ( 1.000000000000000000, 2.067150312461970137E-14, 0.0000000000000000000 ) ) ;
#677 = AXIS2_PLACEMENT_3D ( 'NONE', #2342, #469, #1215 ) ;
#678 = CARTESIAN_POINT ( 'NONE',  ( 0.6594488188976378451, -0.2263779527559055260, -1.496062992125984259 ) ) ;
#679 = LINE ( 'NONE', #2219, #1612 ) ;
#680 = AXIS2_PLACEMENT_3D ( 'NONE', #1541, #416, #5009 ) ;
#681 = AXIS2_PLACEMENT_3D ( 'NONE', #3963, #4425, #3180 ) ;
#682 = VECTOR ( 'NONE', #1647, 39.37007874015748143 ) ;
#683 = CIRCLE ( 'NONE', #1422, 0.01181102362204724046 ) ;
#684 = LINE ( 'NONE', #2599, #3761 ) ;
#685 = ORIENTED_EDGE ( 'NONE', *, *, #2972, .F. ) ;
#686 = ORIENTED_EDGE ( 'NONE', *, *, #504, .F. ) ;
#687 = CYLINDRICAL_SURFACE ( 'NONE', #473, 0.01968503937007875723 ) ;
#688 = CARTESIAN_POINT ( 'NONE',  ( -0.4215803768226693005, -0.04527559055118110520, -1.496062992125984259 ) ) ;
#689 = DIRECTION ( 'NONE',  ( 0.0000000000000000000, -1.000000000000000000, 0.0000000000000000000 ) ) ;
#690 = AXIS2_PLACEMENT_3D ( 'NONE', #2321, #62, #2741 ) ;
#691 = ADVANCED_FACE ( 'NONE', ( #3578 ), #5007, .F. ) ;
#692 = ORIENTED_EDGE ( 'NONE', *, *, #2869, .F. ) ;
#693 = ORIENTED_EDGE ( 'NONE', *, *, #78, .T. ) ;
#694 = AXIS2_PLACEMENT_3D ( 'NONE', #2128, #3604, #3223 ) ;
#695 = APPLICATION_PROTOCOL_DEFINITION ( 'draft international standard', 'automotive_design', 1998, #2300 ) ;
#696 = LINE ( 'NONE', #2265, #4137 ) ;
#697 = DIRECTION ( 'NONE',  ( 0.0000000000000000000, -1.000000000000000000, 0.0000000000000000000 ) ) ;
#698 = EDGE_CURVE ( 'NONE', #339, #4302, #1563, .T. ) ;
#699 = FACE_OUTER_BOUND ( 'NONE', #1321, .T. ) ;
#700 = ADVANCED_FACE ( 'NONE', ( #1055 ), #3114, .T. ) ;
#701 = STYLED_ITEM ( 'NONE', ( #2125 ), #4983 ) ;
#702 = ORIENTED_EDGE ( 'NONE', *, *, #2849, .F. ) ;
#703 = SURFACE_STYLE_USAGE ( .BOTH. , #2183 ) ;
#704 = EDGE_CURVE ( 'NONE', #714, #148, #4610, .T. ) ;
#705 = AXIS2_PLACEMENT_3D ( 'NONE', #665, #613, #1870 ) ;
#706 = ADVANCED_FACE ( 'NONE', ( #415 ), #1964, .F. ) ;
#707 = DIRECTION ( 'NONE',  ( -1.000000000000000000, 0.0000000000000000000, 0.0000000000000000000 ) ) ;
#708 = DIRECTION ( 'NONE',  ( 0.0000000000000000000, 0.0000000000000000000, 1.000000000000000000 ) ) ;
#709 = DIRECTION ( 'NONE',  ( 0.0000000000000000000, 0.0000000000000000000, 1.000000000000000000 ) ) ;
#710 = ORIENTED_EDGE ( 'NONE', *, *, #2997, .T. ) ;
#711 = CARTESIAN_POINT ( 'NONE',  ( 0.5000000000000000000, 0.2263779527559055260, -1.496062992125984259 ) ) ;
#712 = CARTESIAN_POINT ( 'NONE',  ( -0.6791338582677166613, 0.1118343365560173358, 0.0000000000000000000 ) ) ;
#713 =( CONVERSION_BASED_UNIT ( 'INCH', #5021 ) LENGTH_UNIT ( ) NAMED_UNIT ( #2971 ) );
#714 = VERTEX_POINT ( 'NONE', #4687 ) ;
#715 = ORIENTED_EDGE ( 'NONE', *, *, #1065, .T. ) ;
#716 = DIRECTION ( 'NONE',  ( 0.0000000000000000000, 0.0000000000000000000, 1.000000000000000000 ) ) ;
#717 = VECTOR ( 'NONE', #82, 39.37007874015748854 ) ;
#718 = DIRECTION ( 'NONE',  ( 1.508455196501569950E-16, 0.0000000000000000000, -1.000000000000000000 ) ) ;
#719 = VERTEX_POINT ( 'NONE', #915 ) ;
#720 = AXIS2_PLACEMENT_3D ( 'NONE', #1785, #2626, #1379 ) ;
#721 = ORIENTED_EDGE ( 'NONE', *, *, #2135, .T. ) ;
#722 = DIRECTION ( 'NONE',  ( 1.000000000000000000, 0.0000000000000000000, 0.0000000000000000000 ) ) ;
#723 = CARTESIAN_POINT ( 'NONE',  ( 0.5000000000000000000, 1.468368296594541258E-15, 0.1574803149606299191 ) ) ;
#724 = DIRECTION ( 'NONE',  ( -0.8090169943749430104, 0.5877852522924790213, 0.0000000000000000000 ) ) ;
#725 = VECTOR ( 'NONE', #3874, 39.37007874015748143 ) ;
#726 = LINE ( 'NONE', #1896, #4725 ) ;
#727 = CARTESIAN_POINT ( 'NONE',  ( -0.5314960629921260393, 0.09739619588073208933, 0.0000000000000000000 ) ) ;
#728 = EDGE_CURVE ( 'NONE', #3620, #80, #562, .T. ) ;
#729 = AXIS2_PLACEMENT_3D ( 'NONE', #1778, #3709, #2279 ) ;
#730 = EDGE_CURVE ( 'NONE', #1058, #284, #2281, .T. ) ;
#731 = DIRECTION ( 'NONE',  ( 1.000000000000000000, 0.0000000000000000000, 0.0000000000000000000 ) ) ;
#732 = LINE ( 'NONE', #1420, #2875 ) ;
#733 = CARTESIAN_POINT ( 'NONE',  ( -0.2913385826771653919, -0.05118110236220244080, 0.0000000000000000000 ) ) ;
#734 = CIRCLE ( 'NONE', #4056, 0.01181102362204703576 ) ;
#735 = EDGE_CURVE ( 'NONE', #2613, #4437, #1455, .T. ) ;
#736 = ORIENTED_EDGE ( 'NONE', *, *, #2236, .T. ) ;
#737 = LINE ( 'NONE', #2304, #2520 ) ;
#738 = FACE_OUTER_BOUND ( 'NONE', #2860, .T. ) ;
#739 = ORIENTED_EDGE ( 'NONE', *, *, #4763, .T. ) ;
#740 = PLANE ( 'NONE',  #3541 ) ;
#741 = ORIENTED_EDGE ( 'NONE', *, *, #502, .T. ) ;
#742 = ORIENTED_EDGE ( 'NONE', *, *, #233, .F. ) ;
#743 = CARTESIAN_POINT ( 'NONE',  ( 0.5533266113625984195, 0.07318325573254626237, -1.496062992125984259 ) ) ;
#744 = CARTESIAN_POINT ( 'NONE',  ( 0.5000000000000000000, 1.468368296594541258E-15, -1.496062992125984259 ) ) ;
#745 = ORIENTED_EDGE ( 'NONE', *, *, #4209, .F. ) ;
#746 = ORIENTED_EDGE ( 'NONE', *, *, #1631, .F. ) ;
#747 = FACE_OUTER_BOUND ( 'NONE', #4689, .T. ) ;
#748 = LINE ( 'NONE', #2316, #3700 ) ;
#749 = ORIENTED_EDGE ( 'NONE', *, *, #44, .T. ) ;
#750 = CARTESIAN_POINT ( 'NONE',  ( 0.6594488188976378451, -0.2263779527559055260, -1.496062992125984259 ) ) ;
#751 = DIRECTION ( 'NONE',  ( 0.0000000000000000000, 0.0000000000000000000, 1.000000000000000000 ) ) ;
#752 = DIRECTION ( 'NONE',  ( -1.000000000000000000, 0.0000000000000000000, 0.0000000000000000000 ) ) ;
#753 = PLANE ( 'NONE',  #677 ) ;
#754 = DIRECTION ( 'NONE',  ( 5.295027878066710738E-16, -1.000000000000000000, 0.0000000000000000000 ) ) ;
#755 = EDGE_CURVE ( 'NONE', #3136, #3428, #1330, .T. ) ;
#756 = EDGE_LOOP ( 'NONE', ( #4223, #333, #1557, #686, #4780, #1458 ) ) ;
#757 = ADVANCED_FACE ( 'NONE', ( #157 ), #1734, .T. ) ;
#758 = CARTESIAN_POINT ( 'NONE',  ( -0.4615223160925047696, 0.09485509368060747459, -1.496062992125984259 ) ) ;
#759 = VECTOR ( 'NONE', #2320, 39.37007874015748143 ) ;
#760 = VECTOR ( 'NONE', #60, 39.37007874015748143 ) ;
#761 = EDGE_CURVE ( 'NONE', #2774, #2855, #489, .T. ) ;
#762 = VERTEX_POINT ( 'NONE', #102 ) ;
#763 = ORIENTED_EDGE ( 'NONE', *, *, #1168, .T. ) ;
#764 = VECTOR ( 'NONE', #535, 39.37007874015748143 ) ;
#765 = EDGE_CURVE ( 'NONE', #2307, #983, #1661, .T. ) ;
#766 = PLANE ( 'NONE',  #75 ) ;
#767 = ORIENTED_EDGE ( 'NONE', *, *, #2448, .F. ) ;
#768 = FACE_OUTER_BOUND ( 'NONE', #4409, .T. ) ;
#769 = CARTESIAN_POINT ( 'NONE',  ( 0.6791338582677166613, -0.1118343365560181130, -1.496062992125984259 ) ) ;
#770 = AXIS2_PLACEMENT_3D ( 'NONE', #2605, #2226, #4930 ) ;
#771 = ORIENTED_EDGE ( 'NONE', *, *, #4890, .T. ) ;
#772 = ORIENTED_EDGE ( 'NONE', *, *, #2220, .T. ) ;
#773 = DIRECTION ( 'NONE',  ( -0.8090169943749433434, -0.5877852522924785772, 0.0000000000000000000 ) ) ;
#774 = VECTOR ( 'NONE', #4230, 39.37007874015748854 ) ;
#775 = VERTEX_POINT ( 'NONE', #2090 ) ;
#776 = CYLINDRICAL_SURFACE ( 'NONE', #1733, 0.01968503937007875723 ) ;
#777 = CARTESIAN_POINT ( 'NONE',  ( -0.2637795275590551491, -0.1318943936227267855, -1.496062992125984259 ) ) ;
#778 = CARTESIAN_POINT ( 'NONE',  ( 0.4773622047244094890, -0.09982760730931281024, 0.0000000000000000000 ) ) ;
#779 = DIRECTION ( 'NONE',  ( 0.0000000000000000000, 0.0000000000000000000, 1.000000000000000000 ) ) ;
#780 = VERTEX_POINT ( 'NONE', #4356 ) ;
#781 = DIRECTION ( 'NONE',  ( -1.000000000000000000, 0.0000000000000000000, 0.0000000000000000000 ) ) ;
#782 = CARTESIAN_POINT ( 'NONE',  ( 0.5000000000000000000, 1.468368296594541258E-15, 0.0000000000000000000 ) ) ;
#783 = VERTEX_POINT ( 'NONE', #2502 ) ;
#784 = CARTESIAN_POINT ( 'NONE',  ( 0.4458661417322834497, -0.2263779527559055260, -1.496062992125984259 ) ) ;
#785 = ORIENTED_EDGE ( 'NONE', *, *, #45, .T. ) ;
#786 = EDGE_CURVE ( 'NONE', #4224, #4608, #4407, .T. ) ;
#787 = DIRECTION ( 'NONE',  ( -1.192492468937322049E-15, 1.000000000000000000, 0.0000000000000000000 ) ) ;
#788 = EDGE_CURVE ( 'NONE', #1325, #3768, #4212, .T. ) ;
#789 = ORIENTED_EDGE ( 'NONE', *, *, #4644, .T. ) ;
#790 = CYLINDRICAL_SURFACE ( 'NONE', #2190, 0.05118110236220468900 ) ;
#791 = SURFACE_STYLE_FILL_AREA ( #4744 ) ;
#792 = EDGE_CURVE ( 'NONE', #3829, #1582, #1615, .T. ) ;
#793 = ORIENTED_EDGE ( 'NONE', *, *, #2994, .T. ) ;
#794 = VERTEX_POINT ( 'NONE', #4806 ) ;
#795 = ORIENTED_EDGE ( 'NONE', *, *, #3836, .T. ) ;
#796 = CARTESIAN_POINT ( 'NONE',  ( -0.4113517303212779752, -0.03937007874015747977, -1.496062992125984259 ) ) ;
#797 = FACE_OUTER_BOUND ( 'NONE', #4618, .T. ) ;
#798 = SURFACE_SIDE_STYLE ('',( #1922 ) ) ;
#799 = CIRCLE ( 'NONE', #720, 0.09055118110236221041 ) ;
#800 = EDGE_LOOP ( 'NONE', ( #3745, #515, #4186, #819 ) ) ;
#801 = LINE ( 'NONE', #3191, #4340 ) ;
#802 = CYLINDRICAL_SURFACE ( 'NONE', #2648, 0.01181102362204724046 ) ;
#803 = AXIS2_PLACEMENT_3D ( 'NONE', #2651, #336, #4953 ) ;
#804 = CARTESIAN_POINT ( 'NONE',  ( 0.6397637795275591399, -0.2263779527559055260, -1.496062992125984259 ) ) ;
#805 = DIRECTION ( 'NONE',  ( 1.000000000000000000, 0.0000000000000000000, 0.0000000000000000000 ) ) ;
#806 = DIRECTION ( 'NONE',  ( 0.0000000000000000000, 0.0000000000000000000, 1.000000000000000000 ) ) ;
#807 = VECTOR ( 'NONE', #251, 39.37007874015748143 ) ;
#808 = CARTESIAN_POINT ( 'NONE',  ( 0.5000000000000000000, 1.468368296594541258E-15, 0.1496062992125984370 ) ) ;
#809 = FACE_OUTER_BOUND ( 'NONE', #288, .T. ) ;
#810 = AXIS2_PLACEMENT_3D ( 'NONE', #1564, #1186, #1102 ) ;
#811 = EDGE_LOOP ( 'NONE', ( #632, #4272, #412, #541 ) ) ;
#812 = LINE ( 'NONE', #1907, #34 ) ;
#813 = ORIENTED_EDGE ( 'NONE', *, *, #330, .F. ) ;
#814 = CARTESIAN_POINT ( 'NONE',  ( -0.6279527559055118058, 0.1318943936227279512, -1.496062992125984259 ) ) ;
#815 = ORIENTED_EDGE ( 'NONE', *, *, #4018, .F. ) ;
#816 = LINE ( 'NONE', #1887, #4623 ) ;
#817 = EDGE_CURVE ( 'NONE', #342, #1628, #1279, .T. ) ;
#818 = ORIENTED_EDGE ( 'NONE', *, *, #1783, .F. ) ;
#819 = ORIENTED_EDGE ( 'NONE', *, *, #572, .F. ) ;
#820 = ORIENTED_EDGE ( 'NONE', *, *, #1413, .T. ) ;
#821 = DIRECTION ( 'NONE',  ( -1.000000000000000000, 0.0000000000000000000, 0.0000000000000000000 ) ) ;
#822 = ADVANCED_FACE ( 'NONE', ( #2455 ), #3695, .F. ) ;
#823 = DIRECTION ( 'NONE',  ( 0.0000000000000000000, 1.000000000000000000, 0.0000000000000000000 ) ) ;
#824 = ORIENTED_EDGE ( 'NONE', *, *, #189, .T. ) ;
#825 = DIRECTION ( 'NONE',  ( 1.000000000000000000, 0.0000000000000000000, 0.0000000000000000000 ) ) ;
#826 = CARTESIAN_POINT ( 'NONE',  ( 0.3405511811023622104, 0.2263779527559055260, 0.0000000000000000000 ) ) ;
#827 = CARTESIAN_POINT ( 'NONE',  ( -0.5497918511573290923, 0.01184385061273604371, -0.3149606299212598381 ) ) ;
#828 = DIRECTION ( 'NONE',  ( 1.000000000000000000, 0.0000000000000000000, 0.0000000000000000000 ) ) ;
#829 = DIRECTION ( 'NONE',  ( 0.0000000000000000000, 0.0000000000000000000, -1.000000000000000000 ) ) ;
#830 = DIRECTION ( 'NONE',  ( 1.412527898055806035E-15, -1.000000000000000000, 0.0000000000000000000 ) ) ;
#831 = VERTEX_POINT ( 'NONE', #2119 ) ;
#832 = UNCERTAINTY_MEASURE_WITH_UNIT (LENGTH_MEASURE( 1.000000000000000082E-05 ), #152, 'distance_accuracy_value', 'NONE');
#833 = ORIENTED_EDGE ( 'NONE', *, *, #3865, .F. ) ;
#834 = DIRECTION ( 'NONE',  ( 0.0000000000000000000, 0.0000000000000000000, 1.000000000000000000 ) ) ;
#835 = AXIS2_PLACEMENT_3D ( 'NONE', #1370, #3225, #196 ) ;
#836 = CARTESIAN_POINT ( 'NONE',  ( 0.4488188976377927020, 1.468368296594541258E-15, 0.1496062992125984370 ) ) ;
#837 = CONICAL_SURFACE ( 'NONE', #1580, 0.04330708661417556615, 0.7853981633974617127 ) ;
#838 = VERTEX_POINT ( 'NONE', #510 ) ;
#839 = ORIENTED_EDGE ( 'NONE', *, *, #2032, .T. ) ;
#840 = EDGE_CURVE ( 'NONE', #3332, #4350, #3672, .T. ) ;
#841 = ORIENTED_EDGE ( 'NONE', *, *, #1851, .T. ) ;
#842 = CARTESIAN_POINT ( 'NONE',  ( 0.6742651801451869931, -0.1022790177248179139, 0.0000000000000000000 ) ) ;
#843 = FACE_OUTER_BOUND ( 'NONE', #1706, .T. ) ;
#844 = DIRECTION ( 'NONE',  ( 1.000000000000000000, 0.0000000000000000000, 0.0000000000000000000 ) ) ;
#845 = CIRCLE ( 'NONE', #2152, 0.09055118110235886586 ) ;
#846 = AXIS2_PLACEMENT_3D ( 'NONE', #540, #3737, #3653 ) ;
#847 = ORIENTED_EDGE ( 'NONE', *, *, #1879, .T. ) ;
#848 = PLANE ( 'NONE',  #3116 ) ;
#849 = VECTOR ( 'NONE', #1318, 39.37007874015748143 ) ;
#850 = DIRECTION ( 'NONE',  ( 0.0000000000000000000, 0.0000000000000000000, 1.000000000000000000 ) ) ;
#851 = EDGE_CURVE ( 'NONE', #49, #2501, #942, .T. ) ;
#852 = EDGE_CURVE ( 'NONE', #2069, #3744, #3323, .T. ) ;
#853 =( NAMED_UNIT ( * ) SI_UNIT ( $, .STERADIAN. ) SOLID_ANGLE_UNIT ( ) );
#854 = PRESENTATION_STYLE_ASSIGNMENT (( #1572 ) ) ;
#855 = AXIS2_PLACEMENT_3D ( 'NONE', #2295, #3828, #4127 ) ;
#856 = EDGE_CURVE ( 'NONE', #3528, #180, #534, .T. ) ;
#857 = DIRECTION ( 'NONE',  ( 0.6427876096865529076, -0.7660444431189666892, 0.0000000000000000000 ) ) ;
#858 = CARTESIAN_POINT ( 'NONE',  ( -0.2401574803149606474, -0.03937007874015523851, -1.496062992125984259 ) ) ;
#859 = CIRCLE ( 'NONE', #1757, 0.01181102362204730985 ) ;
#860 = ORIENTED_EDGE ( 'NONE', *, *, #1724, .T. ) ;
#861 = DIRECTION ( 'NONE',  ( 0.0000000000000000000, 0.0000000000000000000, 1.000000000000000000 ) ) ;
#862 = ORIENTED_EDGE ( 'NONE', *, *, #1069, .T. ) ;
#863 = CARTESIAN_POINT ( 'NONE',  ( 0.0000000000000000000, -0.03937007874015523851, -0.5905511811023621549 ) ) ;
#864 =( LENGTH_UNIT ( ) NAMED_UNIT ( * ) SI_UNIT ( $, .METRE. ) );
#865 = EDGE_LOOP ( 'NONE', ( #1611, #3912, #303, #1357 ) ) ;
#866 = EDGE_LOOP ( 'NONE', ( #1883, #2376, #1752, #3671 ) ) ;
#867 = DIRECTION ( 'NONE',  ( 0.0000000000000000000, 0.0000000000000000000, 1.000000000000000000 ) ) ;
#868 = CARTESIAN_POINT ( 'NONE',  ( -0.2047244094488188948, 0.05905511811023622659, -0.4330708661417322913 ) ) ;
#869 = ORIENTED_EDGE ( 'NONE', *, *, #356, .F. ) ;
#870 = AXIS2_PLACEMENT_3D ( 'NONE', #1271, #143, #3152 ) ;
#871 = LINE ( 'NONE', #4314, #4165 ) ;
#872 = ORIENTED_EDGE ( 'NONE', *, *, #1888, .F. ) ;
#873 = CARTESIAN_POINT ( 'NONE',  ( -0.2913385826771653919, -0.1082723463786324780, -1.496062992125984259 ) ) ;
#874 = DIRECTION ( 'NONE',  ( 0.0000000000000000000, 0.0000000000000000000, -1.000000000000000000 ) ) ;
#875 = AXIS2_PLACEMENT_3D ( 'NONE', #3623, #2431, #4021 ) ;
#876 = AXIS2_PLACEMENT_3D ( 'NONE', #2010, #2034, #4351 ) ;
#877 = EDGE_CURVE ( 'NONE', #4479, #2736, #2914, .T. ) ;
#878 = EDGE_CURVE ( 'NONE', #2772, #2375, #964, .T. ) ;
#879 = VECTOR ( 'NONE', #1177, 39.37007874015748143 ) ;
#880 = DIRECTION ( 'NONE',  ( 1.000000000000000000, 0.0000000000000000000, 0.0000000000000000000 ) ) ;
#881 = PLANE ( 'NONE',  #4035 ) ;
#882 = DIRECTION ( 'NONE',  ( -2.067150312461970137E-14, -1.000000000000000000, 0.0000000000000000000 ) ) ;
#883 = DIRECTION ( 'NONE',  ( 1.000000000000000000, 0.0000000000000000000, 0.0000000000000000000 ) ) ;
#884 = ADVANCED_FACE ( 'NONE', ( #4201 ), #1459, .F. ) ;
#885 = AXIS2_PLACEMENT_3D ( 'NONE', #1142, #1575, #68 ) ;
#886 = ORIENTED_EDGE ( 'NONE', *, *, #1060, .T. ) ;
#887 = FACE_OUTER_BOUND ( 'NONE', #2373, .T. ) ;
#888 = VECTOR ( 'NONE', #1451, 39.37007874015748143 ) ;
#889 = LINE ( 'NONE', #3282, #3893 ) ;
#890 = LINE ( 'NONE', #3616, #389 ) ;
#891 = CIRCLE ( 'NONE', #486, 0.01181102362204724046 ) ;
#892 = EDGE_LOOP ( 'NONE', ( #488, #579, #1636, #231 ) ) ;
#893 = ORIENTED_EDGE ( 'NONE', *, *, #2227, .F. ) ;
#894 = CARTESIAN_POINT ( 'NONE',  ( 0.2401574803149606474, -0.03937007874015523851, -1.496062992125984259 ) ) ;
#895 = CARTESIAN_POINT ( 'NONE',  ( -0.6397637795275591399, -0.2263779527559055260, 0.0000000000000000000 ) ) ;
#896 = ORIENTED_EDGE ( 'NONE', *, *, #453, .F. ) ;
#897 = DIRECTION ( 'NONE',  ( 0.8090169943749430104, -0.5877852522924790213, 0.0000000000000000000 ) ) ;
#898 = VERTEX_POINT ( 'NONE', #4903 ) ;
#899 = CARTESIAN_POINT ( 'NONE',  ( 0.5314960629921260393, 0.09739619588073188117, 0.0000000000000000000 ) ) ;
#900 = CARTESIAN_POINT ( 'NONE',  ( 0.4803149606299212948, 0.09739619588073228362, 0.0000000000000000000 ) ) ;
#901 = LINE ( 'NONE', #3679, #933 ) ;
#902 = CARTESIAN_POINT ( 'NONE',  ( -0.5672246018224543773, 0.07317357895341693175, -1.496062992125984259 ) ) ;
#903 = CARTESIAN_POINT ( 'NONE',  ( 0.4721380981223504136, 0.08615817327910925416, -1.496062992125984259 ) ) ;
#904 = CARTESIAN_POINT ( 'NONE',  ( -0.6397637795275591399, 0.1318943936227277569, -1.496062992125984259 ) ) ;
#905 = EDGE_CURVE ( 'NONE', #3448, #3300, #799, .T. ) ;
#906 = ORIENTED_EDGE ( 'NONE', *, *, #2812, .F. ) ;
#907 = DIRECTION ( 'NONE',  ( 0.0000000000000000000, -1.000000000000000000, 0.0000000000000000000 ) ) ;
#908 = EDGE_CURVE ( 'NONE', #2412, #2870, #1017, .T. ) ;
#909 = VERTEX_POINT ( 'NONE', #2929 ) ;
#910 = ADVANCED_FACE ( 'NONE', ( #309 ), #3425, .F. ) ;
#911 = ADVANCED_FACE ( 'NONE', ( #1864 ), #1432, .F. ) ;
#912 = VERTEX_POINT ( 'NONE', #2174 ) ;
#913 = EDGE_CURVE ( 'NONE', #1953, #3424, #2261, .T. ) ;
#914 = EDGE_LOOP ( 'NONE', ( #1532, #2725, #139, #968 ) ) ;
#915 = CARTESIAN_POINT ( 'NONE',  ( -0.6791338582677166613, 0.1118343365560173358, 0.0000000000000000000 ) ) ;
#916 = FACE_OUTER_BOUND ( 'NONE', #4376, .T. ) ;
#917 = STYLED_ITEM ( 'NONE', ( #3952 ), #3129 ) ;
#918 = AXIS2_PLACEMENT_3D ( 'NONE', #1398, #2622, #4167 ) ;
#919 = ORIENTED_EDGE ( 'NONE', *, *, #3812, .T. ) ;
#920 = DIRECTION ( 'NONE',  ( 0.0000000000000000000, -1.000000000000000000, 0.0000000000000000000 ) ) ;
#921 = ORIENTED_EDGE ( 'NONE', *, *, #1548, .F. ) ;
#922 = COLOUR_RGB ( '',0.8000000000000000444, 0.8078431372549019773, 0.8000000000000000444 ) ;
#923 = CARTESIAN_POINT ( 'NONE',  ( -0.5497918511573290923, -0.01184385061273618249, -0.3149606299212598381 ) ) ;
#924 = CARTESIAN_POINT ( 'NONE',  ( -0.5672246018224543773, 0.07317357895341693175, 0.0000000000000000000 ) ) ;
#925 = AXIS2_PLACEMENT_3D ( 'NONE', #129, #1360, #4757 ) ;
#926 = AXIS2_PLACEMENT_3D ( 'NONE', #144, #4473, #2051 ) ;
#927 = DIRECTION ( 'NONE',  ( 0.0000000000000000000, 0.0000000000000000000, 1.000000000000000000 ) ) ;
#928 = LINE ( 'NONE', #3250, #1203 ) ;
#929 = DIRECTION ( 'NONE',  ( 0.0000000000000000000, 0.0000000000000000000, 1.000000000000000000 ) ) ;
#930 = VECTOR ( 'NONE', #1826, 39.37007874015748143 ) ;
#931 = DIRECTION ( 'NONE',  ( 0.0000000000000000000, 0.0000000000000000000, -1.000000000000000000 ) ) ;
#932 = EDGE_CURVE ( 'NONE', #1390, #2129, #3763, .T. ) ;
#933 = VECTOR ( 'NONE', #4029, 39.37007874015748143 ) ;
#934 = ORIENTED_EDGE ( 'NONE', *, *, #3246, .T. ) ;
#935 = LINE ( 'NONE', #3641, #2477 ) ;
#936 = DIRECTION ( 'NONE',  ( 0.0000000000000000000, 0.0000000000000000000, 1.000000000000000000 ) ) ;
#937 = CIRCLE ( 'NONE', #452, 0.01181102362204730985 ) ;
#938 = ORIENTED_EDGE ( 'NONE', *, *, #320, .F. ) ;
#939 = ADVANCED_FACE ( 'NONE', ( #2953 ), #687, .T. ) ;
#940 = EDGE_CURVE ( 'NONE', #4950, #1385, #3028, .T. ) ;
#941 = ORIENTED_EDGE ( 'NONE', *, *, #4524, .F. ) ;
#942 = LINE ( 'NONE', #2479, #2989 ) ;
#943 = CYLINDRICAL_SURFACE ( 'NONE', #1415, 0.06299212598425199539 ) ;
#944 = ADVANCED_FACE ( 'NONE', ( #1093 ), #2650, .F. ) ;
#945 = VERTEX_POINT ( 'NONE', #609 ) ;
#946 = ORIENTED_EDGE ( 'NONE', *, *, #2360, .T. ) ;
#947 = DIRECTION ( 'NONE',  ( 0.0000000000000000000, 0.0000000000000000000, -1.000000000000000000 ) ) ;
#948 = LINE ( 'NONE', #4462, #640 ) ;
#949 = CARTESIAN_POINT ( 'NONE',  ( 0.3523622047244094335, 0.1636980790100826810, 0.0000000000000000000 ) ) ;
#950 = ORIENTED_EDGE ( 'NONE', *, *, #4238, .T. ) ;
#951 = VECTOR ( 'NONE', #4108, 39.37007874015748143 ) ;
#952 = CARTESIAN_POINT ( 'NONE',  ( -0.4655511811023622104, -0.2263779527559055260, -1.496062992125984259 ) ) ;
#953 = CARTESIAN_POINT ( 'NONE',  ( 0.6791338582677166613, 0.1118343365560181130, -1.496062992125984259 ) ) ;
#954 = CARTESIAN_POINT ( 'NONE',  ( 0.4803149606299212948, 0.09739619588073228362, -1.496062992125984259 ) ) ;
#955 = DIRECTION ( 'NONE',  ( 5.295027878066700877E-16, 1.000000000000000000, 0.0000000000000000000 ) ) ;
#956 = AXIS2_PLACEMENT_3D ( 'NONE', #1359, #2884, #3260 ) ;
#957 = ORIENTED_EDGE ( 'NONE', *, *, #1007, .F. ) ;
#958 = FACE_OUTER_BOUND ( 'NONE', #4483, .T. ) ;
#959 = CARTESIAN_POINT ( 'NONE',  ( 0.6279527559055118058, 0.1318943936227279512, -1.496062992125984259 ) ) ;
#960 = AXIS2_PLACEMENT_3D ( 'NONE', #3257, #3990, #2011 ) ;
#961 = VERTEX_POINT ( 'NONE', #4507 ) ;
#962 = AXIS2_PLACEMENT_3D ( 'NONE', #2004, #2323, #2395 ) ;
#963 = ORIENTED_EDGE ( 'NONE', *, *, #4274, .T. ) ;
#964 = LINE ( 'NONE', #3794, #147 ) ;
#965 = CARTESIAN_POINT ( 'NONE',  ( 0.6791338582677166613, 0.1118343365560181130, -1.496062992125984259 ) ) ;
#966 = VECTOR ( 'NONE', #3831, 39.37007874015748143 ) ;
#967 = EDGE_CURVE ( 'NONE', #413, #831, #4532, .T. ) ;
#968 = ORIENTED_EDGE ( 'NONE', *, *, #3682, .T. ) ;
#969 = ORIENTED_EDGE ( 'NONE', *, *, #3711, .T. ) ;
#970 = ADVANCED_FACE ( 'NONE', ( #985 ), #1839, .T. ) ;
#971 = DIRECTION ( 'NONE',  ( 1.000000000000000000, 0.0000000000000000000, 0.0000000000000000000 ) ) ;
#972 = DIRECTION ( 'NONE',  ( 1.000000000000000000, 0.0000000000000000000, 0.0000000000000000000 ) ) ;
#973 = EDGE_CURVE ( 'NONE', #2284, #3332, #4928, .T. ) ;
#974 = ORIENTED_EDGE ( 'NONE', *, *, #4238, .F. ) ;
#975 = CARTESIAN_POINT ( 'NONE',  ( -0.4615223160925047696, 0.09485509368060747459, -1.496062992125984259 ) ) ;
#976 = FILL_AREA_STYLE_COLOUR ( '', #142 ) ;
#977 = CARTESIAN_POINT ( 'NONE',  ( -0.6348951014050294717, -0.1223390747915279603, -1.496062992125984259 ) ) ;
#978 = DIRECTION ( 'NONE',  ( 0.0000000000000000000, 0.0000000000000000000, 1.000000000000000000 ) ) ;
#979 = ORIENTED_EDGE ( 'NONE', *, *, #2301, .F. ) ;
#980 = LINE ( 'NONE', #1857, #399 ) ;
#981 = CARTESIAN_POINT ( 'NONE',  ( 0.6673228346456693272, -0.1118343365560181130, -1.496062992125984259 ) ) ;
#982 = DIRECTION ( 'NONE',  ( 0.0000000000000000000, 0.0000000000000000000, 1.000000000000000000 ) ) ;
#983 = VERTEX_POINT ( 'NONE', #2577 ) ;
#984 = ORIENTED_EDGE ( 'NONE', *, *, #170, .F. ) ;
#985 = FACE_OUTER_BOUND ( 'NONE', #328, .T. ) ;
#986 = DIRECTION ( 'NONE',  ( 0.0000000000000000000, -1.000000000000000000, 0.0000000000000000000 ) ) ;
#987 = ORIENTED_EDGE ( 'NONE', *, *, #538, .T. ) ;
#988 = EDGE_CURVE ( 'NONE', #3917, #4826, #3968, .T. ) ;
#989 = ORIENTED_EDGE ( 'NONE', *, *, #4918, .T. ) ;
#990 = ADVANCED_BREP_SHAPE_REPRESENTATION ( 'CUI_DEVICES_HSE-B20380-040H', ( #3834, #1598 ), #3790 ) ;
#991 = DIRECTION ( 'NONE',  ( 1.000000000000000000, 0.0000000000000000000, 0.0000000000000000000 ) ) ;
#992 = DIRECTION ( 'NONE',  ( 0.0000000000000000000, -1.000000000000000000, 0.0000000000000000000 ) ) ;
#993 = AXIS2_PLACEMENT_3D ( 'NONE', #778, #4341, #4991 ) ;
#994 = CARTESIAN_POINT ( 'NONE',  ( -0.4721380981223504136, 0.08615817327910826884, 0.0000000000000000000 ) ) ;
#995 = LINE ( 'NONE', #2984, #4988 ) ;
#996 = EDGE_LOOP ( 'NONE', ( #2941, #4468, #3531, #3987, #404 ) ) ;
#997 = CIRCLE ( 'NONE', #110, 0.01181102362204724046 ) ;
#998 = FACE_OUTER_BOUND ( 'NONE', #4117, .T. ) ;
#999 = AXIS2_PLACEMENT_3D ( 'NONE', #3137, #1884, #3496 ) ;
#1000 = EDGE_CURVE ( 'NONE', #3452, #4406, #4695, .T. ) ;
#1001 = EDGE_CURVE ( 'NONE', #3113, #491, #4853, .T. ) ;
#1002 = CARTESIAN_POINT ( 'NONE',  ( -0.6279527559055118058, -0.1318943936227279512, 0.0000000000000000000 ) ) ;
#1003 =( LENGTH_UNIT ( ) NAMED_UNIT ( * ) SI_UNIT ( $, .METRE. ) );
#1004 = CARTESIAN_POINT ( 'NONE',  ( 0.2795275590551181133, -0.1082723463786324780, -1.496062992125984259 ) ) ;
#1005 = DIRECTION ( 'NONE',  ( 0.0000000000000000000, 0.0000000000000000000, 1.000000000000000000 ) ) ;
#1006 = AXIS2_PLACEMENT_3D ( 'NONE', #1735, #4357, #2885 ) ;
#1007 = EDGE_CURVE ( 'NONE', #838, #3217, #2378, .T. ) ;
#1008 = EDGE_LOOP ( 'NONE', ( #3545, #4866, #4393 ) ) ;
#1009 = AXIS2_PLACEMENT_3D ( 'NONE', #3885, #3538, #2371 ) ;
#1010 = DIRECTION ( 'NONE',  ( 0.0000000000000000000, 0.0000000000000000000, 1.000000000000000000 ) ) ;
#1011 = CARTESIAN_POINT ( 'NONE',  ( 0.2047244094488188948, 0.2263779527559055260, 0.0000000000000000000 ) ) ;
#1012 = AXIS2_PLACEMENT_3D ( 'NONE', #4131, #3040, #3830 ) ;
#1013 = DIRECTION ( 'NONE',  ( -0.5877852522924791323, -0.8090169943749431214, 0.0000000000000000000 ) ) ;
#1014 = ORIENTED_EDGE ( 'NONE', *, *, #1631, .T. ) ;
#1015 = ORIENTED_EDGE ( 'NONE', *, *, #3712, .F. ) ;
#1016 = AXIS2_PLACEMENT_3D ( 'NONE', #542, #566, #2609 ) ;
#1017 = LINE ( 'NONE', #335, #5011 ) ;
#1018 = LINE ( 'NONE', #583, #1505 ) ;
#1019 = STYLED_ITEM ( 'NONE', ( #2557 ), #990 ) ;
#1020 = ORIENTED_EDGE ( 'NONE', *, *, #765, .F. ) ;
#1021 = ORIENTED_EDGE ( 'NONE', *, *, #1064, .T. ) ;
#1022 = CARTESIAN_POINT ( 'NONE',  ( 0.4803149606299212948, 0.2263779527559055260, -1.496062992125984259 ) ) ;
#1023 = DIRECTION ( 'NONE',  ( 0.0000000000000000000, 0.0000000000000000000, 1.000000000000000000 ) ) ;
#1024 = PLANE ( 'NONE',  #4745 ) ;
#1025 = ORIENTED_EDGE ( 'NONE', *, *, #3269, .F. ) ;
#1026 = DIRECTION ( 'NONE',  ( 0.0000000000000000000, 0.0000000000000000000, -1.000000000000000000 ) ) ;
#1027 = DIRECTION ( 'NONE',  ( 0.0000000000000000000, 0.0000000000000000000, 1.000000000000000000 ) ) ;
#1028 = CARTESIAN_POINT ( 'NONE',  ( -0.2244094488188976555, -0.08071329126052262382, -1.496062992125984259 ) ) ;
#1029 = EDGE_CURVE ( 'NONE', #1908, #3568, #1, .T. ) ;
#1030 = VERTEX_POINT ( 'NONE', #1583 ) ;
#1031 = CIRCLE ( 'NONE', #870, 0.01181102362204724046 ) ;
#1032 = PRESENTATION_LAYER_ASSIGNMENT (  '', '', ( #2986 ) ) ;
#1033 = EDGE_CURVE ( 'NONE', #2855, #1479, #816, .T. ) ;
#1034 = CARTESIAN_POINT ( 'NONE',  ( 0.4250785716440653172, 0.05436453559011661385, -1.496062992125984259 ) ) ;
#1035 = CARTESIAN_POINT ( 'NONE',  ( -0.4655511811023622104, -0.2263779527559055260, 0.0000000000000000000 ) ) ;
#1036 = VECTOR ( 'NONE', #2202, 39.37007874015748143 ) ;
#1037 = ORIENTED_EDGE ( 'NONE', *, *, #3021, .F. ) ;
#1038 = ORIENTED_EDGE ( 'NONE', *, *, #2803, .F. ) ;
#1039 = AXIS2_PLACEMENT_3D ( 'NONE', #557, #1729, #3967 ) ;
#1040 = ORIENTED_EDGE ( 'NONE', *, *, #1261, .F. ) ;
#1041 = DIRECTION ( 'NONE',  ( 1.000000000000000000, 0.0000000000000000000, 0.0000000000000000000 ) ) ;
#1042 = DIRECTION ( 'NONE',  ( 1.000000000000000000, 0.0000000000000000000, 0.0000000000000000000 ) ) ;
#1043 = VECTOR ( 'NONE', #2423, 39.37007874015748143 ) ;
#1044 = ORIENTED_EDGE ( 'NONE', *, *, #1916, .T. ) ;
#1045 = ORIENTED_EDGE ( 'NONE', *, *, #3278, .T. ) ;
#1046 = VERTEX_POINT ( 'NONE', #4685 ) ;
#1047 = FACE_OUTER_BOUND ( 'NONE', #2407, .T. ) ;
#1048 = VECTOR ( 'NONE', #673, 39.37007874015748143 ) ;
#1049 = LINE ( 'NONE', #3402, #3035 ) ;
#1050 = DIRECTION ( 'NONE',  ( 0.0000000000000000000, 0.0000000000000000000, 1.000000000000000000 ) ) ;
#1051 = ORIENTED_EDGE ( 'NONE', *, *, #1356, .F. ) ;
#1052 = DIRECTION ( 'NONE',  ( 1.000000000000000000, 0.0000000000000000000, 0.0000000000000000000 ) ) ;
#1053 = CARTESIAN_POINT ( 'NONE',  ( 0.6791338582677166613, 0.1118343365560181130, 0.0000000000000000000 ) ) ;
#1054 = CARTESIAN_POINT ( 'NONE',  ( 0.6348951014050294717, 0.1223390747915281684, -1.496062992125984259 ) ) ;
#1055 = FACE_OUTER_BOUND ( 'NONE', #996, .T. ) ;
#1056 = CARTESIAN_POINT ( 'NONE',  ( 0.2125984251968504046, -0.2263779527559055260, -1.496062992125984259 ) ) ;
#1057 = LINE ( 'NONE', #2618, #3858 ) ;
#1058 = VERTEX_POINT ( 'NONE', #3549 ) ;
#1059 = CARTESIAN_POINT ( 'NONE',  ( -0.2519685039370078705, -0.06890226763847540070, 0.0000000000000000000 ) ) ;
#1060 = EDGE_CURVE ( 'NONE', #3448, #4906, #360, .T. ) ;
#1061 = ADVANCED_FACE ( 'NONE', ( #768 ), #4998, .T. ) ;
#1062 = CARTESIAN_POINT ( 'NONE',  ( 0.2519685039370078705, -0.05118110236220244080, -1.496062992125984259 ) ) ;
#1063 = ORIENTED_EDGE ( 'NONE', *, *, #3868, .T. ) ;
#1064 = EDGE_CURVE ( 'NONE', #2468, #2143, #2330, .T. ) ;
#1065 = EDGE_CURVE ( 'NONE', #1710, #1863, #382, .T. ) ;
#1066 = ORIENTED_EDGE ( 'NONE', *, *, #1965, .T. ) ;
#1067 = DIRECTION ( 'NONE',  ( 1.000000000000000000, 0.0000000000000000000, 0.0000000000000000000 ) ) ;
#1068 = DIRECTION ( 'NONE',  ( 0.0000000000000000000, 0.0000000000000000000, 1.000000000000000000 ) ) ;
#1069 = EDGE_CURVE ( 'NONE', #2964, #4193, #3108, .T. ) ;
#1070 = ORIENTED_EDGE ( 'NONE', *, *, #3860, .T. ) ;
#1071 = DIRECTION ( 'NONE',  ( 0.0000000000000000000, 0.0000000000000000000, 1.000000000000000000 ) ) ;
#1072 = CARTESIAN_POINT ( 'NONE',  ( 0.6397637795275591399, -0.2263779527559055260, 0.0000000000000000000 ) ) ;
#1073 = CARTESIAN_POINT ( 'NONE',  ( 0.4113517303212779752, -0.05118110236220472370, -1.496062992125984259 ) ) ;
#1074 = LINE ( 'NONE', #1923, #774 ) ;
#1075 = CARTESIAN_POINT ( 'NONE',  ( -0.2795275590551181133, -0.1082723463786324780, -1.496062992125984259 ) ) ;
#1076 = FACE_OUTER_BOUND ( 'NONE', #3871, .T. ) ;
#1077 = VECTOR ( 'NONE', #301, 39.37007874015748143 ) ;
#1078 = LINE ( 'NONE', #2638, #4943 ) ;
#1079 = CARTESIAN_POINT ( 'NONE',  ( -0.2519685039370078705, -0.2263779527559055260, -1.496062992125984259 ) ) ;
#1080 = DIRECTION ( 'NONE',  ( 0.0000000000000000000, 0.0000000000000000000, 1.000000000000000000 ) ) ;
#1081 = DIMENSIONAL_EXPONENTS ( 1.000000000000000000, 0.0000000000000000000, 0.0000000000000000000, 0.0000000000000000000, 0.0000000000000000000, 0.0000000000000000000, 0.0000000000000000000 ) ;
#1082 =( GEOMETRIC_REPRESENTATION_CONTEXT ( 3 ) GLOBAL_UNCERTAINTY_ASSIGNED_CONTEXT ( ( #20 ) ) GLOBAL_UNIT_ASSIGNED_CONTEXT ( ( #3509, #2336, #4641 ) ) REPRESENTATION_CONTEXT ( 'NONE', 'WORKASPACE' ) );
#1083 = ORIENTED_EDGE ( 'NONE', *, *, #4307, .T. ) ;
#1084 = CARTESIAN_POINT ( 'NONE',  ( 0.2795275590551181133, -0.1200833700006795346, 0.0000000000000000000 ) ) ;
#1085 = AXIS2_PLACEMENT_3D ( 'NONE', #2861, #4410, #1480 ) ;
#1086 = EDGE_CURVE ( 'NONE', #1844, #4649, #3449, .T. ) ;
#1087 = VECTOR ( 'NONE', #1068, 39.37007874015748143 ) ;
#1088 = EDGE_LOOP ( 'NONE', ( #4956, #2658, #4951, #1891 ) ) ;
#1089 = AXIS2_PLACEMENT_3D ( 'NONE', #2688, #4234, #3488 ) ;
#1090 = UNCERTAINTY_MEASURE_WITH_UNIT (LENGTH_MEASURE( 1.000000000000000082E-05 ), #2533, 'distance_accuracy_value', 'NONE');
#1091 = ORIENTED_EDGE ( 'NONE', *, *, #478, .F. ) ;
#1092 = EDGE_LOOP ( 'NONE', ( #5022, #1494, #841, #3722 ) ) ;
#1093 = FACE_OUTER_BOUND ( 'NONE', #811, .T. ) ;
#1094 = FACE_OUTER_BOUND ( 'NONE', #3338, .T. ) ;
#1095 = VECTOR ( 'NONE', #1550, 39.37007874015748143 ) ;
#1096 = ADVANCED_FACE ( 'NONE', ( #1202 ), #2753, .T. ) ;
#1097 = EDGE_CURVE ( 'NONE', #3547, #3829, #4979, .T. ) ;
#1098 = VERTEX_POINT ( 'NONE', #1912 ) ;
#1099 = ORIENTED_EDGE ( 'NONE', *, *, #2036, .F. ) ;
#1100 = VECTOR ( 'NONE', #4614, 39.37007874015748143 ) ;
#1101 = FILL_AREA_STYLE ('',( #2934 ) ) ;
#1103 = EDGE_CURVE ( 'NONE', #4603, #1951, #4303, .T. ) ;
#1102 = DIRECTION ( 'NONE',  ( 1.000000000000000000, 0.0000000000000000000, 0.0000000000000000000 ) ) ;
#1104 = LINE ( 'NONE', #2654, #3457 ) ;
#1105 = CARTESIAN_POINT ( 'NONE',  ( -0.3799212598425197318, 0.2263779527559055260, -1.496062992125984259 ) ) ;
#1106 = AXIS2_PLACEMENT_3D ( 'NONE', #4210, #4868, #3381 ) ;
#1107 = VERTEX_POINT ( 'NONE', #836 ) ;
#1108 = DIRECTION ( 'NONE',  ( 1.000000000000000000, 0.0000000000000000000, 0.0000000000000000000 ) ) ;
#1109 = DIRECTION ( 'NONE',  ( 1.000000000000000000, 0.0000000000000000000, 0.0000000000000000000 ) ) ;
#1110 = LINE ( 'NONE', #3907, #1626 ) ;
#1111 = FILL_AREA_STYLE_COLOUR ( '', #435 ) ;
#1112 = CARTESIAN_POINT ( 'NONE',  ( -0.5602822563229370445, -0.08272889778461692267, -1.496062992125984259 ) ) ;
#1113 = ORIENTED_EDGE ( 'NONE', *, *, #2845, .T. ) ;
#1114 = DIRECTION ( 'NONE',  ( -0.0000000000000000000, -0.0000000000000000000, -1.000000000000000000 ) ) ;
#1115 = DIRECTION ( 'NONE',  ( 0.0000000000000000000, 0.0000000000000000000, 1.000000000000000000 ) ) ;
#1116 = VECTOR ( 'NONE', #1540, 39.37007874015748143 ) ;
#1117 = ORIENTED_EDGE ( 'NONE', *, *, #4164, .F. ) ;
#1118 = FILL_AREA_STYLE ('',( #1509 ) ) ;
#1119 = ORIENTED_EDGE ( 'NONE', *, *, #3486, .T. ) ;
#1120 = ORIENTED_EDGE ( 'NONE', *, *, #1816, .T. ) ;
#1121 = DIRECTION ( 'NONE',  ( 0.5877852522924849055, -0.8090169943749389025, 0.0000000000000000000 ) ) ;
#1122 = VECTOR ( 'NONE', #1154, 39.37007874015748143 ) ;
#1123 = LINE ( 'NONE', #3055, #3132 ) ;
#1124 = VECTOR ( 'NONE', #2498, 39.37007874015748143 ) ;
#1125 = ORIENTED_EDGE ( 'NONE', *, *, #4242, .F. ) ;
#1126 = VECTOR ( 'NONE', #258, 39.37007874015748143 ) ;
#1127 = ORIENTED_EDGE ( 'NONE', *, *, #852, .T. ) ;
#1128 = EDGE_CURVE ( 'NONE', #1710, #4224, #3477, .T. ) ;
#1129 = PRESENTATION_STYLE_ASSIGNMENT (( #1209 ) ) ;
#1130 = CARTESIAN_POINT ( 'NONE',  ( -0.3031496062992126150, -0.05118110236220244080, -1.496062992125984259 ) ) ;
#1131 = PRESENTATION_LAYER_ASSIGNMENT (  '', '', ( #2022 ) ) ;
#1132 = ORIENTED_EDGE ( 'NONE', *, *, #1320, .F. ) ;
#1133 = EDGE_CURVE ( 'NONE', #3476, #794, #2835, .T. ) ;
#1134 = CARTESIAN_POINT ( 'NONE',  ( -0.4803149606299212948, 0.2263779527559055260, -1.496062992125984259 ) ) ;
#1135 = LINE ( 'NONE', #2764, #4832 ) ;
#1136 = DIRECTION ( 'NONE',  ( -1.000000000000000000, 0.0000000000000000000, 0.0000000000000000000 ) ) ;
#1137 = AXIS2_PLACEMENT_3D ( 'NONE', #1880, #3334, #304 ) ;
#1138 = DIRECTION ( 'NONE',  ( -0.0000000000000000000, -1.000000000000000000, -0.0000000000000000000 ) ) ;
#1139 = CYLINDRICAL_SURFACE ( 'NONE', #2326, 0.01181102362204724046 ) ;
#1140 = CIRCLE ( 'NONE', #3979, 0.01181102362204724046 ) ;
#1141 = VERTEX_POINT ( 'NONE', #1986 ) ;
#1142 = CARTESIAN_POINT ( 'NONE',  ( -0.3523622047244094335, 0.1636980790100826810, -1.496062992125984259 ) ) ;
#1143 = DIRECTION ( 'NONE',  ( 0.0000000000000000000, 0.0000000000000000000, 1.000000000000000000 ) ) ;
#1144 = ORIENTED_EDGE ( 'NONE', *, *, #2789, .T. ) ;
#1145 = DIRECTION ( 'NONE',  ( -1.000000000000000000, 0.0000000000000000000, 0.0000000000000000000 ) ) ;
#1146 = UNCERTAINTY_MEASURE_WITH_UNIT (LENGTH_MEASURE( 1.000000000000000082E-05 ), #4467, 'distance_accuracy_value', 'NONE');
#1147 = VERTEX_POINT ( 'NONE', #2404 ) ;
#1148 = DIRECTION ( 'NONE',  ( 0.0000000000000000000, 0.0000000000000000000, 1.000000000000000000 ) ) ;
#1149 = EDGE_LOOP ( 'NONE', ( #4754, #564, #2784, #487 ) ) ;
#1150 = CARTESIAN_POINT ( 'NONE',  ( 0.5000000000000000000, 1.468368296594541258E-15, -1.496062992125984259 ) ) ;
#1151 = PRESENTATION_STYLE_ASSIGNMENT (( #3005 ) ) ;
#1152 = ORIENTED_EDGE ( 'NONE', *, *, #4523, .F. ) ;
#1153 = ORIENTED_EDGE ( 'NONE', *, *, #1810, .F. ) ;
#1154 = DIRECTION ( 'NONE',  ( -5.295027878066720598E-16, -1.000000000000000000, 0.0000000000000000000 ) ) ;
#1155 = DIRECTION ( 'NONE',  ( -0.8090169943749430104, 0.5877852522924790213, 0.0000000000000000000 ) ) ;
#1156 = LINE ( 'NONE', #3904, #279 ) ;
#1157 = ORIENTED_EDGE ( 'NONE', *, *, #1470, .F. ) ;
#1158 = CARTESIAN_POINT ( 'NONE',  ( -0.2913385826771653919, -0.05118110236220244080, -1.496062992125984259 ) ) ;
#1159 = DIRECTION ( 'NONE',  ( 0.0000000000000000000, 0.0000000000000000000, 1.000000000000000000 ) ) ;
#1160 = PLANE ( 'NONE',  #4659 ) ;
#1161 = CARTESIAN_POINT ( 'NONE',  ( 0.0000000000000000000, 0.05905511811023622659, -0.9842519685039370358 ) ) ;
#1162 = ADVANCED_FACE ( 'NONE', ( #1513 ), #790, .T. ) ;
#1163 = EDGE_CURVE ( 'NONE', #2412, #3467, #4823, .T. ) ;
#1164 = ORIENTED_EDGE ( 'NONE', *, *, #14, .T. ) ;
#1165 = AXIS2_PLACEMENT_3D ( 'NONE', #3380, #3013, #2634 ) ;
#1166 = DIRECTION ( 'NONE',  ( 0.0000000000000000000, -1.000000000000000000, 0.0000000000000000000 ) ) ;
#1167 = FACE_OUTER_BOUND ( 'NONE', #3058, .T. ) ;
#1168 = EDGE_CURVE ( 'NONE', #1537, #1928, #3726, .T. ) ;
#1169 = VECTOR ( 'NONE', #3041, 39.37007874015748143 ) ;
#1170 = AXIS2_PLACEMENT_3D ( 'NONE', #2575, #2950, #633 ) ;
#1171 = ORIENTED_EDGE ( 'NONE', *, *, #4794, .T. ) ;
#1172 = FACE_OUTER_BOUND ( 'NONE', #4506, .T. ) ;
#1173 = EDGE_LOOP ( 'NONE', ( #2956, #3570, #4933, #1014 ) ) ;
#1174 = AXIS2_PLACEMENT_3D ( 'NONE', #1690, #589, #2514 ) ;
#1175 = AXIS2_PLACEMENT_3D ( 'NONE', #2724, #3892, #4972 ) ;
#1176 = ORIENTED_EDGE ( 'NONE', *, *, #905, .F. ) ;
#1177 = DIRECTION ( 'NONE',  ( 0.0000000000000000000, 1.000000000000000000, 0.0000000000000000000 ) ) ;
#1178 = DIRECTION ( 'NONE',  ( 0.0000000000000000000, 0.0000000000000000000, -1.000000000000000000 ) ) ;
#1179 = DIMENSIONAL_EXPONENTS ( 1.000000000000000000, 0.0000000000000000000, 0.0000000000000000000, 0.0000000000000000000, 0.0000000000000000000, 0.0000000000000000000, 0.0000000000000000000 ) ;
#1180 = AXIS2_PLACEMENT_3D ( 'NONE', #3214, #4331, #844 ) ;
#1181 = AXIS2_PLACEMENT_3D ( 'NONE', #4211, #3120, #422 ) ;
#1182 = ORIENTED_EDGE ( 'NONE', *, *, #704, .T. ) ;
#1183 = EDGE_LOOP ( 'NONE', ( #2680, #4489, #2363, #427 ) ) ;
#1184 = VECTOR ( 'NONE', #779, 39.37007874015748143 ) ;
#1185 = DIRECTION ( 'NONE',  ( 0.0000000000000000000, 0.0000000000000000000, -1.000000000000000000 ) ) ;
#1186 = DIRECTION ( 'NONE',  ( 0.0000000000000000000, 0.0000000000000000000, -1.000000000000000000 ) ) ;
#1187 = CARTESIAN_POINT ( 'NONE',  ( 0.4261811023622047445, -0.2263779527559055260, -1.496062992125984259 ) ) ;
#1188 = ORIENTED_EDGE ( 'NONE', *, *, #2061, .F. ) ;
#1189 = CARTESIAN_POINT ( 'NONE',  ( 0.5000000000000000000, 0.2263779527559055260, -1.496062992125984259 ) ) ;
#1190 = CARTESIAN_POINT ( 'NONE',  ( -0.6348951014050294717, -0.1223390747915279603, -1.496062992125984259 ) ) ;
#1191 =( NAMED_UNIT ( * ) PLANE_ANGLE_UNIT ( ) SI_UNIT ( $, .RADIAN. ) );
#1192 = AXIS2_PLACEMENT_3D ( 'NONE', #2389, #4289, #1925 ) ;
#1193 = CARTESIAN_POINT ( 'NONE',  ( -0.4488188976377953110, -5.335640612625512173E-19, -0.3149606299212598381 ) ) ;
#1194 = DIRECTION ( 'NONE',  ( 0.0000000000000000000, 0.0000000000000000000, 1.000000000000000000 ) ) ;
#1195 = EDGE_CURVE ( 'NONE', #2171, #3204, #1354, .T. ) ;
#1196 = VERTEX_POINT ( 'NONE', #4352 ) ;
#1197 = LINE ( 'NONE', #405, #3851 ) ;
#1198 = EDGE_CURVE ( 'NONE', #381, #4437, #77, .T. ) ;
#1199 = ORIENTED_EDGE ( 'NONE', *, *, #3185, .T. ) ;
#1200 = CARTESIAN_POINT ( 'NONE',  ( 0.6791338582677166613, -0.1118343365560181130, -1.496062992125984259 ) ) ;
#1201 = ORIENTED_EDGE ( 'NONE', *, *, #3920, .F. ) ;
#1202 = FACE_OUTER_BOUND ( 'NONE', #2149, .T. ) ;
#1203 = VECTOR ( 'NONE', #4795, 39.37007874015748143 ) ;
#1204 = ORIENTED_EDGE ( 'NONE', *, *, #4427, .T. ) ;
#1205 = EDGE_LOOP ( 'NONE', ( #833, #4970, #763, #1686 ) ) ;
#1206 = CIRCLE ( 'NONE', #3567, 0.05118110236220728415 ) ;
#1207 = EDGE_LOOP ( 'NONE', ( #3962, #232, #2802, #2982 ) ) ;
#1208 = CARTESIAN_POINT ( 'NONE',  ( 0.4113517303212779752, 0.03937007874015747977, -1.496062992125984259 ) ) ;
#1209 = SURFACE_STYLE_USAGE ( .BOTH. , #798 ) ;
#1210 = AXIS2_PLACEMENT_3D ( 'NONE', #234, #4879, #1067 ) ;
#1211 = VERTEX_POINT ( 'NONE', #4722 ) ;
#1212 = CARTESIAN_POINT ( 'NONE',  ( 0.2244094488188976555, -0.08071329126052262382, 0.0000000000000000000 ) ) ;
#1213 = CARTESIAN_POINT ( 'NONE',  ( 0.2519685039370078705, -0.06890226763847540070, -1.496062992125984259 ) ) ;
#1214 = CIRCLE ( 'NONE', #1862, 0.01181102362204703576 ) ;
#1215 = DIRECTION ( 'NONE',  ( 1.000000000000000000, 0.0000000000000000000, 0.0000000000000000000 ) ) ;
#1216 = CARTESIAN_POINT ( 'NONE',  ( -0.5672246018224543773, -0.07317357895341673746, -1.496062992125984259 ) ) ;
#1217 = ORIENTED_EDGE ( 'NONE', *, *, #572, .T. ) ;
#1218 = AXIS2_PLACEMENT_3D ( 'NONE', #4674, #3934, #16 ) ;
#1219 = CARTESIAN_POINT ( 'NONE',  ( -0.2519685039370078705, -0.05118110236220244080, -1.496062992125984259 ) ) ;
#1220 = LINE ( 'NONE', #3935, #3404 ) ;
#1221 = VECTOR ( 'NONE', #4547, 39.37007874015748143 ) ;
#1222 = EDGE_CURVE ( 'NONE', #4033, #3293, #1214, .T. ) ;
#1223 = EDGE_LOOP ( 'NONE', ( #4019, #4405, #501, #1511 ) ) ;
#1224 = SURFACE_SIDE_STYLE ('',( #2795 ) ) ;
#1225 = EDGE_CURVE ( 'NONE', #2041, #2171, #4697, .T. ) ;
#1226 = ORIENTED_EDGE ( 'NONE', *, *, #1663, .F. ) ;
#1227 = DIRECTION ( 'NONE',  ( 5.295027878066700877E-16, 1.000000000000000000, 0.0000000000000000000 ) ) ;
#1228 = FACE_OUTER_BOUND ( 'NONE', #3924, .T. ) ;
#1229 = DIRECTION ( 'NONE',  ( 0.0000000000000000000, 0.0000000000000000000, 1.000000000000000000 ) ) ;
#1230 = EDGE_CURVE ( 'NONE', #4350, #2338, #1250, .T. ) ;
#1231 = EDGE_LOOP ( 'NONE', ( #4061, #1377, #919, #3551 ) ) ;
#1232 = ADVANCED_FACE ( 'NONE', ( #4014 ), #460, .T. ) ;
#1233 = ORIENTED_EDGE ( 'NONE', *, *, #4374, .F. ) ;
#1234 = CARTESIAN_POINT ( 'NONE',  ( -0.5497918511573290923, -0.01184385061273618249, -1.496062992125984259 ) ) ;
#1235 = DIRECTION ( 'NONE',  ( 0.0000000000000000000, 0.0000000000000000000, -1.000000000000000000 ) ) ;
#1236 = EDGE_CURVE ( 'NONE', #1502, #408, #4379, .T. ) ;
#1237 = ORIENTED_EDGE ( 'NONE', *, *, #3765, .F. ) ;
#1238 = DIRECTION ( 'NONE',  ( 0.0000000000000000000, 0.0000000000000000000, 1.000000000000000000 ) ) ;
#1239 = DIRECTION ( 'NONE',  ( 0.0000000000000000000, 0.0000000000000000000, 1.000000000000000000 ) ) ;
#1240 = CARTESIAN_POINT ( 'NONE',  ( 0.4655511811023622104, -0.09982760730931281024, -1.496062992125984259 ) ) ;
#1241 = LINE ( 'NONE', #2343, #1184 ) ;
#1242 = LINE ( 'NONE', #4369, #2199 ) ;
#1243 = CARTESIAN_POINT ( 'NONE',  ( 0.5314960629921260393, 0.09739619588073188117, -1.496062992125984259 ) ) ;
#1244 = ORIENTED_EDGE ( 'NONE', *, *, #593, .F. ) ;
#1245 = PLANE ( 'NONE',  #3127 ) ;
#1246 = ORIENTED_EDGE ( 'NONE', *, *, #175, .F. ) ;
#1247 = CARTESIAN_POINT ( 'NONE',  ( -0.3031496062992126150, -0.03937007874015523851, -1.496062992125984259 ) ) ;
#1248 = CIRCLE ( 'NONE', #4084, 0.01181102362204724046 ) ;
#1249 = VECTOR ( 'NONE', #920, 39.37007874015748143 ) ;
#1250 = LINE ( 'NONE', #485, #2517 ) ;
#1251 = CIRCLE ( 'NONE', #4087, 0.06299212598425199539 ) ;
#1252 = ORIENTED_EDGE ( 'NONE', *, *, #619, .F. ) ;
#1253 = CIRCLE ( 'NONE', #2798, 0.09055118110236083651 ) ;
#1254 = ORIENTED_EDGE ( 'NONE', *, *, #3812, .F. ) ;
#1255 = ADVANCED_FACE ( 'NONE', ( #2086 ), #506, .T. ) ;
#1256 = CARTESIAN_POINT ( 'NONE',  ( -0.5497918511573290923, -0.01184385061273616341, -0.3149606299212598381 ) ) ;
#1257 = CARTESIAN_POINT ( 'NONE',  ( 0.4799742580254394153, -0.08830903723516123072, 0.0000000000000000000 ) ) ;
#1258 = VECTOR ( 'NONE', #3451, 39.37007874015748143 ) ;
#1259 = CIRCLE ( 'NONE', #2881, 0.01181102362204724046 ) ;
#1260 = EDGE_CURVE ( 'NONE', #3901, #2774, #4626, .T. ) ;
#1261 = EDGE_CURVE ( 'NONE', #2748, #214, #2437, .T. ) ;
#1262 = ORIENTED_EDGE ( 'NONE', *, *, #4907, .T. ) ;
#1263 = ORIENTED_EDGE ( 'NONE', *, *, #1103, .T. ) ;
#1264 = CIRCLE ( 'NONE', #1905, 0.05118110236220468900 ) ;
#1265 = FILL_AREA_STYLE_COLOUR ( '', #2260 ) ;
#1266 = EDGE_CURVE ( 'NONE', #2870, #3105, #397, .T. ) ;
#1267 = CARTESIAN_POINT ( 'NONE',  ( -0.2519685039370078705, -0.1318943936227267855, -1.496062992125984259 ) ) ;
#1268 = VECTOR ( 'NONE', #3351, 39.37007874015748143 ) ;
#1269 = CIRCLE ( 'NONE', #1192, 0.09055118110236104467 ) ;
#1270 = CARTESIAN_POINT ( 'NONE',  ( 0.4261811023622047445, -0.2263779527559055260, 0.0000000000000000000 ) ) ;
#1271 = CARTESIAN_POINT ( 'NONE',  ( 0.4132675480220180941, 0.05436453559011661385, 0.0000000000000000000 ) ) ;
#1272 =( NAMED_UNIT ( * ) PLANE_ANGLE_UNIT ( ) SI_UNIT ( $, .RADIAN. ) );
#1273 = ORIENTED_EDGE ( 'NONE', *, *, #2803, .T. ) ;
#1274 = LENGTH_MEASURE_WITH_UNIT ( LENGTH_MEASURE( 0.02539999999999999897 ), #3588 );
#1275 = ORIENTED_EDGE ( 'NONE', *, *, #3738, .F. ) ;
#1276 = CARTESIAN_POINT ( 'NONE',  ( -0.4132675480220180941, 0.05436453559011661385, -1.496062992125984259 ) ) ;
#1277 = ORIENTED_EDGE ( 'NONE', *, *, #3560, .T. ) ;
#1278 = ORIENTED_EDGE ( 'NONE', *, *, #2053, .T. ) ;
#1279 = LINE ( 'NONE', #894, #2831 ) ;
#1280 = CARTESIAN_POINT ( 'NONE',  ( -0.2047244094488188948, 0.05905511811023622659, -0.4330708661417322913 ) ) ;
#1281 = CARTESIAN_POINT ( 'NONE',  ( 0.4803149606299212948, 0.2263779527559055260, 0.0000000000000000000 ) ) ;
#1282 = ORIENTED_EDGE ( 'NONE', *, *, #1453, .F. ) ;
#1283 = LINE ( 'NONE', #2413, #3923 ) ;
#1284 = ORIENTED_EDGE ( 'NONE', *, *, #4110, .F. ) ;
#1285 = CARTESIAN_POINT ( 'NONE',  ( 0.4113517303212779752, -0.05118110236220472370, -1.496062992125984259 ) ) ;
#1286 = ADVANCED_FACE ( 'NONE', ( #4848 ), #1374, .T. ) ;
#1287 = CARTESIAN_POINT ( 'NONE',  ( -0.5000000000000000000, -5.335640612625512173E-19, 0.0000000000000000000 ) ) ;
#1288 = DIRECTION ( 'NONE',  ( 0.0000000000000000000, 0.0000000000000000000, -1.000000000000000000 ) ) ;
#1289 = AXIS2_PLACEMENT_3D ( 'NONE', #182, #2905, #4454 ) ;
#1290 = CLOSED_SHELL ( 'NONE', ( #822, #2002, #201, #2687, #3534, #4739, #3590, #2201, #4338, #2716, #2718, #910, #4983, #3057, #476, #1162, #706, #4703, #3025, #4922, #2415, #567, #4015, #1255, #3571, #1483, #4490, #4456, #568, #3870, #4150, #4078, #3374, #3687, #2367, #297, #4727, #944, #378, #2475, #8, #531, #3336, #2126, #3189, #911, #884, #4850, #4824, #1573, #2657, #3248, #2689, #2302, #2601, #2207, #1061, #4887, #1408, #2390, #1448, #4312, #386, #5001, #1909, #4326, #1781, #1286, #72, #1842, #2357, #2569, #164, #1477, #2228, #3277, #4881, #1855, #1297, #1383, #4332, #4365, #2595, #3539, #2878, #483, #3445, #3019, #1877, #4077, #3099, #1972, #3419, #4178, #3514, #661, #757, #448, #4111, #4764, #2535, #4611, #4554, #4677, #3806, #3312, #2029, #226, #3249, #2873, #353, #2296, #3060, #4622, #4851, #691, #4769, #253, #4450, #939, #3986, #4465, #2439, #4140, #1096, #3663, #1352, #3656, #1232, #3245, #700, #2451, #1481, #970, #3481, #3129, #2755, #1387, #4362, #3159, #2197, #2204 ) ) ;
#1291 = VERTEX_POINT ( 'NONE', #206 ) ;
#1292 = CIRCLE ( 'NONE', #636, 0.01181102362204703576 ) ;
#1293 = CARTESIAN_POINT ( 'NONE',  ( -0.5000000000000000000, -5.335640612625512173E-19, -0.3149606299212598381 ) ) ;
#1294 = LINE ( 'NONE', #2847, #590 ) ;
#1295 = CYLINDRICAL_SURFACE ( 'NONE', #118, 0.01968503937007875723 ) ;
#1296 = AXIS2_PLACEMENT_3D ( 'NONE', #150, #4062, #1727 ) ;
#1297 = ADVANCED_FACE ( 'NONE', ( #3691 ), #1754, .F. ) ;
#1298 = ORIENTED_EDGE ( 'NONE', *, *, #4706, .F. ) ;
#1299 = CARTESIAN_POINT ( 'NONE',  ( 0.4685039370078740717, 0.09739619588073228362, -1.496062992125984259 ) ) ;
#1300 = AXIS2_PLACEMENT_3D ( 'NONE', #543, #3267, #2023 ) ;
#1301 = LINE ( 'NONE', #4846, #1043 ) ;
#1302 = LINE ( 'NONE', #3182, #3646 ) ;
#1303 = DIRECTION ( 'NONE',  ( 0.0000000000000000000, 0.0000000000000000000, 1.000000000000000000 ) ) ;
#1304 = ORIENTED_EDGE ( 'NONE', *, *, #2164, .F. ) ;
#1305 = ORIENTED_EDGE ( 'NONE', *, *, #1000, .F. ) ;
#1306 = DIRECTION ( 'NONE',  ( 1.412527898055806035E-15, -1.000000000000000000, 0.0000000000000000000 ) ) ;
#1307 = CARTESIAN_POINT ( 'NONE',  ( -0.6594488188976378451, -0.2263779527559055260, -1.496062992125984259 ) ) ;
#1308 = ORIENTED_EDGE ( 'NONE', *, *, #504, .T. ) ;
#1309 = CARTESIAN_POINT ( 'NONE',  ( -0.5278619018776495864, 0.08615817327910905987, 0.0000000000000000000 ) ) ;
#1310 = VERTEX_POINT ( 'NONE', #688 ) ;
#1311 =( NAMED_UNIT ( * ) PLANE_ANGLE_UNIT ( ) SI_UNIT ( $, .RADIAN. ) );
#1312 = CARTESIAN_POINT ( 'NONE',  ( -0.6397637795275591399, 0.2263779527559055260, -1.496062992125984259 ) ) ;
#1313 = DIRECTION ( 'NONE',  ( 1.000000000000000000, 0.0000000000000000000, 0.0000000000000000000 ) ) ;
#1314 = DIRECTION ( 'NONE',  ( 0.0000000000000000000, 0.0000000000000000000, 1.000000000000000000 ) ) ;
#1315 = CARTESIAN_POINT ( 'NONE',  ( 0.5672246018224543773, -0.07317357895341693175, -1.496062992125984259 ) ) ;
#1316 = FACE_OUTER_BOUND ( 'NONE', #1718, .T. ) ;
#1317 = CARTESIAN_POINT ( 'NONE',  ( -0.4113517303212779752, 0.03937007874015747977, -1.496062992125984259 ) ) ;
#1318 = DIRECTION ( 'NONE',  ( 1.000000000000000000, -1.084202172485504040E-15, 0.0000000000000000000 ) ) ;
#1319 = EDGE_CURVE ( 'NONE', #3829, #1587, #1889, .T. ) ;
#1320 = EDGE_CURVE ( 'NONE', #1680, #1587, #1560, .T. ) ;
#1321 = EDGE_LOOP ( 'NONE', ( #513, #4329, #4147, #2043 ) ) ;
#1322 = CYLINDRICAL_SURFACE ( 'NONE', #4344, 0.06299212598425199539 ) ;
#1323 = EDGE_CURVE ( 'NONE', #2772, #3971, #1292, .T. ) ;
#1324 = CARTESIAN_POINT ( 'NONE',  ( -0.2519685039370078705, -0.1318943936227267855, -1.496062992125984259 ) ) ;
#1325 = VERTEX_POINT ( 'NONE', #4657 ) ;
#1326 = LENGTH_MEASURE_WITH_UNIT ( LENGTH_MEASURE( 0.02539999999999999897 ), #864 );
#1327 = ORIENTED_EDGE ( 'NONE', *, *, #3441, .T. ) ;
#1328 = ORIENTED_EDGE ( 'NONE', *, *, #2782, .F. ) ;
#1329 = VECTOR ( 'NONE', #420, 39.37007874015748143 ) ;
#1330 = LINE ( 'NONE', #1708, #3235 ) ;
#1331 = CARTESIAN_POINT ( 'NONE',  ( 0.2519685039370078705, -0.06890226763847540070, 0.0000000000000000000 ) ) ;
#1332 = AXIS2_PLACEMENT_3D ( 'NONE', #2740, #3068, #3856 ) ;
#1333 = CIRCLE ( 'NONE', #2473, 0.01181102362204703576 ) ;
#1334 = ORIENTED_EDGE ( 'NONE', *, *, #4555, .T. ) ;
#1335 = ORIENTED_EDGE ( 'NONE', *, *, #1604, .F. ) ;
#1336 = DIRECTION ( 'NONE',  ( 0.0000000000000000000, -1.000000000000000000, 0.0000000000000000000 ) ) ;
#1337 = DIRECTION ( 'NONE',  ( 5.295027878066700877E-16, 1.000000000000000000, 0.0000000000000000000 ) ) ;
#1338 = VECTOR ( 'NONE', #3701, 39.37007874015748143 ) ;
#1339 = STYLED_ITEM ( 'NONE', ( #2773 ), #2755 ) ;
#1340 = CARTESIAN_POINT ( 'NONE',  ( 0.5000000000000000000, 1.468368296594541258E-15, 0.1574803149606299191 ) ) ;
#1341 = CARTESIAN_POINT ( 'NONE',  ( 0.6348951014050294717, 0.1223390747915279603, -1.496062992125984259 ) ) ;
#1342 = CARTESIAN_POINT ( 'NONE',  ( 0.4215803768226693005, 0.04527559055118110520, 0.0000000000000000000 ) ) ;
#1343 = AXIS2_PLACEMENT_3D ( 'NONE', #2065, #465, #4022 ) ;
#1344 = ORIENTED_EDGE ( 'NONE', *, *, #2167, .T. ) ;
#1345 = FACE_OUTER_BOUND ( 'NONE', #2927, .T. ) ;
#1346 = LINE ( 'NONE', #2108, #2095 ) ;
#1347 = CARTESIAN_POINT ( 'NONE',  ( 0.3031496062992126150, -0.05118110236220244080, 0.0000000000000000000 ) ) ;
#1348 = PLANE ( 'NONE',  #203 ) ;
#1349 = AXIS2_PLACEMENT_3D ( 'NONE', #1389, #1314, #2865 ) ;
#1350 = ORIENTED_EDGE ( 'NONE', *, *, #3591, .F. ) ;
#1351 = DIRECTION ( 'NONE',  ( 0.0000000000000000000, 0.0000000000000000000, 1.000000000000000000 ) ) ;
#1352 = ADVANCED_FACE ( 'NONE', ( #1094 ), #1840, .T. ) ;
#1353 = DIRECTION ( 'NONE',  ( -1.000000000000000000, 0.0000000000000000000, 0.0000000000000000000 ) ) ;
#1354 = LINE ( 'NONE', #2900, #1780 ) ;
#1355 = VECTOR ( 'NONE', #516, 39.37007874015748143 ) ;
#1356 = EDGE_CURVE ( 'NONE', #2307, #1837, #2, .T. ) ;
#1357 = ORIENTED_EDGE ( 'NONE', *, *, #1604, .T. ) ;
#1358 = ORIENTED_EDGE ( 'NONE', *, *, #3765, .T. ) ;
#1359 = CARTESIAN_POINT ( 'NONE',  ( -0.5000000000000000000, -5.335640612625512173E-19, -1.496062992125984259 ) ) ;
#1360 = DIRECTION ( 'NONE',  ( 0.0000000000000000000, 0.0000000000000000000, -1.000000000000000000 ) ) ;
#1361 = ORIENTED_EDGE ( 'NONE', *, *, #4648, .T. ) ;
#1362 = ORIENTED_EDGE ( 'NONE', *, *, #2726, .F. ) ;
#1363 = SURFACE_SIDE_STYLE ('',( #1687 ) ) ;
#1364 = CARTESIAN_POINT ( 'NONE',  ( -0.6791338582677166613, -0.2263779527559055260, 0.0000000000000000000 ) ) ;
#1365 = FACE_OUTER_BOUND ( 'NONE', #4121, .T. ) ;
#1366 = ORIENTED_EDGE ( 'NONE', *, *, #170, .T. ) ;
#1367 = VECTOR ( 'NONE', #1978, 39.37007874015748143 ) ;
#1368 = DIRECTION ( 'NONE',  ( 1.000000000000000000, 1.084202172485504040E-15, 0.0000000000000000000 ) ) ;
#1369 = SURFACE_STYLE_FILL_AREA ( #549 ) ;
#1370 = CARTESIAN_POINT ( 'NONE',  ( 0.4685039370078740717, 0.09739619588073228362, 0.0000000000000000000 ) ) ;
#1371 = DIRECTION ( 'NONE',  ( 0.0000000000000000000, 0.0000000000000000000, 1.000000000000000000 ) ) ;
#1372 = AXIS2_PLACEMENT_3D ( 'NONE', #31, #1589, #3144 ) ;
#1373 = DIRECTION ( 'NONE',  ( 0.0000000000000000000, 0.0000000000000000000, 1.000000000000000000 ) ) ;
#1374 = CYLINDRICAL_SURFACE ( 'NONE', #2757, 0.01968503937007875723 ) ;
#1375 = VECTOR ( 'NONE', #4980, 39.37007874015748143 ) ;
#1376 = AXIS2_PLACEMENT_3D ( 'NONE', #2546, #603, #4874 ) ;
#1377 = ORIENTED_EDGE ( 'NONE', *, *, #3157, .F. ) ;
#1378 = ORIENTED_EDGE ( 'NONE', *, *, #4615, .T. ) ;
#1379 = DIRECTION ( 'NONE',  ( 1.000000000000000000, 0.0000000000000000000, 0.0000000000000000000 ) ) ;
#1380 = DIRECTION ( 'NONE',  ( 1.000000000000000000, 0.0000000000000000000, 0.0000000000000000000 ) ) ;
#1381 = CIRCLE ( 'NONE', #2522, 0.01181102362204724046 ) ;
#1382 = EDGE_CURVE ( 'NONE', #1908, #3111, #477, .T. ) ;
#1383 = ADVANCED_FACE ( 'NONE', ( #3426 ), #4636, .T. ) ;
#1384 = VERTEX_POINT ( 'NONE', #1913 ) ;
#1385 = VERTEX_POINT ( 'NONE', #1486 ) ;
#1386 = CARTESIAN_POINT ( 'NONE',  ( -0.4659620488510621827, 0.08391027517899704580, 0.0000000000000000000 ) ) ;
#1387 = ADVANCED_FACE ( 'NONE', ( #2312 ), #2677, .F. ) ;
#1388 = CARTESIAN_POINT ( 'NONE',  ( 0.0000000000000000000, -0.03937007874015523851, -0.8464566929133858775 ) ) ;
#1389 = CARTESIAN_POINT ( 'NONE',  ( -0.5000000000000000000, 1.468368296594541258E-15, 0.0000000000000000000 ) ) ;
#1390 = VERTEX_POINT ( 'NONE', #2610 ) ;
#1391 = DIRECTION ( 'NONE',  ( -1.000000000000000000, 0.0000000000000000000, 0.0000000000000000000 ) ) ;
#1392 = DIRECTION ( 'NONE',  ( 0.0000000000000000000, 0.0000000000000000000, 1.000000000000000000 ) ) ;
#1393 = FACE_OUTER_BOUND ( 'NONE', #1520, .T. ) ;
#1394 = LINE ( 'NONE', #273, #1077 ) ;
#1395 = CARTESIAN_POINT ( 'NONE',  ( -0.5000000000000000000, -5.335640612625512173E-19, -1.496062992125984259 ) ) ;
#1396 = CARTESIAN_POINT ( 'NONE',  ( 0.4659620488510621827, 0.08391027517899901644, -1.496062992125984259 ) ) ;
#1397 = ORIENTED_EDGE ( 'NONE', *, *, #1001, .F. ) ;
#1398 = CARTESIAN_POINT ( 'NONE',  ( -0.3031496062992126150, -0.05118110236220244080, -1.496062992125984259 ) ) ;
#1399 = VERTEX_POINT ( 'NONE', #4073 ) ;
#1400 = ORIENTED_EDGE ( 'NONE', *, *, #3658, .F. ) ;
#1401 = DIRECTION ( 'NONE',  ( -0.0000000000000000000, -0.0000000000000000000, -1.000000000000000000 ) ) ;
#1402 = DIRECTION ( 'NONE',  ( 0.0000000000000000000, 0.0000000000000000000, 1.000000000000000000 ) ) ;
#1403 = ORIENTED_EDGE ( 'NONE', *, *, #423, .T. ) ;
#1404 = ORIENTED_EDGE ( 'NONE', *, *, #1168, .F. ) ;
#1405 = ORIENTED_EDGE ( 'NONE', *, *, #4142, .T. ) ;
#1406 = CARTESIAN_POINT ( 'NONE',  ( 0.0000000000000000000, 0.0000000000000000000, 0.0000000000000000000 ) ) ;
#1407 = FACE_OUTER_BOUND ( 'NONE', #207, .T. ) ;
#1408 = ADVANCED_FACE ( 'NONE', ( #1407 ), #2960, .T. ) ;
#1409 = CARTESIAN_POINT ( 'NONE',  ( 0.3433144357111932998, 0.1561060993681155917, 0.0000000000000000000 ) ) ;
#1410 = CIRCLE ( 'NONE', #4169, 0.01181102362204724046 ) ;
#1411 = DIRECTION ( 'NONE',  ( 0.0000000000000000000, 0.0000000000000000000, 1.000000000000000000 ) ) ;
#1412 = EDGE_LOOP ( 'NONE', ( #1895, #4221, #3652, #1526 ) ) ;
#1413 = EDGE_CURVE ( 'NONE', #2171, #2328, #4862, .T. ) ;
#1414 = CARTESIAN_POINT ( 'NONE',  ( -0.2244094488188976555, -0.08071329126052262382, -1.496062992125984259 ) ) ;
#1415 = AXIS2_PLACEMENT_3D ( 'NONE', #1638, #4728, #2807 ) ;
#1416 = CYLINDRICAL_SURFACE ( 'NONE', #3622, 0.05118110236220468900 ) ;
#1417 = AXIS2_PLACEMENT_3D ( 'NONE', #4034, #4747, #2008 ) ;
#1418 = DIRECTION ( 'NONE',  ( 0.0000000000000000000, 0.0000000000000000000, 1.000000000000000000 ) ) ;
#1419 = DIRECTION ( 'NONE',  ( 0.0000000000000000000, 0.0000000000000000000, 1.000000000000000000 ) ) ;
#1420 = CARTESIAN_POINT ( 'NONE',  ( -0.2519685039370078705, -0.06890226763847540070, -1.496062992125984259 ) ) ;
#1421 = CARTESIAN_POINT ( 'NONE',  ( -0.6742651801451869931, -0.1022790177248179139, -1.496062992125984259 ) ) ;
#1422 = AXIS2_PLACEMENT_3D ( 'NONE', #4621, #4768, #1717 ) ;
#1423 = AXIS2_PLACEMENT_3D ( 'NONE', #1112, #2216, #4992 ) ;
#1424 = CARTESIAN_POINT ( 'NONE',  ( 0.2401574803149606474, -0.03937007874015523851, 0.0000000000000000000 ) ) ;
#1425 = DIRECTION ( 'NONE',  ( 0.0000000000000000000, 0.0000000000000000000, 1.000000000000000000 ) ) ;
#1426 = CIRCLE ( 'NONE', #4513, 0.01181102362204730985 ) ;
#1427 = ORIENTED_EDGE ( 'NONE', *, *, #2623, .T. ) ;
#1428 = DIRECTION ( 'NONE',  ( -0.8090169943749430104, 0.5877852522924790213, 0.0000000000000000000 ) ) ;
#1429 = VERTEX_POINT ( 'NONE', #1364 ) ;
#1430 = ORIENTED_EDGE ( 'NONE', *, *, #704, .F. ) ;
#1431 = AXIS2_PLACEMENT_3D ( 'NONE', #3193, #3265, #4733 ) ;
#1432 = CYLINDRICAL_SURFACE ( 'NONE', #4123, 0.01181102362204724046 ) ;
#1433 = CARTESIAN_POINT ( 'NONE',  ( -0.2244094488188976555, -0.08071329126052262382, -1.496062992125984259 ) ) ;
#1434 = AXIS2_PLACEMENT_3D ( 'NONE', #4153, #1071, #3798 ) ;
#1435 = ORIENTED_EDGE ( 'NONE', *, *, #4523, .T. ) ;
#1436 = ORIENTED_EDGE ( 'NONE', *, *, #3178, .T. ) ;
#1437 = CARTESIAN_POINT ( 'NONE',  ( -0.5196850393700787052, 0.09739619588073208933, -1.496062992125984259 ) ) ;
#1438 = DIRECTION ( 'NONE',  ( 1.000000000000000000, 0.0000000000000000000, 0.0000000000000000000 ) ) ;
#1439 = VERTEX_POINT ( 'NONE', #1386 ) ;
#1440 = CYLINDRICAL_SURFACE ( 'NONE', #433, 0.01181102362204724046 ) ;
#1441 = EDGE_CURVE ( 'NONE', #3859, #2191, #4781, .T. ) ;
#1442 = FILL_AREA_STYLE_COLOUR ( '', #3946 ) ;
#1443 = DIRECTION ( 'NONE',  ( -0.5877852522924849055, 0.8090169943749389025, 0.0000000000000000000 ) ) ;
#1444 = DIRECTION ( 'NONE',  ( 0.0000000000000000000, -1.000000000000000000, 0.0000000000000000000 ) ) ;
#1445 = CARTESIAN_POINT ( 'NONE',  ( 0.0000000000000000000, 0.03937007874015747977, -0.7834645669291339098 ) ) ;
#1446 = DIRECTION ( 'NONE',  ( 1.000000000000000000, 0.0000000000000000000, 0.0000000000000000000 ) ) ;
#1447 = EDGE_CURVE ( 'NONE', #1726, #2673, #2592, .T. ) ;
#1448 = ADVANCED_FACE ( 'NONE', ( #165 ), #3266, .T. ) ;
#1449 = ORIENTED_EDGE ( 'NONE', *, *, #1000, .T. ) ;
#1450 = CIRCLE ( 'NONE', #2508, 0.01181102362204724046 ) ;
#1451 = DIRECTION ( 'NONE',  ( 0.0000000000000000000, 0.0000000000000000000, 1.000000000000000000 ) ) ;
#1452 = SURFACE_SIDE_STYLE ('',( #3736 ) ) ;
#1453 = EDGE_CURVE ( 'NONE', #4118, #1537, #614, .T. ) ;
#1454 = EDGE_CURVE ( 'NONE', #148, #1211, #948, .T. ) ;
#1455 = CIRCLE ( 'NONE', #2429, 0.01181102362204724046 ) ;
#1456 = CARTESIAN_POINT ( 'NONE',  ( 0.6791338582677166613, 0.2263779527559055260, -1.496062992125984259 ) ) ;
#1457 = VERTEX_POINT ( 'NONE', #2151 ) ;
#1458 = ORIENTED_EDGE ( 'NONE', *, *, #1806, .T. ) ;
#1459 = CYLINDRICAL_SURFACE ( 'NONE', #1210, 0.01181102362204724046 ) ;
#1460 = DIRECTION ( 'NONE',  ( -1.000000000000000000, -2.168404344971010446E-15, 0.0000000000000000000 ) ) ;
#1461 = VECTOR ( 'NONE', #4403, 39.37007874015748143 ) ;
#1462 = VERTEX_POINT ( 'NONE', #216 ) ;
#1463 = ORIENTED_EDGE ( 'NONE', *, *, #730, .F. ) ;
#1464 =( CONVERSION_BASED_UNIT ( 'INCH', #3399 ) LENGTH_UNIT ( ) NAMED_UNIT ( #4911 ) );
#1465 = AXIS2_PLACEMENT_3D ( 'NONE', #316, #1491, #340 ) ;
#1466 = LINE ( 'NONE', #1492, #3286 ) ;
#1467 = CARTESIAN_POINT ( 'NONE',  ( -0.2125984251968504046, -0.2263779527559055260, -1.496062992125984259 ) ) ;
#1468 = DIRECTION ( 'NONE',  ( 0.0000000000000000000, 0.0000000000000000000, 1.000000000000000000 ) ) ;
#1469 = CARTESIAN_POINT ( 'NONE',  ( 0.4113517303212779752, -0.03937007874015747977, -1.496062992125984259 ) ) ;
#1470 = EDGE_CURVE ( 'NONE', #3864, #4072, #3771, .T. ) ;
#1471 = DIRECTION ( 'NONE',  ( 1.000000000000000000, 0.0000000000000000000, 0.0000000000000000000 ) ) ;
#1472 = CARTESIAN_POINT ( 'NONE',  ( 0.2519685039370078705, -0.1318943936227267855, -1.496062992125984259 ) ) ;
#1473 = VERTEX_POINT ( 'NONE', #4683 ) ;
#1474 = DIRECTION ( 'NONE',  ( -1.000000000000000000, 0.0000000000000000000, 0.0000000000000000000 ) ) ;
#1475 = CARTESIAN_POINT ( 'NONE',  ( -0.4113517303212779752, 0.03937007874015747977, -1.496062992125984259 ) ) ;
#1476 = EDGE_CURVE ( 'NONE', #3105, #1967, #155, .T. ) ;
#1477 = ADVANCED_FACE ( 'NONE', ( #3401 ), #766, .T. ) ;
#1478 = DIMENSIONAL_EXPONENTS ( 1.000000000000000000, 0.0000000000000000000, 0.0000000000000000000, 0.0000000000000000000, 0.0000000000000000000, 0.0000000000000000000, 0.0000000000000000000 ) ;
#1479 = VERTEX_POINT ( 'NONE', #4324 ) ;
#1480 = DIRECTION ( 'NONE',  ( 1.000000000000000000, 0.0000000000000000000, 0.0000000000000000000 ) ) ;
#1481 = ADVANCED_FACE ( 'NONE', ( #1630 ), #407, .T. ) ;
#1482 = ORIENTED_EDGE ( 'NONE', *, *, #1441, .T. ) ;
#1483 = ADVANCED_FACE ( 'NONE', ( #380 ), #4301, .F. ) ;
#1484 = ORIENTED_EDGE ( 'NONE', *, *, #4333, .T. ) ;
#1485 = DIRECTION ( 'NONE',  ( 1.000000000000000000, 0.0000000000000000000, 0.0000000000000000000 ) ) ;
#1486 = CARTESIAN_POINT ( 'NONE',  ( 0.2519685039370078705, -0.1318943936227267855, -1.496062992125984259 ) ) ;
#1487 = CARTESIAN_POINT ( 'NONE',  ( -0.4458661417322834497, -0.2263779527559055260, -1.496062992125984259 ) ) ;
#1488 = ORIENTED_EDGE ( 'NONE', *, *, #3510, .F. ) ;
#1489 = ORIENTED_EDGE ( 'NONE', *, *, #1910, .F. ) ;
#1490 =( NAMED_UNIT ( * ) PLANE_ANGLE_UNIT ( ) SI_UNIT ( $, .RADIAN. ) );
#1491 = DIRECTION ( 'NONE',  ( -1.000000000000000000, 0.0000000000000000000, 1.508455196501569950E-16 ) ) ;
#1492 = CARTESIAN_POINT ( 'NONE',  ( -0.4655511811023622104, -0.09982760730931281024, 0.0000000000000000000 ) ) ;
#1493 = CARTESIAN_POINT ( 'NONE',  ( -0.2125984251968504046, -0.09252431488256988856, 0.0000000000000000000 ) ) ;
#1494 = ORIENTED_EDGE ( 'NONE', *, *, #3347, .F. ) ;
#1495 = DIRECTION ( 'NONE',  ( -0.6427876096865549060, 0.7660444431189648018, 0.0000000000000000000 ) ) ;
#1496 = CARTESIAN_POINT ( 'NONE',  ( 0.3405511811023622104, 0.2263779527559055260, 0.0000000000000000000 ) ) ;
#1497 = CIRCLE ( 'NONE', #1654, 0.09055118110236221041 ) ;
#1498 = LINE ( 'NONE', #804, #3818 ) ;
#1499 = DIRECTION ( 'NONE',  ( 0.0000000000000000000, 0.0000000000000000000, 1.000000000000000000 ) ) ;
#1500 = CARTESIAN_POINT ( 'NONE',  ( 0.2244094488188976555, -0.08071329126052262382, -1.496062992125984259 ) ) ;
#1501 = VECTOR ( 'NONE', #2040, 39.37007874015748143 ) ;
#1502 = VERTEX_POINT ( 'NONE', #3523 ) ;
#1503 = CARTESIAN_POINT ( 'NONE',  ( 0.4655511811023622104, -0.2263779527559055260, -1.496062992125984259 ) ) ;
#1504 = CARTESIAN_POINT ( 'NONE',  ( -0.4143700787401574659, -0.05608509196814338155, -1.496062992125984259 ) ) ;
#1505 = VECTOR ( 'NONE', #4856, 39.37007874015748143 ) ;
#1506 = CIRCLE ( 'NONE', #1581, 0.01968503937007875723 ) ;
#1507 = AXIS2_PLACEMENT_3D ( 'NONE', #526, #3686, #1775 ) ;
#1508 = ORIENTED_EDGE ( 'NONE', *, *, #2448, .T. ) ;
#1509 = FILL_AREA_STYLE_COLOUR ( '', #1659 ) ;
#1510 = EDGE_CURVE ( 'NONE', #912, #1601, #3499, .T. ) ;
#1511 = ORIENTED_EDGE ( 'NONE', *, *, #3839, .T. ) ;
#1512 = ORIENTED_EDGE ( 'NONE', *, *, #3658, .T. ) ;
#1513 = FACE_OUTER_BOUND ( 'NONE', #756, .T. ) ;
#1514 = LENGTH_MEASURE_WITH_UNIT ( LENGTH_MEASURE( 0.02539999999999999897 ), #3109 );
#1515 = LINE ( 'NONE', #3082, #4740 ) ;
#1516 = CIRCLE ( 'NONE', #4099, 0.01181102362204724046 ) ;
#1517 = ORIENTED_EDGE ( 'NONE', *, *, #593, .T. ) ;
#1518 = EDGE_CURVE ( 'NONE', #4828, #267, #22, .T. ) ;
#1519 = AXIS2_PLACEMENT_3D ( 'NONE', #899, #2073, #3978 ) ;
#1520 = EDGE_LOOP ( 'NONE', ( #742, #2532, #3234, #250 ) ) ;
#1521 = FACE_OUTER_BOUND ( 'NONE', #3305, .T. ) ;
#1522 = LINE ( 'NONE', #616, #3048 ) ;
#1523 = DIRECTION ( 'NONE',  ( -1.089603340915474052E-15, 1.000000000000000000, 0.0000000000000000000 ) ) ;
#1524 = LINE ( 'NONE', #3884, #3121 ) ;
#1525 = FACE_OUTER_BOUND ( 'NONE', #1183, .T. ) ;
#1526 = ORIENTED_EDGE ( 'NONE', *, *, #851, .T. ) ;
#1527 = CARTESIAN_POINT ( 'NONE',  ( 0.3433144357111932998, 0.1561060993681155917, 0.0000000000000000000 ) ) ;
#1528 = CYLINDRICAL_SURFACE ( 'NONE', #2345, 0.01968503937007872254 ) ;
#1529 = CIRCLE ( 'NONE', #1610, 0.06299212598425199539 ) ;
#1530 = ORIENTED_EDGE ( 'NONE', *, *, #3441, .F. ) ;
#1531 = VERTEX_POINT ( 'NONE', #2775 ) ;
#1532 = ORIENTED_EDGE ( 'NONE', *, *, #4083, .F. ) ;
#1533 = EDGE_CURVE ( 'NONE', #1390, #3063, #3306, .T. ) ;
#1534 = DIRECTION ( 'NONE',  ( 0.0000000000000000000, 0.0000000000000000000, 1.000000000000000000 ) ) ;
#1535 = CARTESIAN_POINT ( 'NONE',  ( -0.6348951014050294717, -0.1223390747915281684, -1.496062992125984259 ) ) ;
#1536 = AXIS2_PLACEMENT_3D ( 'NONE', #3689, #1832, #4894 ) ;
#1537 = VERTEX_POINT ( 'NONE', #2825 ) ;
#1538 = AXIS2_PLACEMENT_3D ( 'NONE', #1276, #3617, #4378 ) ;
#1539 = ORIENTED_EDGE ( 'NONE', *, *, #4723, .T. ) ;
#1540 = DIRECTION ( 'NONE',  ( 0.0000000000000000000, 0.0000000000000000000, 1.000000000000000000 ) ) ;
#1541 = CARTESIAN_POINT ( 'NONE',  ( -0.3523622047244094335, 0.1636980790100826810, 0.0000000000000000000 ) ) ;
#1542 = EDGE_CURVE ( 'NONE', #3428, #1399, #4463, .T. ) ;
#1543 = AXIS2_PLACEMENT_3D ( 'NONE', #3957, #4418, #880 ) ;
#1544 = EDGE_CURVE ( 'NONE', #4731, #585, #889, .T. ) ;
#1545 = CARTESIAN_POINT ( 'NONE',  ( 0.2047244094488188948, -0.03937007874015523851, 0.0000000000000000000 ) ) ;
#1546 = CARTESIAN_POINT ( 'NONE',  ( -0.4132675480220180941, 0.05436453559011661385, 0.0000000000000000000 ) ) ;
#1547 = VECTOR ( 'NONE', #3088, 39.37007874015748143 ) ;
#1548 = EDGE_CURVE ( 'NONE', #1291, #1885, #1301, .T. ) ;
#1549 = CYLINDRICAL_SURFACE ( 'NONE', #2141, 0.09055118110235886586 ) ;
#1550 = DIRECTION ( 'NONE',  ( 0.0000000000000000000, 0.0000000000000000000, 1.000000000000000000 ) ) ;
#1551 = DIMENSIONAL_EXPONENTS ( 1.000000000000000000, 0.0000000000000000000, 0.0000000000000000000, 0.0000000000000000000, 0.0000000000000000000, 0.0000000000000000000, 0.0000000000000000000 ) ;
#1552 = VERTEX_POINT ( 'NONE', #3965 ) ;
#1553 = CARTESIAN_POINT ( 'NONE',  ( 0.4803149606299212948, 0.2263779527559055260, 0.0000000000000000000 ) ) ;
#1554 = DIRECTION ( 'NONE',  ( 0.0000000000000000000, 0.0000000000000000000, 1.000000000000000000 ) ) ;
#1555 = ORIENTED_EDGE ( 'NONE', *, *, #1195, .T. ) ;
#1556 = PLANE ( 'NONE',  #3693 ) ;
#1557 = ORIENTED_EDGE ( 'NONE', *, *, #840, .T. ) ;
#1558 = ORIENTED_EDGE ( 'NONE', *, *, #1320, .T. ) ;
#1559 = DIRECTION ( 'NONE',  ( 0.0000000000000000000, 1.000000000000000000, 0.0000000000000000000 ) ) ;
#1560 = LINE ( 'NONE', #4249, #725 ) ;
#1561 =( LENGTH_UNIT ( ) NAMED_UNIT ( * ) SI_UNIT ( $, .METRE. ) );
#1562 = ORIENTED_EDGE ( 'NONE', *, *, #3836, .F. ) ;
#1563 = LINE ( 'NONE', #796, #1116 ) ;
#1564 = CARTESIAN_POINT ( 'NONE',  ( 0.5602822563229370445, 0.08272889778461732513, 0.0000000000000000000 ) ) ;
#1565 = DIRECTION ( 'NONE',  ( 0.0000000000000000000, 1.000000000000000000, 0.0000000000000000000 ) ) ;
#1566 = ORIENTED_EDGE ( 'NONE', *, *, #1850, .F. ) ;
#1567 = CARTESIAN_POINT ( 'NONE',  ( 0.5533266113625976423, -0.07318325573254527705, -1.496062992125984259 ) ) ;
#1568 = DIRECTION ( 'NONE',  ( 0.6427876096865527966, -0.7660444431189666892, 0.0000000000000000000 ) ) ;
#1569 = CARTESIAN_POINT ( 'NONE',  ( 0.4261811023622047445, -0.2263779527559055260, -1.496062992125984259 ) ) ;
#1570 = EDGE_CURVE ( 'NONE', #1385, #4388, #94, .T. ) ;
#1571 = DIRECTION ( 'NONE',  ( 0.0000000000000000000, 0.0000000000000000000, 1.000000000000000000 ) ) ;
#1572 = SURFACE_STYLE_USAGE ( .BOTH. , #374 ) ;
#1573 = ADVANCED_FACE ( 'NONE', ( #2084 ), #1703, .T. ) ;
#1574 = ORIENTED_EDGE ( 'NONE', *, *, #1097, .F. ) ;
#1575 = DIRECTION ( 'NONE',  ( 0.0000000000000000000, 0.0000000000000000000, 1.000000000000000000 ) ) ;
#1576 = PRESENTATION_LAYER_ASSIGNMENT (  '', '', ( #917 ) ) ;
#1577 = ORIENTED_EDGE ( 'NONE', *, *, #48, .T. ) ;
#1578 = DIRECTION ( 'NONE',  ( 0.0000000000000000000, 0.0000000000000000000, 1.000000000000000000 ) ) ;
#1579 = ORIENTED_EDGE ( 'NONE', *, *, #99, .F. ) ;
#1580 = AXIS2_PLACEMENT_3D ( 'NONE', #723, #2294, #3880 ) ;
#1581 = AXIS2_PLACEMENT_3D ( 'NONE', #3255, #3613, #3569 ) ;
#1582 = VERTEX_POINT ( 'NONE', #2168 ) ;
#1583 = CARTESIAN_POINT ( 'NONE',  ( -0.4242504542701393544, -0.04961373520258842429, 0.0000000000000000000 ) ) ;
#1584 =( NAMED_UNIT ( * ) SI_UNIT ( $, .STERADIAN. ) SOLID_ANGLE_UNIT ( ) );
#1585 = AXIS2_PLACEMENT_3D ( 'NONE', #4032, #2162, #4109 ) ;
#1586 = VERTEX_POINT ( 'NONE', #653 ) ;
#1587 = VERTEX_POINT ( 'NONE', #1084 ) ;
#1588 = CIRCLE ( 'NONE', #4347, 0.04330708661417324162 ) ;
#1589 = DIRECTION ( 'NONE',  ( 0.0000000000000000000, 0.0000000000000000000, 1.000000000000000000 ) ) ;
#1590 = CARTESIAN_POINT ( 'NONE',  ( 0.6742651801451869931, -0.1022790177248179139, -1.496062992125984259 ) ) ;
#1591 = AXIS2_PLACEMENT_3D ( 'NONE', #2539, #137, #4075 ) ;
#1592 = ORIENTED_EDGE ( 'NONE', *, *, #326, .F. ) ;
#1593 = DIRECTION ( 'NONE',  ( 0.0000000000000000000, 0.0000000000000000000, -1.000000000000000000 ) ) ;
#1594 = DIRECTION ( 'NONE',  ( 0.0000000000000000000, 0.0000000000000000000, -1.000000000000000000 ) ) ;
#1595 = CARTESIAN_POINT ( 'NONE',  ( -0.4143700787401574659, -0.05608509196814338155, 0.0000000000000000000 ) ) ;
#1596 = CYLINDRICAL_SURFACE ( 'NONE', #287, 0.06299212598425199539 ) ;
#1597 = EDGE_CURVE ( 'NONE', #4067, #3692, #5016, .T. ) ;
#1598 = AXIS2_PLACEMENT_3D ( 'NONE', #1406, #644, #2209 ) ;
#1599 = CARTESIAN_POINT ( 'NONE',  ( -0.6791338582677166613, 0.2263779527559055260, -1.496062992125984259 ) ) ;
#1600 = EDGE_CURVE ( 'NONE', #1582, #2748, #4194, .T. ) ;
#1601 = VERTEX_POINT ( 'NONE', #2218 ) ;
#1602 = CARTESIAN_POINT ( 'NONE',  ( 0.5497918511573298694, 0.01184385061273612177, -1.496062992125984259 ) ) ;
#1603 = ORIENTED_EDGE ( 'NONE', *, *, #4584, .F. ) ;
#1604 = EDGE_CURVE ( 'NONE', #3547, #1680, #3356, .T. ) ;
#1605 = ORIENTED_EDGE ( 'NONE', *, *, #3221, .T. ) ;
#1606 = DIRECTION ( 'NONE',  ( 0.0000000000000000000, 0.0000000000000000000, 1.000000000000000000 ) ) ;
#1607 = AXIS2_PLACEMENT_3D ( 'NONE', #1504, #4994, #3838 ) ;
#1608 = ORIENTED_EDGE ( 'NONE', *, *, #2712, .T. ) ;
#1609 = EDGE_LOOP ( 'NONE', ( #1562, #2822, #2762, #1994 ) ) ;
#1610 = AXIS2_PLACEMENT_3D ( 'NONE', #3731, #1747, #3302 ) ;
#1611 = ORIENTED_EDGE ( 'NONE', *, *, #1755, .F. ) ;
#1612 = VECTOR ( 'NONE', #1779, 39.37007874015748143 ) ;
#1613 = FACE_OUTER_BOUND ( 'NONE', #2545, .T. ) ;
#1614 = CARTESIAN_POINT ( 'NONE',  ( 0.2125984251968504046, -0.09252431488256988856, -1.496062992125984259 ) ) ;
#1615 = CIRCLE ( 'NONE', #3409, 0.01181102362204724046 ) ;
#1616 = VERTEX_POINT ( 'NONE', #3755 ) ;
#1617 = FACE_OUTER_BOUND ( 'NONE', #3393, .T. ) ;
#1618 = DIRECTION ( 'NONE',  ( 0.0000000000000000000, 0.0000000000000000000, 1.000000000000000000 ) ) ;
#1619 = DIRECTION ( 'NONE',  ( 0.0000000000000000000, 0.0000000000000000000, -1.000000000000000000 ) ) ;
#1620 = CARTESIAN_POINT ( 'NONE',  ( 0.2795275590551181133, -0.1082723463786324780, 0.0000000000000000000 ) ) ;
#1621 = CARTESIAN_POINT ( 'NONE',  ( -0.4566929133858267376, 4.770024438981892884E-18, 0.1574803149606299191 ) ) ;
#1622 = VERTEX_POINT ( 'NONE', #3046 ) ;
#1623 = CIRCLE ( 'NONE', #4863, 0.01968503937007875723 ) ;
#1624 = CARTESIAN_POINT ( 'NONE',  ( 0.2047244094488188948, 0.03937007874015747977, 0.0000000000000000000 ) ) ;
#1625 = DIRECTION ( 'NONE',  ( 0.0000000000000000000, 0.0000000000000000000, 1.000000000000000000 ) ) ;
#1626 = VECTOR ( 'NONE', #3149, 39.37007874015748143 ) ;
#1627 = CARTESIAN_POINT ( 'NONE',  ( 0.6397637795275591399, 0.2263779527559055260, -1.496062992125984259 ) ) ;
#1628 = VERTEX_POINT ( 'NONE', #1424 ) ;
#1629 = EDGE_CURVE ( 'NONE', #2182, #2129, #3169, .T. ) ;
#1630 = FACE_OUTER_BOUND ( 'NONE', #3621, .T. ) ;
#1631 = EDGE_CURVE ( 'NONE', #2200, #2613, #2620, .T. ) ;
#1632 = CARTESIAN_POINT ( 'NONE',  ( -0.4655511811023622104, -0.09982760730931281024, -1.496062992125984259 ) ) ;
#1633 = DIRECTION ( 'NONE',  ( 0.0000000000000000000, 0.0000000000000000000, 1.000000000000000000 ) ) ;
#1634 = EDGE_CURVE ( 'NONE', #377, #1829, #1623, .T. ) ;
#1635 = VERTEX_POINT ( 'NONE', #4114 ) ;
#1636 = ORIENTED_EDGE ( 'NONE', *, *, #4308, .T. ) ;
#1637 = DIRECTION ( 'NONE',  ( 0.0000000000000000000, 0.0000000000000000000, 1.000000000000000000 ) ) ;
#1638 = CARTESIAN_POINT ( 'NONE',  ( 0.0000000000000000000, 0.05905511811023622659, -0.7834645669291339098 ) ) ;
#1639 = VERTEX_POINT ( 'NONE', #3020 ) ;
#1640 = DIRECTION ( 'NONE',  ( 1.000000000000000000, 0.0000000000000000000, 0.0000000000000000000 ) ) ;
#1641 = CARTESIAN_POINT ( 'NONE',  ( 0.4803149606299212948, 0.09739619588073228362, -1.496062992125984259 ) ) ;
#1642 = DIRECTION ( 'NONE',  ( 0.0000000000000000000, 0.0000000000000000000, 1.000000000000000000 ) ) ;
#1643 = LINE ( 'NONE', #1671, #517 ) ;
#1644 = CARTESIAN_POINT ( 'NONE',  ( 0.0000000000000000000, 0.03937007874015747977, -0.8464566929133858775 ) ) ;
#1645 = DIRECTION ( 'NONE',  ( 0.0000000000000000000, 0.0000000000000000000, 1.000000000000000000 ) ) ;
#1646 = DIRECTION ( 'NONE',  ( -1.000000000000000000, 0.0000000000000000000, 0.0000000000000000000 ) ) ;
#1647 = DIRECTION ( 'NONE',  ( 0.0000000000000000000, 0.0000000000000000000, 1.000000000000000000 ) ) ;
#1648 = VERTEX_POINT ( 'NONE', #1059 ) ;
#1649 = DIRECTION ( 'NONE',  ( -1.000000000000000000, 0.0000000000000000000, 0.0000000000000000000 ) ) ;
#1650 = UNCERTAINTY_MEASURE_WITH_UNIT (LENGTH_MEASURE( 1.000000000000000082E-05 ), #3283, 'distance_accuracy_value', 'NONE');
#1651 = EDGE_LOOP ( 'NONE', ( #3572, #1025, #257, #785 ) ) ;
#1652 = CARTESIAN_POINT ( 'NONE',  ( 0.2519685039370078705, -0.1318943936227267855, -1.496062992125984259 ) ) ;
#1653 = DIRECTION ( 'NONE',  ( 0.0000000000000000000, 0.0000000000000000000, 1.000000000000000000 ) ) ;
#1654 = AXIS2_PLACEMENT_3D ( 'NONE', #4624, #1571, #805 ) ;
#1655 = DIRECTION ( 'NONE',  ( -1.000000000000000000, 0.0000000000000000000, 0.0000000000000000000 ) ) ;
#1656 = EDGE_CURVE ( 'NONE', #1457, #1141, #980, .T. ) ;
#1657 = COLOUR_RGB ( '',0.8000000000000000444, 0.8078431372549019773, 0.8000000000000000444 ) ;
#1658 = EDGE_LOOP ( 'NONE', ( #4813, #3835, #4634, #601 ) ) ;
#1659 = COLOUR_RGB ( '',0.8000000000000000444, 0.8078431372549019773, 0.8000000000000000444 ) ;
#1660 = ORIENTED_EDGE ( 'NONE', *, *, #2877, .T. ) ;
#1661 = LINE ( 'NONE', #3212, #2356 ) ;
#1663 = EDGE_CURVE ( 'NONE', #3105, #454, #4573, .T. ) ;
#1662 = DIRECTION ( 'NONE',  ( 0.0000000000000000000, -1.000000000000000000, 0.0000000000000000000 ) ) ;
#1664 = DIRECTION ( 'NONE',  ( 0.0000000000000000000, 0.0000000000000000000, 1.000000000000000000 ) ) ;
#1665 = VECTOR ( 'NONE', #211, 39.37007874015748143 ) ;
#1666 = EDGE_LOOP ( 'NONE', ( #2625, #3495, #4888, #3505 ) ) ;
#1667 = LINE ( 'NONE', #4665, #2467 ) ;
#1668 = ORIENTED_EDGE ( 'NONE', *, *, #1940, .F. ) ;
#1669 = DIRECTION ( 'NONE',  ( 1.000000000000000000, 0.0000000000000000000, 0.0000000000000000000 ) ) ;
#1670 = EDGE_CURVE ( 'NONE', #1731, #1635, #1831, .T. ) ;
#1671 = CARTESIAN_POINT ( 'NONE',  ( -0.2125984251968504046, -0.09252431488256988856, -1.496062992125984259 ) ) ;
#1672 = VECTOR ( 'NONE', #4865, 39.37007874015748143 ) ;
#1673 = ORIENTED_EDGE ( 'NONE', *, *, #544, .T. ) ;
#1674 = AXIS2_PLACEMENT_3D ( 'NONE', #1546, #3093, #2340 ) ;
#1675 = DIRECTION ( 'NONE',  ( 1.000000000000000000, 0.0000000000000000000, 0.0000000000000000000 ) ) ;
#1676 = LINE ( 'NONE', #3706, #2482 ) ;
#1677 = CARTESIAN_POINT ( 'NONE',  ( 0.2913385826771653919, -0.05118110236220244080, -1.496062992125984259 ) ) ;
#1678 = DIRECTION ( 'NONE',  ( 0.0000000000000000000, 0.0000000000000000000, 1.000000000000000000 ) ) ;
#1679 = ORIENTED_EDGE ( 'NONE', *, *, #877, .T. ) ;
#1680 = VERTEX_POINT ( 'NONE', #3789 ) ;
#1681 = DIRECTION ( 'NONE',  ( 0.0000000000000000000, 1.000000000000000000, 0.0000000000000000000 ) ) ;
#1682 = CARTESIAN_POINT ( 'NONE',  ( 0.2125984251968504046, -0.2263779527559055260, 0.0000000000000000000 ) ) ;
#1683 = ORIENTED_EDGE ( 'NONE', *, *, #1879, .F. ) ;
#1684 = CIRCLE ( 'NONE', #4533, 0.05118110236220468900 ) ;
#1685 = CARTESIAN_POINT ( 'NONE',  ( 0.6348951014050294717, 0.1223390747915281684, -1.496062992125984259 ) ) ;
#1686 = ORIENTED_EDGE ( 'NONE', *, *, #3594, .T. ) ;
#1687 = SURFACE_STYLE_FILL_AREA ( #4412 ) ;
#1688 = EDGE_CURVE ( 'NONE', #493, #3480, #2289, .T. ) ;
#1689 = EDGE_CURVE ( 'NONE', #3447, #3524, #2999, .T. ) ;
#1690 = CARTESIAN_POINT ( 'NONE',  ( 0.6397637795275591399, -0.2263779527559055260, -1.496062992125984259 ) ) ;
#1691 = CARTESIAN_POINT ( 'NONE',  ( -0.4773622047244094890, -0.09982760730931281024, -1.496062992125984259 ) ) ;
#1692 = VECTOR ( 'NONE', #4327, 39.37007874015748143 ) ;
#1693 = EDGE_CURVE ( 'NONE', #1537, #2422, #4085, .T. ) ;
#1694 = AXIS2_PLACEMENT_3D ( 'NONE', #744, #3395, #3054 ) ;
#1695 = LINE ( 'NONE', #952, #4381 ) ;
#1696 = FACE_OUTER_BOUND ( 'NONE', #4660, .T. ) ;
#1697 = CARTESIAN_POINT ( 'NONE',  ( 0.4488188976377928685, 1.474636173913012125E-15, 0.0000000000000000000 ) ) ;
#1698 = CARTESIAN_POINT ( 'NONE',  ( -0.2795275590551181133, -0.1200833700006795346, 0.0000000000000000000 ) ) ;
#1699 = AXIS2_PLACEMENT_3D ( 'NONE', #814, #1936, #1956 ) ;
#1700 = ORIENTED_EDGE ( 'NONE', *, *, #4399, .T. ) ;
#1701 = DIRECTION ( 'NONE',  ( 0.0000000000000000000, 0.0000000000000000000, -1.000000000000000000 ) ) ;
#1702 = CIRCLE ( 'NONE', #3333, 0.04330708661417556615 ) ;
#1703 = CYLINDRICAL_SURFACE ( 'NONE', #4783, 0.01181102362204724046 ) ;
#1704 = DIRECTION ( 'NONE',  ( -1.000000000000000000, 0.0000000000000000000, 0.0000000000000000000 ) ) ;
#1705 = CARTESIAN_POINT ( 'NONE',  ( -0.5000000000000000000, -5.335640612625512173E-19, -0.3149606299212598381 ) ) ;
#1706 = EDGE_LOOP ( 'NONE', ( #2441, #97, #2009, #51 ) ) ;
#1707 = ORIENTED_EDGE ( 'NONE', *, *, #4827, .T. ) ;
#1708 = CARTESIAN_POINT ( 'NONE',  ( -0.3799212598425197318, 0.1780276157922165425, 0.0000000000000000000 ) ) ;
#1709 = DIRECTION ( 'NONE',  ( 0.0000000000000000000, 0.0000000000000000000, 1.000000000000000000 ) ) ;
#1710 = VERTEX_POINT ( 'NONE', #1503 ) ;
#1711 = DIRECTION ( 'NONE',  ( 0.0000000000000000000, 0.0000000000000000000, 1.000000000000000000 ) ) ;
#1712 = ORIENTED_EDGE ( 'NONE', *, *, #1670, .F. ) ;
#1713 = LINE ( 'NONE', #4810, #1355 ) ;
#1714 = DIRECTION ( 'NONE',  ( -1.000000000000000000, 0.0000000000000000000, 0.0000000000000000000 ) ) ;
#1715 = DIRECTION ( 'NONE',  ( 1.000000000000000000, 0.0000000000000000000, 0.0000000000000000000 ) ) ;
#1716 = DIRECTION ( 'NONE',  ( 4.010514564478714727E-16, 1.000000000000000000, 0.0000000000000000000 ) ) ;
#1717 = DIRECTION ( 'NONE',  ( -1.000000000000000000, 0.0000000000000000000, 0.0000000000000000000 ) ) ;
#1718 = EDGE_LOOP ( 'NONE', ( #2949, #4443, #2556, #2811 ) ) ;
#1719 = EDGE_CURVE ( 'NONE', #3345, #1937, #4300, .T. ) ;
#1720 = CARTESIAN_POINT ( 'NONE',  ( 0.6348951014050294717, -0.1223390747915281684, -1.496062992125984259 ) ) ;
#1721 = LENGTH_MEASURE_WITH_UNIT ( LENGTH_MEASURE( 0.02539999999999999897 ), #1003 );
#1722 = DIRECTION ( 'NONE',  ( 0.0000000000000000000, 1.000000000000000000, 0.0000000000000000000 ) ) ;
#1723 = CARTESIAN_POINT ( 'NONE',  ( 0.6397637795275591399, -0.2263779527559055260, -1.496062992125984259 ) ) ;
#1724 = EDGE_CURVE ( 'NONE', #2143, #154, #2442, .T. ) ;
#1725 = EDGE_CURVE ( 'NONE', #3654, #3317, #2192, .T. ) ;
#1726 = VERTEX_POINT ( 'NONE', #3072 ) ;
#1727 = DIRECTION ( 'NONE',  ( -1.000000000000000000, 0.0000000000000000000, 0.0000000000000000000 ) ) ;
#1728 = LENGTH_MEASURE_WITH_UNIT ( LENGTH_MEASURE( 0.02539999999999999897 ), #4553 );
#1729 = DIRECTION ( 'NONE',  ( 0.0000000000000000000, 0.0000000000000000000, -1.000000000000000000 ) ) ;
#1730 = ORIENTED_EDGE ( 'NONE', *, *, #236, .T. ) ;
#1731 = VERTEX_POINT ( 'NONE', #1219 ) ;
#1732 = VECTOR ( 'NONE', #708, 39.37007874015748143 ) ;
#1733 = AXIS2_PLACEMENT_3D ( 'NONE', #750, #321, #1108 ) ;
#1734 = CYLINDRICAL_SURFACE ( 'NONE', #3493, 0.01181102362204724046 ) ;
#1735 = CARTESIAN_POINT ( 'NONE',  ( 0.0000000000000000000, 0.03937007874015747977, -0.5905511811023621549 ) ) ;
#1736 = AXIS2_PLACEMENT_3D ( 'NONE', #2017, #3625, #4831 ) ;
#1737 = ORIENTED_EDGE ( 'NONE', *, *, #967, .T. ) ;
#1738 = VERTEX_POINT ( 'NONE', #1930 ) ;
#1739 = DIRECTION ( 'NONE',  ( 0.0000000000000000000, 0.0000000000000000000, 1.000000000000000000 ) ) ;
#1740 = CIRCLE ( 'NONE', #280, 0.01181102362204724046 ) ;
#1741 = AXIS2_PLACEMENT_3D ( 'NONE', #784, #2308, #4631 ) ;
#1742 = LINE ( 'NONE', #4390, #1820 ) ;
#1743 = CARTESIAN_POINT ( 'NONE',  ( 0.4113517303212779752, -0.03937007874015747977, -1.496062992125984259 ) ) ;
#1744 = MECHANICAL_DESIGN_GEOMETRIC_PRESENTATION_REPRESENTATION (  '', ( #4821 ), #3931 ) ;
#1745 = ORIENTED_EDGE ( 'NONE', *, *, #1323, .F. ) ;
#1746 = EDGE_CURVE ( 'NONE', #3332, #4281, #240, .T. ) ;
#1747 = DIRECTION ( 'NONE',  ( 0.0000000000000000000, 1.000000000000000000, 0.0000000000000000000 ) ) ;
#1748 = LINE ( 'NONE', #2920, #2238 ) ;
#1749 = VECTOR ( 'NONE', #955, 39.37007874015748143 ) ;
#1750 = DIRECTION ( 'NONE',  ( -1.000000000000000000, 0.0000000000000000000, 0.0000000000000000000 ) ) ;
#1751 = AXIS2_PLACEMENT_3D ( 'NONE', #4766, #496, #2489 ) ;
#1752 = ORIENTED_EDGE ( 'NONE', *, *, #4944, .T. ) ;
#1753 = LINE ( 'NONE', #205, #4849 ) ;
#1754 = CYLINDRICAL_SURFACE ( 'NONE', #5013, 0.01181102362204724046 ) ;
#1755 = EDGE_CURVE ( 'NONE', #4388, #1680, #2761, .T. ) ;
#1756 = EDGE_CURVE ( 'NONE', #180, #4950, #3418, .T. ) ;
#1757 = AXIS2_PLACEMENT_3D ( 'NONE', #3602, #1739, #4389 ) ;
#1758 = ORIENTED_EDGE ( 'NONE', *, *, #320, .T. ) ;
#1759 = EDGE_CURVE ( 'NONE', #794, #3424, #482, .T. ) ;
#1760 = EDGE_LOOP ( 'NONE', ( #4525, #767, #1679, #4961 ) ) ;
#1761 = EDGE_LOOP ( 'NONE', ( #4777, #4097 ) ) ;
#1762 = DIRECTION ( 'NONE',  ( 0.0000000000000000000, 0.0000000000000000000, -1.000000000000000000 ) ) ;
#1763 = DIRECTION ( 'NONE',  ( 0.0000000000000000000, 0.0000000000000000000, 1.000000000000000000 ) ) ;
#1764 = ORIENTED_EDGE ( 'NONE', *, *, #1086, .T. ) ;
#1765 = ORIENTED_EDGE ( 'NONE', *, *, #1198, .T. ) ;
#1766 = FACE_OUTER_BOUND ( 'NONE', #2485, .T. ) ;
#1767 = DIRECTION ( 'NONE',  ( 0.0000000000000000000, 0.0000000000000000000, 1.000000000000000000 ) ) ;
#1768 = AXIS2_PLACEMENT_3D ( 'NONE', #4841, #221, #2132 ) ;
#1769 = ORIENTED_EDGE ( 'NONE', *, *, #4298, .F. ) ;
#1770 = VECTOR ( 'NONE', #25, 39.37007874015748143 ) ;
#1771 = CARTESIAN_POINT ( 'NONE',  ( 0.4261811023622047445, -0.2263779527559055260, -1.496062992125984259 ) ) ;
#1772 = CARTESIAN_POINT ( 'NONE',  ( -0.3523622047244094335, 0.1636980790100826810, -1.496062992125984259 ) ) ;
#1773 = DIRECTION ( 'NONE',  ( 0.0000000000000000000, 0.0000000000000000000, 1.000000000000000000 ) ) ;
#1774 = CIRCLE ( 'NONE', #4124, 0.01968503937007875723 ) ;
#1775 = DIRECTION ( 'NONE',  ( 1.000000000000000000, 0.0000000000000000000, 0.0000000000000000000 ) ) ;
#1776 = AXIS2_PLACEMENT_3D ( 'NONE', #4481, #2604, #4560 ) ;
#1777 = ORIENTED_EDGE ( 'NONE', *, *, #4204, .T. ) ;
#1778 = CARTESIAN_POINT ( 'NONE',  ( -0.2637795275590551491, -0.1318943936227267855, 0.0000000000000000000 ) ) ;
#1779 = DIRECTION ( 'NONE',  ( 5.295027878066710738E-16, -1.000000000000000000, 0.0000000000000000000 ) ) ;
#1780 = VECTOR ( 'NONE', #4449, 39.37007874015748143 ) ;
#1781 = ADVANCED_FACE ( 'NONE', ( #1952 ), #3518, .T. ) ;
#1782 = VECTOR ( 'NONE', #857, 39.37007874015748143 ) ;
#1783 = EDGE_CURVE ( 'NONE', #3051, #3475, #376, .T. ) ;
#1784 = ORIENTED_EDGE ( 'NONE', *, *, #1746, .F. ) ;
#1785 = CARTESIAN_POINT ( 'NONE',  ( 0.5000000000000000000, 1.468368296594541258E-15, -1.496062992125984259 ) ) ;
#1786 = CARTESIAN_POINT ( 'NONE',  ( 0.3799212598425197318, 0.2263779527559055260, -1.496062992125984259 ) ) ;
#1787 = EDGE_CURVE ( 'NONE', #3204, #2307, #3974, .T. ) ;
#1788 = VERTEX_POINT ( 'NONE', #1624 ) ;
#1789 = ORIENTED_EDGE ( 'NONE', *, *, #204, .F. ) ;
#1790 = ORIENTED_EDGE ( 'NONE', *, *, #3619, .F. ) ;
#1791 = CYLINDRICAL_SURFACE ( 'NONE', #3365, 0.01181102362204724046 ) ;
#1792 = CARTESIAN_POINT ( 'NONE',  ( -0.4113517303212779752, 0.05118110236220472370, 0.0000000000000000000 ) ) ;
#1793 = EDGE_LOOP ( 'NONE', ( #2816, #2206, #4902, #4544 ) ) ;
#1794 = FACE_OUTER_BOUND ( 'NONE', #2115, .T. ) ;
#1795 = LINE ( 'NONE', #220, #4469 ) ;
#1796 =( CONVERSION_BASED_UNIT ( 'INCH', #2639 ) LENGTH_UNIT ( ) NAMED_UNIT ( #3886 ) );
#1797 = CARTESIAN_POINT ( 'NONE',  ( -0.4113517303212779752, -0.03937007874015747977, -1.496062992125984259 ) ) ;
#1798 = VERTEX_POINT ( 'NONE', #3130 ) ;
#1799 = CARTESIAN_POINT ( 'NONE',  ( -0.5511811023622046335, -5.335640612625512173E-19, 0.1496062992125984370 ) ) ;
#1800 = ORIENTED_EDGE ( 'NONE', *, *, #3026, .T. ) ;
#1801 = DIRECTION ( 'NONE',  ( -1.000000000000000000, 0.0000000000000000000, 0.0000000000000000000 ) ) ;
#1802 = EDGE_LOOP ( 'NONE', ( #430, #1298, #1171, #296 ) ) ;
#1803 = ORIENTED_EDGE ( 'NONE', *, *, #2130, .F. ) ;
#1804 = CARTESIAN_POINT ( 'NONE',  ( -0.2519685039370078705, -0.1318943936227267855, -1.496062992125984259 ) ) ;
#1805 = CARTESIAN_POINT ( 'NONE',  ( -0.6791338582677166613, 0.1118343365560173358, -1.496062992125984259 ) ) ;
#1806 = EDGE_CURVE ( 'NONE', #3217, #168, #2195, .T. ) ;
#1807 = VERTEX_POINT ( 'NONE', #4650 ) ;
#1808 = EDGE_LOOP ( 'NONE', ( #224, #436, #1091, #4003, #2695 ) ) ;
#1809 = APPLICATION_PROTOCOL_DEFINITION ( 'draft international standard', 'automotive_design', 1998, #3325 ) ;
#1810 = EDGE_CURVE ( 'NONE', #1107, #2521, #4052, .T. ) ;
#1811 = EDGE_CURVE ( 'NONE', #4112, #762, #737, .T. ) ;
#1812 = DIRECTION ( 'NONE',  ( -5.295027878066720598E-16, -1.000000000000000000, 0.0000000000000000000 ) ) ;
#1813 = CARTESIAN_POINT ( 'NONE',  ( -0.4799742580254394153, -0.08830903723516123072, -1.496062992125984259 ) ) ;
#1814 = AXIS2_PLACEMENT_3D ( 'NONE', #2248, #3382, #3810 ) ;
#1815 = CIRCLE ( 'NONE', #4661, 0.01181102362204724046 ) ;
#1816 = EDGE_CURVE ( 'NONE', #3467, #3778, #3837, .T. ) ;
#1817 = DIRECTION ( 'NONE',  ( 1.000000000000000000, 0.0000000000000000000, 0.0000000000000000000 ) ) ;
#1818 = EDGE_CURVE ( 'NONE', #3111, #76, #3078, .T. ) ;
#1819 = ORIENTED_EDGE ( 'NONE', *, *, #619, .T. ) ;
#1820 = VECTOR ( 'NONE', #2074, 39.37007874015748143 ) ;
#1821 = CARTESIAN_POINT ( 'NONE',  ( -0.5497918511573290923, -0.01184385061273618249, -1.496062992125984259 ) ) ;
#1822 = EDGE_CURVE ( 'NONE', #1639, #81, #1695, .T. ) ;
#1823 = DIRECTION ( 'NONE',  ( 0.0000000000000000000, 0.0000000000000000000, -1.000000000000000000 ) ) ;
#1824 = CYLINDRICAL_SURFACE ( 'NONE', #3717, 0.01181102362204724046 ) ;
#1825 = LINE ( 'NONE', #1875, #1169 ) ;
#1826 = DIRECTION ( 'NONE',  ( -1.192492468937322049E-15, -1.000000000000000000, 0.0000000000000000000 ) ) ;
#1827 = CIRCLE ( 'NONE', #1903, 0.01968503937007875723 ) ;
#1828 = CIRCLE ( 'NONE', #4668, 0.01181102362204724046 ) ;
#1829 = VERTEX_POINT ( 'NONE', #2463 ) ;
#1830 = CIRCLE ( 'NONE', #3295, 0.04330708661417324162 ) ;
#1831 = LINE ( 'NONE', #225, #3243 ) ;
#1832 = DIRECTION ( 'NONE',  ( 0.0000000000000000000, 0.0000000000000000000, 1.000000000000000000 ) ) ;
#1833 = VECTOR ( 'NONE', #1767, 39.37007874015748143 ) ;
#1834 = VERTEX_POINT ( 'NONE', #4394 ) ;
#1835 = FACE_OUTER_BOUND ( 'NONE', #4753, .T. ) ;
#1836 = VERTEX_POINT ( 'NONE', #2443 ) ;
#1837 = VERTEX_POINT ( 'NONE', #4057 ) ;
#1838 = AXIS2_PLACEMENT_3D ( 'NONE', #3148, #1618, #3883 ) ;
#1839 = PLANE ( 'NONE',  #66 ) ;
#1840 = PLANE ( 'NONE',  #2917 ) ;
#1841 = DIRECTION ( 'NONE',  ( 0.0000000000000000000, 0.0000000000000000000, 1.000000000000000000 ) ) ;
#1842 = ADVANCED_FACE ( 'NONE', ( #2131 ), #522, .T. ) ;
#1843 = ORIENTED_EDGE ( 'NONE', *, *, #4177, .F. ) ;
#1844 = VERTEX_POINT ( 'NONE', #2026 ) ;
#1845 = CARTESIAN_POINT ( 'NONE',  ( -0.5000000000000000000, -5.335640612625512173E-19, -0.3149606299212598381 ) ) ;
#1846 = LINE ( 'NONE', #4864, #3610 ) ;
#1847 = LINE ( 'NONE', #3747, #290 ) ;
#1848 = ORIENTED_EDGE ( 'NONE', *, *, #2100, .T. ) ;
#1849 = CARTESIAN_POINT ( 'NONE',  ( -0.5000000000000000000, -5.335640612625512173E-19, -1.496062992125984259 ) ) ;
#1850 = EDGE_CURVE ( 'NONE', #313, #56, #403, .T. ) ;
#1851 = EDGE_CURVE ( 'NONE', #127, #4536, #4222, .T. ) ;
#1852 = CARTESIAN_POINT ( 'NONE',  ( 0.4659620488510621827, 0.08391027517899901644, 0.0000000000000000000 ) ) ;
#1853 = PRESENTATION_STYLE_ASSIGNMENT (( #3732 ) ) ;
#1854 = DIRECTION ( 'NONE',  ( 0.0000000000000000000, 0.0000000000000000000, -1.000000000000000000 ) ) ;
#1855 = ADVANCED_FACE ( 'NONE', ( #1345 ), #548, .T. ) ;
#1856 = ORIENTED_EDGE ( 'NONE', *, *, #3511, .F. ) ;
#1857 = CARTESIAN_POINT ( 'NONE',  ( -0.5497918511573290923, 0.01184385061273604371, 0.0000000000000000000 ) ) ;
#1858 = CARTESIAN_POINT ( 'NONE',  ( -0.5533266113625984195, -0.07318325573254566563, -1.496062992125984259 ) ) ;
#1859 = AXIS2_PLACEMENT_3D ( 'NONE', #4855, #4093, #4119 ) ;
#1860 = FACE_OUTER_BOUND ( 'NONE', #2406, .T. ) ;
#1861 = ORIENTED_EDGE ( 'NONE', *, *, #3379, .F. ) ;
#1862 = AXIS2_PLACEMENT_3D ( 'NONE', #959, #3230, #124 ) ;
#1863 = VERTEX_POINT ( 'NONE', #3606 ) ;
#1864 = FACE_OUTER_BOUND ( 'NONE', #2380, .T. ) ;
#1865 = DIRECTION ( 'NONE',  ( 1.000000000000000000, 0.0000000000000000000, 0.0000000000000000000 ) ) ;
#1866 = DIRECTION ( 'NONE',  ( 1.000000000000000000, 0.0000000000000000000, 0.0000000000000000000 ) ) ;
#1867 = AXIS2_PLACEMENT_3D ( 'NONE', #3562, #781, #2346 ) ;
#1868 = VERTEX_POINT ( 'NONE', #90 ) ;
#1869 = EDGE_LOOP ( 'NONE', ( #664, #1530, #2723, #1608 ) ) ;
#1870 = DIRECTION ( 'NONE',  ( 1.000000000000000000, 0.0000000000000000000, 0.0000000000000000000 ) ) ;
#1871 = AXIS2_PLACEMENT_3D ( 'NONE', #3273, #1645, #4741 ) ;
#1872 = CARTESIAN_POINT ( 'NONE',  ( 0.6397637795275591399, -0.1318943936227281455, -1.496062992125984259 ) ) ;
#1873 = DIRECTION ( 'NONE',  ( 0.0000000000000000000, 0.0000000000000000000, 1.000000000000000000 ) ) ;
#1874 = DIRECTION ( 'NONE',  ( 1.000000000000000000, 0.0000000000000000000, 0.0000000000000000000 ) ) ;
#1875 = CARTESIAN_POINT ( 'NONE',  ( 0.6791338582677166613, -0.1118343365560181130, 0.0000000000000000000 ) ) ;
#1876 = CARTESIAN_POINT ( 'NONE',  ( 0.6348951014050294717, -0.1223390747915281684, -1.496062992125984259 ) ) ;
#1877 = ADVANCED_FACE ( 'NONE', ( #3176 ), #4716, .F. ) ;
#1878 = ORIENTED_EDGE ( 'NONE', *, *, #3876, .T. ) ;
#1879 = EDGE_CURVE ( 'NONE', #1211, #178, #4814, .T. ) ;
#1880 = CARTESIAN_POINT ( 'NONE',  ( 0.5602822563229370445, -0.08272889778461713084, 0.0000000000000000000 ) ) ;
#1881 = LINE ( 'NONE', #3440, #67 ) ;
#1882 = EDGE_CURVE ( 'NONE', #2926, #4539, #1242, .T. ) ;
#1883 = ORIENTED_EDGE ( 'NONE', *, *, #3929, .F. ) ;
#1884 = DIRECTION ( 'NONE',  ( 0.0000000000000000000, 0.0000000000000000000, 1.000000000000000000 ) ) ;
#1885 = VERTEX_POINT ( 'NONE', #497 ) ;
#1886 = ORIENTED_EDGE ( 'NONE', *, *, #3776, .F. ) ;
#1887 = CARTESIAN_POINT ( 'NONE',  ( 0.3405511811023622104, 0.1636980790100826810, -1.496062992125984259 ) ) ;
#1888 = EDGE_CURVE ( 'NONE', #1399, #4649, #4345, .T. ) ;
#1889 = LINE ( 'NONE', #4582, #2995 ) ;
#1890 = DIRECTION ( 'NONE',  ( 0.0000000000000000000, 0.0000000000000000000, -1.000000000000000000 ) ) ;
#1891 = ORIENTED_EDGE ( 'NONE', *, *, #11, .T. ) ;
#1892 = ORIENTED_EDGE ( 'NONE', *, *, #3627, .T. ) ;
#1893 = CARTESIAN_POINT ( 'NONE',  ( 0.5000000000000000000, 0.2263779527559055260, 0.0000000000000000000 ) ) ;
#1894 = AXIS2_PLACEMENT_3D ( 'NONE', #1075, #4594, #298 ) ;
#1895 = ORIENTED_EDGE ( 'NONE', *, *, #507, .F. ) ;
#1896 = CARTESIAN_POINT ( 'NONE',  ( -0.4261811023622047445, -0.2263779527559055260, 0.0000000000000000000 ) ) ;
#1897 = DIRECTION ( 'NONE',  ( 0.0000000000000000000, 0.0000000000000000000, 1.000000000000000000 ) ) ;
#1898 = CIRCLE ( 'NONE', #4729, 0.05118110236220468900 ) ;
#1899 = CARTESIAN_POINT ( 'NONE',  ( 0.6397637795275591399, 0.1318943936227281455, 0.0000000000000000000 ) ) ;
#1900 = AXIS2_PLACEMENT_3D ( 'NONE', #2864, #3583, #3244 ) ;
#1901 = ORIENTED_EDGE ( 'NONE', *, *, #630, .F. ) ;
#1902 = DIRECTION ( 'NONE',  ( 0.0000000000000000000, 0.0000000000000000000, 1.000000000000000000 ) ) ;
#1903 = AXIS2_PLACEMENT_3D ( 'NONE', #1487, #4583, #3110 ) ;
#1904 = CIRCLE ( 'NONE', #1089, 0.01181102362204724046 ) ;
#1905 = AXIS2_PLACEMENT_3D ( 'NONE', #1395, #2921, #1750 ) ;
#1906 = ORIENTED_EDGE ( 'NONE', *, *, #3435, .F. ) ;
#1907 = CARTESIAN_POINT ( 'NONE',  ( 0.6742651801451869931, 0.1022790177248179139, -1.496062992125984259 ) ) ;
#1908 = VERTEX_POINT ( 'NONE', #3636 ) ;
#1909 = ADVANCED_FACE ( 'NONE', ( #2246 ), #4471, .T. ) ;
#1910 = EDGE_CURVE ( 'NONE', #1844, #18, #244, .T. ) ;
#1911 = ORIENTED_EDGE ( 'NONE', *, *, #3564, .F. ) ;
#1912 = CARTESIAN_POINT ( 'NONE',  ( -0.6397637795275591399, 0.2263779527559055260, 0.0000000000000000000 ) ) ;
#1913 = CARTESIAN_POINT ( 'NONE',  ( -0.4803149606299212948, 0.2263779527559055260, 0.0000000000000000000 ) ) ;
#1914 = CARTESIAN_POINT ( 'NONE',  ( 0.6348951014050294717, 0.1223390747915279603, -1.496062992125984259 ) ) ;
#1915 = VECTOR ( 'NONE', #2075, 39.37007874015748143 ) ;
#1916 = EDGE_CURVE ( 'NONE', #3674, #1196, #4385, .T. ) ;
#1917 = VERTEX_POINT ( 'NONE', #300 ) ;
#1918 = ORIENTED_EDGE ( 'NONE', *, *, #264, .F. ) ;
#1919 = AXIS2_PLACEMENT_3D ( 'NONE', #4667, #468, #1239 ) ;
#1920 = ORIENTED_EDGE ( 'NONE', *, *, #4672, .T. ) ;
#1921 = LINE ( 'NONE', #2364, #4039 ) ;
#1922 = SURFACE_STYLE_FILL_AREA ( #4229 ) ;
#1923 = CARTESIAN_POINT ( 'NONE',  ( 0.6348951014050294717, -0.1223390747915281684, 0.0000000000000000000 ) ) ;
#1924 = ORIENTED_EDGE ( 'NONE', *, *, #3341, .T. ) ;
#1925 = DIRECTION ( 'NONE',  ( -1.000000000000000000, 0.0000000000000000000, 0.0000000000000000000 ) ) ;
#1926 = FACE_OUTER_BOUND ( 'NONE', #2258, .T. ) ;
#1927 = DIRECTION ( 'NONE',  ( 1.000000000000000000, 0.0000000000000000000, 0.0000000000000000000 ) ) ;
#1928 = VERTEX_POINT ( 'NONE', #2616 ) ;
#1929 = VECTOR ( 'NONE', #1902, 39.37007874015748143 ) ;
#1930 = CARTESIAN_POINT ( 'NONE',  ( 0.6397637795275591399, -0.1318943936227281455, -1.496062992125984259 ) ) ;
#1931 = CARTESIAN_POINT ( 'NONE',  ( -0.4803149606299212948, 0.09739619588073208933, -1.496062992125984259 ) ) ;
#1932 = CIRCLE ( 'NONE', #2430, 0.09055118110236221041 ) ;
#1933 = ORIENTED_EDGE ( 'NONE', *, *, #3342, .T. ) ;
#1934 = DIRECTION ( 'NONE',  ( 0.0000000000000000000, 0.0000000000000000000, 1.000000000000000000 ) ) ;
#1935 = EDGE_LOOP ( 'NONE', ( #3429, #4247, #3899, #1327 ) ) ;
#1936 = DIRECTION ( 'NONE',  ( 0.0000000000000000000, 0.0000000000000000000, 1.000000000000000000 ) ) ;
#1937 = VERTEX_POINT ( 'NONE', #1852 ) ;
#1938 = DIRECTION ( 'NONE',  ( 0.0000000000000000000, 0.0000000000000000000, 1.000000000000000000 ) ) ;
#1939 = VECTOR ( 'NONE', #4248, 39.37007874015748143 ) ;
#1940 = EDGE_CURVE ( 'NONE', #3864, #1058, #2158, .T. ) ;
#1941 = ORIENTED_EDGE ( 'NONE', *, *, #1916, .F. ) ;
#1942 = VECTOR ( 'NONE', #3676, 39.37007874015748143 ) ;
#1943 = ORIENTED_EDGE ( 'NONE', *, *, #1195, .F. ) ;
#1944 = CARTESIAN_POINT ( 'NONE',  ( 0.5000000000000000000, 1.468368296594541258E-15, 0.1496062992125984370 ) ) ;
#1945 = EDGE_CURVE ( 'NONE', #912, #3901, #271, .T. ) ;
#1946 = DIRECTION ( 'NONE',  ( 0.0000000000000000000, 0.0000000000000000000, 1.000000000000000000 ) ) ;
#1947 = DIRECTION ( 'NONE',  ( -1.000000000000000000, 0.0000000000000000000, 0.0000000000000000000 ) ) ;
#1948 = CIRCLE ( 'NONE', #4550, 0.01181102362204703576 ) ;
#1949 = LINE ( 'NONE', #1998, #2632 ) ;
#1950 = CARTESIAN_POINT ( 'NONE',  ( 0.6791338582677166613, 0.1118343365560181130, 0.0000000000000000000 ) ) ;
#1951 = VERTEX_POINT ( 'NONE', #4519 ) ;
#1952 = FACE_OUTER_BOUND ( 'NONE', #4529, .T. ) ;
#1953 = VERTEX_POINT ( 'NONE', #2990 ) ;
#1954 = CARTESIAN_POINT ( 'NONE',  ( 0.3405511811023622104, 0.2263779527559055260, -1.496062992125984259 ) ) ;
#1955 = ORIENTED_EDGE ( 'NONE', *, *, #2513, .T. ) ;
#1956 = DIRECTION ( 'NONE',  ( 1.000000000000000000, 0.0000000000000000000, 0.0000000000000000000 ) ) ;
#1957 = ORIENTED_EDGE ( 'NONE', *, *, #1453, .T. ) ;
#1958 = SURFACE_SIDE_STYLE ('',( #409 ) ) ;
#1959 =( CONVERSION_BASED_UNIT ( 'INCH', #1514 ) LENGTH_UNIT ( ) NAMED_UNIT ( #2233 ) );
#1960 = CARTESIAN_POINT ( 'NONE',  ( -0.5314960629921260393, 0.09739619588073208933, -1.496062992125984259 ) ) ;
#1961 = ORIENTED_EDGE ( 'NONE', *, *, #175, .T. ) ;
#1962 = ORIENTED_EDGE ( 'NONE', *, *, #1810, .T. ) ;
#1963 = VERTEX_POINT ( 'NONE', #2542 ) ;
#1964 = CYLINDRICAL_SURFACE ( 'NONE', #1372, 0.01181102362204724046 ) ;
#1965 = EDGE_CURVE ( 'NONE', #463, #28, #1381, .T. ) ;
#1966 = DIRECTION ( 'NONE',  ( -0.0000000000000000000, -1.000000000000000000, -0.0000000000000000000 ) ) ;
#1967 = VERTEX_POINT ( 'NONE', #4569 ) ;
#1968 = FACE_OUTER_BOUND ( 'NONE', #2671, .T. ) ;
#1969 = EDGE_CURVE ( 'NONE', #2007, #4684, #1078, .T. ) ;
#1970 = EDGE_CURVE ( 'NONE', #961, #783, #734, .T. ) ;
#1971 = PLANE ( 'NONE',  #3863 ) ;
#1972 = ADVANCED_FACE ( 'NONE', ( #3730 ), #2273, .T. ) ;
#1973 = EDGE_CURVE ( 'NONE', #1726, #3424, #2918, .T. ) ;
#1974 = CARTESIAN_POINT ( 'NONE',  ( -0.6742651801451869931, 0.1022790177248179139, -1.496062992125984259 ) ) ;
#1975 = FACE_OUTER_BOUND ( 'NONE', #1223, .T. ) ;
#1976 = EDGE_CURVE ( 'NONE', #4497, #2693, #1795, .T. ) ;
#1977 = AXIS2_PLACEMENT_3D ( 'NONE', #4006, #929, #3275 ) ;
#1978 = DIRECTION ( 'NONE',  ( 0.0000000000000000000, 0.0000000000000000000, 1.000000000000000000 ) ) ;
#1979 = AXIS2_PLACEMENT_3D ( 'NONE', #1317, #2867, #4160 ) ;
#1980 = ORIENTED_EDGE ( 'NONE', *, *, #755, .F. ) ;
#1981 = DIRECTION ( 'NONE',  ( 0.0000000000000000000, 0.0000000000000000000, 1.000000000000000000 ) ) ;
#1982 = EDGE_LOOP ( 'NONE', ( #202, #3259, #2684, #2398 ) ) ;
#1983 = AXIS2_PLACEMENT_3D ( 'NONE', #4663, #3484, #490 ) ;
#1984 = CIRCLE ( 'NONE', #999, 0.01968503937007875723 ) ;
#1985 = ORIENTED_EDGE ( 'NONE', *, *, #2470, .T. ) ;
#1986 = CARTESIAN_POINT ( 'NONE',  ( -0.5497918511573290923, 0.01184385061273604371, 0.0000000000000000000 ) ) ;
#1987 = AXIS2_PLACEMENT_3D ( 'NONE', #2262, #2730, #2446 ) ;
#1988 = CIRCLE ( 'NONE', #835, 0.01181102362204724046 ) ;
#1989 = EDGE_LOOP ( 'NONE', ( #3289, #4915, #100, #4833 ) ) ;
#1990 = VERTEX_POINT ( 'NONE', #1771 ) ;
#1991 = AXIS2_PLACEMENT_3D ( 'NONE', #3561, #3195, #89 ) ;
#1992 = CYLINDRICAL_SURFACE ( 'NONE', #4368, 0.09055118110236576312 ) ;
#1993 = DIRECTION ( 'NONE',  ( 0.0000000000000000000, 0.0000000000000000000, -1.000000000000000000 ) ) ;
#1994 = ORIENTED_EDGE ( 'NONE', *, *, #629, .T. ) ;
#1995 = CARTESIAN_POINT ( 'NONE',  ( -0.3405511811023622104, 0.1636980790100826810, -1.496062992125984259 ) ) ;
#1996 = DIRECTION ( 'NONE',  ( -1.000000000000000000, 0.0000000000000000000, 0.0000000000000000000 ) ) ;
#1997 = CARTESIAN_POINT ( 'NONE',  ( -0.4655511811023622104, -0.09982760730931281024, -1.496062992125984259 ) ) ;
#1998 = CARTESIAN_POINT ( 'NONE',  ( 0.2519685039370078705, -0.06890226763847540070, -1.496062992125984259 ) ) ;
#1999 = VECTOR ( 'NONE', #421, 39.37007874015748143 ) ;
#2000 = FILL_AREA_STYLE_COLOUR ( '', #2892 ) ;
#2001 = EDGE_CURVE ( 'NONE', #1291, #4258, #3897, .T. ) ;
#2002 = ADVANCED_FACE ( 'NONE', ( #3327 ), #649, .F. ) ;
#2003 = CIRCLE ( 'NONE', #705, 0.01181102362204724046 ) ;
#2004 = CARTESIAN_POINT ( 'NONE',  ( 0.2322834645669291376, -0.2263779527559055260, -1.496062992125984259 ) ) ;
#2005 = FACE_OUTER_BOUND ( 'NONE', #4839, .T. ) ;
#2006 = EDGE_CURVE ( 'NONE', #4067, #2143, #1498, .T. ) ;
#2007 = VERTEX_POINT ( 'NONE', #40 ) ;
#2008 = DIRECTION ( 'NONE',  ( 1.000000000000000000, 0.0000000000000000000, 0.0000000000000000000 ) ) ;
#2009 = ORIENTED_EDGE ( 'NONE', *, *, #2628, .F. ) ;
#2010 = CARTESIAN_POINT ( 'NONE',  ( 0.6791338582677166613, 0.1118343365560181130, -1.496062992125984259 ) ) ;
#2011 = DIRECTION ( 'NONE',  ( -1.192492468937322049E-15, -1.000000000000000000, 0.0000000000000000000 ) ) ;
#2012 = ORIENTED_EDGE ( 'NONE', *, *, #327, .F. ) ;
#2013 = EDGE_LOOP ( 'NONE', ( #2303, #3031, #3369, #658, #2910, #1217 ) ) ;
#2014 = ORIENTED_EDGE ( 'NONE', *, *, #634, .F. ) ;
#2015 = CIRCLE ( 'NONE', #1536, 0.01181102362204730985 ) ;
#2016 = CARTESIAN_POINT ( 'NONE',  ( -0.5000000000000000000, -3.175773292634704438E-15, -1.496062992125984259 ) ) ;
#2017 = CARTESIAN_POINT ( 'NONE',  ( -0.6397637795275591399, 0.2263779527559055260, -1.496062992125984259 ) ) ;
#2018 = AXIS2_PLACEMENT_3D ( 'NONE', #285, #716, #1041 ) ;
#2019 = ORIENTED_EDGE ( 'NONE', *, *, #3796, .F. ) ;
#2020 = CARTESIAN_POINT ( 'NONE',  ( -0.6348951014050294717, 0.1223390747915281684, 0.0000000000000000000 ) ) ;
#2021 =( NAMED_UNIT ( * ) SI_UNIT ( $, .STERADIAN. ) SOLID_ANGLE_UNIT ( ) );
#2022 = STYLED_ITEM ( 'NONE', ( #1151 ), #1387 ) ;
#2023 = DIRECTION ( 'NONE',  ( 1.000000000000000000, 0.0000000000000000000, 0.0000000000000000000 ) ) ;
#2024 = LINE ( 'NONE', #3124, #2252 ) ;
#2025 = VECTOR ( 'NONE', #3494, 39.37007874015748143 ) ;
#2026 = CARTESIAN_POINT ( 'NONE',  ( -0.4524745470792881918, 0.08726311403863840077, -1.496062992125984259 ) ) ;
#2027 = FACE_OUTER_BOUND ( 'NONE', #2013, .T. ) ;
#2028 = AXIS2_PLACEMENT_3D ( 'NONE', #2709, #3855, #2341 ) ;
#2029 = ADVANCED_FACE ( 'NONE', ( #4645 ), #2739, .T. ) ;
#2030 = ORIENTED_EDGE ( 'NONE', *, *, #3474, .T. ) ;
#2031 = FILL_AREA_STYLE ('',( #4699 ) ) ;
#2032 = EDGE_CURVE ( 'NONE', #1325, #3428, #1110, .T. ) ;
#2033 = ORIENTED_EDGE ( 'NONE', *, *, #4971, .T. ) ;
#2034 = DIRECTION ( 'NONE',  ( 1.000000000000000000, -1.192492468937322049E-15, 0.0000000000000000000 ) ) ;
#2035 = DIRECTION ( 'NONE',  ( 1.000000000000000000, 0.0000000000000000000, 0.0000000000000000000 ) ) ;
#2036 = EDGE_CURVE ( 'NONE', #3648, #4852, #2844, .T. ) ;
#2037 = ORIENTED_EDGE ( 'NONE', *, *, #730, .T. ) ;
#2038 = ORIENTED_EDGE ( 'NONE', *, *, #1600, .T. ) ;
#2039 = DIRECTION ( 'NONE',  ( -1.000000000000000000, 0.0000000000000000000, 0.0000000000000000000 ) ) ;
#2040 = DIRECTION ( 'NONE',  ( 0.0000000000000000000, 0.0000000000000000000, 1.000000000000000000 ) ) ;
#2041 = VERTEX_POINT ( 'NONE', #4290 ) ;
#2042 = DIRECTION ( 'NONE',  ( 0.0000000000000000000, 0.0000000000000000000, 1.000000000000000000 ) ) ;
#2043 = ORIENTED_EDGE ( 'NONE', *, *, #1670, .T. ) ;
#2044 = CARTESIAN_POINT ( 'NONE',  ( 0.5533266113625984195, 0.07318325573254626237, 0.0000000000000000000 ) ) ;
#2045 = CARTESIAN_POINT ( 'NONE',  ( 0.3917322834645669549, 0.1780276157922165425, -1.496062992125984259 ) ) ;
#2046 = CYLINDRICAL_SURFACE ( 'NONE', #3201, 0.01181102362204724046 ) ;
#2047 = CYLINDRICAL_SURFACE ( 'NONE', #3383, 0.01181102362204724046 ) ;
#2048 = ORIENTED_EDGE ( 'NONE', *, *, #1783, .T. ) ;
#2049 = CARTESIAN_POINT ( 'NONE',  ( -0.3826845144513507657, 0.1704356361502496198, 0.0000000000000000000 ) ) ;
#2050 = DIRECTION ( 'NONE',  ( 2.168404344971010446E-15, 1.000000000000000000, 0.0000000000000000000 ) ) ;
#2051 = DIRECTION ( 'NONE',  ( -1.000000000000000000, 0.0000000000000000000, 0.0000000000000000000 ) ) ;
#2052 = CYLINDRICAL_SURFACE ( 'NONE', #4088, 0.01181102362204724046 ) ;
#2053 = EDGE_CURVE ( 'NONE', #1141, #3648, #4316, .T. ) ;
#2054 = CYLINDRICAL_SURFACE ( 'NONE', #4262, 0.01181102362204724046 ) ;
#2055 = EDGE_LOOP ( 'NONE', ( #1911, #4145, #331, #3024 ) ) ;
#2056 = SURFACE_STYLE_USAGE ( .BOTH. , #1224 ) ;
#2057 = ORIENTED_EDGE ( 'NONE', *, *, #2135, .F. ) ;
#2058 = CARTESIAN_POINT ( 'NONE',  ( 0.0000000000000000000, -0.03937007874015523851, -0.5905511811023621549 ) ) ;
#2059 = CIRCLE ( 'NONE', #3927, 0.09055118110236576312 ) ;
#2060 = EDGE_LOOP ( 'NONE', ( #1484, #1777 ) ) ;
#2061 = EDGE_CURVE ( 'NONE', #3647, #3264, #4632, .T. ) ;
#2062 = EDGE_CURVE ( 'NONE', #4710, #2926, #3582, .T. ) ;
#2063 = ORIENTED_EDGE ( 'NONE', *, *, #1973, .T. ) ;
#2064 = DIRECTION ( 'NONE',  ( 0.0000000000000000000, 0.0000000000000000000, 1.000000000000000000 ) ) ;
#2065 = CARTESIAN_POINT ( 'NONE',  ( -0.6279527559055118058, -0.1318943936227279512, -1.496062992125984259 ) ) ;
#2066 = AXIS2_PLACEMENT_3D ( 'NONE', #2145, #1763, #1380 ) ;
#2067 = VECTOR ( 'NONE', #4816, 39.37007874015748143 ) ;
#2068 = EDGE_CURVE ( 'NONE', #2139, #4302, #891, .T. ) ;
#2069 = VERTEX_POINT ( 'NONE', #1312 ) ;
#2070 = LINE ( 'NONE', #2096, #1249 ) ;
#2071 = EDGE_LOOP ( 'NONE', ( #3680, #2453, #546, #3667 ) ) ;
#2072 = CIRCLE ( 'NONE', #525, 0.09055118110236001772 ) ;
#2073 = DIRECTION ( 'NONE',  ( 0.0000000000000000000, 0.0000000000000000000, -1.000000000000000000 ) ) ;
#2074 = DIRECTION ( 'NONE',  ( 0.0000000000000000000, 0.0000000000000000000, 1.000000000000000000 ) ) ;
#2075 = DIRECTION ( 'NONE',  ( 0.0000000000000000000, 0.0000000000000000000, 1.000000000000000000 ) ) ;
#2076 = CIRCLE ( 'NONE', #2644, 0.01181102362204724046 ) ;
#2077 = ORIENTED_EDGE ( 'NONE', *, *, #5008, .F. ) ;
#2078 = DIRECTION ( 'NONE',  ( -0.6427876096865430267, -0.7660444431189750158, 0.0000000000000000000 ) ) ;
#2079 = CARTESIAN_POINT ( 'NONE',  ( -0.3799212598425197318, 0.1780276157922165425, -1.496062992125984259 ) ) ;
#2080 = FACE_BOUND ( 'NONE', #133, .T. ) ;
#2081 = DIRECTION ( 'NONE',  ( 0.0000000000000000000, 0.0000000000000000000, 1.000000000000000000 ) ) ;
#2082 = ORIENTED_EDGE ( 'NONE', *, *, #1755, .T. ) ;
#2083 = CARTESIAN_POINT ( 'NONE',  ( 0.5000000000000000000, 1.468368296594541258E-15, -0.3149606299212598381 ) ) ;
#2084 = FACE_OUTER_BOUND ( 'NONE', #625, .T. ) ;
#2085 = DIRECTION ( 'NONE',  ( 1.000000000000000000, 1.089603340915474052E-15, 0.0000000000000000000 ) ) ;
#2086 = FACE_OUTER_BOUND ( 'NONE', #3877, .T. ) ;
#2087 = DIMENSIONAL_EXPONENTS ( 1.000000000000000000, 0.0000000000000000000, 0.0000000000000000000, 0.0000000000000000000, 0.0000000000000000000, 0.0000000000000000000, 0.0000000000000000000 ) ;
#2088 = ORIENTED_EDGE ( 'NONE', *, *, #913, .F. ) ;
#2089 = ORIENTED_EDGE ( 'NONE', *, *, #1266, .T. ) ;
#2090 = CARTESIAN_POINT ( 'NONE',  ( -0.3433144357111932998, 0.1561060993681155917, 0.0000000000000000000 ) ) ;
#2091 = CIRCLE ( 'NONE', #2275, 0.01181102362204724046 ) ;
#2092 = CARTESIAN_POINT ( 'NONE',  ( 0.2244094488188976555, -0.09252431488256988856, 0.0000000000000000000 ) ) ;
#2093 = EDGE_CURVE ( 'NONE', #2375, #4955, #2600, .T. ) ;
#2094 = ORIENTED_EDGE ( 'NONE', *, *, #600, .F. ) ;
#2095 = VECTOR ( 'NONE', #621, 39.37007874015748143 ) ;
#2096 = CARTESIAN_POINT ( 'NONE',  ( 7.714310545810101211E-18, 0.05905511811023622659, -0.5275590551181101873 ) ) ;
#2097 = ORIENTED_EDGE ( 'NONE', *, *, #2036, .T. ) ;
#2098 = VECTOR ( 'NONE', #1678, 39.37007874015748143 ) ;
#2099 = DIRECTION ( 'NONE',  ( -1.000000000000000000, 0.0000000000000000000, 0.0000000000000000000 ) ) ;
#2100 = EDGE_CURVE ( 'NONE', #1462, #539, #1702, .T. ) ;
#2101 = CARTESIAN_POINT ( 'NONE',  ( -0.2047244094488188948, 0.03937007874015747977, -0.4330708661417322913 ) ) ;
#2102 = CARTESIAN_POINT ( 'NONE',  ( -0.2401574803149606474, -0.03937007874015523851, -0.4330708661417322913 ) ) ;
#2103 = VECTOR ( 'NONE', #1606, 39.37007874015748143 ) ;
#2104 = ORIENTED_EDGE ( 'NONE', *, *, #1060, .F. ) ;
#2105 = CARTESIAN_POINT ( 'NONE',  ( 0.3917322834645669549, 0.1780276157922165425, 0.0000000000000000000 ) ) ;
#2106 = AXIS2_PLACEMENT_3D ( 'NONE', #1022, #2534, #1812 ) ;
#2107 = CARTESIAN_POINT ( 'NONE',  ( -0.5000000000000000000, 7.205249083289488692E-15, -1.496062992125984259 ) ) ;
#2108 = CARTESIAN_POINT ( 'NONE',  ( 0.5497918511573298694, 0.01184385061273612177, -1.496062992125984259 ) ) ;
#2109 = CARTESIAN_POINT ( 'NONE',  ( -0.3826845144513507657, 0.1704356361502496198, -1.496062992125984259 ) ) ;
#2110 = DIRECTION ( 'NONE',  ( -0.7071067811865570096, 0.0000000000000000000, -0.7071067811865380248 ) ) ;
#2111 = AXIS2_PLACEMENT_3D ( 'NONE', #4498, #1010, #2572 ) ;
#2112 = VERTEX_POINT ( 'NONE', #1997 ) ;
#2113 = CARTESIAN_POINT ( 'NONE',  ( -0.4113517303212779752, 0.03937007874015747977, 0.0000000000000000000 ) ) ;
#2114 = AXIS2_PLACEMENT_3D ( 'NONE', #171, #927, #2792 ) ;
#2115 = EDGE_LOOP ( 'NONE', ( #2019, #2224, #4604, #4593 ) ) ;
#2116 =( NAMED_UNIT ( * ) PLANE_ANGLE_UNIT ( ) SI_UNIT ( $, .RADIAN. ) );
#2117 = ORIENTED_EDGE ( 'NONE', *, *, #2903, .T. ) ;
#2118 = ORIENTED_EDGE ( 'NONE', *, *, #2789, .F. ) ;
#2119 = CARTESIAN_POINT ( 'NONE',  ( 7.714310545810101211E-18, -0.03937007874015523851, -0.9212598425196850682 ) ) ;
#2120 = CARTESIAN_POINT ( 'NONE',  ( -0.5497918511573290923, 0.01184385061273604371, -0.3149606299212598381 ) ) ;
#2121 = ORIENTED_EDGE ( 'NONE', *, *, #2193, .T. ) ;
#2122 = EDGE_CURVE ( 'NONE', #1587, #4497, #1140, .T. ) ;
#2123 = LINE ( 'NONE', #2821, #281 ) ;
#2124 = EDGE_LOOP ( 'NONE', ( #2089, #3203, #612, #30 ) ) ;
#2125 = PRESENTATION_STYLE_ASSIGNMENT (( #2863 ) ) ;
#2126 = ADVANCED_FACE ( 'NONE', ( #4464 ), #2937, .F. ) ;
#2127 = CARTESIAN_POINT ( 'NONE',  ( -0.4615223160925047696, 0.09485509368060747459, 0.0000000000000000000 ) ) ;
#2128 = CARTESIAN_POINT ( 'NONE',  ( 0.5000000000000000000, 1.468368296594541258E-15, 0.1574803149606299191 ) ) ;
#2129 = VERTEX_POINT ( 'NONE', #3009 ) ;
#2130 = EDGE_CURVE ( 'NONE', #1030, #2139, #3504, .T. ) ;
#2131 = FACE_OUTER_BOUND ( 'NONE', #3378, .T. ) ;
#2132 = DIRECTION ( 'NONE',  ( -1.000000000000000000, 0.0000000000000000000, 0.0000000000000000000 ) ) ;
#2133 = LINE ( 'NONE', #2109, #2067 ) ;
#2134 = PLANE ( 'NONE',  #3377 ) ;
#2135 = EDGE_CURVE ( 'NONE', #4539, #1798, #3734, .T. ) ;
#2136 = EDGE_LOOP ( 'NONE', ( #4782, #4784, #3482, #3759 ) ) ;
#2137 = CARTESIAN_POINT ( 'NONE',  ( 0.2401574803149606474, -0.05118110236220244080, 0.0000000000000000000 ) ) ;
#2138 = DIRECTION ( 'NONE',  ( 1.000000000000000000, 0.0000000000000000000, 0.0000000000000000000 ) ) ;
#2139 = VERTEX_POINT ( 'NONE', #4284 ) ;
#2140 = ORIENTED_EDGE ( 'NONE', *, *, #5008, .T. ) ;
#2141 = AXIS2_PLACEMENT_3D ( 'NONE', #3097, #424, #4646 ) ;
#2142 = AXIS2_PLACEMENT_3D ( 'NONE', #343, #3433, #4939 ) ;
#2143 = VERTEX_POINT ( 'NONE', #1072 ) ;
#2144 = CARTESIAN_POINT ( 'NONE',  ( -0.3917322834645669549, 0.1780276157922165425, -1.496062992125984259 ) ) ;
#2145 = CARTESIAN_POINT ( 'NONE',  ( -0.4685039370078740717, 0.09739619588073208933, -1.496062992125984259 ) ) ;
#2146 = VECTOR ( 'NONE', #4791, 39.37007874015748143 ) ;
#2147 = VECTOR ( 'NONE', #3512, 39.37007874015748143 ) ;
#2148 = ORIENTED_EDGE ( 'NONE', *, *, #3153, .F. ) ;
#2149 = EDGE_LOOP ( 'NONE', ( #1861, #4251, #1070, #637 ) ) ;
#2150 =( CONVERSION_BASED_UNIT ( 'INCH', #586 ) LENGTH_UNIT ( ) NAMED_UNIT ( #1551 ) );
#2151 = CARTESIAN_POINT ( 'NONE',  ( -0.6742651801451869931, 0.1022790177248179139, 0.0000000000000000000 ) ) ;
#2152 = AXIS2_PLACEMENT_3D ( 'NONE', #235, #2906, #4508 ) ;
#2153 = CIRCLE ( 'NONE', #1417, 0.01181102362204724046 ) ;
#2154 = DIRECTION ( 'NONE',  ( 1.000000000000000000, -1.084202172485504040E-15, 0.0000000000000000000 ) ) ;
#2155 = AXIS2_PLACEMENT_3D ( 'NONE', #174, #978, #146 ) ;
#2156 = ORIENTED_EDGE ( 'NONE', *, *, #2907, .F. ) ;
#2157 = LINE ( 'NONE', #2245, #4503 ) ;
#2158 = LINE ( 'NONE', #2185, #1221 ) ;
#2159 = CARTESIAN_POINT ( 'NONE',  ( 0.5000000000000000000, 1.468368296594541258E-15, -1.496062992125984259 ) ) ;
#2160 = DIRECTION ( 'NONE',  ( -1.000000000000000000, 0.0000000000000000000, 0.0000000000000000000 ) ) ;
#2161 = CIRCLE ( 'NONE', #4267, 0.05118110236220714537 ) ;
#2162 = DIRECTION ( 'NONE',  ( 0.0000000000000000000, 0.0000000000000000000, 1.000000000000000000 ) ) ;
#2163 = EDGE_CURVE ( 'NONE', #1310, #2139, #3115, .T. ) ;
#2164 = EDGE_CURVE ( 'NONE', #643, #1953, #696, .T. ) ;
#2165 = CONICAL_SURFACE ( 'NONE', #1016, 0.04330708661417324162, 0.7853981633974412846 ) ;
#2166 = ORIENTED_EDGE ( 'NONE', *, *, #4110, .T. ) ;
#2167 = EDGE_CURVE ( 'NONE', #3599, #2468, #1948, .T. ) ;
#2168 = CARTESIAN_POINT ( 'NONE',  ( 0.2913385826771653919, -0.1082723463786324780, -1.496062992125984259 ) ) ;
#2169 = DIRECTION ( 'NONE',  ( 0.0000000000000000000, 0.0000000000000000000, -1.000000000000000000 ) ) ;
#2170 =( GEOMETRIC_REPRESENTATION_CONTEXT ( 3 ) GLOBAL_UNCERTAINTY_ASSIGNED_CONTEXT ( ( #2283 ) ) GLOBAL_UNIT_ASSIGNED_CONTEXT ( ( #2150, #215, #4100 ) ) REPRESENTATION_CONTEXT ( 'NONE', 'WORKASPACE' ) );
#2171 = VERTEX_POINT ( 'NONE', #4958 ) ;
#2172 = ORIENTED_EDGE ( 'NONE', *, *, #11, .F. ) ;
#2173 = ORIENTED_EDGE ( 'NONE', *, *, #2649, .T. ) ;
#2174 = CARTESIAN_POINT ( 'NONE',  ( 0.3799212598425197318, 0.1780276157922165425, -1.496062992125984259 ) ) ;
#2175 = CARTESIAN_POINT ( 'NONE',  ( 0.0000000000000000000, 0.03937007874015747977, -0.6535433070866140115 ) ) ;
#2176 = ORIENTED_EDGE ( 'NONE', *, *, #2588, .F. ) ;
#2177 = ORIENTED_EDGE ( 'NONE', *, *, #3278, .F. ) ;
#2178 = ORIENTED_EDGE ( 'NONE', *, *, #3413, .F. ) ;
#2179 = CARTESIAN_POINT ( 'NONE',  ( -0.6791338582677166613, 0.2263779527559055260, 0.0000000000000000000 ) ) ;
#2180 = LINE ( 'NONE', #2560, #2411 ) ;
#2181 = STYLED_ITEM ( 'NONE', ( #4520 ), #476 ) ;
#2182 = VERTEX_POINT ( 'NONE', #2293 ) ;
#2183 = SURFACE_SIDE_STYLE ('',( #2564 ) ) ;
#2184 = VECTOR ( 'NONE', #1681, 39.37007874015748143 ) ;
#2185 = CARTESIAN_POINT ( 'NONE',  ( -0.4261811023622047445, -0.2263779527559055260, -1.496062992125984259 ) ) ;
#2186 = CARTESIAN_POINT ( 'NONE',  ( -0.6397637795275591399, -0.1318943936227277569, -1.496062992125984259 ) ) ;
#2187 = FACE_OUTER_BOUND ( 'NONE', #800, .T. ) ;
#2188 = AXIS2_PLACEMENT_3D ( 'NONE', #2137, #2169, #3335 ) ;
#2189 = CARTESIAN_POINT ( 'NONE',  ( -0.4655511811023622104, -0.09982760730931281024, -1.496062992125984259 ) ) ;
#2190 = AXIS2_PLACEMENT_3D ( 'NONE', #1705, #3207, #4038 ) ;
#2191 = VERTEX_POINT ( 'NONE', #3826 ) ;
#2192 = LINE ( 'NONE', #1553, #4220 ) ;
#2193 = EDGE_CURVE ( 'NONE', #80, #4906, #3001, .T. ) ;
#2194 = DIRECTION ( 'NONE',  ( 0.0000000000000000000, 0.0000000000000000000, -1.000000000000000000 ) ) ;
#2195 = CIRCLE ( 'NONE', #3729, 0.05118110236220468900 ) ;
#2196 = ORIENTED_EDGE ( 'NONE', *, *, #4976, .T. ) ;
#2197 = ADVANCED_FACE ( 'NONE', ( #797 ), #3799, .T. ) ;
#2198 = LINE ( 'NONE', #514, #111 ) ;
#2199 = VECTOR ( 'NONE', #3982, 39.37007874015748143 ) ;
#2200 = VERTEX_POINT ( 'NONE', #3455 ) ;
#2201 = ADVANCED_FACE ( 'NONE', ( #2806 ), #2858, .F. ) ;
#2202 = DIRECTION ( 'NONE',  ( 0.0000000000000000000, 0.0000000000000000000, 1.000000000000000000 ) ) ;
#2203 = CARTESIAN_POINT ( 'NONE',  ( 0.4223153170352346719, 0.06195651523208366152, 0.0000000000000000000 ) ) ;
#2204 = ADVANCED_FACE ( 'NONE', ( #843 ), #3213, .T. ) ;
#2205 = ORIENTED_EDGE ( 'NONE', *, *, #1851, .F. ) ;
#2206 = ORIENTED_EDGE ( 'NONE', *, *, #2351, .F. ) ;
#2207 = ADVANCED_FACE ( 'NONE', ( #2706 ), #1440, .F. ) ;
#2208 = ORIENTED_EDGE ( 'NONE', *, *, #169, .T. ) ;
#2209 = DIRECTION ( 'NONE',  ( 1.000000000000000000, 0.0000000000000000000, 0.0000000000000000000 ) ) ;
#2210 = DIRECTION ( 'NONE',  ( 1.000000000000000000, 0.0000000000000000000, 0.0000000000000000000 ) ) ;
#2211 = DIRECTION ( 'NONE',  ( 1.000000000000000000, 0.0000000000000000000, 0.0000000000000000000 ) ) ;
#2212 = ORIENTED_EDGE ( 'NONE', *, *, #3128, .F. ) ;
#2213 = CARTESIAN_POINT ( 'NONE',  ( -0.4524745470792881918, 0.08726311403863840077, 0.0000000000000000000 ) ) ;
#2214 = CARTESIAN_POINT ( 'NONE',  ( -0.2913385826771653919, -0.05118110236220244080, -1.496062992125984259 ) ) ;
#2215 = DIRECTION ( 'NONE',  ( 0.0000000000000000000, 0.0000000000000000000, 1.000000000000000000 ) ) ;
#2216 = DIRECTION ( 'NONE',  ( 0.0000000000000000000, 0.0000000000000000000, 1.000000000000000000 ) ) ;
#2217 = EDGE_LOOP ( 'NONE', ( #3762, #508, #715, #3262 ) ) ;
#2218 = CARTESIAN_POINT ( 'NONE',  ( 0.3799212598425197318, 0.1780276157922165425, 0.0000000000000000000 ) ) ;
#2219 = CARTESIAN_POINT ( 'NONE',  ( -0.5196850393700787052, 0.09739619588073208933, 0.0000000000000000000 ) ) ;
#2220 = EDGE_CURVE ( 'NONE', #178, #4224, #672, .T. ) ;
#2221 = VERTEX_POINT ( 'NONE', #1545 ) ;
#2222 = DIRECTION ( 'NONE',  ( 0.0000000000000000000, 0.0000000000000000000, 1.000000000000000000 ) ) ;
#2223 = ORIENTED_EDGE ( 'NONE', *, *, #3281, .T. ) ;
#2224 = ORIENTED_EDGE ( 'NONE', *, *, #4050, .T. ) ;
#2225 = DIRECTION ( 'NONE',  ( 0.0000000000000000000, 1.000000000000000000, 0.0000000000000000000 ) ) ;
#2226 = DIRECTION ( 'NONE',  ( 0.0000000000000000000, 0.0000000000000000000, -1.000000000000000000 ) ) ;
#2227 = EDGE_CURVE ( 'NONE', #28, #1622, #2614, .T. ) ;
#2228 = ADVANCED_FACE ( 'NONE', ( #3064 ), #776, .T. ) ;
#2229 = ORIENTED_EDGE ( 'NONE', *, *, #2541, .T. ) ;
#2230 = ORIENTED_EDGE ( 'NONE', *, *, #905, .T. ) ;
#2231 = ORIENTED_EDGE ( 'NONE', *, *, #1822, .T. ) ;
#2232 = SURFACE_STYLE_USAGE ( .BOTH. , #3032 ) ;
#2233 = DIMENSIONAL_EXPONENTS ( 1.000000000000000000, 0.0000000000000000000, 0.0000000000000000000, 0.0000000000000000000, 0.0000000000000000000, 0.0000000000000000000, 0.0000000000000000000 ) ;
#2234 = DIRECTION ( 'NONE',  ( 0.0000000000000000000, 0.0000000000000000000, -1.000000000000000000 ) ) ;
#2236 = EDGE_CURVE ( 'NONE', #1738, #4067, #3038, .T. ) ;
#2235 = CARTESIAN_POINT ( 'NONE',  ( -0.4132675480220180941, 0.05436453559011661385, -1.496062992125984259 ) ) ;
#2237 = CARTESIAN_POINT ( 'NONE',  ( -0.3799212598425197318, 0.1780276157922165425, 0.0000000000000000000 ) ) ;
#2238 = VECTOR ( 'NONE', #222, 39.37007874015748143 ) ;
#2239 = VECTOR ( 'NONE', #2222, 39.37007874015748143 ) ;
#2240 = CARTESIAN_POINT ( 'NONE',  ( 0.4721380981223504136, 0.08615817327910925416, -1.496062992125984259 ) ) ;
#2241 = ORIENTED_EDGE ( 'NONE', *, *, #3928, .T. ) ;
#2242 = DIRECTION ( 'NONE',  ( -5.295027878066710738E-16, 1.000000000000000000, 0.0000000000000000000 ) ) ;
#2243 = VECTOR ( 'NONE', #4912, 39.37007874015748143 ) ;
#2244 = VECTOR ( 'NONE', #140, 39.37007874015748143 ) ;
#2245 = CARTESIAN_POINT ( 'NONE',  ( 0.2047244094488188948, 0.03937007874015747977, -1.496062992125984259 ) ) ;
#2246 = FACE_OUTER_BOUND ( 'NONE', #2454, .T. ) ;
#2247 = LINE ( 'NONE', #3554, #4451 ) ;
#2248 = CARTESIAN_POINT ( 'NONE',  ( 0.5000000000000000000, 1.468368296594541258E-15, 0.1574803149606299191 ) ) ;
#2249 = LINE ( 'NONE', #1797, #4509 ) ;
#2250 = VECTOR ( 'NONE', #660, 39.37007874015748143 ) ;
#2251 = ORIENTED_EDGE ( 'NONE', *, *, #2062, .T. ) ;
#2252 = VECTOR ( 'NONE', #806, 39.37007874015748143 ) ;
#2253 = CARTESIAN_POINT ( 'NONE',  ( 0.2913385826771653919, -0.05118110236220244080, -1.496062992125984259 ) ) ;
#2254 = DIRECTION ( 'NONE',  ( 0.0000000000000000000, 0.0000000000000000000, 1.000000000000000000 ) ) ;
#2255 = VECTOR ( 'NONE', #2612, 39.37007874015748143 ) ;
#2256 = ORIENTED_EDGE ( 'NONE', *, *, #4555, .F. ) ;
#2257 = LINE ( 'NONE', #1685, #4170 ) ;
#2258 = EDGE_LOOP ( 'NONE', ( #4231, #3343, #4431, #1201 ) ) ;
#2259 = ORIENTED_EDGE ( 'NONE', *, *, #1225, .T. ) ;
#2260 = COLOUR_RGB ( '',0.8000000000000000444, 0.8078431372549019773, 0.8000000000000000444 ) ;
#2261 = LINE ( 'NONE', #4172, #3574 ) ;
#2262 = CARTESIAN_POINT ( 'NONE',  ( 0.5000000000000000000, 1.468368296594541258E-15, 0.0000000000000000000 ) ) ;
#2263 = ORIENTED_EDGE ( 'NONE', *, *, #3128, .T. ) ;
#2264 = VERTEX_POINT ( 'NONE', #2317 ) ;
#2265 = CARTESIAN_POINT ( 'NONE',  ( 0.5497918511573290923, -0.01184385061273604371, 0.0000000000000000000 ) ) ;
#2266 = EDGE_CURVE ( 'NONE', #4536, #3077, #4619, .T. ) ;
#2267 = FACE_OUTER_BOUND ( 'NONE', #3703, .T. ) ;
#2268 = CARTESIAN_POINT ( 'NONE',  ( 0.4655511811023622104, -0.09982760730931281024, 0.0000000000000000000 ) ) ;
#2269 = ORIENTED_EDGE ( 'NONE', *, *, #3860, .F. ) ;
#2270 = EDGE_CURVE ( 'NONE', #4720, #4480, #3853, .T. ) ;
#2271 = CYLINDRICAL_SURFACE ( 'NONE', #1894, 0.01181102362204724046 ) ;
#2272 = FACE_OUTER_BOUND ( 'NONE', #1205, .T. ) ;
#2273 = PLANE ( 'NONE',  #2681 ) ;
#2274 = PLANE ( 'NONE',  #2561 ) ;
#2275 = AXIS2_PLACEMENT_3D ( 'NONE', #3199, #116, #91 ) ;
#2276 = EDGE_LOOP ( 'NONE', ( #3556, #2701, #1819, #529 ) ) ;
#2277 = VECTOR ( 'NONE', #4330, 39.37007874015748143 ) ;
#2278 = CIRCLE ( 'NONE', #64, 0.01181102362204730985 ) ;
#2279 = DIRECTION ( 'NONE',  ( 1.000000000000000000, 0.0000000000000000000, 0.0000000000000000000 ) ) ;
#2280 =( NAMED_UNIT ( * ) PLANE_ANGLE_UNIT ( ) SI_UNIT ( $, .RADIAN. ) );
#2281 = CIRCLE ( 'NONE', #3162, 0.01181102362204724046 ) ;
#2282 = ORIENTED_EDGE ( 'NONE', *, *, #4402, .F. ) ;
#2283 = UNCERTAINTY_MEASURE_WITH_UNIT (LENGTH_MEASURE( 1.000000000000000082E-05 ), #2150, 'distance_accuracy_value', 'NONE');
#2284 = VERTEX_POINT ( 'NONE', #3749 ) ;
#2285 = ORIENTED_EDGE ( 'NONE', *, *, #1163, .F. ) ;
#2286 = CARTESIAN_POINT ( 'NONE',  ( -0.6791338582677166613, 0.1118343365560173358, -1.496062992125984259 ) ) ;
#2287 = DIRECTION ( 'NONE',  ( 0.0000000000000000000, 0.0000000000000000000, -1.000000000000000000 ) ) ;
#2288 = CARTESIAN_POINT ( 'NONE',  ( 0.3799212598425197318, 0.2263779527559055260, -1.496062992125984259 ) ) ;
#2289 = CIRCLE ( 'NONE', #2678, 0.01181102362204730985 ) ;
#2290 = ORIENTED_EDGE ( 'NONE', *, *, #2783, .T. ) ;
#2291 = EDGE_LOOP ( 'NONE', ( #3170, #2420, #2241, #2901 ) ) ;
#2292 = AXIS2_PLACEMENT_3D ( 'NONE', #4869, #1392, #2943 ) ;
#2293 = CARTESIAN_POINT ( 'NONE',  ( -0.2637795275590551491, -0.1200833700006797150, 0.0000000000000000000 ) ) ;
#2294 = DIRECTION ( 'NONE',  ( 0.0000000000000000000, 0.0000000000000000000, -1.000000000000000000 ) ) ;
#2295 = CARTESIAN_POINT ( 'NONE',  ( -0.2401574803149606474, -0.05118110236220244080, -1.496062992125984259 ) ) ;
#2296 = ADVANCED_FACE ( 'NONE', ( #3779 ), #2271, .T. ) ;
#2297 = CYLINDRICAL_SURFACE ( 'NONE', #1012, 0.01181102362204724046 ) ;
#2298 = LINE ( 'NONE', #3783, #3030 ) ;
#2299 = LINE ( 'NONE', #1421, #4905 ) ;
#2300 = APPLICATION_CONTEXT ( 'automotive_design' ) ;
#2301 = EDGE_CURVE ( 'NONE', #4072, #1807, #726, .T. ) ;
#2302 = ADVANCED_FACE ( 'NONE', ( #3407 ), #268, .F. ) ;
#2303 = ORIENTED_EDGE ( 'NONE', *, *, #2382, .F. ) ;
#2304 = CARTESIAN_POINT ( 'NONE',  ( 0.0000000000000000000, 0.05905511811023622659, -1.047244094488189115 ) ) ;
#2305 = DIRECTION ( 'NONE',  ( 0.0000000000000000000, 0.0000000000000000000, 1.000000000000000000 ) ) ;
#2306 = EDGE_CURVE ( 'NONE', #539, #2521, #4187, .T. ) ;
#2307 = VERTEX_POINT ( 'NONE', #1995 ) ;
#2308 = DIRECTION ( 'NONE',  ( 0.0000000000000000000, 0.0000000000000000000, 1.000000000000000000 ) ) ;
#2309 = ORIENTED_EDGE ( 'NONE', *, *, #1882, .T. ) ;
#2310 = ORIENTED_EDGE ( 'NONE', *, *, #3839, .F. ) ;
#2311 = DIRECTION ( 'NONE',  ( 0.8090169943749389025, 0.5877852522924849055, 0.0000000000000000000 ) ) ;
#2312 = FACE_OUTER_BOUND ( 'NONE', #1008, .T. ) ;
#2313 = LINE ( 'NONE', #769, #1258 ) ;
#2314 = ORIENTED_EDGE ( 'NONE', *, *, #3153, .T. ) ;
#2315 = PLANE ( 'NONE',  #3540 ) ;
#2316 = CARTESIAN_POINT ( 'NONE',  ( 0.2519685039370078705, -0.06890226763847540070, 0.0000000000000000000 ) ) ;
#2317 = CARTESIAN_POINT ( 'NONE',  ( -0.2047244094488188948, 0.03937007874015747977, 0.0000000000000000000 ) ) ;
#2318 = CARTESIAN_POINT ( 'NONE',  ( 0.5000000000000000000, 1.468368296594541258E-15, -1.496062992125984259 ) ) ;
#2319 = AXIS2_PLACEMENT_3D ( 'NONE', #495, #4737, #4811 ) ;
#2320 = DIRECTION ( 'NONE',  ( 0.7071067811865425767, 8.659560562354872461E-17, -0.7071067811865524577 ) ) ;
#2321 = CARTESIAN_POINT ( 'NONE',  ( 0.5314960629921260393, 0.09739619588073188117, -1.496062992125984259 ) ) ;
#2322 = ORIENTED_EDGE ( 'NONE', *, *, #2751, .F. ) ;
#2323 = DIRECTION ( 'NONE',  ( 0.0000000000000000000, 0.0000000000000000000, 1.000000000000000000 ) ) ;
#2324 = VECTOR ( 'NONE', #2954, 39.37007874015748143 ) ;
#2325 = EDGE_CURVE ( 'NONE', #4654, #3027, #1667, .T. ) ;
#2326 = AXIS2_PLACEMENT_3D ( 'NONE', #4522, #2665, #4571 ) ;
#2327 = ORIENTED_EDGE ( 'NONE', *, *, #2130, .T. ) ;
#2328 = VERTEX_POINT ( 'NONE', #4387 ) ;
#2329 = ORIENTED_EDGE ( 'NONE', *, *, #1787, .F. ) ;
#2330 = LINE ( 'NONE', #4225, #1770 ) ;
#2331 = DIRECTION ( 'NONE',  ( 1.000000000000000000, 0.0000000000000000000, 0.0000000000000000000 ) ) ;
#2332 = VERTEX_POINT ( 'NONE', #3976 ) ;
#2333 = EDGE_LOOP ( 'NONE', ( #2796, #3472, #3727, #4883 ) ) ;
#2334 = AXIS2_PLACEMENT_3D ( 'NONE', #1845, #3346, #4125 ) ;
#2335 = DIRECTION ( 'NONE',  ( 0.0000000000000000000, 0.0000000000000000000, 1.000000000000000000 ) ) ;
#2336 =( NAMED_UNIT ( * ) PLANE_ANGLE_UNIT ( ) SI_UNIT ( $, .RADIAN. ) );
#2337 = PRODUCT_DEFINITION_FORMATION_WITH_SPECIFIED_SOURCE ( 'ANY', '', #4277, .NOT_KNOWN. ) ;
#2338 = VERTEX_POINT ( 'NONE', #2785 ) ;
#2339 = DIRECTION ( 'NONE',  ( 0.8090169943749430104, 0.5877852522924790213, 0.0000000000000000000 ) ) ;
#2340 = DIRECTION ( 'NONE',  ( 1.000000000000000000, 0.0000000000000000000, 0.0000000000000000000 ) ) ;
#2341 = DIRECTION ( 'NONE',  ( 1.000000000000000000, 0.0000000000000000000, 0.0000000000000000000 ) ) ;
#2342 = CARTESIAN_POINT ( 'NONE',  ( -0.5000000000000000000, -5.335640612625512173E-19, -0.3149606299212598381 ) ) ;
#2343 = CARTESIAN_POINT ( 'NONE',  ( -0.4242504542701393544, -0.04961373520258842429, -1.496062992125984259 ) ) ;
#2344 = ORIENTED_EDGE ( 'NONE', *, *, #3633, .F. ) ;
#2345 = AXIS2_PLACEMENT_3D ( 'NONE', #402, #1554, #4947 ) ;
#2346 = DIRECTION ( 'NONE',  ( 0.0000000000000000000, 0.0000000000000000000, 1.000000000000000000 ) ) ;
#2347 = AXIS2_PLACEMENT_3D ( 'NONE', #3983, #2050, #3586 ) ;
#2348 = VECTOR ( 'NONE', #3073, 39.37007874015748143 ) ;
#2349 = ORIENTED_EDGE ( 'NONE', *, *, #3215, .T. ) ;
#2350 = DIRECTION ( 'NONE',  ( 0.0000000000000000000, -1.000000000000000000, 0.0000000000000000000 ) ) ;
#2351 = EDGE_CURVE ( 'NONE', #3111, #3447, #3218, .T. ) ;
#2352 = ORIENTED_EDGE ( 'NONE', *, *, #2163, .T. ) ;
#2353 = DIRECTION ( 'NONE',  ( 0.0000000000000000000, 0.0000000000000000000, -1.000000000000000000 ) ) ;
#2354 = ORIENTED_EDGE ( 'NONE', *, *, #3776, .T. ) ;
#2355 = FILL_AREA_STYLE_COLOUR ( '', #153 ) ;
#2356 = VECTOR ( 'NONE', #2805, 39.37007874015748143 ) ;
#2357 = ADVANCED_FACE ( 'NONE', ( #4760 ), #848, .T. ) ;
#2358 = ORIENTED_EDGE ( 'NONE', *, *, #1382, .F. ) ;
#2359 = EDGE_CURVE ( 'NONE', #4955, #1098, #1283, .T. ) ;
#2360 = EDGE_CURVE ( 'NONE', #2870, #3778, #871, .T. ) ;
#2361 = EDGE_LOOP ( 'NONE', ( #4638, #554, #1263, #3900 ) ) ;
#2362 = VECTOR ( 'NONE', #1143, 39.37007874015748143 ) ;
#2363 = ORIENTED_EDGE ( 'NONE', *, *, #940, .T. ) ;
#2364 = CARTESIAN_POINT ( 'NONE',  ( 0.6791338582677166613, 0.1118343365560181130, -1.496062992125984259 ) ) ;
#2365 = DIRECTION ( 'NONE',  ( 0.0000000000000000000, 0.0000000000000000000, 1.000000000000000000 ) ) ;
#2366 = AXIS2_PLACEMENT_3D ( 'NONE', #2512, #4101, #1337 ) ;
#2367 = ADVANCED_FACE ( 'NONE', ( #2837 ), #467, .T. ) ;
#2368 = ORIENTED_EDGE ( 'NONE', *, *, #852, .F. ) ;
#2369 = PLANE ( 'NONE',  #212 ) ;
#2370 = AXIS2_PLACEMENT_3D ( 'NONE', #1054, #1443, #4188 ) ;
#2371 = DIRECTION ( 'NONE',  ( 1.000000000000000000, 0.0000000000000000000, 0.0000000000000000000 ) ) ;
#2372 = LINE ( 'NONE', #4241, #3400 ) ;
#2373 = EDGE_LOOP ( 'NONE', ( #4511, #5017, #4446, #4400 ) ) ;
#2374 = CYLINDRICAL_SURFACE ( 'NONE', #1741, 0.01968503937007875723 ) ;
#2375 = VERTEX_POINT ( 'NONE', #2020 ) ;
#2376 = ORIENTED_EDGE ( 'NONE', *, *, #4182, .F. ) ;
#2377 = EDGE_CURVE ( 'NONE', #3204, #775, #394, .T. ) ;
#2378 = LINE ( 'NONE', #54, #2103 ) ;
#2379 = DIRECTION ( 'NONE',  ( 0.0000000000000000000, 0.0000000000000000000, 1.000000000000000000 ) ) ;
#2380 = EDGE_LOOP ( 'NONE', ( #3506, #1592, #1277, #414 ) ) ;
#2381 = ORIENTED_EDGE ( 'NONE', *, *, #2220, .F. ) ;
#2382 = EDGE_CURVE ( 'NONE', #2958, #1107, #801, .T. ) ;
#2383 = DIRECTION ( 'NONE',  ( -0.0000000000000000000, -0.0000000000000000000, -1.000000000000000000 ) ) ;
#2384 = FACE_OUTER_BOUND ( 'NONE', #3596, .T. ) ;
#2385 = EDGE_CURVE ( 'NONE', #3432, #4092, #492, .T. ) ;
#2386 = EDGE_CURVE ( 'NONE', #3971, #2069, #3950, .T. ) ;
#2387 = ORIENTED_EDGE ( 'NONE', *, *, #2122, .T. ) ;
#2388 = DIRECTION ( 'NONE',  ( 0.5877852522924791323, -0.8090169943749431214, 0.0000000000000000000 ) ) ;
#2389 = CARTESIAN_POINT ( 'NONE',  ( -0.5000000000000000000, 2.134256245050204715E-16, -1.496062992125984259 ) ) ;
#2390 = ADVANCED_FACE ( 'NONE', ( #10 ), #3118, .T. ) ;
#2391 = DIRECTION ( 'NONE',  ( 1.000000000000000000, 0.0000000000000000000, 0.0000000000000000000 ) ) ;
#2392 = SURFACE_STYLE_USAGE ( .BOTH. , #4713 ) ;
#2393 = DIRECTION ( 'NONE',  ( 1.000000000000000000, 0.0000000000000000000, 0.0000000000000000000 ) ) ;
#2394 = AXIS2_PLACEMENT_3D ( 'NONE', #1445, #1138, #372 ) ;
#2395 = DIRECTION ( 'NONE',  ( -1.000000000000000000, 0.0000000000000000000, 0.0000000000000000000 ) ) ;
#2396 = CARTESIAN_POINT ( 'NONE',  ( -0.5000000000000000000, 2.134256245050204715E-16, 0.0000000000000000000 ) ) ;
#2397 = CIRCLE ( 'NONE', #4735, 0.01181102362204887977 ) ;
#2398 = ORIENTED_EDGE ( 'NONE', *, *, #878, .T. ) ;
#2399 = CARTESIAN_POINT ( 'NONE',  ( 0.0000000000000000000, 0.05905511811023622659, -0.9842519685039370358 ) ) ;
#2400 = ORIENTED_EDGE ( 'NONE', *, *, #4391, .F. ) ;
#2401 = VECTOR ( 'NONE', #4999, 39.37007874015748854 ) ;
#2402 = STYLED_ITEM ( 'NONE', ( #4653 ), #2687 ) ;
#2403 = CARTESIAN_POINT ( 'NONE',  ( -0.4799742580254394153, -0.08830903723516123072, -1.496062992125984259 ) ) ;
#2404 = CARTESIAN_POINT ( 'NONE',  ( -0.2401574803149606474, -0.03937007874015523851, -1.496062992125984259 ) ) ;
#2405 = VECTOR ( 'NONE', #3437, 39.37007874015748143 ) ;
#2406 = EDGE_LOOP ( 'NONE', ( #2607, #3670, #3788, #3918, #4055 ) ) ;
#2407 = EDGE_LOOP ( 'NONE', ( #4484, #556, #987, #886 ) ) ;
#2408 = VECTOR ( 'NONE', #3707, 39.37007874015748143 ) ;
#2409 = FACE_OUTER_BOUND ( 'NONE', #4805, .T. ) ;
#2410 = LINE ( 'NONE', #563, #764 ) ;
#2411 = VECTOR ( 'NONE', #724, 39.37007874015748854 ) ;
#2412 = VERTEX_POINT ( 'NONE', #2737 ) ;
#2413 = CARTESIAN_POINT ( 'NONE',  ( -0.6397637795275591399, 0.2263779527559055260, 0.0000000000000000000 ) ) ;
#2414 = DIRECTION ( 'NONE',  ( 1.000000000000000000, 2.067150312461970137E-14, 0.0000000000000000000 ) ) ;
#2415 = ADVANCED_FACE ( 'NONE', ( #1968 ), #3532, .F. ) ;
#2416 = DIRECTION ( 'NONE',  ( 1.000000000000000000, 0.0000000000000000000, 1.508455196501569950E-16 ) ) ;
#2417 = VECTOR ( 'NONE', #3854, 39.37007874015748143 ) ;
#2418 = EDGE_CURVE ( 'NONE', #4217, #2829, #4691, .T. ) ;
#2419 = DIRECTION ( 'NONE',  ( -1.000000000000000000, 0.0000000000000000000, 0.0000000000000000000 ) ) ;
#2420 = ORIENTED_EDGE ( 'NONE', *, *, #3743, .F. ) ;
#2421 = DIRECTION ( 'NONE',  ( 0.0000000000000000000, 0.0000000000000000000, 1.000000000000000000 ) ) ;
#2422 = VERTEX_POINT ( 'NONE', #2763 ) ;
#2423 = DIRECTION ( 'NONE',  ( 0.0000000000000000000, -1.000000000000000000, 0.0000000000000000000 ) ) ;
#2424 = DIRECTION ( 'NONE',  ( 0.0000000000000000000, 1.000000000000000000, 0.0000000000000000000 ) ) ;
#2425 = DIRECTION ( 'NONE',  ( 0.0000000000000000000, 0.0000000000000000000, 1.000000000000000000 ) ) ;
#2426 = CIRCLE ( 'NONE', #4694, 0.09055118110236104467 ) ;
#2427 = ORIENTED_EDGE ( 'NONE', *, *, #12, .F. ) ;
#2428 = ORIENTED_EDGE ( 'NONE', *, *, #988, .T. ) ;
#2429 = AXIS2_PLACEMENT_3D ( 'NONE', #4726, #2529, #582 ) ;
#2430 = AXIS2_PLACEMENT_3D ( 'NONE', #278, #4875, #4115 ) ;
#2431 = DIRECTION ( 'NONE',  ( 0.0000000000000000000, 0.0000000000000000000, 1.000000000000000000 ) ) ;
#2432 = LINE ( 'NONE', #895, #3205 ) ;
#2433 = MECHANICAL_DESIGN_GEOMETRIC_PRESENTATION_REPRESENTATION (  '', ( #2022 ), #3074 ) ;
#2434 = ORIENTED_EDGE ( 'NONE', *, *, #4944, .F. ) ;
#2435 = ORIENTED_EDGE ( 'NONE', *, *, #2749, .F. ) ;
#2436 = PLANE ( 'NONE',  #2491 ) ;
#2437 = CIRCLE ( 'NONE', #4543, 0.01181102362204724046 ) ;
#2438 = DIRECTION ( 'NONE',  ( 0.0000000000000000000, 0.0000000000000000000, -1.000000000000000000 ) ) ;
#2439 = ADVANCED_FACE ( 'NONE', ( #1617 ), #4336, .T. ) ;
#2440 = FACE_OUTER_BOUND ( 'NONE', #1088, .T. ) ;
#2441 = ORIENTED_EDGE ( 'NONE', *, *, #3624, .T. ) ;
#2442 = CIRCLE ( 'NONE', #2111, 0.01968503937007875723 ) ;
#2443 = CARTESIAN_POINT ( 'NONE',  ( 0.3031496062992126150, -0.03937007874015523851, 0.0000000000000000000 ) ) ;
#2444 = DIRECTION ( 'NONE',  ( 1.000000000000000000, 0.0000000000000000000, 0.0000000000000000000 ) ) ;
#2445 = DIRECTION ( 'NONE',  ( 1.000000000000000000, 0.0000000000000000000, 0.0000000000000000000 ) ) ;
#2446 = DIRECTION ( 'NONE',  ( 1.000000000000000000, 0.0000000000000000000, 0.0000000000000000000 ) ) ;
#2447 = AXIS2_PLACEMENT_3D ( 'NONE', #4254, #3033, #722 ) ;
#2448 = EDGE_CURVE ( 'NONE', #4479, #3661, #3997, .T. ) ;
#2449 = EDGE_CURVE ( 'NONE', #56, #2112, #1815, .T. ) ;
#2450 = ORIENTED_EDGE ( 'NONE', *, *, #2813, .T. ) ;
#2451 = ADVANCED_FACE ( 'NONE', ( #1860 ), #4530, .T. ) ;
#2452 = ORIENTED_EDGE ( 'NONE', *, *, #3566, .T. ) ;
#2453 = ORIENTED_EDGE ( 'NONE', *, *, #4427, .F. ) ;
#2454 = EDGE_LOOP ( 'NONE', ( #4609, #2310, #1955, #4505 ) ) ;
#2455 = FACE_OUTER_BOUND ( 'NONE', #2333, .T. ) ;
#2456 = CARTESIAN_POINT ( 'NONE',  ( 0.4113517303212779752, -0.03937007874015747977, 0.0000000000000000000 ) ) ;
#2457 = ORIENTED_EDGE ( 'NONE', *, *, #2227, .T. ) ;
#2458 = DIRECTION ( 'NONE',  ( -1.000000000000000000, 0.0000000000000000000, 0.0000000000000000000 ) ) ;
#2459 = ORIENTED_EDGE ( 'NONE', *, *, #385, .F. ) ;
#2460 = DIRECTION ( 'NONE',  ( 0.0000000000000000000, 0.0000000000000000000, 1.000000000000000000 ) ) ;
#2461 = FACE_OUTER_BOUND ( 'NONE', #181, .T. ) ;
#2462 = ORIENTED_EDGE ( 'NONE', *, *, #4682, .F. ) ;
#2463 = CARTESIAN_POINT ( 'NONE',  ( 0.4803149606299212948, 0.2263779527559055260, -1.496062992125984259 ) ) ;
#2464 = FACE_OUTER_BOUND ( 'NONE', #3454, .T. ) ;
#2465 = DIRECTION ( 'NONE',  ( 0.0000000000000000000, 0.0000000000000000000, 1.000000000000000000 ) ) ;
#2466 = CYLINDRICAL_SURFACE ( 'NONE', #3466, 0.05118110236220714537 ) ;
#2467 = VECTOR ( 'NONE', #1238, 39.37007874015748143 ) ;
#2468 = VERTEX_POINT ( 'NONE', #3391 ) ;
#2469 = CARTESIAN_POINT ( 'NONE',  ( -0.5533266113625984195, -0.07318325573254566563, 0.0000000000000000000 ) ) ;
#2470 = EDGE_CURVE ( 'NONE', #4193, #580, #1333, .T. ) ;
#2471 = CARTESIAN_POINT ( 'NONE',  ( -0.4113517303212779752, 0.03937007874015747977, -0.4330708661417322913 ) ) ;
#2472 = CIRCLE ( 'NONE', #2394, 0.06299212598425199539 ) ;
#2473 = AXIS2_PLACEMENT_3D ( 'NONE', #3758, #3240, #2458 ) ;
#2474 =( NAMED_UNIT ( * ) SI_UNIT ( $, .STERADIAN. ) SOLID_ANGLE_UNIT ( ) );
#2475 = ADVANCED_FACE ( 'NONE', ( #1835 ), #132, .T. ) ;
#2476 = ORIENTED_EDGE ( 'NONE', *, *, #2749, .T. ) ;
#2477 = VECTOR ( 'NONE', #861, 39.37007874015748143 ) ;
#2478 = ORIENTED_EDGE ( 'NONE', *, *, #1976, .T. ) ;
#2479 = CARTESIAN_POINT ( 'NONE',  ( -0.3031496062992126150, -0.03937007874015523851, -1.496062992125984259 ) ) ;
#2480 = CARTESIAN_POINT ( 'NONE',  ( 0.6791338582677166613, 0.2263779527559055260, 0.0000000000000000000 ) ) ;
#2481 = CIRCLE ( 'NONE', #1006, 0.06299212598425199539 ) ;
#2482 = VECTOR ( 'NONE', #4081, 39.37007874015748143 ) ;
#2483 = ORIENTED_EDGE ( 'NONE', *, *, #388, .F. ) ;
#2484 = DIRECTION ( 'NONE',  ( 0.0000000000000000000, 0.0000000000000000000, 1.000000000000000000 ) ) ;
#2485 = EDGE_LOOP ( 'NONE', ( #1188, #4335, #2033, #1083 ) ) ;
#2486 = CIRCLE ( 'NONE', #4185, 0.01181102362204724046 ) ;
#2487 = LINE ( 'NONE', #3632, #3787 ) ;
#2488 = PLANE ( 'NONE',  #193 ) ;
#2489 = DIRECTION ( 'NONE',  ( 0.0000000000000000000, 0.0000000000000000000, -1.000000000000000000 ) ) ;
#2490 = MECHANICAL_DESIGN_GEOMETRIC_PRESENTATION_REPRESENTATION (  '', ( #3943 ), #3141 ) ;
#2491 = AXIS2_PLACEMENT_3D ( 'NONE', #163, #1336, #4360 ) ;
#2492 = DIRECTION ( 'NONE',  ( 0.0000000000000000000, 0.0000000000000000000, 1.000000000000000000 ) ) ;
#2493 = DIRECTION ( 'NONE',  ( 0.0000000000000000000, 0.0000000000000000000, 1.000000000000000000 ) ) ;
#2494 = CYLINDRICAL_SURFACE ( 'NONE', #1977, 0.01181102362204724046 ) ;
#2495 = DIRECTION ( 'NONE',  ( -1.000000000000000000, 0.0000000000000000000, 0.0000000000000000000 ) ) ;
#2496 = ORIENTED_EDGE ( 'NONE', *, *, #4977, .F. ) ;
#2497 = DIRECTION ( 'NONE',  ( 1.000000000000000000, 0.0000000000000000000, 0.0000000000000000000 ) ) ;
#2498 = DIRECTION ( 'NONE',  ( 0.0000000000000000000, 0.0000000000000000000, 1.000000000000000000 ) ) ;
#2499 = EDGE_CURVE ( 'NONE', #400, #408, #2070, .T. ) ;
#2500 = VERTEX_POINT ( 'NONE', #1062 ) ;
#2501 = VERTEX_POINT ( 'NONE', #3359 ) ;
#2502 = CARTESIAN_POINT ( 'NONE',  ( -0.6348951014050294717, -0.1223390747915279603, 0.0000000000000000000 ) ) ;
#2503 = CIRCLE ( 'NONE', #3151, 0.01181102362204724046 ) ;
#2504 = DIRECTION ( 'NONE',  ( 0.0000000000000000000, -1.000000000000000000, 0.0000000000000000000 ) ) ;
#2505 = EDGE_CURVE ( 'NONE', #49, #184, #3197, .T. ) ;
#2506 = EDGE_CURVE ( 'NONE', #714, #4203, #684, .T. ) ;
#2507 = ORIENTED_EDGE ( 'NONE', *, *, #3920, .T. ) ;
#2508 = AXIS2_PLACEMENT_3D ( 'NONE', #1243, #4370, #2419 ) ;
#2509 = ORIENTED_EDGE ( 'NONE', *, *, #12, .T. ) ;
#2510 = CIRCLE ( 'NONE', #4774, 0.01181102362204724046 ) ;
#2511 = CARTESIAN_POINT ( 'NONE',  ( 0.4615223160925054913, 0.09485509368060747459, -1.496062992125984259 ) ) ;
#2512 = CARTESIAN_POINT ( 'NONE',  ( 0.5196850393700787052, 0.09739619588073188117, -1.496062992125984259 ) ) ;
#2513 = EDGE_CURVE ( 'NONE', #3293, #3620, #2257, .T. ) ;
#2514 = DIRECTION ( 'NONE',  ( 0.0000000000000000000, 0.0000000000000000000, 1.000000000000000000 ) ) ;
#2515 = LENGTH_MEASURE_WITH_UNIT ( LENGTH_MEASURE( 0.02539999999999999897 ), #4714 );
#2516 = ORIENTED_EDGE ( 'NONE', *, *, #4017, .F. ) ;
#2517 = VECTOR ( 'NONE', #2524, 39.37007874015748143 ) ;
#2518 = DIRECTION ( 'NONE',  ( -1.000000000000000000, 0.0000000000000000000, 0.0000000000000000000 ) ) ;
#2519 = CARTESIAN_POINT ( 'NONE',  ( -0.4261811023622047445, -0.2263779527559055260, 0.0000000000000000000 ) ) ;
#2520 = VECTOR ( 'NONE', #1166, 39.37007874015748143 ) ;
#2521 = VERTEX_POINT ( 'NONE', #306 ) ;
#2522 = AXIS2_PLACEMENT_3D ( 'NONE', #4080, #4158, #3410 ) ;
#2523 = DIRECTION ( 'NONE',  ( 1.000000000000000000, 0.0000000000000000000, 0.0000000000000000000 ) ) ;
#2524 = DIRECTION ( 'NONE',  ( -0.8090169943749434545, -0.5877852522924785772, 0.0000000000000000000 ) ) ;
#2525 = EDGE_LOOP ( 'NONE', ( #2646, #4168, #2048, #2290 ) ) ;
#2526 = ORIENTED_EDGE ( 'NONE', *, *, #260, .F. ) ;
#2527 = EDGE_CURVE ( 'NONE', #3675, #3648, #4948, .T. ) ;
#2528 = VERTEX_POINT ( 'NONE', #1309 ) ;
#2529 = DIRECTION ( 'NONE',  ( 0.0000000000000000000, 0.0000000000000000000, -1.000000000000000000 ) ) ;
#2530 = CARTESIAN_POINT ( 'NONE',  ( 0.0000000000000000000, 0.05905511811023622659, -0.8464566929133858775 ) ) ;
#2531 = ORIENTED_EDGE ( 'NONE', *, *, #4613, .F. ) ;
#2532 = ORIENTED_EDGE ( 'NONE', *, *, #4307, .F. ) ;
#2533 =( CONVERSION_BASED_UNIT ( 'INCH', #3655 ) LENGTH_UNIT ( ) NAMED_UNIT ( #1081 ) );
#2534 = DIRECTION ( 'NONE',  ( -1.000000000000000000, 5.295027878066720598E-16, 0.0000000000000000000 ) ) ;
#2535 = ADVANCED_FACE ( 'NONE', ( #255 ), #4144, .F. ) ;
#2536 = DIRECTION ( 'NONE',  ( 0.0000000000000000000, 0.0000000000000000000, 1.000000000000000000 ) ) ;
#2537 = EDGE_CURVE ( 'NONE', #4852, #168, #2198, .T. ) ;
#2538 = CARTESIAN_POINT ( 'NONE',  ( 0.4615223160925054913, 0.09485509368060747459, 0.0000000000000000000 ) ) ;
#2539 = CARTESIAN_POINT ( 'NONE',  ( -0.5602822563229370445, 0.08272889778461713084, -1.496062992125984259 ) ) ;
#2540 = EDGE_LOOP ( 'NONE', ( #1099, #3233, #1784, #2579 ) ) ;
#2541 = EDGE_CURVE ( 'NONE', #3063, #4603, #2637, .T. ) ;
#2542 = CARTESIAN_POINT ( 'NONE',  ( -0.6791338582677166613, -0.1118343365560181130, -1.496062992125984259 ) ) ;
#2543 = DIRECTION ( 'NONE',  ( 0.0000000000000000000, 0.0000000000000000000, -1.000000000000000000 ) ) ;
#2544 = DIRECTION ( 'NONE',  ( 0.0000000000000000000, 0.0000000000000000000, 1.000000000000000000 ) ) ;
#2545 = EDGE_LOOP ( 'NONE', ( #4319, #419, #3748, #1361, #243, #4517, #208, #238, #1044, #793, #2082, #1558, #2387, #2478, #5023, #2977, #2702, #2932, #950, #847, #772, #2980, #3324, #1758, #349, #1378, #1344, #1021, #860, #2928, #2679, #4834, #4, #4313, #605, #2933, #1539, #1427, #862, #1985, #1660, #2121, #2314, #2196, #3239, #3891, #2779, #565, #3945, #2862, #4179, #3018, #1164, #2428, #1920, #934, #1120, #1577, #93, #1449, #795, #3386 ) ) ;
#2546 = CARTESIAN_POINT ( 'NONE',  ( 0.5000000000000000000, 1.468368296594541258E-15, 0.0000000000000000000 ) ) ;
#2547 = CARTESIAN_POINT ( 'NONE',  ( 0.4261811023622047445, -0.2263779527559055260, 0.0000000000000000000 ) ) ;
#2548 = EDGE_LOOP ( 'NONE', ( #2952, #2496, #3975, #108 ) ) ;
#2549 = ORIENTED_EDGE ( 'NONE', *, *, #1756, .T. ) ;
#2550 = ORIENTED_EDGE ( 'NONE', *, *, #3479, .F. ) ;
#2551 = DIRECTION ( 'NONE',  ( 0.6427876096865529076, -0.7660444431189666892, 0.0000000000000000000 ) ) ;
#2552 = PLANE ( 'NONE',  #598 ) ;
#2553 = AXIS2_PLACEMENT_3D ( 'NONE', #4504, #4900, #1428 ) ;
#2554 = ORIENTED_EDGE ( 'NONE', *, *, #3808, .T. ) ;
#2555 = ORIENTED_EDGE ( 'NONE', *, *, #3781, .F. ) ;
#2556 = ORIENTED_EDGE ( 'NONE', *, *, #3442, .T. ) ;
#2557 = PRESENTATION_STYLE_ASSIGNMENT (( #2232 ) ) ;
#2558 = CIRCLE ( 'NONE', #770, 0.01181102362204724046 ) ;
#2559 = CARTESIAN_POINT ( 'NONE',  ( 0.4524745470792889690, 0.08726311403864035754, -1.496062992125984259 ) ) ;
#2560 = CARTESIAN_POINT ( 'NONE',  ( 0.5497918511573290923, -0.01184385061273604371, -1.496062992125984259 ) ) ;
#2561 = AXIS2_PLACEMENT_3D ( 'NONE', #1472, #1446, #1854 ) ;
#2562 = ORIENTED_EDGE ( 'NONE', *, *, #538, .F. ) ;
#2563 = EDGE_CURVE ( 'NONE', #2830, #3136, #4090, .T. ) ;
#2564 = SURFACE_STYLE_FILL_AREA ( #4916 ) ;
#2565 = DIRECTION ( 'NONE',  ( -1.000000000000000000, 0.0000000000000000000, 0.0000000000000000000 ) ) ;
#2566 =( NAMED_UNIT ( * ) SI_UNIT ( $, .STERADIAN. ) SOLID_ANGLE_UNIT ( ) );
#2567 = DIRECTION ( 'NONE',  ( 0.0000000000000000000, 0.0000000000000000000, 1.000000000000000000 ) ) ;
#2568 = DIRECTION ( 'NONE',  ( -0.0000000000000000000, -1.000000000000000000, -0.0000000000000000000 ) ) ;
#2569 = ADVANCED_FACE ( 'NONE', ( #3263 ), #4877, .T. ) ;
#2570 = AXIS2_PLACEMENT_3D ( 'NONE', #1285, #947, #2099 ) ;
#2571 = ORIENTED_EDGE ( 'NONE', *, *, #2386, .F. ) ;
#2572 = DIRECTION ( 'NONE',  ( -1.000000000000000000, 0.0000000000000000000, 0.0000000000000000000 ) ) ;
#2573 = DIRECTION ( 'NONE',  ( 0.0000000000000000000, 1.000000000000000000, 0.0000000000000000000 ) ) ;
#2574 = EDGE_CURVE ( 'NONE', #1046, #3599, #2976, .T. ) ;
#2575 = CARTESIAN_POINT ( 'NONE',  ( -0.5000000000000000000, 7.205249083289488692E-15, -1.496062992125984259 ) ) ;
#2576 = ORIENTED_EDGE ( 'NONE', *, *, #1969, .T. ) ;
#2577 = CARTESIAN_POINT ( 'NONE',  ( -0.3405511811023622104, 0.2263779527559055260, -1.496062992125984259 ) ) ;
#2578 = CARTESIAN_POINT ( 'NONE',  ( 0.6791338582677166613, -0.2263779527559055260, -1.496062992125984259 ) ) ;
#2579 = ORIENTED_EDGE ( 'NONE', *, *, #5000, .F. ) ;
#2580 = ORIENTED_EDGE ( 'NONE', *, *, #4971, .F. ) ;
#2581 =( LENGTH_UNIT ( ) NAMED_UNIT ( * ) SI_UNIT ( $, .METRE. ) );
#2582 = AXIS2_PLACEMENT_3D ( 'NONE', #758, #3417, #2694 ) ;
#2583 = CARTESIAN_POINT ( 'NONE',  ( -0.4773622047244094890, -0.09982760730931281024, 0.0000000000000000000 ) ) ;
#2584 = PLANE ( 'NONE',  #4008 ) ;
#2585 = DIRECTION ( 'NONE',  ( 0.0000000000000000000, 0.0000000000000000000, 1.000000000000000000 ) ) ;
#2586 = EDGE_LOOP ( 'NONE', ( #1700, #2576, #1237, #4386, #4459, #4679, #4630, #1436 ) ) ;
#2587 = DIRECTION ( 'NONE',  ( 0.0000000000000000000, -1.000000000000000000, 0.0000000000000000000 ) ) ;
#2588 = EDGE_CURVE ( 'NONE', #3113, #1586, #812, .T. ) ;
#2589 = VECTOR ( 'NONE', #4656, 39.37007874015748143 ) ;
#2590 = DIRECTION ( 'NONE',  ( 1.000000000000000000, 0.0000000000000000000, 0.0000000000000000000 ) ) ;
#2591 = DIRECTION ( 'NONE',  ( -1.000000000000000000, -5.295027878066710738E-16, 0.0000000000000000000 ) ) ;
#2592 = CIRCLE ( 'NONE', #558, 0.05118110236220714537 ) ;
#2593 = CARTESIAN_POINT ( 'NONE',  ( 0.2637795275590551491, -0.1200833700006795346, -1.496062992125984259 ) ) ;
#2594 = PRESENTATION_STYLE_ASSIGNMENT (( #4527 ) ) ;
#2595 = ADVANCED_FACE ( 'NONE', ( #19 ), #2374, .T. ) ;
#2596 = AXIS2_PLACEMENT_3D ( 'NONE', #678, #3735, #1474 ) ;
#2597 = EDGE_CURVE ( 'NONE', #1834, #714, #1253, .T. ) ;
#2598 = ORIENTED_EDGE ( 'NONE', *, *, #2726, .T. ) ;
#2599 = CARTESIAN_POINT ( 'NONE',  ( 0.4242504542701393544, -0.04961373520258826469, -1.496062992125984259 ) ) ;
#2600 = CIRCLE ( 'NONE', #1300, 0.01181102362204703576 ) ;
#2601 = ADVANCED_FACE ( 'NONE', ( #3546 ), #1556, .T. ) ;
#2602 = ORIENTED_EDGE ( 'NONE', *, *, #4046, .F. ) ;
#2603 = ORIENTED_EDGE ( 'NONE', *, *, #1510, .T. ) ;
#2604 = DIRECTION ( 'NONE',  ( 0.0000000000000000000, -1.000000000000000000, 0.0000000000000000000 ) ) ;
#2605 = CARTESIAN_POINT ( 'NONE',  ( -0.3031496062992126150, -0.05118110236220244080, 0.0000000000000000000 ) ) ;
#2606 = EDGE_LOOP ( 'NONE', ( #921, #3044, #176, #4041 ) ) ;
#2607 = ORIENTED_EDGE ( 'NONE', *, *, #1656, .F. ) ;
#2608 = ORIENTED_EDGE ( 'NONE', *, *, #1230, .T. ) ;
#2609 = DIRECTION ( 'NONE',  ( -1.000000000000000000, 0.0000000000000000000, 0.0000000000000000000 ) ) ;
#2610 = CARTESIAN_POINT ( 'NONE',  ( -0.2519685039370078705, -0.1318943936227267855, -1.496062992125984259 ) ) ;
#2611 = CARTESIAN_POINT ( 'NONE',  ( -0.3433144357111932998, 0.1561060993681155917, -1.496062992125984259 ) ) ;
#2612 = DIRECTION ( 'NONE',  ( 1.412527898055806035E-15, -1.000000000000000000, 0.0000000000000000000 ) ) ;
#2613 = VERTEX_POINT ( 'NONE', #2645 ) ;
#2614 = LINE ( 'NONE', #1134, #4001 ) ;
#2615 = LENGTH_MEASURE_WITH_UNIT ( LENGTH_MEASURE( 0.02539999999999999897 ), #2965 );
#2616 = CARTESIAN_POINT ( 'NONE',  ( -0.2519685039370078705, -0.06890226763847540070, -1.496062992125984259 ) ) ;
#2617 = DIRECTION ( 'NONE',  ( 1.000000000000000000, 0.0000000000000000000, 0.0000000000000000000 ) ) ;
#2618 = CARTESIAN_POINT ( 'NONE',  ( 0.2519685039370078705, -0.2263779527559055260, -1.496062992125984259 ) ) ;
#2619 = DIMENSIONAL_EXPONENTS ( 1.000000000000000000, 0.0000000000000000000, 0.0000000000000000000, 0.0000000000000000000, 0.0000000000000000000, 0.0000000000000000000, 0.0000000000000000000 ) ;
#2620 = LINE ( 'NONE', #2998, #4546 ) ;
#2621 = DIRECTION ( 'NONE',  ( -0.8090169943749386805, 0.5877852522924849055, 0.0000000000000000000 ) ) ;
#2622 = DIRECTION ( 'NONE',  ( 0.0000000000000000000, 0.0000000000000000000, -1.000000000000000000 ) ) ;
#2623 = EDGE_CURVE ( 'NONE', #3661, #2964, #1984, .T. ) ;
#2624 = ORIENTED_EDGE ( 'NONE', *, *, #4615, .F. ) ;
#2625 = ORIENTED_EDGE ( 'NONE', *, *, #2122, .F. ) ;
#2626 = DIRECTION ( 'NONE',  ( 0.0000000000000000000, 0.0000000000000000000, 1.000000000000000000 ) ) ;
#2627 = CARTESIAN_POINT ( 'NONE',  ( 0.4215803768226693005, 0.04527559055118110520, -1.496062992125984259 ) ) ;
#2628 = EDGE_CURVE ( 'NONE', #3548, #1616, #1197, .T. ) ;
#2629 = AXIS2_PLACEMENT_3D ( 'NONE', #4371, #882, #3984 ) ;
#2630 = ORIENTED_EDGE ( 'NONE', *, *, #4274, .F. ) ;
#2631 = DIRECTION ( 'NONE',  ( 0.0000000000000000000, 0.0000000000000000000, 1.000000000000000000 ) ) ;
#2632 = VECTOR ( 'NONE', #2767, 39.37007874015748143 ) ;
#2633 = DIRECTION ( 'NONE',  ( 1.000000000000000000, 0.0000000000000000000, 0.0000000000000000000 ) ) ;
#2634 = DIRECTION ( 'NONE',  ( 1.000000000000000000, 0.0000000000000000000, 0.0000000000000000000 ) ) ;
#2635 = STYLED_ITEM ( 'NONE', ( #1129 ), #3534 ) ;
#2636 = PLANE ( 'NONE',  #1106 ) ;
#2637 = CIRCLE ( 'NONE', #846, 0.01968503937007872254 ) ;
#2638 = CARTESIAN_POINT ( 'NONE',  ( -0.2047244094488188948, -0.03937007874015523851, -1.496062992125984259 ) ) ;
#2639 = LENGTH_MEASURE_WITH_UNIT ( LENGTH_MEASURE( 0.02539999999999999897 ), #2664 );
#2640 = LINE ( 'NONE', #1876, #602 ) ;
#2641 = VECTOR ( 'NONE', #689, 39.37007874015748143 ) ;
#2642 = ORIENTED_EDGE ( 'NONE', *, *, #3178, .F. ) ;
#2643 = LINE ( 'NONE', #712, #4690 ) ;
#2644 = AXIS2_PLACEMENT_3D ( 'NONE', #1792, #3036, #2633 ) ;
#2645 = CARTESIAN_POINT ( 'NONE',  ( -0.5533266113625984195, 0.07318325573254587380, 0.0000000000000000000 ) ) ;
#2646 = ORIENTED_EDGE ( 'NONE', *, *, #98, .F. ) ;
#2647 = ORIENTED_EDGE ( 'NONE', *, *, #327, .T. ) ;
#2648 = AXIS2_PLACEMENT_3D ( 'NONE', #4315, #850, #86 ) ;
#2649 = EDGE_CURVE ( 'NONE', #1147, #3527, #3444, .T. ) ;
#2650 = CYLINDRICAL_SURFACE ( 'NONE', #2018, 0.01181102362204724046 ) ;
#2651 = CARTESIAN_POINT ( 'NONE',  ( 0.5000000000000000000, 1.468368296594541258E-15, -1.496062992125984259 ) ) ;
#2652 = LINE ( 'NONE', #4202, #4260 ) ;
#2653 = ORIENTED_EDGE ( 'NONE', *, *, #3310, .F. ) ;
#2654 = CARTESIAN_POINT ( 'NONE',  ( -0.2795275590551181133, -0.1200833700006795346, -1.496062992125984259 ) ) ;
#2655 = EDGE_CURVE ( 'NONE', #3675, #4424, #4501, .T. ) ;
#2656 = DIRECTION ( 'NONE',  ( 0.0000000000000000000, 0.0000000000000000000, 1.000000000000000000 ) ) ;
#2657 = ADVANCED_FACE ( 'NONE', ( #3866 ), #740, .T. ) ;
#2658 = ORIENTED_EDGE ( 'NONE', *, *, #3474, .F. ) ;
#2659 = CARTESIAN_POINT ( 'NONE',  ( 0.6397637795275591399, -0.2263779527559055260, -1.496062992125984259 ) ) ;
#2660 = CARTESIAN_POINT ( 'NONE',  ( -0.2519685039370078705, -0.2263779527559055260, 0.0000000000000000000 ) ) ;
#2661 = LINE ( 'NONE', #1569, #3757 ) ;
#2662 = EDGE_CURVE ( 'NONE', #1868, #4480, #4297, .T. ) ;
#2663 = CARTESIAN_POINT ( 'NONE',  ( -0.2125984251968504046, -0.2263779527559055260, -1.496062992125984259 ) ) ;
#2664 =( LENGTH_UNIT ( ) NAMED_UNIT ( * ) SI_UNIT ( $, .METRE. ) );
#2665 = DIRECTION ( 'NONE',  ( 0.0000000000000000000, 0.0000000000000000000, 1.000000000000000000 ) ) ;
#2666 = ORIENTED_EDGE ( 'NONE', *, *, #1688, .F. ) ;
#2667 = AXIS2_PLACEMENT_3D ( 'NONE', #2895, #2493, #247 ) ;
#2668 = DIRECTION ( 'NONE',  ( -0.0000000000000000000, -0.0000000000000000000, -1.000000000000000000 ) ) ;
#2669 = CYLINDRICAL_SURFACE ( 'NONE', #1607, 0.01181102362204724046 ) ;
#2670 = AXIS2_PLACEMENT_3D ( 'NONE', #3716, #659, #3942 ) ;
#2671 = EDGE_LOOP ( 'NONE', ( #2344, #3804, #3991, #3337, #3944, #3938, #3210, #1707, #3840, #3071, #3595, #2769, #4453, #3184, #2140, #2843, #2476, #2696, #3241, #4938, #3012, #3368, #2851, #4926, #3139, #2647, #1366, #4227, #1605, #1308, #2608, #4016, #4156, #3977, #1892, #387, #581, #3940, #276, #1482, #4997, #3497, #160, #2349, #2327, #3360, #4803, #969, #1405, #338, #4600, #4510, #3587, #2251, #2309, #721, #2166, #2908, #1119, #354, #1358 ) ) ;
#2672 = SURFACE_STYLE_FILL_AREA ( #1118 ) ;
#2673 = VERTEX_POINT ( 'NONE', #1602 ) ;
#2674 = AXIS2_PLACEMENT_3D ( 'NONE', #4802, #2425, #2035 ) ;
#2675 = EDGE_LOOP ( 'NONE', ( #65, #23, #3219, #379 ) ) ;
#2676 = CARTESIAN_POINT ( 'NONE',  ( -0.6348951014050294717, -0.1223390747915281684, -1.496062992125984259 ) ) ;
#2677 = PLANE ( 'NONE',  #4128 ) ;
#2678 = AXIS2_PLACEMENT_3D ( 'NONE', #3814, #3387, #627 ) ;
#2679 = ORIENTED_EDGE ( 'NONE', *, *, #99, .T. ) ;
#2680 = ORIENTED_EDGE ( 'NONE', *, *, #2994, .F. ) ;
#2681 = AXIS2_PLACEMENT_3D ( 'NONE', #3301, #4840, #1368 ) ;
#2682 = CARTESIAN_POINT ( 'NONE',  ( -0.6594488188976378451, 0.2263779527559055260, -1.496062992125984259 ) ) ;
#2683 = DIRECTION ( 'NONE',  ( 0.0000000000000000000, 0.0000000000000000000, 1.000000000000000000 ) ) ;
#2684 = ORIENTED_EDGE ( 'NONE', *, *, #656, .T. ) ;
#2685 = CARTESIAN_POINT ( 'NONE',  ( -0.6397637795275591399, -0.2263779527559055260, -1.496062992125984259 ) ) ;
#2686 = CYLINDRICAL_SURFACE ( 'NONE', #4914, 0.09055118110236221041 ) ;
#2687 = ADVANCED_FACE ( 'NONE', ( #1172 ), #4576, .T. ) ;
#2688 = CARTESIAN_POINT ( 'NONE',  ( -0.2795275590551181133, -0.1082723463786324780, 0.0000000000000000000 ) ) ;
#2689 = ADVANCED_FACE ( 'NONE', ( #887 ), #4401, .T. ) ;
#2690 = CARTESIAN_POINT ( 'NONE',  ( -0.3799212598425197318, 0.2263779527559055260, 0.0000000000000000000 ) ) ;
#2691 = CARTESIAN_POINT ( 'NONE',  ( -0.6791338582677166613, -0.1118343365560181130, -1.496062992125984259 ) ) ;
#2692 = EDGE_CURVE ( 'NONE', #2200, #381, #2153, .T. ) ;
#2693 = VERTEX_POINT ( 'NONE', #4322 ) ;
#2694 = DIRECTION ( 'NONE',  ( 1.000000000000000000, 0.0000000000000000000, 0.0000000000000000000 ) ) ;
#2695 = ORIENTED_EDGE ( 'NONE', *, *, #2588, .T. ) ;
#2696 = ORIENTED_EDGE ( 'NONE', *, *, #98, .T. ) ;
#2697 = ORIENTED_EDGE ( 'NONE', *, *, #3246, .F. ) ;
#2698 = DIRECTION ( 'NONE',  ( 1.000000000000000000, 0.0000000000000000000, 0.0000000000000000000 ) ) ;
#2699 = FILL_AREA_STYLE_COLOUR ( '', #4216 ) ;
#2700 = CARTESIAN_POINT ( 'NONE',  ( -0.4232751386348622136, 0.04809170456048598302, 0.0000000000000000000 ) ) ;
#2701 = ORIENTED_EDGE ( 'NONE', *, *, #3501, .F. ) ;
#2702 = ORIENTED_EDGE ( 'NONE', *, *, #2061, .T. ) ;
#2703 = CARTESIAN_POINT ( 'NONE',  ( 0.2125984251968504046, -0.2263779527559055260, -1.496062992125984259 ) ) ;
#2704 = CARTESIAN_POINT ( 'NONE',  ( 0.6279527559055118058, -0.1318943936227279512, 0.0000000000000000000 ) ) ;
#2705 = PLANE ( 'NONE',  #2879 ) ;
#2706 = FACE_OUTER_BOUND ( 'NONE', #3964, .T. ) ;
#2707 = LINE ( 'NONE', #1190, #4599 ) ;
#2708 = AXIS2_PLACEMENT_3D ( 'NONE', #3436, #4521, #1027 ) ;
#2709 = CARTESIAN_POINT ( 'NONE',  ( -0.2322834645669291376, -0.2263779527559055260, 0.0000000000000000000 ) ) ;
#2710 = DIRECTION ( 'NONE',  ( 1.508455196501569950E-16, 0.0000000000000000000, -1.000000000000000000 ) ) ;
#2711 = CYLINDRICAL_SURFACE ( 'NONE', #690, 0.01181102362204724046 ) ;
#2712 = EDGE_CURVE ( 'NONE', #2069, #1098, #935, .T. ) ;
#2713 = CIRCLE ( 'NONE', #680, 0.01181102362204724046 ) ;
#2714 = VECTOR ( 'NONE', #3668, 39.37007874015748143 ) ;
#2715 = VERTEX_POINT ( 'NONE', #2469 ) ;
#2716 = ADVANCED_FACE ( 'NONE', ( #455 ), #1322, .F. ) ;
#2717 = CARTESIAN_POINT ( 'NONE',  ( -0.6397637795275591399, -0.1318943936227277569, -1.496062992125984259 ) ) ;
#2718 = ADVANCED_FACE ( 'NONE', ( #149 ), #528, .F. ) ;
#2719 = AXIS2_PLACEMENT_3D ( 'NONE', #3006, #610, #3718 ) ;
#2720 = CIRCLE ( 'NONE', #3373, 0.01181102362204724046 ) ;
#2721 = EDGE_CURVE ( 'NONE', #1429, #3077, #1506, .T. ) ;
#2722 = CIRCLE ( 'NONE', #2155, 0.01968503937007875723 ) ;
#2723 = ORIENTED_EDGE ( 'NONE', *, *, #2386, .T. ) ;
#2724 = CARTESIAN_POINT ( 'NONE',  ( -0.5000000000000000000, -5.335640612625512173E-19, -1.496062992125984259 ) ) ;
#2725 = ORIENTED_EDGE ( 'NONE', *, *, #4270, .F. ) ;
#2726 = EDGE_CURVE ( 'NONE', #2916, #4578, #1259, .T. ) ;
#2727 = DIRECTION ( 'NONE',  ( 1.000000000000000000, 0.0000000000000000000, 0.0000000000000000000 ) ) ;
#2728 = ORIENTED_EDGE ( 'NONE', *, *, #2972, .T. ) ;
#2729 = CARTESIAN_POINT ( 'NONE',  ( 0.4655511811023622104, -0.2263779527559055260, -1.496062992125984259 ) ) ;
#2730 = DIRECTION ( 'NONE',  ( 0.0000000000000000000, 0.0000000000000000000, -1.000000000000000000 ) ) ;
#2731 = EDGE_LOOP ( 'NONE', ( #4096, #4475, #1673, #3406 ) ) ;
#2732 = ORIENTED_EDGE ( 'NONE', *, *, #3091, .F. ) ;
#2733 = VECTOR ( 'NONE', #4567, 39.37007874015748143 ) ;
#2734 = DIRECTION ( 'NONE',  ( -0.6427876096865430267, -0.7660444431189750158, 0.0000000000000000000 ) ) ;
#2735 = CARTESIAN_POINT ( 'NONE',  ( 0.2637795275590551491, -0.1200833700006795346, -1.496062992125984259 ) ) ;
#2736 = VERTEX_POINT ( 'NONE', #1627 ) ;
#2737 = CARTESIAN_POINT ( 'NONE',  ( 0.3433144357111932998, 0.1561060993681155917, -1.496062992125984259 ) ) ;
#2738 = CYLINDRICAL_SURFACE ( 'NONE', #125, 0.09055118110235926832 ) ;
#2739 = PLANE ( 'NONE',  #325 ) ;
#2740 = CARTESIAN_POINT ( 'NONE',  ( 0.0000000000000000000, -0.03937007874015523851, -0.7834645669291339098 ) ) ;
#2741 = DIRECTION ( 'NONE',  ( 1.000000000000000000, 0.0000000000000000000, 0.0000000000000000000 ) ) ;
#2742 = EDGE_CURVE ( 'NONE', #1098, #3443, #599, .T. ) ;
#2743 = DIRECTION ( 'NONE',  ( 0.0000000000000000000, 0.0000000000000000000, 1.000000000000000000 ) ) ;
#2744 = DIRECTION ( 'NONE',  ( 0.0000000000000000000, 0.0000000000000000000, 1.000000000000000000 ) ) ;
#2745 = CIRCLE ( 'NONE', #1768, 0.05118110236220468900 ) ;
#2746 = ORIENTED_EDGE ( 'NONE', *, *, #4298, .T. ) ;
#2747 = SURFACE_STYLE_USAGE ( .BOTH. , #4680 ) ;
#2748 = VERTEX_POINT ( 'NONE', #3988 ) ;
#2749 = EDGE_CURVE ( 'NONE', #1384, #2951, #4896, .T. ) ;
#2750 = CARTESIAN_POINT ( 'NONE',  ( -0.6673228346456693272, 0.1118343365560181130, -1.496062992125984259 ) ) ;
#2751 = EDGE_CURVE ( 'NONE', #2264, #1473, #177, .T. ) ;
#2752 = EDGE_LOOP ( 'NONE', ( #4633, #213, #1517, #1508 ) ) ;
#2753 = PLANE ( 'NONE',  #3889 ) ;
#2754 = AXIS2_PLACEMENT_3D ( 'NONE', #4635, #3895, #2698 ) ;
#2755 = ADVANCED_FACE ( 'NONE', ( #3156 ), #1245, .T. ) ;
#2756 = ORIENTED_EDGE ( 'NONE', *, *, #3269, .T. ) ;
#2757 = AXIS2_PLACEMENT_3D ( 'NONE', #2925, #3309, #578 ) ;
#2758 = ORIENTED_EDGE ( 'NONE', *, *, #4146, .F. ) ;
#2759 = ORIENTED_EDGE ( 'NONE', *, *, #1544, .F. ) ;
#2760 = PLANE ( 'NONE',  #3960 ) ;
#2761 = CIRCLE ( 'NONE', #560, 0.01181102362204724046 ) ;
#2762 = ORIENTED_EDGE ( 'NONE', *, *, #356, .T. ) ;
#2763 = CARTESIAN_POINT ( 'NONE',  ( -0.2401574803149606474, -0.08071329126052262382, 0.0000000000000000000 ) ) ;
#2764 = CARTESIAN_POINT ( 'NONE',  ( -0.3405511811023622104, 0.2263779527559055260, 0.0000000000000000000 ) ) ;
#2765 = AXIS2_PLACEMENT_3D ( 'NONE', #1720, #3585, #194 ) ;
#2766 = DIRECTION ( 'NONE',  ( 0.0000000000000000000, 0.0000000000000000000, -1.000000000000000000 ) ) ;
#2767 = DIRECTION ( 'NONE',  ( 0.0000000000000000000, -1.000000000000000000, 0.0000000000000000000 ) ) ;
#2768 = DIRECTION ( 'NONE',  ( 0.0000000000000000000, -1.000000000000000000, 0.0000000000000000000 ) ) ;
#2769 = ORIENTED_EDGE ( 'NONE', *, *, #1888, .T. ) ;
#2770 = DIRECTION ( 'NONE',  ( 0.0000000000000000000, 0.0000000000000000000, 1.000000000000000000 ) ) ;
#2771 = CARTESIAN_POINT ( 'NONE',  ( -0.4655511811023622104, -0.09982760730931281024, -1.496062992125984259 ) ) ;
#2772 = VERTEX_POINT ( 'NONE', #4130 ) ;
#2773 = PRESENTATION_STYLE_ASSIGNMENT (( #2056 ) ) ;
#2774 = VERTEX_POINT ( 'NONE', #245 ) ;
#2775 = CARTESIAN_POINT ( 'NONE',  ( -0.6742651801451869931, -0.1022790177248179139, -1.496062992125984259 ) ) ;
#2776 = ORIENTED_EDGE ( 'NONE', *, *, #1533, .F. ) ;
#2777 = CARTESIAN_POINT ( 'NONE',  ( 0.2795275590551181133, -0.1200833700006795346, -1.496062992125984259 ) ) ;
#2778 = EDGE_CURVE ( 'NONE', #4480, #1601, #3202, .T. ) ;
#2779 = ORIENTED_EDGE ( 'NONE', *, *, #1725, .T. ) ;
#2780 = ORIENTED_EDGE ( 'NONE', *, *, #4046, .T. ) ;
#2781 = CARTESIAN_POINT ( 'NONE',  ( -0.6594488188976378451, 0.2263779527559055260, 0.0000000000000000000 ) ) ;
#2782 = EDGE_CURVE ( 'NONE', #4118, #1798, #4867, .T. ) ;
#2783 = EDGE_CURVE ( 'NONE', #3475, #4171, #3272, .T. ) ;
#2784 = ORIENTED_EDGE ( 'NONE', *, *, #1973, .F. ) ;
#2785 = CARTESIAN_POINT ( 'NONE',  ( -0.6742651801451869931, -0.1022790177248179139, 0.0000000000000000000 ) ) ;
#2786 = FACE_OUTER_BOUND ( 'NONE', #3258, .T. ) ;
#2787 = CARTESIAN_POINT ( 'NONE',  ( -0.2047244094488188948, 0.05905511811023622659, -0.4330708661417322913 ) ) ;
#2788 = PLANE ( 'NONE',  #694 ) ;
#2789 = EDGE_CURVE ( 'NONE', #3548, #1788, #2157, .T. ) ;
#2790 =( GEOMETRIC_REPRESENTATION_CONTEXT ( 3 ) GLOBAL_UNCERTAINTY_ASSIGNED_CONTEXT ( ( #4748 ) ) GLOBAL_UNIT_ASSIGNED_CONTEXT ( ( #3559, #1191, #853 ) ) REPRESENTATION_CONTEXT ( 'NONE', 'WORKASPACE' ) );
#2791 = VECTOR ( 'NONE', #3171, 39.37007874015748143 ) ;
#2792 = DIRECTION ( 'NONE',  ( 1.000000000000000000, 0.0000000000000000000, 0.0000000000000000000 ) ) ;
#2793 = CARTESIAN_POINT ( 'NONE',  ( 0.2401574803149606474, -0.03937007874015523851, -1.496062992125984259 ) ) ;
#2794 = VECTOR ( 'NONE', #3724, 39.37007874015748143 ) ;
#2795 = SURFACE_STYLE_FILL_AREA ( #2031 ) ;
#2796 = ORIENTED_EDGE ( 'NONE', *, *, #2655, .T. ) ;
#2797 = VECTOR ( 'NONE', #103, 39.37007874015748143 ) ;
#2798 = AXIS2_PLACEMENT_3D ( 'NONE', #3913, #1981, #1145 ) ;
#2799 = FACE_OUTER_BOUND ( 'NONE', #2752, .T. ) ;
#2800 = AXIS2_PLACEMENT_3D ( 'NONE', #13, #3909, #4292 ) ;
#2801 = ORIENTED_EDGE ( 'NONE', *, *, #1976, .F. ) ;
#2802 = ORIENTED_EDGE ( 'NONE', *, *, #3992, .T. ) ;
#2803 = EDGE_CURVE ( 'NONE', #148, #1990, #2661, .T. ) ;
#2804 = VECTOR ( 'NONE', #167, 39.37007874015748143 ) ;
#2805 = DIRECTION ( 'NONE',  ( -1.089603340915474052E-15, 1.000000000000000000, 0.0000000000000000000 ) ) ;
#2806 = FACE_OUTER_BOUND ( 'NONE', #3824, .T. ) ;
#2807 = DIRECTION ( 'NONE',  ( 0.0000000000000000000, 0.0000000000000000000, -1.000000000000000000 ) ) ;
#2808 = CONICAL_SURFACE ( 'NONE', #3385, 0.04330708661417324162, 0.7853981633974412846 ) ;
#2809 = ORIENTED_EDGE ( 'NONE', *, *, #967, .F. ) ;
#2810 = CARTESIAN_POINT ( 'NONE',  ( 0.5497918511573290923, 0.01184385061273604371, -1.496062992125984259 ) ) ;
#2811 = ORIENTED_EDGE ( 'NONE', *, *, #4977, .T. ) ;
#2812 = EDGE_CURVE ( 'NONE', #4092, #3528, #24, .T. ) ;
#2813 = EDGE_CURVE ( 'NONE', #532, #2893, #363, .T. ) ;
#2814 = CARTESIAN_POINT ( 'NONE',  ( -0.2637795275590551491, -0.1318943936227267855, -1.496062992125984259 ) ) ;
#2815 = DIRECTION ( 'NONE',  ( 0.0000000000000000000, 0.0000000000000000000, -1.000000000000000000 ) ) ;
#2816 = ORIENTED_EDGE ( 'NONE', *, *, #1689, .F. ) ;
#2817 = EDGE_CURVE ( 'NONE', #780, #4122, #1904, .T. ) ;
#2818 = DIRECTION ( 'NONE',  ( 1.000000000000000000, 0.0000000000000000000, 0.0000000000000000000 ) ) ;
#2819 = DIRECTION ( 'NONE',  ( 4.010514564478714727E-16, -1.000000000000000000, 0.0000000000000000000 ) ) ;
#2820 = CARTESIAN_POINT ( 'NONE',  ( 0.4113517303212779752, 0.05118110236220472370, -1.496062992125984259 ) ) ;
#2821 = CARTESIAN_POINT ( 'NONE',  ( 0.6348951014050294717, 0.1223390747915281684, 0.0000000000000000000 ) ) ;
#2822 = ORIENTED_EDGE ( 'NONE', *, *, #3089, .F. ) ;
#2823 =( CONVERSION_BASED_UNIT ( 'INCH', #1274 ) LENGTH_UNIT ( ) NAMED_UNIT ( #4564 ) );
#2824 = VECTOR ( 'NONE', #2744, 39.37007874015748143 ) ;
#2825 = CARTESIAN_POINT ( 'NONE',  ( -0.2401574803149606474, -0.08071329126052262382, -1.496062992125984259 ) ) ;
#2826 = EDGE_LOOP ( 'NONE', ( #3280, #693 ) ) ;
#2827 = DIRECTION ( 'NONE',  ( 0.0000000000000000000, 0.0000000000000000000, -1.000000000000000000 ) ) ;
#2828 = VECTOR ( 'NONE', #4253, 39.37007874015748143 ) ;
#2829 = VERTEX_POINT ( 'NONE', #3094 ) ;
#2830 = VERTEX_POINT ( 'NONE', #4734 ) ;
#2831 = VECTOR ( 'NONE', #3236, 39.37007874015748143 ) ;
#2832 = VECTOR ( 'NONE', #4704, 39.37007874015748143 ) ;
#2833 = CARTESIAN_POINT ( 'NONE',  ( 0.2244094488188976555, -0.09252431488256988856, -1.496062992125984259 ) ) ;
#2834 = CARTESIAN_POINT ( 'NONE',  ( 0.5672246018224543773, 0.07317357895341712604, -1.496062992125984259 ) ) ;
#2835 = CIRCLE ( 'NONE', #3651, 0.05118110236220728415 ) ;
#2836 = ORIENTED_EDGE ( 'NONE', *, *, #4361, .F. ) ;
#2837 = FACE_OUTER_BOUND ( 'NONE', #1802, .T. ) ;
#2838 = ORIENTED_EDGE ( 'NONE', *, *, #189, .F. ) ;
#2839 = FACE_OUTER_BOUND ( 'NONE', #892, .T. ) ;
#2840 = AXIS2_PLACEMENT_3D ( 'NONE', #2750, #457, #3869 ) ;
#2841 = CARTESIAN_POINT ( 'NONE',  ( -0.4113517303212779752, -0.05118110236220472370, 0.0000000000000000000 ) ) ;
#2842 = DIRECTION ( 'NONE',  ( 1.000000000000000000, 0.0000000000000000000, 0.0000000000000000000 ) ) ;
#2843 = ORIENTED_EDGE ( 'NONE', *, *, #230, .T. ) ;
#2844 = CIRCLE ( 'NONE', #3173, 0.05118110236220468900 ) ;
#2845 = EDGE_CURVE ( 'NONE', #1868, #912, #115, .T. ) ;
#2846 = DIRECTION ( 'NONE',  ( 1.000000000000000000, 0.0000000000000000000, 0.0000000000000000000 ) ) ;
#2847 = CARTESIAN_POINT ( 'NONE',  ( 0.2913385826771653919, -0.05118110236220244080, -1.496062992125984259 ) ) ;
#2848 = CARTESIAN_POINT ( 'NONE',  ( -0.5000000000000000000, 0.2263779527559055260, -1.496062992125984259 ) ) ;
#2849 = EDGE_CURVE ( 'NONE', #76, #3524, #141, .T. ) ;
#2850 = FACE_OUTER_BOUND ( 'NONE', #2548, .T. ) ;
#2851 = ORIENTED_EDGE ( 'NONE', *, *, #2093, .T. ) ;
#2852 = DIRECTION ( 'NONE',  ( 0.0000000000000000000, 0.0000000000000000000, 1.000000000000000000 ) ) ;
#2853 = DIRECTION ( 'NONE',  ( 1.412527898055806035E-15, 1.000000000000000000, 0.0000000000000000000 ) ) ;
#2854 = CARTESIAN_POINT ( 'NONE',  ( -0.5672246018224543773, 0.07317357895341693175, -1.496062992125984259 ) ) ;
#2855 = VERTEX_POINT ( 'NONE', #396 ) ;
#2856 = ORIENTED_EDGE ( 'NONE', *, *, #1319, .T. ) ;
#2857 = CARTESIAN_POINT ( 'NONE',  ( 0.2795275590551181133, -0.1082723463786324780, -1.496062992125984259 ) ) ;
#2858 = CYLINDRICAL_SURFACE ( 'NONE', #350, 0.06299212598425192600 ) ;
#2859 = DIRECTION ( 'NONE',  ( -1.000000000000000000, 0.0000000000000000000, 0.0000000000000000000 ) ) ;
#2860 = EDGE_LOOP ( 'NONE', ( #576, #359, #4854, #4166 ) ) ;
#2861 = CARTESIAN_POINT ( 'NONE',  ( 0.2401574803149606474, -0.05118110236220244080, -1.496062992125984259 ) ) ;
#2862 = ORIENTED_EDGE ( 'NONE', *, *, #3253, .T. ) ;
#2863 = SURFACE_STYLE_USAGE ( .BOTH. , #1363 ) ;
#2864 = CARTESIAN_POINT ( 'NONE',  ( 0.0000000000000000000, -0.03937007874015523851, -0.7834645669291339098 ) ) ;
#2865 = DIRECTION ( 'NONE',  ( -1.000000000000000000, 0.0000000000000000000, 0.0000000000000000000 ) ) ;
#2866 = DIRECTION ( 'NONE',  ( 0.0000000000000000000, 0.0000000000000000000, -1.000000000000000000 ) ) ;
#2867 = DIRECTION ( 'NONE',  ( 0.0000000000000000000, 1.000000000000000000, 0.0000000000000000000 ) ) ;
#2868 = DIRECTION ( 'NONE',  ( 0.8090169943749430104, 0.5877852522924790213, 0.0000000000000000000 ) ) ;
#2869 = EDGE_CURVE ( 'NONE', #1385, #3547, #683, .T. ) ;
#2870 = VERTEX_POINT ( 'NONE', #2915 ) ;
#2871 = CARTESIAN_POINT ( 'NONE',  ( -0.6594488188976378451, 0.2263779527559055260, 0.0000000000000000000 ) ) ;
#2872 = UNCERTAINTY_MEASURE_WITH_UNIT (LENGTH_MEASURE( 1.000000000000000082E-05 ), #1796, 'distance_accuracy_value', 'NONE');
#2873 = ADVANCED_FACE ( 'NONE', ( #2850 ), #2054, .F. ) ;
#2874 = VERTEX_POINT ( 'NONE', #994 ) ;
#2875 = VECTOR ( 'NONE', #2992, 39.37007874015748143 ) ;
#2876 = PRESENTATION_STYLE_ASSIGNMENT (( #3525 ) ) ;
#2877 = EDGE_CURVE ( 'NONE', #580, #80, #2123, .T. ) ;
#2878 = ADVANCED_FACE ( 'NONE', ( #499 ), #2494, .F. ) ;
#2879 = AXIS2_PLACEMENT_3D ( 'NONE', #2682, #3530, #3827 ) ;
#2880 = ORIENTED_EDGE ( 'NONE', *, *, #3954, .T. ) ;
#2881 = AXIS2_PLACEMENT_3D ( 'NONE', #1299, #71, #4719 ) ;
#2882 = EDGE_CURVE ( 'NONE', #3768, #1399, #2133, .T. ) ;
#2883 = ORIENTED_EDGE ( 'NONE', *, *, #1787, .T. ) ;
#2884 = DIRECTION ( 'NONE',  ( 0.0000000000000000000, 0.0000000000000000000, 1.000000000000000000 ) ) ;
#2885 = DIRECTION ( 'NONE',  ( 0.0000000000000000000, 0.0000000000000000000, 1.000000000000000000 ) ) ;
#2886 = CIRCLE ( 'NONE', #198, 0.01181102362204724046 ) ;
#2887 = ORIENTED_EDGE ( 'NONE', *, *, #1724, .F. ) ;
#2888 = ORIENTED_EDGE ( 'NONE', *, *, #3026, .F. ) ;
#2889 = DIRECTION ( 'NONE',  ( 1.000000000000000000, 0.0000000000000000000, 0.0000000000000000000 ) ) ;
#2890 = DIRECTION ( 'NONE',  ( -1.000000000000000000, 0.0000000000000000000, 0.0000000000000000000 ) ) ;
#2891 = CARTESIAN_POINT ( 'NONE',  ( -0.4261811023622047445, -0.2263779527559055260, -1.496062992125984259 ) ) ;
#2892 = COLOUR_RGB ( '',0.8000000000000000444, 0.8078431372549019773, 0.8000000000000000444 ) ;
#2893 = VERTEX_POINT ( 'NONE', #977 ) ;
#2894 = MECHANICAL_DESIGN_GEOMETRIC_PRESENTATION_REPRESENTATION (  '', ( #701 ), #4104 ) ;
#2895 = CARTESIAN_POINT ( 'NONE',  ( 0.5000000000000000000, 1.468368296594541258E-15, -0.3149606299212598381 ) ) ;
#2896 = LINE ( 'NONE', #596, #4181 ) ;
#2897 = LINE ( 'NONE', #4872, #1749 ) ;
#2898 = CARTESIAN_POINT ( 'NONE',  ( -0.5000000000000000000, -5.335640612625512173E-19, 0.1574803149606299191 ) ) ;
#2899 = CARTESIAN_POINT ( 'NONE',  ( 0.5672246018224543773, 0.07317357895341712604, 0.0000000000000000000 ) ) ;
#2900 = CARTESIAN_POINT ( 'NONE',  ( -0.3433144357111932998, 0.1561060993681155917, -1.496062992125984259 ) ) ;
#2901 = ORIENTED_EDGE ( 'NONE', *, *, #2662, .T. ) ;
#2902 = EDGE_CURVE ( 'NONE', #2528, #2613, #4899, .T. ) ;
#2903 = EDGE_CURVE ( 'NONE', #3475, #4531, #2720, .T. ) ;
#2904 = ORIENTED_EDGE ( 'NONE', *, *, #3626, .F. ) ;
#2905 = DIRECTION ( 'NONE',  ( 0.0000000000000000000, 0.0000000000000000000, 1.000000000000000000 ) ) ;
#2906 = DIRECTION ( 'NONE',  ( 0.0000000000000000000, 0.0000000000000000000, 1.000000000000000000 ) ) ;
#2907 = EDGE_CURVE ( 'NONE', #2693, #1836, #3544, .T. ) ;
#2908 = ORIENTED_EDGE ( 'NONE', *, *, #3865, .T. ) ;
#2909 = VECTOR ( 'NONE', #3751, 39.37007874015748143 ) ;
#2910 = ORIENTED_EDGE ( 'NONE', *, *, #4018, .T. ) ;
#2911 = DIRECTION ( 'NONE',  ( -1.000000000000000000, -2.168404344971010446E-15, 0.0000000000000000000 ) ) ;
#2912 = DIRECTION ( 'NONE',  ( 0.0000000000000000000, 0.0000000000000000000, 1.000000000000000000 ) ) ;
#2913 = FACE_OUTER_BOUND ( 'NONE', #3059, .T. ) ;
#2914 = CIRCLE ( 'NONE', #1289, 0.01968503937007875723 ) ;
#2915 = CARTESIAN_POINT ( 'NONE',  ( 0.4223153170352346719, 0.06195651523208366152, -1.496062992125984259 ) ) ;
#2916 = VERTEX_POINT ( 'NONE', #954 ) ;
#2917 = AXIS2_PLACEMENT_3D ( 'NONE', #4279, #2331, #3081 ) ;
#2918 = LINE ( 'NONE', #594, #645 ) ;
#2919 = SURFACE_SIDE_STYLE ('',( #1369 ) ) ;
#2920 = CARTESIAN_POINT ( 'NONE',  ( -0.6791338582677166613, 0.1118343365560173358, -1.496062992125984259 ) ) ;
#2921 = DIRECTION ( 'NONE',  ( 0.0000000000000000000, 0.0000000000000000000, -1.000000000000000000 ) ) ;
#2922 = VECTOR ( 'NONE', #122, 39.37007874015748143 ) ;
#2923 = AXIS2_PLACEMENT_3D ( 'NONE', #346, #3463, #752 ) ;
#2924 = LINE ( 'NONE', #252, #3887 ) ;
#2925 = CARTESIAN_POINT ( 'NONE',  ( 0.6594488188976378451, 0.2263779527559055260, -1.496062992125984259 ) ) ;
#2926 = VERTEX_POINT ( 'NONE', #3685 ) ;
#2927 = EDGE_LOOP ( 'NONE', ( #2624, #702, #4993, #3008 ) ) ;
#2928 = ORIENTED_EDGE ( 'NONE', *, *, #3096, .T. ) ;
#2929 = CARTESIAN_POINT ( 'NONE',  ( -0.2637795275590551491, -0.1200833700006797150, -1.496062992125984259 ) ) ;
#2930 = LINE ( 'NONE', #4482, #2250 ) ;
#2931 = EDGE_CURVE ( 'NONE', #3581, #4217, #1828, .T. ) ;
#2932 = ORIENTED_EDGE ( 'NONE', *, *, #233, .T. ) ;
#2933 = ORIENTED_EDGE ( 'NONE', *, *, #4588, .T. ) ;
#2934 = FILL_AREA_STYLE_COLOUR ( '', #3389 ) ;
#2935 = EDGE_CURVE ( 'NONE', #1836, #3647, #1676, .T. ) ;
#2936 = DIRECTION ( 'NONE',  ( -1.000000000000000000, 0.0000000000000000000, 0.0000000000000000000 ) ) ;
#2937 = CYLINDRICAL_SURFACE ( 'NONE', #3087, 0.01181102362204696811 ) ;
#2938 = LINE ( 'NONE', #668, #4974 ) ;
#2939 = CARTESIAN_POINT ( 'NONE',  ( 0.5000000000000000000, 1.468368296594541258E-15, 0.0000000000000000000 ) ) ;
#2940 = EDGE_CURVE ( 'NONE', #3714, #1788, #2896, .T. ) ;
#2941 = ORIENTED_EDGE ( 'NONE', *, *, #1230, .F. ) ;
#2942 = LINE ( 'NONE', #1821, #3553 ) ;
#2943 = DIRECTION ( 'NONE',  ( 1.000000000000000000, 0.0000000000000000000, 0.0000000000000000000 ) ) ;
#2944 = CYLINDRICAL_SURFACE ( 'NONE', #4575, 0.01181102362204724046 ) ;
#2945 = DIRECTION ( 'NONE',  ( -1.000000000000000000, 0.0000000000000000000, 0.0000000000000000000 ) ) ;
#2946 = EDGE_LOOP ( 'NONE', ( #509, #3459, #2117, #1730 ) ) ;
#2947 = DIRECTION ( 'NONE',  ( 0.0000000000000000000, 0.0000000000000000000, 1.000000000000000000 ) ) ;
#2948 = CARTESIAN_POINT ( 'NONE',  ( -0.2244094488188976555, -0.09252431488256988856, -1.496062992125984259 ) ) ;
#2949 = ORIENTED_EDGE ( 'NONE', *, *, #4071, .F. ) ;
#2950 = DIRECTION ( 'NONE',  ( 0.0000000000000000000, 0.0000000000000000000, 1.000000000000000000 ) ) ;
#2951 = VERTEX_POINT ( 'NONE', #4842 ) ;
#2952 = ORIENTED_EDGE ( 'NONE', *, *, #1629, .F. ) ;
#2953 = FACE_OUTER_BOUND ( 'NONE', #4026, .T. ) ;
#2954 = DIRECTION ( 'NONE',  ( 0.0000000000000000000, 1.000000000000000000, 0.0000000000000000000 ) ) ;
#2955 = PRESENTATION_LAYER_ASSIGNMENT (  '', '', ( #2402 ) ) ;
#2956 = ORIENTED_EDGE ( 'NONE', *, *, #2902, .F. ) ;
#2957 = ORIENTED_EDGE ( 'NONE', *, *, #4236, .T. ) ;
#2958 = VERTEX_POINT ( 'NONE', #1697 ) ;
#2959 = PRODUCT_CONTEXT ( 'NONE', #2300, 'mechanical' ) ;
#2960 = PLANE ( 'NONE',  #2106 ) ;
#2961 = LINE ( 'NONE', #4565, #4664 ) ;
#2962 = DIRECTION ( 'NONE',  ( 0.0000000000000000000, 0.0000000000000000000, 1.000000000000000000 ) ) ;
#2963 = VECTOR ( 'NONE', #2868, 39.37007874015748854 ) ;
#2964 = VERTEX_POINT ( 'NONE', #4031 ) ;
#2965 =( LENGTH_UNIT ( ) NAMED_UNIT ( * ) SI_UNIT ( $, .METRE. ) );
#2966 = EDGE_CURVE ( 'NONE', #3317, #3345, #1988, .T. ) ;
#2967 = EDGE_CURVE ( 'NONE', #2221, #1628, #3665, .T. ) ;
#2968 = LINE ( 'NONE', #172, #3802 ) ;
#2969 = VECTOR ( 'NONE', #4963, 39.37007874015748143 ) ;
#2970 = DIRECTION ( 'NONE',  ( 1.000000000000000000, 0.0000000000000000000, 0.0000000000000000000 ) ) ;
#2971 = DIMENSIONAL_EXPONENTS ( 1.000000000000000000, 0.0000000000000000000, 0.0000000000000000000, 0.0000000000000000000, 0.0000000000000000000, 0.0000000000000000000, 0.0000000000000000000 ) ;
#2972 = EDGE_CURVE ( 'NONE', #898, #719, #1748, .T. ) ;
#2973 = EDGE_LOOP ( 'NONE', ( #3117, #4909, #1878, #3819 ) ) ;
#2974 = DIRECTION ( 'NONE',  ( 0.0000000000000000000, 0.0000000000000000000, 1.000000000000000000 ) ) ;
#2975 = CYLINDRICAL_SURFACE ( 'NONE', #4208, 0.01181102362204730985 ) ;
#2976 = LINE ( 'NONE', #3076, #3932 ) ;
#2977 = ORIENTED_EDGE ( 'NONE', *, *, #2935, .T. ) ;
#2978 = DIRECTION ( 'NONE',  ( 1.000000000000000000, 0.0000000000000000000, 0.0000000000000000000 ) ) ;
#2979 = CARTESIAN_POINT ( 'NONE',  ( -0.2795275590551181133, -0.1082723463786324780, -1.496062992125984259 ) ) ;
#2980 = ORIENTED_EDGE ( 'NONE', *, *, #786, .T. ) ;
#2981 = ORIENTED_EDGE ( 'NONE', *, *, #2306, .T. ) ;
#2982 = ORIENTED_EDGE ( 'NONE', *, *, #4798, .T. ) ;
#2983 = CARTESIAN_POINT ( 'NONE',  ( 0.5511811023622072980, 1.468368296594541258E-15, -0.3149606299212598381 ) ) ;
#2984 = CARTESIAN_POINT ( 'NONE',  ( -0.4261811023622047445, -0.05608509196814338155, -1.496062992125984259 ) ) ;
#2985 = AXIS2_PLACEMENT_3D ( 'NONE', #2079, #4419, #830 ) ;
#2986 = STYLED_ITEM ( 'NONE', ( #2594 ), #201 ) ;
#2987 = ORIENTED_EDGE ( 'NONE', *, *, #4374, .T. ) ;
#2988 = CARTESIAN_POINT ( 'NONE',  ( 0.4113517303212779752, 0.03937007874015747977, -1.496062992125984259 ) ) ;
#2989 = VECTOR ( 'NONE', #2064, 39.37007874015748143 ) ;
#2990 = CARTESIAN_POINT ( 'NONE',  ( 0.5497918511573290923, -0.01184385061273594483, 0.0000000000000000000 ) ) ;
#2991 = DIRECTION ( 'NONE',  ( 0.0000000000000000000, 0.0000000000000000000, -1.000000000000000000 ) ) ;
#2992 = DIRECTION ( 'NONE',  ( 0.0000000000000000000, 1.000000000000000000, 0.0000000000000000000 ) ) ;
#2993 = CARTESIAN_POINT ( 'NONE',  ( -0.5000000000000000000, -5.335640612625512173E-19, 0.1574803149606299191 ) ) ;
#2994 = EDGE_CURVE ( 'NONE', #1196, #4388, #4773, .T. ) ;
#2995 = VECTOR ( 'NONE', #4173, 39.37007874015748143 ) ;
#2996 = ORIENTED_EDGE ( 'NONE', *, *, #4794, .F. ) ;
#2997 = EDGE_CURVE ( 'NONE', #2748, #2693, #1294, .T. ) ;
#2998 = CARTESIAN_POINT ( 'NONE',  ( -0.5533266113625984195, 0.07318325573254587380, -1.496062992125984259 ) ) ;
#2999 = CIRCLE ( 'NONE', #1137, 0.01181102362204724046 ) ;
#3000 = CARTESIAN_POINT ( 'NONE',  ( -0.4773622047244094890, -0.09982760730931281024, -1.496062992125984259 ) ) ;
#3001 = CIRCLE ( 'NONE', #810, 0.01181102362204724046 ) ;
#3002 = ORIENTED_EDGE ( 'NONE', *, *, #2817, .F. ) ;
#3003 = EDGE_LOOP ( 'NONE', ( #1284, #1328, #1957, #4878 ) ) ;
#3004 = CARTESIAN_POINT ( 'NONE',  ( 7.714310545810101211E-18, 0.05905511811023622659, -0.9212598425196850682 ) ) ;
#3005 = SURFACE_STYLE_USAGE ( .BOTH. , #383 ) ;
#3006 = CARTESIAN_POINT ( 'NONE',  ( 0.4773622047244094890, -0.09982760730931281024, -1.496062992125984259 ) ) ;
#3007 = ORIENTED_EDGE ( 'NONE', *, *, #2782, .T. ) ;
#3008 = ORIENTED_EDGE ( 'NONE', *, *, #2574, .T. ) ;
#3009 = CARTESIAN_POINT ( 'NONE',  ( -0.2519685039370078705, -0.1318943936227267855, 0.0000000000000000000 ) ) ;
#3010 = DIRECTION ( 'NONE',  ( -5.295027878066710738E-16, 1.000000000000000000, 0.0000000000000000000 ) ) ;
#3011 = DIRECTION ( 'NONE',  ( 0.0000000000000000000, 0.0000000000000000000, 1.000000000000000000 ) ) ;
#3012 = ORIENTED_EDGE ( 'NONE', *, *, #735, .T. ) ;
#3013 = DIRECTION ( 'NONE',  ( 0.0000000000000000000, 0.0000000000000000000, 1.000000000000000000 ) ) ;
#3014 = CARTESIAN_POINT ( 'NONE',  ( 0.5000000000000000000, 1.468368296594541258E-15, -0.3149606299212598381 ) ) ;
#3015 = DIRECTION ( 'NONE',  ( 0.0000000000000000000, 0.0000000000000000000, -1.000000000000000000 ) ) ;
#3016 = CARTESIAN_POINT ( 'NONE',  ( 0.5533266113625976423, -0.07318325573254527705, -1.496062992125984259 ) ) ;
#3017 = CARTESIAN_POINT ( 'NONE',  ( 0.4242504542701393544, -0.04961373520258826469, 0.0000000000000000000 ) ) ;
#3018 = ORIENTED_EDGE ( 'NONE', *, *, #2778, .T. ) ;
#3019 = ADVANCED_FACE ( 'NONE', ( #4420 ), #3329, .T. ) ;
#3020 = CARTESIAN_POINT ( 'NONE',  ( -0.4655511811023622104, -0.2263779527559055260, -1.496062992125984259 ) ) ;
#3021 = EDGE_CURVE ( 'NONE', #4578, #3345, #4396, .T. ) ;
#3022 = DIRECTION ( 'NONE',  ( 1.000000000000000000, 0.0000000000000000000, 0.0000000000000000000 ) ) ;
#3023 = ORIENTED_EDGE ( 'NONE', *, *, #2597, .F. ) ;
#3024 = ORIENTED_EDGE ( 'NONE', *, *, #3091, .T. ) ;
#3025 = ADVANCED_FACE ( 'NONE', ( #524, #2080, #3638, #3251 ), #4796, .T. ) ;
#3026 = EDGE_CURVE ( 'NONE', #180, #3674, #651, .T. ) ;
#3027 = VERTEX_POINT ( 'NONE', #4214 ) ;
#3028 = LINE ( 'NONE', #4581, #553 ) ;
#3029 = EDGE_CURVE ( 'NONE', #794, #2332, #3464, .T. ) ;
#3030 = VECTOR ( 'NONE', #2215, 39.37007874015748143 ) ;
#3031 = ORIENTED_EDGE ( 'NONE', *, *, #3833, .F. ) ;
#3032 = SURFACE_SIDE_STYLE ('',( #4540 ) ) ;
#3033 = DIRECTION ( 'NONE',  ( 0.0000000000000000000, 0.0000000000000000000, 1.000000000000000000 ) ) ;
#3034 = LINE ( 'NONE', #3321, #1338 ) ;
#3035 = VECTOR ( 'NONE', #992, 39.37007874015748143 ) ;
#3036 = DIRECTION ( 'NONE',  ( 0.0000000000000000000, 0.0000000000000000000, -1.000000000000000000 ) ) ;
#3037 = EDGE_LOOP ( 'NONE', ( #437, #1737, #191, #4804 ) ) ;
#3038 = LINE ( 'NONE', #2659, #4492 ) ;
#3039 = CIRCLE ( 'NONE', #925, 0.01181102362204710515 ) ;
#3040 = DIRECTION ( 'NONE',  ( 0.0000000000000000000, 0.0000000000000000000, 1.000000000000000000 ) ) ;
#3041 = DIRECTION ( 'NONE',  ( -1.192492468937322049E-15, 1.000000000000000000, 0.0000000000000000000 ) ) ;
#3042 = DIRECTION ( 'NONE',  ( 0.0000000000000000000, -1.000000000000000000, 0.0000000000000000000 ) ) ;
#3043 = AXIS2_PLACEMENT_3D ( 'NONE', #4191, #709, #4921 ) ;
#3044 = ORIENTED_EDGE ( 'NONE', *, *, #3125, .F. ) ;
#3045 = AXIS2_PLACEMENT_3D ( 'NONE', #1130, #2683, #369 ) ;
#3046 = CARTESIAN_POINT ( 'NONE',  ( -0.4803149606299212948, 0.2263779527559055260, -1.496062992125984259 ) ) ;
#3047 = LINE ( 'NONE', #3862, #1929 ) ;
#3048 = VECTOR ( 'NONE', #4184, 39.37007874015748854 ) ;
#3049 = ORIENTED_EDGE ( 'NONE', *, *, #2006, .T. ) ;
#3050 = ORIENTED_EDGE ( 'NONE', *, *, #1725, .F. ) ;
#3051 = VERTEX_POINT ( 'NONE', #622 ) ;
#3052 =( GEOMETRIC_REPRESENTATION_CONTEXT ( 3 ) GLOBAL_UNCERTAINTY_ASSIGNED_CONTEXT ( ( #4949 ) ) GLOBAL_UNIT_ASSIGNED_CONTEXT ( ( #4157, #3780, #371 ) ) REPRESENTATION_CONTEXT ( 'NONE', 'WORKASPACE' ) );
#3053 = CARTESIAN_POINT ( 'NONE',  ( 0.4655511811023622104, -0.09982760730931281024, -1.496062992125984259 ) ) ;
#3054 = DIRECTION ( 'NONE',  ( -1.000000000000000000, 0.0000000000000000000, 0.0000000000000000000 ) ) ;
#3055 = CARTESIAN_POINT ( 'NONE',  ( 0.3826845144513507657, 0.1704356361502496198, -1.496062992125984259 ) ) ;
#3056 = EDGE_CURVE ( 'NONE', #1928, #1731, #732, .T. ) ;
#3057 = ADVANCED_FACE ( 'NONE', ( #2187 ), #4496, .T. ) ;
#3058 = EDGE_LOOP ( 'NONE', ( #4243, #2531, #2037, #963 ) ) ;
#3059 = EDGE_LOOP ( 'NONE', ( #4066, #746, #4718, #1765 ) ) ;
#3060 = ADVANCED_FACE ( 'NONE', ( #4189 ), #323, .T. ) ;
#3061 = FILL_AREA_STYLE_COLOUR ( '', #1657 ) ;
#3062 = CARTESIAN_POINT ( 'NONE',  ( -0.3405511811023622104, 0.2263779527559055260, -1.496062992125984259 ) ) ;
#3063 = VERTEX_POINT ( 'NONE', #1079 ) ;
#3064 = FACE_OUTER_BOUND ( 'NONE', #4551, .T. ) ;
#3065 = FACE_OUTER_BOUND ( 'NONE', #4358, .T. ) ;
#3066 = DIRECTION ( 'NONE',  ( 0.0000000000000000000, 0.0000000000000000000, 1.000000000000000000 ) ) ;
#3067 = DIRECTION ( 'NONE',  ( 0.0000000000000000000, 0.0000000000000000000, -1.000000000000000000 ) ) ;
#3068 = DIRECTION ( 'NONE',  ( 0.0000000000000000000, 1.000000000000000000, 0.0000000000000000000 ) ) ;
#3069 = CARTESIAN_POINT ( 'NONE',  ( -0.4566929133858267376, 5.252168848095017565E-18, 0.1574803149606299191 ) ) ;
#3070 = VECTOR ( 'NONE', #451, 39.37007874015748143 ) ;
#3071 = ORIENTED_EDGE ( 'NONE', *, *, #755, .T. ) ;
#3072 = CARTESIAN_POINT ( 'NONE',  ( 0.5497918511573290923, -0.01184385061273604371, -1.496062992125984259 ) ) ;
#3073 = DIRECTION ( 'NONE',  ( 0.0000000000000000000, 0.0000000000000000000, 1.000000000000000000 ) ) ;
#3074 =( GEOMETRIC_REPRESENTATION_CONTEXT ( 3 ) GLOBAL_UNCERTAINTY_ASSIGNED_CONTEXT ( ( #3642 ) ) GLOBAL_UNIT_ASSIGNED_CONTEXT ( ( #1959, #410, #1584 ) ) REPRESENTATION_CONTEXT ( 'NONE', 'WORKASPACE' ) );
#3075 = ORIENTED_EDGE ( 'NONE', *, *, #1260, .T. ) ;
#3076 = CARTESIAN_POINT ( 'NONE',  ( 0.6348951014050294717, -0.1223390747915281684, -1.496062992125984259 ) ) ;
#3077 = VERTEX_POINT ( 'NONE', #4135 ) ;
#3078 = CIRCLE ( 'NONE', #1543, 0.01181102362204724046 ) ;
#3079 = ORIENTED_EDGE ( 'NONE', *, *, #200, .T. ) ;
#3080 = CARTESIAN_POINT ( 'NONE',  ( 0.5000000000000000000, 1.468368296594541258E-15, -0.3149606299212598381 ) ) ;
#3081 = DIRECTION ( 'NONE',  ( 0.0000000000000000000, 0.0000000000000000000, -1.000000000000000000 ) ) ;
#3082 = CARTESIAN_POINT ( 'NONE',  ( -0.5497918511573290923, 0.01184385061273604371, -1.496062992125984259 ) ) ;
#3083 = VECTOR ( 'NONE', #3106, 39.37007874015748143 ) ;
#3084 = VERTEX_POINT ( 'NONE', #675 ) ;
#3085 = ORIENTED_EDGE ( 'NONE', *, *, #1816, .F. ) ;
#3086 = DIRECTION ( 'NONE',  ( -0.5877852522924786882, 0.8090169943749434545, 0.0000000000000000000 ) ) ;
#3087 = AXIS2_PLACEMENT_3D ( 'NONE', #2235, #3772, #291 ) ;
#3088 = DIRECTION ( 'NONE',  ( 0.0000000000000000000, 0.0000000000000000000, 1.000000000000000000 ) ) ;
#3089 = EDGE_CURVE ( 'NONE', #3813, #4406, #2298, .T. ) ;
#3090 = DIRECTION ( 'NONE',  ( 1.000000000000000000, 0.0000000000000000000, 0.0000000000000000000 ) ) ;
#3091 = EDGE_CURVE ( 'NONE', #3528, #3362, #1394, .T. ) ;
#3092 = CARTESIAN_POINT ( 'NONE',  ( 0.3826845144513507657, 0.1704356361502496198, 0.0000000000000000000 ) ) ;
#3093 = DIRECTION ( 'NONE',  ( 0.0000000000000000000, 0.0000000000000000000, -1.000000000000000000 ) ) ;
#3094 = CARTESIAN_POINT ( 'NONE',  ( 0.2244094488188976555, -0.08071329126052262382, 0.0000000000000000000 ) ) ;
#3095 = DIRECTION ( 'NONE',  ( 0.0000000000000000000, 0.0000000000000000000, 1.000000000000000000 ) ) ;
#3096 = EDGE_CURVE ( 'NONE', #154, #1917, #1825, .T. ) ;
#3097 = CARTESIAN_POINT ( 'NONE',  ( -0.5000000000000000000, 1.468368296594541258E-15, -1.496062992125984259 ) ) ;
#3098 = FACE_OUTER_BOUND ( 'NONE', #1651, .T. ) ;
#3099 = ADVANCED_FACE ( 'NONE', ( #4596 ), #2944, .T. ) ;
#3100 = ORIENTED_EDGE ( 'NONE', *, *, #940, .F. ) ;
#3101 = CARTESIAN_POINT ( 'NONE',  ( 0.2637795275590551491, -0.1318943936227267855, 0.0000000000000000000 ) ) ;
#3102 = DIRECTION ( 'NONE',  ( -5.295027878066710738E-16, 1.000000000000000000, 0.0000000000000000000 ) ) ;
#3103 = ORIENTED_EDGE ( 'NONE', *, *, #445, .F. ) ;
#3104 = DIRECTION ( 'NONE',  ( 0.0000000000000000000, 0.0000000000000000000, 1.000000000000000000 ) ) ;
#3105 = VERTEX_POINT ( 'NONE', #4920 ) ;
#3106 = DIRECTION ( 'NONE',  ( 0.0000000000000000000, 0.0000000000000000000, 1.000000000000000000 ) ) ;
#3107 = ORIENTED_EDGE ( 'NONE', *, *, #2997, .F. ) ;
#3108 = LINE ( 'NONE', #3161, #2589 ) ;
#3109 =( LENGTH_UNIT ( ) NAMED_UNIT ( * ) SI_UNIT ( $, .METRE. ) );
#3110 = DIRECTION ( 'NONE',  ( 1.000000000000000000, 0.0000000000000000000, 0.0000000000000000000 ) ) ;
#3111 = VERTEX_POINT ( 'NONE', #3016 ) ;
#3112 = ORIENTED_EDGE ( 'NONE', *, *, #2935, .F. ) ;
#3113 = VERTEX_POINT ( 'NONE', #4570 ) ;
#3114 = PLANE ( 'NONE',  #5005 ) ;
#3115 = LINE ( 'NONE', #4228, #1547 ) ;
#3116 = AXIS2_PLACEMENT_3D ( 'NONE', #2810, #2388, #2339 ) ;
#3117 = ORIENTED_EDGE ( 'NONE', *, *, #3096, .F. ) ;
#3118 = CYLINDRICAL_SURFACE ( 'NONE', #3536, 0.01968503937007875723 ) ;
#3119 = CARTESIAN_POINT ( 'NONE',  ( 0.3433144357111932998, 0.1561060993681155917, -1.496062992125984259 ) ) ;
#3120 = DIRECTION ( 'NONE',  ( 0.0000000000000000000, 0.0000000000000000000, 1.000000000000000000 ) ) ;
#3121 = VECTOR ( 'NONE', #3123, 39.37007874015748143 ) ;
#3122 = AXIS2_PLACEMENT_3D ( 'NONE', #4556, #655, #3421 ) ;
#3123 = DIRECTION ( 'NONE',  ( -1.508455196501569950E-16, 0.0000000000000000000, -1.000000000000000000 ) ) ;
#3124 = CARTESIAN_POINT ( 'NONE',  ( 0.4215803768226693005, -0.04527559055118110520, -1.496062992125984259 ) ) ;
#3125 = EDGE_CURVE ( 'NONE', #4258, #1291, #2472, .T. ) ;
#3126 = AXIS2_PLACEMENT_3D ( 'NONE', #4028, #2912, #1313 ) ;
#3127 = AXIS2_PLACEMENT_3D ( 'NONE', #2898, #1351, #4447 ) ;
#3128 = EDGE_CURVE ( 'NONE', #2500, #53, #1949, .T. ) ;
#3129 = ADVANCED_FACE ( 'NONE', ( #3537 ), #753, .F. ) ;
#3130 = CARTESIAN_POINT ( 'NONE',  ( -0.2244094488188976555, -0.08071329126052262382, 0.0000000000000000000 ) ) ;
#3131 = DIRECTION ( 'NONE',  ( -1.000000000000000000, 0.0000000000000000000, 0.0000000000000000000 ) ) ;
#3132 = VECTOR ( 'NONE', #552, 39.37007874015748854 ) ;
#3133 = AXIS2_PLACEMENT_3D ( 'NONE', #2045, #1619, #2818 ) ;
#3134 = EDGE_CURVE ( 'NONE', #4199, #3217, #4291, .T. ) ;
#3135 = VECTOR ( 'NONE', #3042, 39.37007874015748143 ) ;
#3136 = VERTEX_POINT ( 'NONE', #2690 ) ;
#3137 = CARTESIAN_POINT ( 'NONE',  ( 0.6594488188976378451, 0.2263779527559055260, 0.0000000000000000000 ) ) ;
#3138 = EDGE_LOOP ( 'NONE', ( #4750, #4452 ) ) ;
#3139 = ORIENTED_EDGE ( 'NONE', *, *, #2742, .T. ) ;
#3140 = CARTESIAN_POINT ( 'NONE',  ( -0.4524745470792881918, 0.08726311403863840077, -1.496062992125984259 ) ) ;
#3141 =( GEOMETRIC_REPRESENTATION_CONTEXT ( 3 ) GLOBAL_UNCERTAINTY_ASSIGNED_CONTEXT ( ( #1146 ) ) GLOBAL_UNIT_ASSIGNED_CONTEXT ( ( #4467, #4812, #4054 ) ) REPRESENTATION_CONTEXT ( 'NONE', 'WORKASPACE' ) );
#3142 = ORIENTED_EDGE ( 'NONE', *, *, #544, .F. ) ;
#3143 = CIRCLE ( 'NONE', #1519, 0.01181102362204724046 ) ;
#3144 = DIRECTION ( 'NONE',  ( 1.000000000000000000, 0.0000000000000000000, 0.0000000000000000000 ) ) ;
#3145 = CARTESIAN_POINT ( 'NONE',  ( 0.2322834645669291376, -0.2263779527559055260, -1.496062992125984259 ) ) ;
#3146 = ORIENTED_EDGE ( 'NONE', *, *, #1597, .F. ) ;
#3147 = DIRECTION ( 'NONE',  ( -1.000000000000000000, 0.0000000000000000000, 0.0000000000000000000 ) ) ;
#3148 = CARTESIAN_POINT ( 'NONE',  ( 0.6279527559055118058, -0.1318943936227279512, -1.496062992125984259 ) ) ;
#3149 = DIRECTION ( 'NONE',  ( 0.0000000000000000000, 0.0000000000000000000, 1.000000000000000000 ) ) ;
#3150 = CYLINDRICAL_SURFACE ( 'NONE', #1009, 0.01181102362204703576 ) ;
#3151 = AXIS2_PLACEMENT_3D ( 'NONE', #2820, #2866, #1646 ) ;
#3152 = DIRECTION ( 'NONE',  ( 1.000000000000000000, 0.0000000000000000000, 0.0000000000000000000 ) ) ;
#3153 = EDGE_CURVE ( 'NONE', #4906, #3522, #1497, .T. ) ;
#3154 = AXIS2_PLACEMENT_3D ( 'NONE', #2159, #3328, #3705 ) ;
#3155 = EDGE_LOOP ( 'NONE', ( #4416, #5003, #736, #3049 ) ) ;
#3156 = FACE_OUTER_BOUND ( 'NONE', #2060, .T. ) ;
#3157 = EDGE_CURVE ( 'NONE', #1863, #4608, #3174, .T. ) ;
#3158 = ORIENTED_EDGE ( 'NONE', *, *, #1033, .T. ) ;
#3159 = ADVANCED_FACE ( 'NONE', ( #1926 ), #1160, .T. ) ;
#3160 = CARTESIAN_POINT ( 'NONE',  ( 0.6742651801451869931, -0.1022790177248179139, -1.496062992125984259 ) ) ;
#3161 = CARTESIAN_POINT ( 'NONE',  ( 0.6397637795275591399, 0.2263779527559055260, 0.0000000000000000000 ) ) ;
#3162 = AXIS2_PLACEMENT_3D ( 'NONE', #4785, #1762, #2039 ) ;
#3163 = ORIENTED_EDGE ( 'NONE', *, *, #908, .T. ) ;
#3164 = AXIS2_PLACEMENT_3D ( 'NONE', #3644, #1633, #3183 ) ;
#3165 = ORIENTED_EDGE ( 'NONE', *, *, #261, .T. ) ;
#3166 = EDGE_CURVE ( 'NONE', #4608, #3568, #275, .T. ) ;
#3167 = DIRECTION ( 'NONE',  ( 0.0000000000000000000, 0.0000000000000000000, 1.000000000000000000 ) ) ;
#3168 = CARTESIAN_POINT ( 'NONE',  ( 0.0000000000000000000, 0.05905511811023622659, -0.5905511811023621549 ) ) ;
#3169 = CIRCLE ( 'NONE', #729, 0.01181102362204724046 ) ;
#3170 = ORIENTED_EDGE ( 'NONE', *, *, #2270, .F. ) ;
#3171 = DIRECTION ( 'NONE',  ( 0.7071067811865570096, 8.659560562355048722E-17, -0.7071067811865380248 ) ) ;
#3172 = DIRECTION ( 'NONE',  ( 2.067150312461970137E-14, -1.000000000000000000, 0.0000000000000000000 ) ) ;
#3173 = AXIS2_PLACEMENT_3D ( 'NONE', #4213, #1159, #731 ) ;
#3174 = LINE ( 'NONE', #1240, #3535 ) ;
#3175 = DIRECTION ( 'NONE',  ( 0.0000000000000000000, 0.0000000000000000000, 1.000000000000000000 ) ) ;
#3176 = FACE_OUTER_BOUND ( 'NONE', #3520, .T. ) ;
#3177 = DIRECTION ( 'NONE',  ( 1.000000000000000000, -1.084202172485504040E-15, 0.0000000000000000000 ) ) ;
#3178 = EDGE_CURVE ( 'NONE', #2221, #1616, #1524, .T. ) ;
#3179 = ORIENTED_EDGE ( 'NONE', *, *, #856, .T. ) ;
#3180 = DIRECTION ( 'NONE',  ( -1.000000000000000000, 0.0000000000000000000, 0.0000000000000000000 ) ) ;
#3181 = ORIENTED_EDGE ( 'NONE', *, *, #3774, .F. ) ;
#3182 = CARTESIAN_POINT ( 'NONE',  ( 0.5196850393700787052, 0.09739619588073188117, -1.496062992125984259 ) ) ;
#3183 = DIRECTION ( 'NONE',  ( 1.000000000000000000, 0.0000000000000000000, 0.0000000000000000000 ) ) ;
#3184 = ORIENTED_EDGE ( 'NONE', *, *, #417, .T. ) ;
#3185 = EDGE_CURVE ( 'NONE', #3350, #1885, #4334, .T. ) ;
#3186 = ORIENTED_EDGE ( 'NONE', *, *, #536, .F. ) ;
#3187 = CARTESIAN_POINT ( 'NONE',  ( 0.4803149606299212948, 0.2263779527559055260, -1.496062992125984259 ) ) ;
#3188 = DIRECTION ( 'NONE',  ( 0.0000000000000000000, 0.0000000000000000000, 1.000000000000000000 ) ) ;
#3189 = ADVANCED_FACE ( 'NONE', ( #3908 ), #1549, .T. ) ;
#3190 = ORIENTED_EDGE ( 'NONE', *, *, #1533, .T. ) ;
#3191 = CARTESIAN_POINT ( 'NONE',  ( 0.4488188976377927020, 1.474636173913012125E-15, -0.3149606299212598381 ) ) ;
#3192 = VERTEX_POINT ( 'NONE', #1974 ) ;
#3193 = CARTESIAN_POINT ( 'NONE',  ( 0.2401574803149606474, -0.05118110236220244080, -1.496062992125984259 ) ) ;
#3194 = DIRECTION ( 'NONE',  ( 0.0000000000000000000, 0.0000000000000000000, 1.000000000000000000 ) ) ;
#3195 = DIRECTION ( 'NONE',  ( 0.0000000000000000000, 0.0000000000000000000, 1.000000000000000000 ) ) ;
#3196 = STYLED_ITEM ( 'NONE', ( #1853 ), #3057 ) ;
#3197 = CIRCLE ( 'NONE', #918, 0.01181102362204724046 ) ;
#3198 = DIRECTION ( 'NONE',  ( 1.000000000000000000, 0.0000000000000000000, 0.0000000000000000000 ) ) ;
#3199 = CARTESIAN_POINT ( 'NONE',  ( 0.2401574803149606474, -0.06890226763847540070, -1.496062992125984259 ) ) ;
#3200 = CARTESIAN_POINT ( 'NONE',  ( -0.4803149606299212948, 0.09739619588073208933, 0.0000000000000000000 ) ) ;
#3201 = AXIS2_PLACEMENT_3D ( 'NONE', #166, #112, #3222 ) ;
#3202 = CIRCLE ( 'NONE', #4423, 0.01181102362204724046 ) ;
#3203 = ORIENTED_EDGE ( 'NONE', *, *, #1663, .T. ) ;
#3204 = VERTEX_POINT ( 'NONE', #41 ) ;
#3205 = VECTOR ( 'NONE', #4435, 39.37007874015748143 ) ;
#3206 = DIRECTION ( 'NONE',  ( 0.0000000000000000000, 0.0000000000000000000, -1.000000000000000000 ) ) ;
#3207 = DIRECTION ( 'NONE',  ( 0.0000000000000000000, 0.0000000000000000000, 1.000000000000000000 ) ) ;
#3208 = VECTOR ( 'NONE', #4364, 39.37007874015748143 ) ;
#3209 = ORIENTED_EDGE ( 'NONE', *, *, #3933, .F. ) ;
#3210 = ORIENTED_EDGE ( 'NONE', *, *, #3511, .T. ) ;
#3211 = AXIS2_PLACEMENT_3D ( 'NONE', #1893, #1411, #1817 ) ;
#3212 = CARTESIAN_POINT ( 'NONE',  ( -0.3405511811023622104, 0.2263779527559055260, -1.496062992125984259 ) ) ;
#3213 = PLANE ( 'NONE',  #101 ) ;
#3214 = CARTESIAN_POINT ( 'NONE',  ( -0.5000000000000000000, -5.335640612625512173E-19, 0.1496062992125984370 ) ) ;
#3215 = EDGE_CURVE ( 'NONE', #1807, #1030, #1248, .T. ) ;
#3216 = PRESENTATION_LAYER_ASSIGNMENT (  '', '', ( #701 ) ) ;
#3217 = VERTEX_POINT ( 'NONE', #4441 ) ;
#3218 = LINE ( 'NONE', #1567, #270 ) ;
#3219 = ORIENTED_EDGE ( 'NONE', *, *, #4584, .T. ) ;
#3220 = FACE_BOUND ( 'NONE', #2826, .T. ) ;
#3221 = EDGE_CURVE ( 'NONE', #1141, #838, #1898, .T. ) ;
#3222 = DIRECTION ( 'NONE',  ( 1.000000000000000000, 0.0000000000000000000, 0.0000000000000000000 ) ) ;
#3223 = DIRECTION ( 'NONE',  ( 1.000000000000000000, 0.0000000000000000000, 0.0000000000000000000 ) ) ;
#3224 = CYLINDRICAL_SURFACE ( 'NONE', #3231, 0.09055118110236221041 ) ;
#3225 = DIRECTION ( 'NONE',  ( 0.0000000000000000000, 0.0000000000000000000, -1.000000000000000000 ) ) ;
#3226 = CARTESIAN_POINT ( 'NONE',  ( 0.0000000000000000000, 0.03937007874015747977, -0.9842519685039370358 ) ) ;
#3227 = VERTEX_POINT ( 'NONE', #873 ) ;
#3228 =( NAMED_UNIT ( * ) SI_UNIT ( $, .STERADIAN. ) SOLID_ANGLE_UNIT ( ) );
#3229 = LINE ( 'NONE', #4037, #2098 ) ;
#3230 = DIRECTION ( 'NONE',  ( 0.0000000000000000000, 0.0000000000000000000, -1.000000000000000000 ) ) ;
#3231 = AXIS2_PLACEMENT_3D ( 'NONE', #426, #4696, #2846 ) ;
#3232 = COLOUR_RGB ( '',0.8000000000000000444, 0.8078431372549019773, 0.8000000000000000444 ) ;
#3233 = ORIENTED_EDGE ( 'NONE', *, *, #392, .F. ) ;
#3234 = ORIENTED_EDGE ( 'NONE', *, *, #2597, .T. ) ;
#3235 = VECTOR ( 'NONE', #1306, 39.37007874015748143 ) ;
#3236 = DIRECTION ( 'NONE',  ( 0.0000000000000000000, 0.0000000000000000000, 1.000000000000000000 ) ) ;
#3237 = CYLINDRICAL_SURFACE ( 'NONE', #4666, 0.01968503937007875723 ) ;
#3238 = PRESENTATION_LAYER_ASSIGNMENT (  '', '', ( #3414 ) ) ;
#3239 = ORIENTED_EDGE ( 'NONE', *, *, #1518, .T. ) ;
#3240 = DIRECTION ( 'NONE',  ( 0.0000000000000000000, 0.0000000000000000000, -1.000000000000000000 ) ) ;
#3241 = ORIENTED_EDGE ( 'NONE', *, *, #4676, .T. ) ;
#3242 = EDGE_CURVE ( 'NONE', #909, #1390, #1410, .T. ) ;
#3243 = VECTOR ( 'NONE', #2947, 39.37007874015748143 ) ;
#3244 = DIRECTION ( 'NONE',  ( 0.0000000000000000000, 0.0000000000000000000, -1.000000000000000000 ) ) ;
#3245 = ADVANCED_FACE ( 'NONE', ( #4837 ), #4765, .T. ) ;
#3246 = EDGE_CURVE ( 'NONE', #1479, #3467, #3847, .T. ) ;
#3247 = AXIS2_PLACEMENT_3D ( 'NONE', #2107, #2492, #3198 ) ;
#3248 = ADVANCED_FACE ( 'NONE', ( #1365 ), #187, .T. ) ;
#3249 = ADVANCED_FACE ( 'NONE', ( #4053 ), #569, .T. ) ;
#3250 = CARTESIAN_POINT ( 'NONE',  ( -0.5196850393700787052, 0.2263779527559055260, -1.496062992125984259 ) ) ;
#3251 = FACE_OUTER_BOUND ( 'NONE', #4143, .T. ) ;
#3252 = DIRECTION ( 'NONE',  ( 0.0000000000000000000, 0.0000000000000000000, 1.000000000000000000 ) ) ;
#3253 = EDGE_CURVE ( 'NONE', #1937, #4720, #4422, .T. ) ;
#3254 = VERTEX_POINT ( 'NONE', #2101 ) ;
#3255 = CARTESIAN_POINT ( 'NONE',  ( -0.6594488188976378451, -0.2263779527559055260, 0.0000000000000000000 ) ) ;
#3256 = LINE ( 'NONE', #3160, #1124 ) ;
#3257 = CARTESIAN_POINT ( 'NONE',  ( -0.6791338582677166613, -0.1118343365560181130, -1.496062992125984259 ) ) ;
#3258 = EDGE_LOOP ( 'NONE', ( #3085, #2285, #3163, #946 ) ) ;
#3259 = ORIENTED_EDGE ( 'NONE', *, *, #1198, .F. ) ;
#3260 = DIRECTION ( 'NONE',  ( 1.000000000000000000, 0.0000000000000000000, 0.0000000000000000000 ) ) ;
#3261 = CARTESIAN_POINT ( 'NONE',  ( -0.2519685039370078705, -0.06890226763847540070, -1.496062992125984259 ) ) ;
#3262 = ORIENTED_EDGE ( 'NONE', *, *, #3157, .T. ) ;
#3263 = FACE_OUTER_BOUND ( 'NONE', #162, .T. ) ;
#3264 = VERTEX_POINT ( 'NONE', #4413 ) ;
#3265 = DIRECTION ( 'NONE',  ( 0.0000000000000000000, 0.0000000000000000000, -1.000000000000000000 ) ) ;
#3266 = PLANE ( 'NONE',  #2366 ) ;
#3267 = DIRECTION ( 'NONE',  ( 0.0000000000000000000, 0.0000000000000000000, -1.000000000000000000 ) ) ;
#3268 = DIRECTION ( 'NONE',  ( 0.0000000000000000000, 0.0000000000000000000, 1.000000000000000000 ) ) ;
#3269 = EDGE_CURVE ( 'NONE', #3300, #3522, #1742, .T. ) ;
#3270 = CYLINDRICAL_SURFACE ( 'NONE', #1591, 0.01181102362204724046 ) ;
#3271 = ORIENTED_EDGE ( 'NONE', *, *, #1476, .F. ) ;
#3272 = LINE ( 'NONE', #3681, #4176 ) ;
#3273 = CARTESIAN_POINT ( 'NONE',  ( 0.3031496062992126150, -0.05118110236220244080, -1.496062992125984259 ) ) ;
#3274 =( CONVERSION_BASED_UNIT ( 'INCH', #1721 ) LENGTH_UNIT ( ) NAMED_UNIT ( #461 ) );
#3275 = DIRECTION ( 'NONE',  ( 1.000000000000000000, 0.0000000000000000000, 0.0000000000000000000 ) ) ;
#3276 = LINE ( 'NONE', #3330, #2408 ) ;
#3277 = ADVANCED_FACE ( 'NONE', ( #4074 ), #4000, .T. ) ;
#3278 = EDGE_CURVE ( 'NONE', #214, #1836, #3980, .T. ) ;
#3279 = PRESENTATION_LAYER_ASSIGNMENT (  '', '', ( #3196 ) ) ;
#3280 = ORIENTED_EDGE ( 'NONE', *, *, #1236, .T. ) ;
#3281 = EDGE_CURVE ( 'NONE', #1885, #3350, #4895, .T. ) ;
#3282 = CARTESIAN_POINT ( 'NONE',  ( -0.4113517303212779752, 0.03937007874015747977, -1.496062992125984259 ) ) ;
#3283 =( CONVERSION_BASED_UNIT ( 'INCH', #1728 ) LENGTH_UNIT ( ) NAMED_UNIT ( #1179 ) );
#3284 = CIRCLE ( 'NONE', #33, 0.06299212598425199539 ) ;
#3285 = CARTESIAN_POINT ( 'NONE',  ( 0.3433144357111932998, 0.1561060993681155917, -1.496062992125984259 ) ) ;
#3286 = VECTOR ( 'NONE', #697, 39.37007874015748143 ) ;
#3287 = ORIENTED_EDGE ( 'NONE', *, *, #292, .F. ) ;
#3288 =( GEOMETRIC_REPRESENTATION_CONTEXT ( 3 ) GLOBAL_UNCERTAINTY_ASSIGNED_CONTEXT ( ( #73 ) ) GLOBAL_UNIT_ASSIGNED_CONTEXT ( ( #713, #332, #4244 ) ) REPRESENTATION_CONTEXT ( 'NONE', 'WORKASPACE' ) );
#3289 = ORIENTED_EDGE ( 'NONE', *, *, #4367, .F. ) ;
#3290 = CARTESIAN_POINT ( 'NONE',  ( 0.3405511811023622104, 0.2263779527559055260, -1.496062992125984259 ) ) ;
#3291 = DIRECTION ( 'NONE',  ( 1.000000000000000000, 0.0000000000000000000, 0.0000000000000000000 ) ) ;
#3292 = VECTOR ( 'NONE', #2504, 39.37007874015748143 ) ;
#3293 = VERTEX_POINT ( 'NONE', #1341 ) ;
#3294 = ORIENTED_EDGE ( 'NONE', *, *, #2742, .F. ) ;
#3295 = AXIS2_PLACEMENT_3D ( 'NONE', #4693, #3175, #1927 ) ;
#3296 = DIRECTION ( 'NONE',  ( 0.0000000000000000000, 0.0000000000000000000, 1.000000000000000000 ) ) ;
#3297 = DIRECTION ( 'NONE',  ( -1.000000000000000000, 0.0000000000000000000, 0.0000000000000000000 ) ) ;
#3298 = FACE_OUTER_BOUND ( 'NONE', #263, .T. ) ;
#3299 = AXIS2_PLACEMENT_3D ( 'NONE', #3801, #2962, #4913 ) ;
#3300 = VERTEX_POINT ( 'NONE', #3634 ) ;
#3301 = CARTESIAN_POINT ( 'NONE',  ( 0.2795275590551181133, -0.1200833700006795346, -1.496062992125984259 ) ) ;
#3302 = DIRECTION ( 'NONE',  ( 0.0000000000000000000, 0.0000000000000000000, -1.000000000000000000 ) ) ;
#3303 = DIRECTION ( 'NONE',  ( -0.8090169943749386805, -0.5877852522924849055, 0.0000000000000000000 ) ) ;
#3304 = DIRECTION ( 'NONE',  ( 0.0000000000000000000, 0.0000000000000000000, -1.000000000000000000 ) ) ;
#3305 = EDGE_LOOP ( 'NONE', ( #2368, #2571, #1745, #4380, #4296, #3694, #606, #818, #1125, #893, #4048, #2996, #1489, #2014, #3993, #2256, #2427, #1020, #2329, #1943, #3439, #3181, #4138, #2759, #869, #4512, #3271, #4047, #4652, #2836, #3575, #239, #4605, #131, #4908, #533, #745, #1362, #1901, #4460, #662, #896, #1176, #2562, #3715, #4860, #3186, #4089, #1244, #1397, #2516, #479, #3740, #2666, #3640, #3146, #441, #4686, #2758, #4681, #2358, #1254, #3844, #2602, #1038, #1430, #3023, #2580, #2282, #1040, #4129, #4309, #1574, #692, #3100, #4266, #3367, #906, #4639, #813, #2212, #635, #2459, #1152, #4927, #1404, #1282, #2838, #3612, #505, #2776, #3914, #4973, #654, #3142, #4580, #1843, #1603, #4563, #1463, #1668, #3698, #3103, #3719, #1566, #2904, #2269, #4809, #4432, #2205, #3998, #2434, #3825, #365, #4306, #3492, #4873, #1886 ) ) ;
#3306 = LINE ( 'NONE', #1324, #2922 ) ;
#3307 = EDGE_CURVE ( 'NONE', #4649, #1439, #2397, .T. ) ;
#3308 = CARTESIAN_POINT ( 'NONE',  ( 0.2125984251968504046, -0.2263779527559055260, -1.496062992125984259 ) ) ;
#3309 = DIRECTION ( 'NONE',  ( 0.0000000000000000000, 0.0000000000000000000, 1.000000000000000000 ) ) ;
#3310 = EDGE_CURVE ( 'NONE', #1951, #4539, #1643, .T. ) ;
#3311 = ORIENTED_EDGE ( 'NONE', *, *, #3627, .F. ) ;
#3312 = ADVANCED_FACE ( 'NONE', ( #3659 ), #2046, .T. ) ;
#3313 = ORIENTED_EDGE ( 'NONE', *, *, #4648, .F. ) ;
#3314 = CARTESIAN_POINT ( 'NONE',  ( -0.5497918511573290923, -0.01184385061273620157, -1.496062992125984259 ) ) ;
#3315 = AXIS2_PLACEMENT_3D ( 'NONE', #4651, #1194, #3131 ) ;
#3316 = CARTESIAN_POINT ( 'NONE',  ( 0.5000000000000000000, 1.468368296594541258E-15, -1.496062992125984259 ) ) ;
#3317 = VERTEX_POINT ( 'NONE', #900 ) ;
#3318 = PRESENTATION_LAYER_ASSIGNMENT (  '', '', ( #2181 ) ) ;
#3319 = ORIENTED_EDGE ( 'NONE', *, *, #1029, .F. ) ;
#3320 = VECTOR ( 'NONE', #834, 39.37007874015748143 ) ;
#3321 = CARTESIAN_POINT ( 'NONE',  ( 0.2519685039370078705, -0.05118110236220244080, -1.496062992125984259 ) ) ;
#3322 = CARTESIAN_POINT ( 'NONE',  ( -0.6791338582677166613, -0.1118343365560181130, 0.0000000000000000000 ) ) ;
#3323 = CIRCLE ( 'NONE', #875, 0.01968503937007875723 ) ;
#3324 = ORIENTED_EDGE ( 'NONE', *, *, #3166, .T. ) ;
#3325 = APPLICATION_CONTEXT ( 'automotive_design' ) ;
#3326 = VECTOR ( 'NONE', #1303, 39.37007874015748143 ) ;
#3327 = FACE_OUTER_BOUND ( 'NONE', #2124, .T. ) ;
#3328 = DIRECTION ( 'NONE',  ( 0.0000000000000000000, 0.0000000000000000000, 1.000000000000000000 ) ) ;
#3329 = PLANE ( 'NONE',  #2629 ) ;
#3330 = CARTESIAN_POINT ( 'NONE',  ( 0.6791338582677166613, -0.2263779527559055260, -1.496062992125984259 ) ) ;
#3331 = AXIS2_PLACEMENT_3D ( 'NONE', #808, #2668, #4218 ) ;
#3332 = VERTEX_POINT ( 'NONE', #923 ) ;
#3333 = AXIS2_PLACEMENT_3D ( 'NONE', #1340, #446, #87 ) ;
#3334 = DIRECTION ( 'NONE',  ( 0.0000000000000000000, 0.0000000000000000000, -1.000000000000000000 ) ) ;
#3335 = DIRECTION ( 'NONE',  ( 1.000000000000000000, 0.0000000000000000000, 0.0000000000000000000 ) ) ;
#3336 = ADVANCED_FACE ( 'NONE', ( #2461 ), #2488, .T. ) ;
#3337 = ORIENTED_EDGE ( 'NONE', *, *, #4367, .T. ) ;
#3338 = EDGE_LOOP ( 'NONE', ( #3311, #21, #126, #3165 ) ) ;
#3339 = DIRECTION ( 'NONE',  ( 0.0000000000000000000, 0.0000000000000000000, 1.000000000000000000 ) ) ;
#3340 = LINE ( 'NONE', #4880, #4981 ) ;
#3341 = EDGE_CURVE ( 'NONE', #2500, #121, #3034, .T. ) ;
#3342 = EDGE_CURVE ( 'NONE', #4698, #3647, #1846, .T. ) ;
#3343 = ORIENTED_EDGE ( 'NONE', *, *, #1969, .F. ) ;
#3344 = ORIENTED_EDGE ( 'NONE', *, *, #3341, .F. ) ;
#3345 = VERTEX_POINT ( 'NONE', #317 ) ;
#3346 = DIRECTION ( 'NONE',  ( 0.0000000000000000000, 0.0000000000000000000, 1.000000000000000000 ) ) ;
#3347 = EDGE_CURVE ( 'NONE', #127, #1429, #293, .T. ) ;
#3348 = CARTESIAN_POINT ( 'NONE',  ( 0.5533266113625984195, 0.07318325573254626237, -1.496062992125984259 ) ) ;
#3349 = DIRECTION ( 'NONE',  ( 1.000000000000000000, 0.0000000000000000000, 0.0000000000000000000 ) ) ;
#3350 = VERTEX_POINT ( 'NONE', #1388 ) ;
#3351 = DIRECTION ( 'NONE',  ( -1.089603340915474052E-15, -1.000000000000000000, 0.0000000000000000000 ) ) ;
#3352 = DIRECTION ( 'NONE',  ( -0.0000000000000000000, -1.000000000000000000, -0.0000000000000000000 ) ) ;
#3353 = CYLINDRICAL_SURFACE ( 'NONE', #2667, 0.05118110236220728415 ) ;
#3354 = DIRECTION ( 'NONE',  ( 0.0000000000000000000, 0.0000000000000000000, 1.000000000000000000 ) ) ;
#3355 = VERTEX_POINT ( 'NONE', #2559 ) ;
#3356 = LINE ( 'NONE', #2593, #807 ) ;
#3357 = CARTESIAN_POINT ( 'NONE',  ( 0.6791338582677166613, -0.2263779527559055260, 0.0000000000000000000 ) ) ;
#3358 = DIRECTION ( 'NONE',  ( 1.000000000000000000, 0.0000000000000000000, 0.0000000000000000000 ) ) ;
#3359 = CARTESIAN_POINT ( 'NONE',  ( -0.3031496062992126150, -0.03937007874015523851, 0.0000000000000000000 ) ) ;
#3360 = ORIENTED_EDGE ( 'NONE', *, *, #2068, .T. ) ;
#3361 = VECTOR ( 'NONE', #1499, 39.37007874015748143 ) ;
#3362 = VERTEX_POINT ( 'NONE', #4205 ) ;
#3363 = DIRECTION ( 'NONE',  ( 0.0000000000000000000, 0.0000000000000000000, 1.000000000000000000 ) ) ;
#3364 = CARTESIAN_POINT ( 'NONE',  ( -0.4488188976377953110, -5.335640612625512173E-19, -1.496062992125984259 ) ) ;
#3365 = AXIS2_PLACEMENT_3D ( 'NONE', #1073, #3800, #2210 ) ;
#3366 = AXIS2_PLACEMENT_3D ( 'NONE', #555, #3939, #1701 ) ;
#3367 = ORIENTED_EDGE ( 'NONE', *, *, #856, .F. ) ;
#3368 = ORIENTED_EDGE ( 'NONE', *, *, #104, .T. ) ;
#3369 = ORIENTED_EDGE ( 'NONE', *, *, #913, .T. ) ;
#3370 = SHAPE_DEFINITION_REPRESENTATION ( #4758, #990 ) ;
#3371 = DIRECTION ( 'NONE',  ( 0.0000000000000000000, 0.0000000000000000000, -1.000000000000000000 ) ) ;
#3372 = VECTOR ( 'NONE', #986, 39.37007874015748143 ) ;
#3373 = AXIS2_PLACEMENT_3D ( 'NONE', #4059, #3608, #117 ) ;
#3374 = ADVANCED_FACE ( 'NONE', ( #2267 ), #2584, .T. ) ;
#3375 = DIRECTION ( 'NONE',  ( 0.8090169943749386805, 0.5877852522924849055, 0.0000000000000000000 ) ) ;
#3376 = FACE_OUTER_BOUND ( 'NONE', #3894, .T. ) ;
#3377 = AXIS2_PLACEMENT_3D ( 'NONE', #1677, #197, #3304 ) ;
#3378 = EDGE_LOOP ( 'NONE', ( #4070, #2176, #3969, #4587 ) ) ;
#3379 = EDGE_CURVE ( 'NONE', #783, #3084, #2938, .T. ) ;
#3380 = CARTESIAN_POINT ( 'NONE',  ( 0.3917322834645669549, 0.1780276157922165425, -1.496062992125984259 ) ) ;
#3381 = DIRECTION ( 'NONE',  ( -0.6427876096865430267, -0.7660444431189750158, 0.0000000000000000000 ) ) ;
#3382 = DIRECTION ( 'NONE',  ( 0.0000000000000000000, 0.0000000000000000000, -1.000000000000000000 ) ) ;
#3383 = AXIS2_PLACEMENT_3D ( 'NONE', #1691, #2585, #2211 ) ;
#3384 = DIRECTION ( 'NONE',  ( 0.8090169943749386805, -0.5877852522924849055, 0.0000000000000000000 ) ) ;
#3385 = AXIS2_PLACEMENT_3D ( 'NONE', #3728, #1594, #1996 ) ;
#3386 = ORIENTED_EDGE ( 'NONE', *, *, #2940, .T. ) ;
#3387 = DIRECTION ( 'NONE',  ( 0.0000000000000000000, 0.0000000000000000000, 1.000000000000000000 ) ) ;
#3388 = FACE_OUTER_BOUND ( 'NONE', #254, .T. ) ;
#3389 = COLOUR_RGB ( '',0.7921568627450980005, 0.8196078431372548767, 0.9333333333333333481 ) ;
#3390 = ORIENTED_EDGE ( 'NONE', *, *, #3221, .F. ) ;
#3391 = CARTESIAN_POINT ( 'NONE',  ( 0.6397637795275591399, -0.1318943936227281455, 0.0000000000000000000 ) ) ;
#3392 = ORIENTED_EDGE ( 'NONE', *, *, #4023, .F. ) ;
#3393 = EDGE_LOOP ( 'NONE', ( #1117, #4366, #3849, #2030 ) ) ;
#3394 = DIRECTION ( 'NONE',  ( 0.0000000000000000000, 0.0000000000000000000, 1.000000000000000000 ) ) ;
#3395 = DIRECTION ( 'NONE',  ( 0.0000000000000000000, 0.0000000000000000000, 1.000000000000000000 ) ) ;
#3396 = CARTESIAN_POINT ( 'NONE',  ( -0.6397637795275591399, -0.2263779527559055260, -1.496062992125984259 ) ) ;
#3397 = VERTEX_POINT ( 'NONE', #4590 ) ;
#3398 = ORIENTED_EDGE ( 'NONE', *, *, #536, .T. ) ;
#3399 = LENGTH_MEASURE_WITH_UNIT ( LENGTH_MEASURE( 0.02539999999999999897 ), #4910 );
#3400 = VECTOR ( 'NONE', #1115, 39.37007874015748143 ) ;
#3401 = FACE_OUTER_BOUND ( 'NONE', #2973, .T. ) ;
#3402 = CARTESIAN_POINT ( 'NONE',  ( 0.2125984251968504046, -0.2263779527559055260, 0.0000000000000000000 ) ) ;
#3403 = CARTESIAN_POINT ( 'NONE',  ( -0.2519685039370078705, -0.06890226763847540070, -1.496062992125984259 ) ) ;
#3404 = VECTOR ( 'NONE', #3542, 39.37007874015748143 ) ;
#3405 = AXIS2_PLACEMENT_3D ( 'NONE', #4428, #2085, #3941 ) ;
#3406 = ORIENTED_EDGE ( 'NONE', *, *, #292, .T. ) ;
#3407 = FACE_OUTER_BOUND ( 'NONE', #55, .T. ) ;
#3408 = EDGE_CURVE ( 'NONE', #1738, #2468, #4935, .T. ) ;
#3409 = AXIS2_PLACEMENT_3D ( 'NONE', #2857, #4383, #4830 ) ;
#3410 = DIRECTION ( 'NONE',  ( 1.000000000000000000, 0.0000000000000000000, 0.0000000000000000000 ) ) ;
#3411 =( NAMED_UNIT ( * ) SI_UNIT ( $, .STERADIAN. ) SOLID_ANGLE_UNIT ( ) );
#3412 = CARTESIAN_POINT ( 'NONE',  ( -0.5196850393700787052, 0.09739619588073208933, 0.0000000000000000000 ) ) ;
#3413 = EDGE_CURVE ( 'NONE', #3362, #3674, #1049, .T. ) ;
#3414 = STYLED_ITEM ( 'NONE', ( #2876 ), #1162 ) ;
#3415 = ORIENTED_EDGE ( 'NONE', *, *, #1133, .T. ) ;
#3416 = DIRECTION ( 'NONE',  ( 0.0000000000000000000, 0.0000000000000000000, 1.000000000000000000 ) ) ;
#3417 = DIRECTION ( 'NONE',  ( 0.0000000000000000000, 0.0000000000000000000, 1.000000000000000000 ) ) ;
#3418 = CIRCLE ( 'NONE', #962, 0.01968503937007872254 ) ;
#3419 = ADVANCED_FACE ( 'NONE', ( #241 ), #4959, .F. ) ;
#3420 = ORIENTED_EDGE ( 'NONE', *, *, #1128, .T. ) ;
#3421 = DIRECTION ( 'NONE',  ( 1.000000000000000000, 0.0000000000000000000, 0.0000000000000000000 ) ) ;
#3422 = VECTOR ( 'NONE', #2819, 39.37007874015748143 ) ;
#3423 = ORIENTED_EDGE ( 'NONE', *, *, #4557, .T. ) ;
#3424 = VERTEX_POINT ( 'NONE', #615 ) ;
#3425 = CYLINDRICAL_SURFACE ( 'NONE', #1776, 0.06299212598425199539 ) ;
#3426 = FACE_OUTER_BOUND ( 'NONE', #641, .T. ) ;
#3427 = LINE ( 'NONE', #3396, #2324 ) ;
#3428 = VERTEX_POINT ( 'NONE', #2237 ) ;
#3429 = ORIENTED_EDGE ( 'NONE', *, *, #2093, .F. ) ;
#3430 = DIRECTION ( 'NONE',  ( 1.000000000000000000, 5.295027878066710738E-16, 0.0000000000000000000 ) ) ;
#3431 = CARTESIAN_POINT ( 'NONE',  ( 0.3826845144513507657, 0.1704356361502496198, 0.0000000000000000000 ) ) ;
#3432 = VERTEX_POINT ( 'NONE', #265 ) ;
#3433 = DIRECTION ( 'NONE',  ( 0.0000000000000000000, 0.0000000000000000000, 1.000000000000000000 ) ) ;
#3434 = CARTESIAN_POINT ( 'NONE',  ( -0.4659620488510621827, 0.08391027517899704580, -1.496062992125984259 ) ) ;
#3435 = EDGE_CURVE ( 'NONE', #2191, #81, #1466, .T. ) ;
#3436 = CARTESIAN_POINT ( 'NONE',  ( -0.2913385826771653919, -0.05118110236220244080, -1.496062992125984259 ) ) ;
#3437 = DIRECTION ( 'NONE',  ( -1.000000000000000000, -2.168404344971010446E-15, 0.0000000000000000000 ) ) ;
#3438 = DIMENSIONAL_EXPONENTS ( 1.000000000000000000, 0.0000000000000000000, 0.0000000000000000000, 0.0000000000000000000, 0.0000000000000000000, 0.0000000000000000000, 0.0000000000000000000 ) ;
#3439 = ORIENTED_EDGE ( 'NONE', *, *, #1225, .F. ) ;
#3440 = CARTESIAN_POINT ( 'NONE',  ( -0.4803149606299212948, 0.2263779527559055260, 0.0000000000000000000 ) ) ;
#3441 = EDGE_CURVE ( 'NONE', #3971, #4955, #2961, .T. ) ;
#3442 = EDGE_CURVE ( 'NONE', #4275, #909, #1104, .T. ) ;
#3443 = VERTEX_POINT ( 'NONE', #2179 ) ;
#3444 = LINE ( 'NONE', #3817, #4257 ) ;
#3445 = ADVANCED_FACE ( 'NONE', ( #1766 ), #1791, .F. ) ;
#3446 = PRODUCT_DEFINITION_CONTEXT ( 'detailed design', #3325, 'design' ) ;
#3447 = VERTEX_POINT ( 'NONE', #3773 ) ;
#3448 = VERTEX_POINT ( 'NONE', #3348 ) ;
#3449 = LINE ( 'NONE', #3140, #393 ) ;
#3450 = CARTESIAN_POINT ( 'NONE',  ( -0.6279527559055118058, 0.1318943936227279512, -1.496062992125984259 ) ) ;
#3451 = DIRECTION ( 'NONE',  ( -1.192492468937322049E-15, 1.000000000000000000, 0.0000000000000000000 ) ) ;
#3452 = VERTEX_POINT ( 'NONE', #4885 ) ;
#3453 = AXIS2_PLACEMENT_3D ( 'NONE', #4925, #1013, #897 ) ;
#3454 = EDGE_LOOP ( 'NONE', ( #2148, #2104, #2230, #2756 ) ) ;
#3455 = CARTESIAN_POINT ( 'NONE',  ( -0.5533266113625984195, 0.07318325573254587380, -1.496062992125984259 ) ) ;
#3456 = CARTESIAN_POINT ( 'NONE',  ( -0.2401574803149606474, -0.03937007874015523851, 0.0000000000000000000 ) ) ;
#3457 = VECTOR ( 'NONE', #2154, 39.37007874015748143 ) ;
#3458 = DIRECTION ( 'NONE',  ( 0.0000000000000000000, 0.0000000000000000000, -1.000000000000000000 ) ) ;
#3459 = ORIENTED_EDGE ( 'NONE', *, *, #2783, .F. ) ;
#3460 = DIRECTION ( 'NONE',  ( 4.010514564478714727E-16, 1.000000000000000000, 0.0000000000000000000 ) ) ;
#3461 = DIRECTION ( 'NONE',  ( 0.0000000000000000000, 0.0000000000000000000, 1.000000000000000000 ) ) ;
#3462 = AXIS2_PLACEMENT_3D ( 'NONE', #2871, #2421, #1649 ) ;
#3463 = DIRECTION ( 'NONE',  ( 0.0000000000000000000, 0.0000000000000000000, -1.000000000000000000 ) ) ;
#3464 = LINE ( 'NONE', #4964, #3361 ) ;
#3465 = LINE ( 'NONE', #2691, #930 ) ;
#3466 = AXIS2_PLACEMENT_3D ( 'NONE', #4007, #2081, #597 ) ;
#3467 = VERTEX_POINT ( 'NONE', #1409 ) ;
#3468 = VECTOR ( 'NONE', #4002, 39.37007874015748143 ) ;
#3469 = CARTESIAN_POINT ( 'NONE',  ( -0.5000000000000000000, -5.335640612625512173E-19, -0.3149606299212598381 ) ) ;
#3470 = LINE ( 'NONE', #3815, #2348 ) ;
#3471 = CIRCLE ( 'NONE', #1919, 0.06299212598425199539 ) ;
#3472 = ORIENTED_EDGE ( 'NONE', *, *, #3796, .T. ) ;
#3473 = DIRECTION ( 'NONE',  ( -1.089603340915474052E-15, -1.000000000000000000, 0.0000000000000000000 ) ) ;
#3474 = EDGE_CURVE ( 'NONE', #56, #3859, #4126, .T. ) ;
#3475 = VERTEX_POINT ( 'NONE', #1437 ) ;
#3476 = VERTEX_POINT ( 'NONE', #2983 ) ;
#3477 = LINE ( 'NONE', #2729, #3576 ) ;
#3478 = FACE_OUTER_BOUND ( 'NONE', #2946, .T. ) ;
#3479 = EDGE_CURVE ( 'NONE', #831, #762, #3284, .T. ) ;
#3480 = VERTEX_POINT ( 'NONE', #1590 ) ;
#3481 = ADVANCED_FACE ( 'NONE', ( #1521 ), #2705, .T. ) ;
#3482 = ORIENTED_EDGE ( 'NONE', *, *, #2505, .T. ) ;
#3483 = LINE ( 'NONE', #4283, #63 ) ;
#3484 = DIRECTION ( 'NONE',  ( 0.0000000000000000000, 0.0000000000000000000, -1.000000000000000000 ) ) ;
#3485 = LINE ( 'NONE', #3062, #1100 ) ;
#3486 = EDGE_CURVE ( 'NONE', #1648, #1635, #1156, .T. ) ;
#3487 = CARTESIAN_POINT ( 'NONE',  ( -0.4113517303212779752, -0.03937007874015747977, -1.496062992125984259 ) ) ;
#3488 = DIRECTION ( 'NONE',  ( 1.000000000000000000, 0.0000000000000000000, 0.0000000000000000000 ) ) ;
#3489 = FILL_AREA_STYLE ('',( #3515 ) ) ;
#3490 = DIRECTION ( 'NONE',  ( -1.000000000000000000, 0.0000000000000000000, 0.0000000000000000000 ) ) ;
#3491 = AXIS2_PLACEMENT_3D ( 'NONE', #4662, #1185, #3902 ) ;
#3492 = ORIENTED_EDGE ( 'NONE', *, *, #3903, .F. ) ;
#3493 = AXIS2_PLACEMENT_3D ( 'NONE', #2833, #3597, #128 ) ;
#3494 = DIRECTION ( 'NONE',  ( 5.295027878066710738E-16, -1.000000000000000000, 0.0000000000000000000 ) ) ;
#3495 = ORIENTED_EDGE ( 'NONE', *, *, #1319, .F. ) ;
#3496 = DIRECTION ( 'NONE',  ( 1.000000000000000000, 0.0000000000000000000, 0.0000000000000000000 ) ) ;
#3497 = ORIENTED_EDGE ( 'NONE', *, *, #4023, .T. ) ;
#3498 = AXIS2_PLACEMENT_3D ( 'NONE', #4246, #2353, #2727 ) ;
#3499 = LINE ( 'NONE', #431, #3083 ) ;
#3500 = EDGE_LOOP ( 'NONE', ( #2801, #5, #2038, #710 ) ) ;
#3501 = EDGE_CURVE ( 'NONE', #3769, #400, #1251, .T. ) ;
#3502 = DIRECTION ( 'NONE',  ( 0.0000000000000000000, 0.0000000000000000000, 1.000000000000000000 ) ) ;
#3503 = CARTESIAN_POINT ( 'NONE',  ( -0.2401574803149606474, -0.06890226763847540070, 0.0000000000000000000 ) ) ;
#3504 = CIRCLE ( 'NONE', #3662, 0.09055118110236221041 ) ;
#3505 = ORIENTED_EDGE ( 'NONE', *, *, #4486, .T. ) ;
#3506 = ORIENTED_EDGE ( 'NONE', *, *, #4485, .F. ) ;
#3507 = PLANE ( 'NONE',  #471 ) ;
#3508 = DIRECTION ( 'NONE',  ( 0.0000000000000000000, 0.0000000000000000000, -1.000000000000000000 ) ) ;
#3509 =( CONVERSION_BASED_UNIT ( 'INCH', #4709 ) LENGTH_UNIT ( ) NAMED_UNIT ( #2619 ) );
#3510 = EDGE_CURVE ( 'NONE', #2328, #775, #3921, .T. ) ;
#3511 = EDGE_CURVE ( 'NONE', #775, #1837, #2713, .T. ) ;
#3512 = DIRECTION ( 'NONE',  ( 0.0000000000000000000, 1.000000000000000000, 0.0000000000000000000 ) ) ;
#3513 = FACE_OUTER_BOUND ( 'NONE', #1658, .T. ) ;
#3514 = ADVANCED_FACE ( 'NONE', ( #2384 ), #58, .T. ) ;
#3515 = FILL_AREA_STYLE_COLOUR ( '', #3922 ) ;
#3516 = CARTESIAN_POINT ( 'NONE',  ( 0.3523622047244094335, 0.1636980790100826810, -1.496062992125984259 ) ) ;
#3517 = ORIENTED_EDGE ( 'NONE', *, *, #3134, .T. ) ;
#3518 = PLANE ( 'NONE',  #1867 ) ;
#3519 = DIRECTION ( 'NONE',  ( 0.0000000000000000000, 0.0000000000000000000, 1.000000000000000000 ) ) ;
#3520 = EDGE_LOOP ( 'NONE', ( #2156, #3107, #611, #1045 ) ) ;
#3521 = CARTESIAN_POINT ( 'NONE',  ( 0.3826845144513507657, 0.1704356361502496198, -1.496062992125984259 ) ) ;
#3522 = VERTEX_POINT ( 'NONE', #4612 ) ;
#3523 = CARTESIAN_POINT ( 'NONE',  ( 0.0000000000000000000, -0.03937007874015523851, -0.6535433070866140115 ) ) ;
#3524 = VERTEX_POINT ( 'NONE', #391 ) ;
#3525 = SURFACE_STYLE_USAGE ( .BOTH. , #1958 ) ;
#3526 =( CONVERSION_BASED_UNIT ( 'INCH', #3823 ) LENGTH_UNIT ( ) NAMED_UNIT ( #3786 ) );
#3527 = VERTEX_POINT ( 'NONE', #3456 ) ;
#3528 = VERTEX_POINT ( 'NONE', #1614 ) ;
#3529 = LINE ( 'NONE', #3879, #2277 ) ;
#3530 = DIRECTION ( 'NONE',  ( 0.0000000000000000000, 0.0000000000000000000, -1.000000000000000000 ) ) ;
#3531 = ORIENTED_EDGE ( 'NONE', *, *, #973, .F. ) ;
#3532 = PLANE ( 'NONE',  #4975 ) ;
#3533 = DIRECTION ( 'NONE',  ( 0.0000000000000000000, 0.0000000000000000000, 1.000000000000000000 ) ) ;
#3534 = ADVANCED_FACE ( 'NONE', ( #4986 ), #837, .T. ) ;
#3535 = VECTOR ( 'NONE', #5014, 39.37007874015748143 ) ;
#3536 = AXIS2_PLACEMENT_3D ( 'NONE', #1189, #442, #825 ) ;
#3537 = FACE_OUTER_BOUND ( 'NONE', #2540, .T. ) ;
#3538 = DIRECTION ( 'NONE',  ( 0.0000000000000000000, 0.0000000000000000000, 1.000000000000000000 ) ) ;
#3539 = ADVANCED_FACE ( 'NONE', ( #747 ), #2315, .T. ) ;
#3540 = AXIS2_PLACEMENT_3D ( 'NONE', #1187, #4255, #9 ) ;
#3541 = AXIS2_PLACEMENT_3D ( 'NONE', #1954, #50, #3473 ) ;
#3542 = DIRECTION ( 'NONE',  ( 0.0000000000000000000, 0.0000000000000000000, 1.000000000000000000 ) ) ;
#3543 = CIRCLE ( 'NONE', #3697, 0.06299212598425199539 ) ;
#3544 = CIRCLE ( 'NONE', #4012, 0.01181102362204724046 ) ;
#3545 = ORIENTED_EDGE ( 'NONE', *, *, #1759, .F. ) ;
#3546 = FACE_OUTER_BOUND ( 'NONE', #2291, .T. ) ;
#3547 = VERTEX_POINT ( 'NONE', #2735 ) ;
#3548 = VERTEX_POINT ( 'NONE', #368 ) ;
#3549 = CARTESIAN_POINT ( 'NONE',  ( -0.4261811023622047445, -0.05608509196814338155, -1.496062992125984259 ) ) ;
#3550 = VECTOR ( 'NONE', #1050, 39.37007874015748143 ) ;
#3551 = ORIENTED_EDGE ( 'NONE', *, *, #1029, .T. ) ;
#3552 = ORIENTED_EDGE ( 'NONE', *, *, #2418, .F. ) ;
#3553 = VECTOR ( 'NONE', #4491, 39.37007874015748143 ) ;
#3554 = CARTESIAN_POINT ( 'NONE',  ( -0.6791338582677166613, -0.1118343365560181130, -1.496062992125984259 ) ) ;
#3555 = CARTESIAN_POINT ( 'NONE',  ( 0.0000000000000000000, 0.03937007874015747977, -0.5905511811023621549 ) ) ;
#3556 = ORIENTED_EDGE ( 'NONE', *, *, #2499, .F. ) ;
#3557 = DIRECTION ( 'NONE',  ( 0.0000000000000000000, 0.0000000000000000000, 1.000000000000000000 ) ) ;
#3558 = DIRECTION ( 'NONE',  ( 1.000000000000000000, 0.0000000000000000000, 0.0000000000000000000 ) ) ;
#3559 =( CONVERSION_BASED_UNIT ( 'INCH', #4669 ) LENGTH_UNIT ( ) NAMED_UNIT ( #1478 ) );
#3560 = EDGE_CURVE ( 'NONE', #585, #4654, #4175, .T. ) ;
#3561 = CARTESIAN_POINT ( 'NONE',  ( 0.5000000000000000000, 1.468368296594541258E-15, 0.1574803149606299191 ) ) ;
#3562 = CARTESIAN_POINT ( 'NONE',  ( 0.6397637795275591399, 0.2263779527559055260, -1.496062992125984259 ) ) ;
#3563 = PLANE ( 'NONE',  #2347 ) ;
#3564 = EDGE_CURVE ( 'NONE', #2829, #3362, #997, .T. ) ;
#3565 = EDGE_CURVE ( 'NONE', #4531, #2200, #2059, .T. ) ;
#3566 = EDGE_CURVE ( 'NONE', #1967, #3452, #3579, .T. ) ;
#3567 = AXIS2_PLACEMENT_3D ( 'NONE', #1944, #2383, #390 ) ;
#3568 = VERTEX_POINT ( 'NONE', #1257 ) ;
#3569 = DIRECTION ( 'NONE',  ( 1.000000000000000000, 0.0000000000000000000, 0.0000000000000000000 ) ) ;
#3570 = ORIENTED_EDGE ( 'NONE', *, *, #236, .F. ) ;
#3571 = ADVANCED_FACE ( 'NONE', ( #4045 ), #3995, .T. ) ;
#3572 = ORIENTED_EDGE ( 'NONE', *, *, #4976, .F. ) ;
#3573 = DIRECTION ( 'NONE',  ( 0.0000000000000000000, 0.0000000000000000000, -1.000000000000000000 ) ) ;
#3574 = VECTOR ( 'NONE', #1401, 39.37007874015748143 ) ;
#3575 = ORIENTED_EDGE ( 'NONE', *, *, #761, .F. ) ;
#3576 = VECTOR ( 'NONE', #1534, 39.37007874015748143 ) ;
#3577 = ORIENTED_EDGE ( 'NONE', *, *, #92, .F. ) ;
#3578 = FACE_OUTER_BOUND ( 'NONE', #2675, .T. ) ;
#3579 = LINE ( 'NONE', #83, #1501 ) ;
#3580 = VECTOR ( 'NONE', #2911, 39.37007874015748143 ) ;
#3581 = VERTEX_POINT ( 'NONE', #1331 ) ;
#3582 = CIRCLE ( 'NONE', #2028, 0.01968503937007872254 ) ;
#3583 = DIRECTION ( 'NONE',  ( 0.0000000000000000000, 1.000000000000000000, 0.0000000000000000000 ) ) ;
#3584 = CYLINDRICAL_SURFACE ( 'NONE', #4671, 0.01181102362204724046 ) ;
#3585 = DIRECTION ( 'NONE',  ( -0.5877852522924849055, -0.8090169943749389025, 0.0000000000000000000 ) ) ;
#3586 = DIRECTION ( 'NONE',  ( -1.000000000000000000, 2.168404344971010446E-15, 0.0000000000000000000 ) ) ;
#3587 = ORIENTED_EDGE ( 'NONE', *, *, #3591, .T. ) ;
#3588 =( LENGTH_UNIT ( ) NAMED_UNIT ( * ) SI_UNIT ( $, .METRE. ) );
#3589 = ORIENTED_EDGE ( 'NONE', *, *, #4458, .F. ) ;
#3590 = ADVANCED_FACE ( 'NONE', ( #916 ), #943, .F. ) ;
#3591 = EDGE_CURVE ( 'NONE', #2129, #4710, #2410, .T. ) ;
#3592 = CARTESIAN_POINT ( 'NONE',  ( 0.5672246018224543773, -0.07317357895341693175, -1.496062992125984259 ) ) ;
#3593 = CARTESIAN_POINT ( 'NONE',  ( 0.3031496062992126150, -0.05118110236220244080, -1.496062992125984259 ) ) ;
#3594 = EDGE_CURVE ( 'NONE', #1928, #1648, #158, .T. ) ;
#3595 = ORIENTED_EDGE ( 'NONE', *, *, #1542, .T. ) ;
#3596 = EDGE_LOOP ( 'NONE', ( #1941, #2888, #2549, #4876 ) ) ;
#3597 = DIRECTION ( 'NONE',  ( 0.0000000000000000000, 0.0000000000000000000, 1.000000000000000000 ) ) ;
#3598 = DIRECTION ( 'NONE',  ( 0.0000000000000000000, 0.0000000000000000000, 1.000000000000000000 ) ) ;
#3599 = VERTEX_POINT ( 'NONE', #183 ) ;
#3600 = CARTESIAN_POINT ( 'NONE',  ( 0.2244094488188976555, -0.08071329126052262382, -1.496062992125984259 ) ) ;
#3601 = ORIENTED_EDGE ( 'NONE', *, *, #4242, .T. ) ;
#3602 = CARTESIAN_POINT ( 'NONE',  ( -0.6673228346456693272, 0.1118343365560181130, -1.496062992125984259 ) ) ;
#3603 = DIRECTION ( 'NONE',  ( 0.0000000000000000000, 0.0000000000000000000, -1.000000000000000000 ) ) ;
#3604 = DIRECTION ( 'NONE',  ( 0.0000000000000000000, 0.0000000000000000000, 1.000000000000000000 ) ) ;
#3605 = AXIS2_PLACEMENT_3D ( 'NONE', #1267, #2890, #3268 ) ;
#3606 = CARTESIAN_POINT ( 'NONE',  ( 0.4655511811023622104, -0.09982760730931281024, -1.496062992125984259 ) ) ;
#3607 = DIRECTION ( 'NONE',  ( -1.084202172485504040E-15, -1.000000000000000000, 0.0000000000000000000 ) ) ;
#3608 = DIRECTION ( 'NONE',  ( 0.0000000000000000000, 0.0000000000000000000, -1.000000000000000000 ) ) ;
#3609 = DIRECTION ( 'NONE',  ( 0.0000000000000000000, 0.0000000000000000000, 1.000000000000000000 ) ) ;
#3610 = VECTOR ( 'NONE', #4183, 39.37007874015748143 ) ;
#3611 = AXIS2_PLACEMENT_3D ( 'NONE', #2083, #2852, #2497 ) ;
#3612 = ORIENTED_EDGE ( 'NONE', *, *, #1103, .F. ) ;
#3613 = DIRECTION ( 'NONE',  ( 0.0000000000000000000, 0.0000000000000000000, 1.000000000000000000 ) ) ;
#3614 = VECTOR ( 'NONE', #3846, 39.37007874015748143 ) ;
#3615 = AXIS2_PLACEMENT_3D ( 'NONE', #345, #3067, #1136 ) ;
#3616 = CARTESIAN_POINT ( 'NONE',  ( 0.3799212598425197318, 0.1780276157922165425, 0.0000000000000000000 ) ) ;
#3617 = DIRECTION ( 'NONE',  ( 0.0000000000000000000, 0.0000000000000000000, -1.000000000000000000 ) ) ;
#3618 = AXIS2_PLACEMENT_3D ( 'NONE', #4421, #931, #2495 ) ;
#3619 = EDGE_CURVE ( 'NONE', #400, #3769, #2481, .T. ) ;
#3620 = VERTEX_POINT ( 'NONE', #2834 ) ;
#3621 = EDGE_LOOP ( 'NONE', ( #984, #685, #989, #1403 ) ) ;
#3622 = AXIS2_PLACEMENT_3D ( 'NONE', #1849, #1897, #1874 ) ;
#3623 = CARTESIAN_POINT ( 'NONE',  ( -0.6594488188976378451, 0.2263779527559055260, -1.496062992125984259 ) ) ;
#3624 = EDGE_CURVE ( 'NONE', #3254, #2007, #4384, .T. ) ;
#3625 = DIRECTION ( 'NONE',  ( 1.000000000000000000, 0.0000000000000000000, 0.0000000000000000000 ) ) ;
#3626 = EDGE_CURVE ( 'NONE', #945, #313, #3039, .T. ) ;
#3627 = EDGE_CURVE ( 'NONE', #3077, #961, #2432, .T. ) ;
#3628 = AXIS2_PLACEMENT_3D ( 'NONE', #3487, #3172, #2414 ) ;
#3629 = ORIENTED_EDGE ( 'NONE', *, *, #4857, .F. ) ;
#3630 = DIRECTION ( 'NONE',  ( 0.0000000000000000000, 0.0000000000000000000, -1.000000000000000000 ) ) ;
#3631 = ORIENTED_EDGE ( 'NONE', *, *, #3959, .F. ) ;
#3632 = CARTESIAN_POINT ( 'NONE',  ( -0.2637795275590551491, -0.1200833700006797150, -1.496062992125984259 ) ) ;
#3633 = EDGE_CURVE ( 'NONE', #2264, #4684, #3973, .T. ) ;
#3634 = CARTESIAN_POINT ( 'NONE',  ( 0.5278619018776495864, 0.08615817327910964274, -1.496062992125984259 ) ) ;
#3635 = PLANE ( 'NONE',  #4673 ) ;
#3636 = CARTESIAN_POINT ( 'NONE',  ( 0.4799742580254394153, -0.08830903723516123072, -1.496062992125984259 ) ) ;
#3637 = CARTESIAN_POINT ( 'NONE',  ( 7.714310545810101211E-18, 0.03937007874015747977, -0.5275590551181101873 ) ) ;
#3638 = FACE_BOUND ( 'NONE', #308, .T. ) ;
#3639 = CARTESIAN_POINT ( 'NONE',  ( 0.5511811023622072980, 1.468368296594541258E-15, -0.3149606299212598381 ) ) ;
#3640 = ORIENTED_EDGE ( 'NONE', *, *, #3876, .F. ) ;
#3641 = CARTESIAN_POINT ( 'NONE',  ( -0.6397637795275591399, 0.2263779527559055260, -1.496062992125984259 ) ) ;
#3642 = UNCERTAINTY_MEASURE_WITH_UNIT (LENGTH_MEASURE( 1.000000000000000082E-05 ), #1959, 'distance_accuracy_value', 'NONE');
#3643 = CARTESIAN_POINT ( 'NONE',  ( -0.3602362204724409711, 0.2263779527559055260, -1.496062992125984259 ) ) ;
#3644 = CARTESIAN_POINT ( 'NONE',  ( -0.6594488188976378451, 0.2263779527559055260, -1.496062992125984259 ) ) ;
#3645 = VECTOR ( 'NONE', #1675, 39.37007874015748143 ) ;
#3646 = VECTOR ( 'NONE', #936, 39.37007874015748143 ) ;
#3647 = VERTEX_POINT ( 'NONE', #2456 ) ;
#3648 = VERTEX_POINT ( 'NONE', #2120 ) ;
#3649 = CARTESIAN_POINT ( 'NONE',  ( 0.2125984251968504046, -0.2263779527559055260, -1.496062992125984259 ) ) ;
#3650 = CARTESIAN_POINT ( 'NONE',  ( -0.5000000000000000000, -3.175773292634704438E-15, -1.496062992125984259 ) ) ;
#3651 = AXIS2_PLACEMENT_3D ( 'NONE', #3080, #434, #4278 ) ;
#3652 = ORIENTED_EDGE ( 'NONE', *, *, #4177, .T. ) ;
#3653 = DIRECTION ( 'NONE',  ( 1.000000000000000000, 0.0000000000000000000, 0.0000000000000000000 ) ) ;
#3654 = VERTEX_POINT ( 'NONE', #1281 ) ;
#3655 = LENGTH_MEASURE_WITH_UNIT ( LENGTH_MEASURE( 0.02539999999999999897 ), #186 );
#3656 = ADVANCED_FACE ( 'NONE', ( #3673 ), #3237, .T. ) ;
#3657 = VECTOR ( 'NONE', #4967, 39.37007874015748143 ) ;
#3658 = EDGE_CURVE ( 'NONE', #168, #3217, #443, .T. ) ;
#3659 = FACE_OUTER_BOUND ( 'NONE', #4746, .T. ) ;
#3660 = LINE ( 'NONE', #1743, #2804 ) ;
#3661 = VERTEX_POINT ( 'NONE', #2480 ) ;
#3662 = AXIS2_PLACEMENT_3D ( 'NONE', #3677, #2536, #588 ) ;
#3663 = ADVANCED_FACE ( 'NONE', ( #3948 ), #511, .F. ) ;
#3664 = CARTESIAN_POINT ( 'NONE',  ( 0.6791338582677166613, -0.1118343365560181130, -1.496062992125984259 ) ) ;
#3665 = LINE ( 'NONE', #574, #4969 ) ;
#3666 = LINE ( 'NONE', #3639, #4825 ) ;
#3667 = ORIENTED_EDGE ( 'NONE', *, *, #3738, .T. ) ;
#3668 = DIRECTION ( 'NONE',  ( -1.000000000000000000, 0.0000000000000000000, 0.0000000000000000000 ) ) ;
#3669 = CARTESIAN_POINT ( 'NONE',  ( 0.2519685039370078705, -0.06890226763847540070, -1.496062992125984259 ) ) ;
#3670 = ORIENTED_EDGE ( 'NONE', *, *, #423, .F. ) ;
#3671 = ORIENTED_EDGE ( 'NONE', *, *, #600, .T. ) ;
#3672 = LINE ( 'NONE', #1256, #3809 ) ;
#3673 = FACE_OUTER_BOUND ( 'NONE', #1092, .T. ) ;
#3674 = VERTEX_POINT ( 'NONE', #1682 ) ;
#3675 = VERTEX_POINT ( 'NONE', #4408 ) ;
#3676 = DIRECTION ( 'NONE',  ( 0.0000000000000000000, 0.0000000000000000000, 1.000000000000000000 ) ) ;
#3677 = CARTESIAN_POINT ( 'NONE',  ( -0.5000000000000000000, 0.0000000000000000000, 0.0000000000000000000 ) ) ;
#3678 = DIRECTION ( 'NONE',  ( 0.0000000000000000000, 0.0000000000000000000, -1.000000000000000000 ) ) ;
#3679 = CARTESIAN_POINT ( 'NONE',  ( 0.2244094488188976555, -0.08071329126052262382, -1.496062992125984259 ) ) ;
#3680 = ORIENTED_EDGE ( 'NONE', *, *, #2931, .F. ) ;
#3681 = CARTESIAN_POINT ( 'NONE',  ( -0.5196850393700787052, 0.09739619588073208933, -1.496062992125984259 ) ) ;
#3682 = EDGE_CURVE ( 'NONE', #313, #2715, #1018, .T. ) ;
#3683 = CARTESIAN_POINT ( 'NONE',  ( -0.6594488188976378451, -0.2263779527559055260, -1.496062992125984259 ) ) ;
#3684 = LINE ( 'NONE', #195, #951 ) ;
#3685 = CARTESIAN_POINT ( 'NONE',  ( -0.2125984251968504046, -0.2263779527559055260, 0.0000000000000000000 ) ) ;
#3686 = DIRECTION ( 'NONE',  ( 0.0000000000000000000, 0.0000000000000000000, 1.000000000000000000 ) ) ;
#3687 = ADVANCED_FACE ( 'NONE', ( #4534 ), #4561, .F. ) ;
#3688 = EDGE_CURVE ( 'NONE', #491, #4354, #3696, .T. ) ;
#3689 = CARTESIAN_POINT ( 'NONE',  ( -0.6673228346456693272, 0.1118343365560181130, 0.0000000000000000000 ) ) ;
#3690 = AXIS2_PLACEMENT_3D ( 'NONE', #3145, #4688, #3090 ) ;
#3691 = FACE_OUTER_BOUND ( 'NONE', #1793, .T. ) ;
#3692 = VERTEX_POINT ( 'NONE', #2578 ) ;
#3693 = AXIS2_PLACEMENT_3D ( 'NONE', #355, #4273, #3841 ) ;
#3694 = ORIENTED_EDGE ( 'NONE', *, *, #3565, .F. ) ;
#3695 = CYLINDRICAL_SURFACE ( 'NONE', #956, 0.05118110236220468900 ) ;
#3696 = LINE ( 'NONE', #965, #1087 ) ;
#3697 = AXIS2_PLACEMENT_3D ( 'NONE', #3226, #2568, #1371 ) ;
#3698 = ORIENTED_EDGE ( 'NONE', *, *, #3898, .F. ) ;
#3699 = EDGE_LOOP ( 'NONE', ( #3629, #941, #2259, #820 ) ) ;
#3700 = VECTOR ( 'NONE', #2587, 39.37007874015748143 ) ;
#3701 = DIRECTION ( 'NONE',  ( 0.0000000000000000000, 0.0000000000000000000, 1.000000000000000000 ) ) ;
#3702 = LINE ( 'NONE', #4415, #1833 ) ;
#3703 = EDGE_LOOP ( 'NONE', ( #584, #2526, #2457, #456 ) ) ;
#3704 = CARTESIAN_POINT ( 'NONE',  ( 0.3799212598425197318, 0.1780276157922165425, -1.496062992125984259 ) ) ;
#3705 = DIRECTION ( 'NONE',  ( 1.000000000000000000, 0.0000000000000000000, 0.0000000000000000000 ) ) ;
#3706 = CARTESIAN_POINT ( 'NONE',  ( 0.4113517303212779752, -0.03937007874015747977, 0.0000000000000000000 ) ) ;
#3707 = DIRECTION ( 'NONE',  ( 0.0000000000000000000, 0.0000000000000000000, 1.000000000000000000 ) ) ;
#3708 = EDGE_LOOP ( 'NONE', ( #1856, #432, #2883, #4799 ) ) ;
#3709 = DIRECTION ( 'NONE',  ( 0.0000000000000000000, 0.0000000000000000000, -1.000000000000000000 ) ) ;
#3710 = CARTESIAN_POINT ( 'NONE',  ( 0.4659620488510621827, 0.08391027517899901644, -1.496062992125984259 ) ) ;
#3711 = EDGE_CURVE ( 'NONE', #2501, #237, #2558, .T. ) ;
#3712 = EDGE_CURVE ( 'NONE', #3901, #3917, #4149, .T. ) ;
#3713 = EDGE_CURVE ( 'NONE', #1967, #3813, #4502, .T. ) ;
#3714 = VERTEX_POINT ( 'NONE', #3742 ) ;
#3715 = ORIENTED_EDGE ( 'NONE', *, *, #2513, .F. ) ;
#3716 = CARTESIAN_POINT ( 'NONE',  ( 0.5000000000000000000, 1.468368296594541258E-15, 0.0000000000000000000 ) ) ;
#3717 = AXIS2_PLACEMENT_3D ( 'NONE', #1772, #4870, #272 ) ;
#3718 = DIRECTION ( 'NONE',  ( -1.000000000000000000, 0.0000000000000000000, 0.0000000000000000000 ) ) ;
#3719 = ORIENTED_EDGE ( 'NONE', *, *, #2449, .F. ) ;
#3720 = EDGE_LOOP ( 'NONE', ( #1132, #1335, #4707, #2856 ) ) ;
#3721 = VECTOR ( 'NONE', #4148, 39.37007874015748143 ) ;
#3722 = ORIENTED_EDGE ( 'NONE', *, *, #2266, .T. ) ;
#3723 = VECTOR ( 'NONE', #2573, 39.37007874015748143 ) ;
#3724 = DIRECTION ( 'NONE',  ( 0.0000000000000000000, 0.0000000000000000000, 1.000000000000000000 ) ) ;
#3725 = CARTESIAN_POINT ( 'NONE',  ( -0.2125984251968504046, -0.2263779527559055260, -1.496062992125984259 ) ) ;
#3726 = CIRCLE ( 'NONE', #1039, 0.01181102362204724046 ) ;
#3727 = ORIENTED_EDGE ( 'NONE', *, *, #392, .T. ) ;
#3728 = CARTESIAN_POINT ( 'NONE',  ( -0.5000000000000000000, -5.335640612625512173E-19, 0.1574803149606299191 ) ) ;
#3729 = AXIS2_PLACEMENT_3D ( 'NONE', #4601, #1114, #4240 ) ;
#3730 = FACE_OUTER_BOUND ( 'NONE', #3720, .T. ) ;
#3731 = CARTESIAN_POINT ( 'NONE',  ( 0.0000000000000000000, -0.03937007874015523851, -0.9842519685039370358 ) ) ;
#3732 = SURFACE_STYLE_USAGE ( .BOTH. , #248 ) ;
#3733 = FACE_OUTER_BOUND ( 'NONE', #2071, .T. ) ;
#3734 = CIRCLE ( 'NONE', #2447, 0.01181102362204724046 ) ;
#3735 = DIRECTION ( 'NONE',  ( 0.0000000000000000000, 0.0000000000000000000, 1.000000000000000000 ) ) ;
#3736 = SURFACE_STYLE_FILL_AREA ( #628 ) ;
#3737 = DIRECTION ( 'NONE',  ( 0.0000000000000000000, 0.0000000000000000000, 1.000000000000000000 ) ) ;
#3738 = EDGE_CURVE ( 'NONE', #3432, #4217, #286, .T. ) ;
#3739 = ORIENTED_EDGE ( 'NONE', *, *, #3125, .T. ) ;
#3740 = ORIENTED_EDGE ( 'NONE', *, *, #4518, .F. ) ;
#3741 = CARTESIAN_POINT ( 'NONE',  ( -0.4458661417322834497, -0.2263779527559055260, -1.496062992125984259 ) ) ;
#3742 = CARTESIAN_POINT ( 'NONE',  ( 0.4113517303212779752, 0.03937007874015747977, 0.0000000000000000000 ) ) ;
#3743 = EDGE_CURVE ( 'NONE', #3355, #4720, #2930, .T. ) ;
#3744 = VERTEX_POINT ( 'NONE', #4069 ) ;
#3745 = ORIENTED_EDGE ( 'NONE', *, *, #2306, .F. ) ;
#3746 = CARTESIAN_POINT ( 'NONE',  ( -0.4803149606299212948, 0.2263779527559055260, -1.496062992125984259 ) ) ;
#3747 = CARTESIAN_POINT ( 'NONE',  ( 0.2913385826771653919, -0.1082723463786324780, -1.496062992125984259 ) ) ;
#3748 = ORIENTED_EDGE ( 'NONE', *, *, #135, .T. ) ;
#3749 = CARTESIAN_POINT ( 'NONE',  ( -0.5497918511573290923, -0.01184385061273620157, -1.496062992125984259 ) ) ;
#3750 = DIRECTION ( 'NONE',  ( 0.0000000000000000000, 0.0000000000000000000, 1.000000000000000000 ) ) ;
#3751 = DIRECTION ( 'NONE',  ( 0.0000000000000000000, -1.000000000000000000, 0.0000000000000000000 ) ) ;
#3752 = SURFACE_STYLE_FILL_AREA ( #4548 ) ;
#3753 = CARTESIAN_POINT ( 'NONE',  ( -0.2795275590551181133, -0.1200833700006795346, 0.0000000000000000000 ) ) ;
#3754 = ORIENTED_EDGE ( 'NONE', *, *, #3566, .F. ) ;
#3755 = CARTESIAN_POINT ( 'NONE',  ( 0.2047244094488188948, -0.03937007874015523851, -0.4330708661417322913 ) ) ;
#3756 = CARTESIAN_POINT ( 'NONE',  ( 0.6673228346456693272, -0.1118343365560181130, 0.0000000000000000000 ) ) ;
#3757 = VECTOR ( 'NONE', #3807, 39.37007874015748143 ) ;
#3758 = CARTESIAN_POINT ( 'NONE',  ( 0.6279527559055118058, 0.1318943936227279512, 0.0000000000000000000 ) ) ;
#3759 = ORIENTED_EDGE ( 'NONE', *, *, #4818, .T. ) ;
#3760 = MECHANICAL_DESIGN_GEOMETRIC_PRESENTATION_REPRESENTATION (  '', ( #3196 ), #188 ) ;
#3761 = VECTOR ( 'NONE', #4025, 39.37007874015748143 ) ;
#3762 = ORIENTED_EDGE ( 'NONE', *, *, #786, .F. ) ;
#3763 = LINE ( 'NONE', #1804, #1036 ) ;
#3764 = DIRECTION ( 'NONE',  ( 1.000000000000000000, 0.0000000000000000000, 0.0000000000000000000 ) ) ;
#3765 = EDGE_CURVE ( 'NONE', #3527, #4684, #3340, .T. ) ;
#3766 =( GEOMETRIC_REPRESENTATION_CONTEXT ( 3 ) GLOBAL_UNCERTAINTY_ASSIGNED_CONTEXT ( ( #3842 ) ) GLOBAL_UNIT_ASSIGNED_CONTEXT ( ( #2823, #503, #3228 ) ) REPRESENTATION_CONTEXT ( 'NONE', 'WORKASPACE' ) );
#3767 = ORIENTED_EDGE ( 'NONE', *, *, #4204, .F. ) ;
#3768 = VERTEX_POINT ( 'NONE', #4120 ) ;
#3769 = VERTEX_POINT ( 'NONE', #2175 ) ;
#3770 = EDGE_CURVE ( 'NONE', #4536, #532, #3427, .T. ) ;
#3771 = LINE ( 'NONE', #52, #3816 ) ;
#3772 = DIRECTION ( 'NONE',  ( 0.0000000000000000000, 0.0000000000000000000, 1.000000000000000000 ) ) ;
#3773 = CARTESIAN_POINT ( 'NONE',  ( 0.5533266113625976423, -0.07318325573254527705, 0.0000000000000000000 ) ) ;
#3774 = EDGE_CURVE ( 'NONE', #4654, #2041, #845, .T. ) ;
#3775 = DIRECTION ( 'NONE',  ( -1.000000000000000000, 0.0000000000000000000, 0.0000000000000000000 ) ) ;
#3776 = EDGE_CURVE ( 'NONE', #3744, #898, #4455, .T. ) ;
#3777 = CIRCLE ( 'NONE', #1507, 0.01968503937007875723 ) ;
#3778 = VERTEX_POINT ( 'NONE', #2203 ) ;
#3779 = FACE_OUTER_BOUND ( 'NONE', #3949, .T. ) ;
#3780 =( NAMED_UNIT ( * ) PLANE_ANGLE_UNIT ( ) SI_UNIT ( $, .RADIAN. ) );
#3781 = EDGE_CURVE ( 'NONE', #4258, #3350, #639, .T. ) ;
#3782 = DIRECTION ( 'NONE',  ( 0.0000000000000000000, 0.0000000000000000000, 1.000000000000000000 ) ) ;
#3783 = CARTESIAN_POINT ( 'NONE',  ( 0.4215803768226693005, 0.04527559055118110520, -1.496062992125984259 ) ) ;
#3784 = PRESENTATION_LAYER_ASSIGNMENT (  '', '', ( #3943 ) ) ;
#3785 = CARTESIAN_POINT ( 'NONE',  ( 0.4143700787401574659, -0.05608509196814338155, 0.0000000000000000000 ) ) ;
#3786 = DIMENSIONAL_EXPONENTS ( 1.000000000000000000, 0.0000000000000000000, 0.0000000000000000000, 0.0000000000000000000, 0.0000000000000000000, 0.0000000000000000000, 0.0000000000000000000 ) ;
#3787 = VECTOR ( 'NONE', #2460, 39.37007874015748143 ) ;
#3788 = ORIENTED_EDGE ( 'NONE', *, *, #3903, .T. ) ;
#3789 = CARTESIAN_POINT ( 'NONE',  ( 0.2637795275590551491, -0.1200833700006795346, 0.0000000000000000000 ) ) ;
#3790 =( GEOMETRIC_REPRESENTATION_CONTEXT ( 3 ) GLOBAL_UNCERTAINTY_ASSIGNED_CONTEXT ( ( #4198 ) ) GLOBAL_UNIT_ASSIGNED_CONTEXT ( ( #1464, #1490, #4861 ) ) REPRESENTATION_CONTEXT ( 'NONE', 'WORKASPACE' ) );
#3791 = DIRECTION ( 'NONE',  ( -0.8090169943749386805, -0.5877852522924849055, 0.0000000000000000000 ) ) ;
#3792 = EDGE_LOOP ( 'NONE', ( #1305, #3754, #4196, #4438 ) ) ;
#3793 = ORIENTED_EDGE ( 'NONE', *, *, #2940, .F. ) ;
#3794 = CARTESIAN_POINT ( 'NONE',  ( -0.6348951014050294717, 0.1223390747915281684, -1.496062992125984259 ) ) ;
#3795 = CARTESIAN_POINT ( 'NONE',  ( 0.2401574803149606474, -0.08071329126052262382, -1.496062992125984259 ) ) ;
#3796 = EDGE_CURVE ( 'NONE', #4424, #4281, #259, .T. ) ;
#3797 = ORIENTED_EDGE ( 'NONE', *, *, #4398, .T. ) ;
#3798 = DIRECTION ( 'NONE',  ( 1.000000000000000000, 0.0000000000000000000, 0.0000000000000000000 ) ) ;
#3799 = PLANE ( 'NONE',  #1465 ) ;
#3800 = DIRECTION ( 'NONE',  ( 0.0000000000000000000, 0.0000000000000000000, 1.000000000000000000 ) ) ;
#3801 = CARTESIAN_POINT ( 'NONE',  ( -0.2401574803149606474, -0.05118110236220244080, -1.496062992125984259 ) ) ;
#3802 = VECTOR ( 'NONE', #1444, 39.37007874015748143 ) ;
#3803 = AXIS2_PLACEMENT_3D ( 'NONE', #577, #2194, #4822 ) ;
#3804 = ORIENTED_EDGE ( 'NONE', *, *, #2751, .T. ) ;
#3805 = LINE ( 'NONE', #1496, #1268 ) ;
#3806 = ADVANCED_FACE ( 'NONE', ( #4904 ), #2552, .T. ) ;
#3807 = DIRECTION ( 'NONE',  ( 4.010514564478714727E-16, -1.000000000000000000, 0.0000000000000000000 ) ) ;
#3808 = EDGE_CURVE ( 'NONE', #3227, #4275, #4180, .T. ) ;
#3809 = VECTOR ( 'NONE', #4068, 39.37007874015748143 ) ;
#3810 = DIRECTION ( 'NONE',  ( -1.000000000000000000, 0.0000000000000000000, 0.0000000000000000000 ) ) ;
#3811 = CARTESIAN_POINT ( 'NONE',  ( 0.2401574803149606474, -0.08071329126052262382, 0.0000000000000000000 ) ) ;
#3812 = EDGE_CURVE ( 'NONE', #1863, #1908, #114, .T. ) ;
#3813 = VERTEX_POINT ( 'NONE', #2627 ) ;
#3814 = CARTESIAN_POINT ( 'NONE',  ( 0.6673228346456693272, -0.1118343365560181130, -1.496062992125984259 ) ) ;
#3815 = CARTESIAN_POINT ( 'NONE',  ( -0.4721380981223504136, 0.08615817327910826884, -1.496062992125984259 ) ) ;
#3816 = VECTOR ( 'NONE', #1148, 39.37007874015748143 ) ;
#3817 = CARTESIAN_POINT ( 'NONE',  ( -0.2401574803149606474, -0.03937007874015523851, -1.496062992125984259 ) ) ;
#3818 = VECTOR ( 'NONE', #3095, 39.37007874015748143 ) ;
#3819 = ORIENTED_EDGE ( 'NONE', *, *, #264, .T. ) ;
#3820 = ORIENTED_EDGE ( 'NONE', *, *, #4402, .T. ) ;
#3821 = DIRECTION ( 'NONE',  ( -1.000000000000000000, 0.0000000000000000000, 0.0000000000000000000 ) ) ;
#3822 = SURFACE_STYLE_FILL_AREA ( #4929 ) ;
#3823 = LENGTH_MEASURE_WITH_UNIT ( LENGTH_MEASURE( 0.02539999999999999897 ), #1561 );
#3824 = EDGE_LOOP ( 'NONE', ( #1790, #3996, #5006, #1252 ) ) ;
#3825 = ORIENTED_EDGE ( 'NONE', *, *, #4730, .F. ) ;
#3826 = CARTESIAN_POINT ( 'NONE',  ( -0.4655511811023622104, -0.09982760730931281024, 0.0000000000000000000 ) ) ;
#3827 = DIRECTION ( 'NONE',  ( -1.000000000000000000, 0.0000000000000000000, 0.0000000000000000000 ) ) ;
#3828 = DIRECTION ( 'NONE',  ( 0.0000000000000000000, 0.0000000000000000000, -1.000000000000000000 ) ) ;
#3829 = VERTEX_POINT ( 'NONE', #4174 ) ;
#3830 = DIRECTION ( 'NONE',  ( 1.000000000000000000, 0.0000000000000000000, 0.0000000000000000000 ) ) ;
#3831 = DIRECTION ( 'NONE',  ( -0.0000000000000000000, -0.0000000000000000000, -1.000000000000000000 ) ) ;
#3832 = DIRECTION ( 'NONE',  ( 0.0000000000000000000, 0.0000000000000000000, 1.000000000000000000 ) ) ;
#3833 = EDGE_CURVE ( 'NONE', #1953, #2958, #4585, .T. ) ;
#3834 = MANIFOLD_SOLID_BREP ( 'Imported1', #1290 ) ;
#3835 = ORIENTED_EDGE ( 'NONE', *, *, #2574, .F. ) ;
#3836 = EDGE_CURVE ( 'NONE', #4406, #3714, #1740, .T. ) ;
#3837 = LINE ( 'NONE', #1527, #1782 ) ;
#3838 = DIRECTION ( 'NONE',  ( 1.000000000000000000, 0.0000000000000000000, 0.0000000000000000000 ) ) ;
#3839 = EDGE_CURVE ( 'NONE', #3293, #580, #4280, .T. ) ;
#3840 = ORIENTED_EDGE ( 'NONE', *, *, #2563, .T. ) ;
#3841 = DIRECTION ( 'NONE',  ( -0.6427876096865549060, 0.7660444431189648018, 0.0000000000000000000 ) ) ;
#3842 = UNCERTAINTY_MEASURE_WITH_UNIT (LENGTH_MEASURE( 1.000000000000000082E-05 ), #2823, 'distance_accuracy_value', 'NONE');
#3843 = ORIENTED_EDGE ( 'NONE', *, *, #1413, .F. ) ;
#3844 = ORIENTED_EDGE ( 'NONE', *, *, #1065, .F. ) ;
#3845 = DIRECTION ( 'NONE',  ( 0.0000000000000000000, 0.0000000000000000000, 1.000000000000000000 ) ) ;
#3846 = DIRECTION ( 'NONE',  ( 0.0000000000000000000, 0.0000000000000000000, 1.000000000000000000 ) ) ;
#3847 = CIRCLE ( 'NONE', #105, 0.01181102362204724046 ) ;
#3848 = ORIENTED_EDGE ( 'NONE', *, *, #326, .T. ) ;
#3849 = ORIENTED_EDGE ( 'NONE', *, *, #1850, .T. ) ;
#3850 = DIRECTION ( 'NONE',  ( 0.0000000000000000000, 0.0000000000000000000, 1.000000000000000000 ) ) ;
#3851 = VECTOR ( 'NONE', #2350, 39.37007874015748143 ) ;
#3852 = CYLINDRICAL_SURFACE ( 'NONE', #3045, 0.01181102362204724046 ) ;
#3853 = LINE ( 'NONE', #3092, #4414 ) ;
#3854 = DIRECTION ( 'NONE',  ( 0.0000000000000000000, 0.0000000000000000000, 1.000000000000000000 ) ) ;
#3855 = DIRECTION ( 'NONE',  ( 0.0000000000000000000, 0.0000000000000000000, 1.000000000000000000 ) ) ;
#3856 = DIRECTION ( 'NONE',  ( 0.0000000000000000000, 0.0000000000000000000, -1.000000000000000000 ) ) ;
#3857 = FILL_AREA_STYLE ('',( #2000 ) ) ;
#3858 = VECTOR ( 'NONE', #324, 39.37007874015748143 ) ;
#3859 = VERTEX_POINT ( 'NONE', #361 ) ;
#3860 = EDGE_CURVE ( 'NONE', #2893, #945, #3896, .T. ) ;
#3861 = CIRCLE ( 'NONE', #120, 0.05118110236220728415 ) ;
#3862 = CARTESIAN_POINT ( 'NONE',  ( -0.5278619018776495864, 0.08615817327910905987, -1.496062992125984259 ) ) ;
#3863 = AXIS2_PLACEMENT_3D ( 'NONE', #3119, #4643, #1568 ) ;
#3864 = VERTEX_POINT ( 'NONE', #411 ) ;
#3865 = EDGE_CURVE ( 'NONE', #2422, #1648, #2886, .T. ) ;
#3866 = FACE_OUTER_BOUND ( 'NONE', #4076, .T. ) ;
#3867 = EDGE_LOOP ( 'NONE', ( #2077, #1789, #1066, #4788 ) ) ;
#3868 = EDGE_CURVE ( 'NONE', #2774, #4826, #26, .T. ) ;
#3869 = DIRECTION ( 'NONE',  ( 1.000000000000000000, 0.0000000000000000000, 0.0000000000000000000 ) ) ;
#3870 = ADVANCED_FACE ( 'NONE', ( #3478 ), #2052, .F. ) ;
#3871 = EDGE_LOOP ( 'NONE', ( #872, #4901, #4151, #1764 ) ) ;
#3872 = PRESENTATION_LAYER_ASSIGNMENT (  '', '', ( #1019 ) ) ;
#3873 = DIRECTION ( 'NONE',  ( 1.000000000000000000, 0.0000000000000000000, 0.0000000000000000000 ) ) ;
#3874 = DIRECTION ( 'NONE',  ( 1.000000000000000000, 1.084202172485504040E-15, 0.0000000000000000000 ) ) ;
#3875 = DIRECTION ( 'NONE',  ( 0.8090169943749430104, -0.5877852522924790213, 0.0000000000000000000 ) ) ;
#3876 = EDGE_CURVE ( 'NONE', #3692, #493, #2313, .T. ) ;
#3877 = EDGE_LOOP ( 'NONE', ( #3294, #4043, #1127, #74 ) ) ;
#3878 = VERTEX_POINT ( 'NONE', #2700 ) ;
#3879 = CARTESIAN_POINT ( 'NONE',  ( 0.0000000000000000000, 0.05905511811023622659, -0.6535433070866140115 ) ) ;
#3880 = DIRECTION ( 'NONE',  ( -1.000000000000000000, 0.0000000000000000000, 0.0000000000000000000 ) ) ;
#3881 = ORIENTED_EDGE ( 'NONE', *, *, #1822, .F. ) ;
#3882 = CARTESIAN_POINT ( 'NONE',  ( -0.3433144357111932998, 0.1561060993681155917, -1.496062992125984259 ) ) ;
#3883 = DIRECTION ( 'NONE',  ( 1.000000000000000000, 0.0000000000000000000, 0.0000000000000000000 ) ) ;
#3884 = CARTESIAN_POINT ( 'NONE',  ( 0.2047244094488188948, -0.03937007874015523851, -1.496062992125984259 ) ) ;
#3885 = CARTESIAN_POINT ( 'NONE',  ( 0.6279527559055118058, 0.1318943936227279512, -1.496062992125984259 ) ) ;
#3886 = DIMENSIONAL_EXPONENTS ( 1.000000000000000000, 0.0000000000000000000, 0.0000000000000000000, 0.0000000000000000000, 0.0000000000000000000, 0.0000000000000000000, 0.0000000000000000000 ) ;
#3887 = VECTOR ( 'NONE', #2621, 39.37007874015748854 ) ;
#3888 = VERTEX_POINT ( 'NONE', #3200 ) ;
#3889 = AXIS2_PLACEMENT_3D ( 'NONE', #2676, #1121, #2311 ) ;
#3890 = CARTESIAN_POINT ( 'NONE',  ( -0.5000000000000000000, -5.335640612625512173E-19, -0.3149606299212598381 ) ) ;
#3891 = ORIENTED_EDGE ( 'NONE', *, *, #4577, .T. ) ;
#3892 = DIRECTION ( 'NONE',  ( 0.0000000000000000000, 0.0000000000000000000, -1.000000000000000000 ) ) ;
#3893 = VECTOR ( 'NONE', #4779, 39.37007874015748143 ) ;
#3894 = EDGE_LOOP ( 'NONE', ( #3577, #1712, #1435, #2173 ) ) ;
#3895 = DIRECTION ( 'NONE',  ( 0.0000000000000000000, 0.0000000000000000000, 1.000000000000000000 ) ) ;
#3896 = LINE ( 'NONE', #1535, #2401 ) ;
#3897 = CIRCLE ( 'NONE', #5019, 0.06299212598425199539 ) ;
#3898 = EDGE_CURVE ( 'NONE', #1639, #3864, #1827, .T. ) ;
#3899 = ORIENTED_EDGE ( 'NONE', *, *, #1323, .T. ) ;
#3900 = ORIENTED_EDGE ( 'NONE', *, *, #3310, .T. ) ;
#3901 = VERTEX_POINT ( 'NONE', #2288 ) ;
#3902 = DIRECTION ( 'NONE',  ( -1.000000000000000000, 0.0000000000000000000, 0.0000000000000000000 ) ) ;
#3903 = EDGE_CURVE ( 'NONE', #3192, #3675, #1515, .T. ) ;
#3904 = CARTESIAN_POINT ( 'NONE',  ( -0.2519685039370078705, -0.06890226763847540070, 0.0000000000000000000 ) ) ;
#3905 = ORIENTED_EDGE ( 'NONE', *, *, #1382, .T. ) ;
#3906 = DIRECTION ( 'NONE',  ( 0.0000000000000000000, 0.0000000000000000000, 1.000000000000000000 ) ) ;
#3907 = CARTESIAN_POINT ( 'NONE',  ( -0.3799212598425197318, 0.1780276157922165425, -1.496062992125984259 ) ) ;
#3908 = FACE_OUTER_BOUND ( 'NONE', #1989, .T. ) ;
#3909 = DIRECTION ( 'NONE',  ( 0.0000000000000000000, 0.0000000000000000000, 1.000000000000000000 ) ) ;
#3910 = CARTESIAN_POINT ( 'NONE',  ( -0.5196850393700787052, 0.09739619588073208933, -1.496062992125984259 ) ) ;
#3911 = CARTESIAN_POINT ( 'NONE',  ( 0.5196850393700787052, 0.2263779527559055260, -1.496062992125984259 ) ) ;
#3912 = ORIENTED_EDGE ( 'NONE', *, *, #1570, .F. ) ;
#3913 = CARTESIAN_POINT ( 'NONE',  ( 0.5000000000000000000, 1.468368296594541258E-15, -1.496062992125984259 ) ) ;
#3914 = ORIENTED_EDGE ( 'NONE', *, *, #3242, .F. ) ;
#3915 = ORIENTED_EDGE ( 'NONE', *, *, #2001, .F. ) ;
#3916 = CARTESIAN_POINT ( 'NONE',  ( -0.2125984251968504046, -0.2263779527559055260, -1.496062992125984259 ) ) ;
#3917 = VERTEX_POINT ( 'NONE', #384 ) ;
#3918 = ORIENTED_EDGE ( 'NONE', *, *, #2527, .T. ) ;
#3919 = LINE ( 'NONE', #1208, #2828 ) ;
#3920 = EDGE_CURVE ( 'NONE', #2264, #3254, #2652, .T. ) ;
#3921 = LINE ( 'NONE', #32, #4819 ) ;
#3922 = COLOUR_RGB ( '',0.8000000000000000444, 0.8078431372549019773, 0.8000000000000000444 ) ;
#3923 = VECTOR ( 'NONE', #85, 39.37007874015748143 ) ;
#3924 = EDGE_LOOP ( 'NONE', ( #4790, #1051, #219, #789 ) ) ;
#3925 = CARTESIAN_POINT ( 'NONE',  ( -0.6397637795275591399, 0.2263779527559055260, -1.496062992125984259 ) ) ;
#3926 = PLANE ( 'NONE',  #3628 ) ;
#3927 = AXIS2_PLACEMENT_3D ( 'NONE', #3650, #3188, #2859 ) ;
#3928 = EDGE_CURVE ( 'NONE', #3355, #1868, #1123, .T. ) ;
#3929 = EDGE_CURVE ( 'NONE', #2338, #36, #521, .T. ) ;
#3930 = LINE ( 'NONE', #425, #3208 ) ;
#3931 =( GEOMETRIC_REPRESENTATION_CONTEXT ( 3 ) GLOBAL_UNCERTAINTY_ASSIGNED_CONTEXT ( ( #4036 ) ) GLOBAL_UNIT_ASSIGNED_CONTEXT ( ( #3526, #1272, #4250 ) ) REPRESENTATION_CONTEXT ( 'NONE', 'WORKASPACE' ) );
#3932 = VECTOR ( 'NONE', #1934, 39.37007874015748143 ) ;
#3933 = EDGE_CURVE ( 'NONE', #4112, #413, #3543, .T. ) ;
#3934 = DIRECTION ( 'NONE',  ( 0.0000000000000000000, 0.0000000000000000000, 1.000000000000000000 ) ) ;
#3935 = CARTESIAN_POINT ( 'NONE',  ( -0.6742651801451869931, 0.1022790177248179139, -1.496062992125984259 ) ) ;
#3936 = COLOUR_RGB ( '',0.05490196078431372473, 0.05490196078431372473, 0.05490196078431372473 ) ;
#3937 = VECTOR ( 'NONE', #2110, 39.37007874015748143 ) ;
#3938 = ORIENTED_EDGE ( 'NONE', *, *, #3510, .T. ) ;
#3939 = DIRECTION ( 'NONE',  ( 0.0000000000000000000, -1.000000000000000000, 0.0000000000000000000 ) ) ;
#3940 = ORIENTED_EDGE ( 'NONE', *, *, #4083, .T. ) ;
#3941 = DIRECTION ( 'NONE',  ( -1.089603340915474052E-15, 1.000000000000000000, 0.0000000000000000000 ) ) ;
#3942 = DIRECTION ( 'NONE',  ( 1.000000000000000000, 0.0000000000000000000, 0.0000000000000000000 ) ) ;
#3943 = STYLED_ITEM ( 'NONE', ( #854 ), #4362 ) ;
#3944 = ORIENTED_EDGE ( 'NONE', *, *, #4857, .T. ) ;
#3945 = ORIENTED_EDGE ( 'NONE', *, *, #1719, .T. ) ;
#3946 = COLOUR_RGB ( '',0.8000000000000000444, 0.8078431372549019773, 0.8000000000000000444 ) ;
#3947 = DIRECTION ( 'NONE',  ( -1.000000000000000000, 0.0000000000000000000, 0.0000000000000000000 ) ) ;
#3948 = FACE_OUTER_BOUND ( 'NONE', #4349, .T. ) ;
#3949 = EDGE_LOOP ( 'NONE', ( #3002, #3287, #2554, #2880 ) ) ;
#3950 = LINE ( 'NONE', #3925, #2147 ) ;
#3951 = CARTESIAN_POINT ( 'NONE',  ( -0.5000000000000000000, 0.0000000000000000000, -1.496062992125984259 ) ) ;
#3952 = PRESENTATION_STYLE_ASSIGNMENT (( #2392 ) ) ;
#3953 = CARTESIAN_POINT ( 'NONE',  ( -0.5497918511573290923, -0.01184385061273620157, 0.0000000000000000000 ) ) ;
#3954 = EDGE_CURVE ( 'NONE', #4275, #4122, #4474, .T. ) ;
#3955 = EDGE_CURVE ( 'NONE', #3692, #154, #3276, .T. ) ;
#3956 = AXIS2_PLACEMENT_3D ( 'NONE', #6, #1637, #4708 ) ;
#3957 = CARTESIAN_POINT ( 'NONE',  ( 0.5602822563229370445, -0.08272889778461713084, -1.496062992125984259 ) ) ;
#3958 = CARTESIAN_POINT ( 'NONE',  ( 0.4250785716440653172, 0.05436453559011661385, 0.0000000000000000000 ) ) ;
#3959 = EDGE_CURVE ( 'NONE', #1462, #1107, #4817, .T. ) ;
#3960 = AXIS2_PLACEMENT_3D ( 'NONE', #2703, #3947, #3167 ) ;
#3961 = VECTOR ( 'NONE', #4163, 39.37007874015748143 ) ;
#3962 = ORIENTED_EDGE ( 'NONE', *, *, #1518, .F. ) ;
#3963 = CARTESIAN_POINT ( 'NONE',  ( -0.5000000000000000000, 0.2263779527559055260, 0.0000000000000000000 ) ) ;
#3964 = EDGE_LOOP ( 'NONE', ( #209, #4478, #4732, #4700 ) ) ;
#3965 = CARTESIAN_POINT ( 'NONE',  ( 0.5196850393700787052, 0.09739619588073188117, -1.496062992125984259 ) ) ;
#3966 = DIRECTION ( 'NONE',  ( 0.0000000000000000000, 0.0000000000000000000, -1.000000000000000000 ) ) ;
#3967 = DIRECTION ( 'NONE',  ( -1.000000000000000000, 0.0000000000000000000, 0.0000000000000000000 ) ) ;
#3968 = CIRCLE ( 'NONE', #1859, 0.01968503937007875723 ) ;
#3969 = ORIENTED_EDGE ( 'NONE', *, *, #1001, .T. ) ;
#3970 = VECTOR ( 'NONE', #179, 39.37007874015748143 ) ;
#3971 = VERTEX_POINT ( 'NONE', #904 ) ;
#3972 = CARTESIAN_POINT ( 'NONE',  ( 0.5672246018224543773, 0.07317357895341712604, -1.496062992125984259 ) ) ;
#3973 = LINE ( 'NONE', #4786, #3292 ) ;
#3974 = CIRCLE ( 'NONE', #885, 0.01181102362204724046 ) ;
#3975 = ORIENTED_EDGE ( 'NONE', *, *, #3242, .T. ) ;
#3976 = CARTESIAN_POINT ( 'NONE',  ( 0.5497918511573298694, 0.01184385061273612177, 0.0000000000000000000 ) ) ;
#3977 = ORIENTED_EDGE ( 'NONE', *, *, #2721, .T. ) ;
#3978 = DIRECTION ( 'NONE',  ( -1.000000000000000000, 0.0000000000000000000, 0.0000000000000000000 ) ) ;
#3979 = AXIS2_PLACEMENT_3D ( 'NONE', #1620, #1642, #667 ) ;
#3980 = LINE ( 'NONE', #545, #2146 ) ;
#3981 = FACE_OUTER_BOUND ( 'NONE', #2217, .T. ) ;
#3982 = DIRECTION ( 'NONE',  ( 0.0000000000000000000, 1.000000000000000000, 0.0000000000000000000 ) ) ;
#3983 = CARTESIAN_POINT ( 'NONE',  ( 0.2244094488188976555, -0.08071329126052262382, -1.496062992125984259 ) ) ;
#3984 = DIRECTION ( 'NONE',  ( 1.000000000000000000, -2.067150312461970137E-14, 0.0000000000000000000 ) ) ;
#3985 = FILL_AREA_STYLE_COLOUR ( '', #3936 ) ;
#3986 = ADVANCED_FACE ( 'NONE', ( #4082 ), #1348, .T. ) ;
#3987 = ORIENTED_EDGE ( 'NONE', *, *, #4730, .T. ) ;
#3988 = CARTESIAN_POINT ( 'NONE',  ( 0.2913385826771653919, -0.05118110236220244080, -1.496062992125984259 ) ) ;
#3989 = ORIENTED_EDGE ( 'NONE', *, *, #817, .F. ) ;
#3990 = DIRECTION ( 'NONE',  ( -1.000000000000000000, 1.192492468937322049E-15, 0.0000000000000000000 ) ) ;
#3991 = ORIENTED_EDGE ( 'NONE', *, *, #4485, .T. ) ;
#3992 = EDGE_CURVE ( 'NONE', #1552, #377, #2897, .T. ) ;
#3993 = ORIENTED_EDGE ( 'NONE', *, *, #788, .F. ) ;
#3994 = DIRECTION ( 'NONE',  ( -1.000000000000000000, 0.0000000000000000000, 0.0000000000000000000 ) ) ;
#3995 = PLANE ( 'NONE',  #1736 ) ;
#3996 = ORIENTED_EDGE ( 'NONE', *, *, #2499, .T. ) ;
#3997 = LINE ( 'NONE', #1456, #2239 ) ;
#3998 = ORIENTED_EDGE ( 'NONE', *, *, #4113, .F. ) ;
#3999 = CARTESIAN_POINT ( 'NONE',  ( 0.2519685039370078705, -0.2263779527559055260, -1.496062992125984259 ) ) ;
#4000 = PLANE ( 'NONE',  #1174 ) ;
#4001 = VECTOR ( 'NONE', #2242, 39.37007874015748143 ) ;
#4002 = DIRECTION ( 'NONE',  ( -1.000000000000000000, 0.0000000000000000000, 0.0000000000000000000 ) ) ;
#4003 = ORIENTED_EDGE ( 'NONE', *, *, #4017, .T. ) ;
#4004 = VECTOR ( 'NONE', #107, 39.37007874015748143 ) ;
#4005 = CARTESIAN_POINT ( 'NONE',  ( 7.714310545810101211E-18, -0.03937007874015523851, -0.5275590551181101873 ) ) ;
#4006 = CARTESIAN_POINT ( 'NONE',  ( 0.4143700787401574659, -0.05608509196814338155, -1.496062992125984259 ) ) ;
#4007 = CARTESIAN_POINT ( 'NONE',  ( 0.5000000000000000000, 1.468368296594541258E-15, -1.496062992125984259 ) ) ;
#4008 = AXIS2_PLACEMENT_3D ( 'NONE', #3746, #3430, #3010 ) ;
#4009 = AXIS2_PLACEMENT_3D ( 'NONE', #4778, #480, #4800 ) ;
#4010 = ORIENTED_EDGE ( 'NONE', *, *, #4907, .F. ) ;
#4011 = DIRECTION ( 'NONE',  ( 0.0000000000000000000, 0.0000000000000000000, -1.000000000000000000 ) ) ;
#4012 = AXIS2_PLACEMENT_3D ( 'NONE', #1347, #550, #2160 ) ;
#4013 = ORIENTED_EDGE ( 'NONE', *, *, #988, .F. ) ;
#4014 = FACE_OUTER_BOUND ( 'NONE', #466, .T. ) ;
#4015 = ADVANCED_FACE ( 'NONE', ( #4397 ), #2466, .F. ) ;
#4016 = ORIENTED_EDGE ( 'NONE', *, *, #3929, .T. ) ;
#4017 = EDGE_CURVE ( 'NONE', #2673, #3113, #4495, .T. ) ;
#4018 = EDGE_CURVE ( 'NONE', #3476, #2521, #3666, .T. ) ;
#4019 = ORIENTED_EDGE ( 'NONE', *, *, #2470, .F. ) ;
#4020 = CIRCLE ( 'NONE', #4597, 0.01181102362204703576 ) ;
#4021 = DIRECTION ( 'NONE',  ( -1.000000000000000000, 0.0000000000000000000, 0.0000000000000000000 ) ) ;
#4022 = DIRECTION ( 'NONE',  ( 1.000000000000000000, 0.0000000000000000000, 0.0000000000000000000 ) ) ;
#4023 = EDGE_CURVE ( 'NONE', #81, #4072, #3777, .T. ) ;
#4024 = EDGE_LOOP ( 'NONE', ( #4759, #3989, #771, #1924 ) ) ;
#4025 = DIRECTION ( 'NONE',  ( 0.0000000000000000000, 0.0000000000000000000, 1.000000000000000000 ) ) ;
#4026 = EDGE_LOOP ( 'NONE', ( #3392, #3881, #406, #315 ) ) ;
#4027 = DIRECTION ( 'NONE',  ( 0.0000000000000000000, 0.0000000000000000000, -1.000000000000000000 ) ) ;
#4028 = CARTESIAN_POINT ( 'NONE',  ( 0.3602362204724409711, 0.2263779527559055260, -1.496062992125984259 ) ) ;
#4029 = DIRECTION ( 'NONE',  ( 0.0000000000000000000, 0.0000000000000000000, 1.000000000000000000 ) ) ;
#4030 = EDGE_LOOP ( 'NONE', ( #2809, #3209, #592, #2550 ) ) ;
#4031 = CARTESIAN_POINT ( 'NONE',  ( 0.6397637795275591399, 0.2263779527559055260, 0.0000000000000000000 ) ) ;
#4032 = CARTESIAN_POINT ( 'NONE',  ( -0.6673228346456693272, -0.1118343365560181130, 0.0000000000000000000 ) ) ;
#4033 = VERTEX_POINT ( 'NONE', #623 ) ;
#4034 = CARTESIAN_POINT ( 'NONE',  ( -0.5602822563229370445, 0.08272889778461713084, -1.496062992125984259 ) ) ;
#4035 = AXIS2_PLACEMENT_3D ( 'NONE', #4717, #3607, #3177 ) ;
#4036 = UNCERTAINTY_MEASURE_WITH_UNIT (LENGTH_MEASURE( 1.000000000000000082E-05 ), #3526, 'distance_accuracy_value', 'NONE');
#4037 = CARTESIAN_POINT ( 'NONE',  ( -0.4803149606299212948, 0.2263779527559055260, -1.496062992125984259 ) ) ;
#4038 = DIRECTION ( 'NONE',  ( 1.000000000000000000, 0.0000000000000000000, 0.0000000000000000000 ) ) ;
#4039 = VECTOR ( 'NONE', #4310, 39.37007874015748143 ) ;
#4040 = CIRCLE ( 'NONE', #4617, 0.06299212598425192600 ) ;
#4041 = ORIENTED_EDGE ( 'NONE', *, *, #3281, .F. ) ;
#4042 = ORIENTED_EDGE ( 'NONE', *, *, #2006, .F. ) ;
#4043 = ORIENTED_EDGE ( 'NONE', *, *, #2712, .F. ) ;
#4044 = CARTESIAN_POINT ( 'NONE',  ( 0.4655511811023622104, -0.09982760730931281024, 0.0000000000000000000 ) ) ;
#4045 = FACE_OUTER_BOUND ( 'NONE', #1869, .T. ) ;
#4046 = EDGE_CURVE ( 'NONE', #1990, #1710, #2722, .T. ) ;
#4047 = ORIENTED_EDGE ( 'NONE', *, *, #1266, .F. ) ;
#4048 = ORIENTED_EDGE ( 'NONE', *, *, #1965, .F. ) ;
#4049 = CARTESIAN_POINT ( 'NONE',  ( -0.6397637795275591399, 0.1318943936227277569, 0.0000000000000000000 ) ) ;
#4050 = EDGE_CURVE ( 'NONE', #4424, #2284, #1264, .T. ) ;
#4051 = DIRECTION ( 'NONE',  ( 1.000000000000000000, 0.0000000000000000000, 0.0000000000000000000 ) ) ;
#4052 = CIRCLE ( 'NONE', #3331, 0.05118110236220728415 ) ;
#4053 = FACE_OUTER_BOUND ( 'NONE', #4411, .T. ) ;
#4054 =( NAMED_UNIT ( * ) SI_UNIT ( $, .STERADIAN. ) SOLID_ANGLE_UNIT ( ) );
#4055 = ORIENTED_EDGE ( 'NONE', *, *, #2053, .F. ) ;
#4056 = AXIS2_PLACEMENT_3D ( 'NONE', #1002, #1823, #2565 ) ;
#4057 = CARTESIAN_POINT ( 'NONE',  ( -0.3405511811023622104, 0.1636980790100826810, 0.0000000000000000000 ) ) ;
#4058 = CARTESIAN_POINT ( 'NONE',  ( 0.4261811023622047445, -0.2263779527559055260, -1.496062992125984259 ) ) ;
#4059 = CARTESIAN_POINT ( 'NONE',  ( -0.5314960629921260393, 0.09739619588073208933, -1.496062992125984259 ) ) ;
#4060 = FACE_OUTER_BOUND ( 'NONE', #3500, .T. ) ;
#4061 = ORIENTED_EDGE ( 'NONE', *, *, #3166, .F. ) ;
#4062 = DIRECTION ( 'NONE',  ( 0.0000000000000000000, 0.0000000000000000000, -1.000000000000000000 ) ) ;
#4063 = LINE ( 'NONE', #3710, #3961 ) ;
#4064 = DIRECTION ( 'NONE',  ( 1.000000000000000000, 0.0000000000000000000, 0.0000000000000000000 ) ) ;
#4065 = ORIENTED_EDGE ( 'NONE', *, *, #4361, .T. ) ;
#4066 = ORIENTED_EDGE ( 'NONE', *, *, #735, .F. ) ;
#4067 = VERTEX_POINT ( 'NONE', #1723 ) ;
#4068 = DIRECTION ( 'NONE',  ( 0.0000000000000000000, 0.0000000000000000000, 1.000000000000000000 ) ) ;
#4069 = CARTESIAN_POINT ( 'NONE',  ( -0.6791338582677166613, 0.2263779527559055260, -1.496062992125984259 ) ) ;
#4070 = ORIENTED_EDGE ( 'NONE', *, *, #4588, .F. ) ;
#4071 = EDGE_CURVE ( 'NONE', #4122, #2182, #119, .T. ) ;
#4072 = VERTEX_POINT ( 'NONE', #2519 ) ;
#4073 = CARTESIAN_POINT ( 'NONE',  ( -0.3826845144513507657, 0.1704356361502496198, 0.0000000000000000000 ) ) ;
#4074 = FACE_OUTER_BOUND ( 'NONE', #3155, .T. ) ;
#4075 = DIRECTION ( 'NONE',  ( 1.000000000000000000, 0.0000000000000000000, 0.0000000000000000000 ) ) ;
#4076 = EDGE_LOOP ( 'NONE', ( #481, #4882, #95, #3158 ) ) ;
#4077 = ADVANCED_FACE ( 'NONE', ( #4060 ), #2134, .T. ) ;
#4078 = ADVANCED_FACE ( 'NONE', ( #4775 ), #1295, .T. ) ;
#4079 = VECTOR ( 'NONE', #1468, 39.37007874015748143 ) ;
#4080 = CARTESIAN_POINT ( 'NONE',  ( -0.4685039370078740717, 0.09739619588073208933, -1.496062992125984259 ) ) ;
#4081 = DIRECTION ( 'NONE',  ( 1.000000000000000000, -2.067150312461970137E-14, 0.0000000000000000000 ) ) ;
#4082 = FACE_OUTER_BOUND ( 'NONE', #4537, .T. ) ;
#4083 = EDGE_CURVE ( 'NONE', #3084, #2715, #4589, .T. ) ;
#4084 = AXIS2_PLACEMENT_3D ( 'NONE', #1595, #3603, #3297 ) ;
#4085 = LINE ( 'NONE', #4162, #3657 ) ;
#4086 = DIRECTION ( 'NONE',  ( 1.000000000000000000, 0.0000000000000000000, 0.0000000000000000000 ) ) ;
#4087 = AXIS2_PLACEMENT_3D ( 'NONE', #3555, #1966, #2365 ) ;
#4088 = AXIS2_PLACEMENT_3D ( 'NONE', #1960, #3609, #883 ) ;
#4089 = ORIENTED_EDGE ( 'NONE', *, *, #877, .F. ) ;
#4090 = CIRCLE ( 'NONE', #4982, 0.01968503937007875723 ) ;
#4091 = ORIENTED_EDGE ( 'NONE', *, *, #1688, .T. ) ;
#4092 = VERTEX_POINT ( 'NONE', #1500 ) ;
#4093 = DIRECTION ( 'NONE',  ( 0.0000000000000000000, 0.0000000000000000000, 1.000000000000000000 ) ) ;
#4094 = DIRECTION ( 'NONE',  ( 0.0000000000000000000, 0.0000000000000000000, 1.000000000000000000 ) ) ;
#4095 = AXIS2_PLACEMENT_3D ( 'NONE', #3785, #4264, #3490 ) ;
#4096 = ORIENTED_EDGE ( 'NONE', *, *, #4142, .F. ) ;
#4097 = ORIENTED_EDGE ( 'NONE', *, *, #4755, .T. ) ;
#4098 = ORIENTED_EDGE ( 'NONE', *, *, #1454, .T. ) ;
#4099 = AXIS2_PLACEMENT_3D ( 'NONE', #727, #1026, #1391 ) ;
#4100 =( NAMED_UNIT ( * ) SI_UNIT ( $, .STERADIAN. ) SOLID_ANGLE_UNIT ( ) );
#4101 = DIRECTION ( 'NONE',  ( 1.000000000000000000, -5.295027878066700877E-16, 0.0000000000000000000 ) ) ;
#4102 = DIRECTION ( 'NONE',  ( 0.7660444431189744607, -0.6427876096865435818, 0.0000000000000000000 ) ) ;
#4103 = CARTESIAN_POINT ( 'NONE',  ( -0.4232751386348622136, 0.04809170456048598302, -1.496062992125984259 ) ) ;
#4104 =( GEOMETRIC_REPRESENTATION_CONTEXT ( 3 ) GLOBAL_UNCERTAINTY_ASSIGNED_CONTEXT ( ( #1090 ) ) GLOBAL_UNIT_ASSIGNED_CONTEXT ( ( #2533, #1311, #2021 ) ) REPRESENTATION_CONTEXT ( 'NONE', 'WORKASPACE' ) );
#4105 = ORIENTED_EDGE ( 'NONE', *, *, #1548, .T. ) ;
#4106 = CARTESIAN_POINT ( 'NONE',  ( 0.4524745470792889690, 0.08726311403864035754, 0.0000000000000000000 ) ) ;
#4107 = CARTESIAN_POINT ( 'NONE',  ( 0.0000000000000000000, 0.03937007874015747977, -0.7834645669291339098 ) ) ;
#4108 = DIRECTION ( 'NONE',  ( 1.000000000000000000, 2.067150312461970137E-14, 0.0000000000000000000 ) ) ;
#4109 = DIRECTION ( 'NONE',  ( 1.000000000000000000, 0.0000000000000000000, 0.0000000000000000000 ) ) ;
#4110 = EDGE_CURVE ( 'NONE', #1798, #2422, #4625, .T. ) ;
#4111 = ADVANCED_FACE ( 'NONE', ( #3733 ), #1139, .F. ) ;
#4112 = VERTEX_POINT ( 'NONE', #4942 ) ;
#4113 = EDGE_CURVE ( 'NONE', #1963, #127, #3465, .T. ) ;
#4114 = CARTESIAN_POINT ( 'NONE',  ( -0.2519685039370078705, -0.05118110236220244080, 0.0000000000000000000 ) ) ;
#4115 = DIRECTION ( 'NONE',  ( 1.000000000000000000, 0.0000000000000000000, 0.0000000000000000000 ) ) ;
#4116 = DIRECTION ( 'NONE',  ( 0.0000000000000000000, 0.0000000000000000000, 1.000000000000000000 ) ) ;
#4117 = EDGE_LOOP ( 'NONE', ( #3767, #3517, #1400, #283 ) ) ;
#4118 = VERTEX_POINT ( 'NONE', #1028 ) ;
#4119 = DIRECTION ( 'NONE',  ( 1.000000000000000000, 0.0000000000000000000, 0.0000000000000000000 ) ) ;
#4120 = CARTESIAN_POINT ( 'NONE',  ( -0.3826845144513507657, 0.1704356361502496198, -1.496062992125984259 ) ) ;
#4121 = EDGE_LOOP ( 'NONE', ( #4013, #1015, #3075, #1063 ) ) ;
#4122 = VERTEX_POINT ( 'NONE', #3753 ) ;
#4123 = AXIS2_PLACEMENT_3D ( 'NONE', #638, #3339, #2978 ) ;
#4124 = AXIS2_PLACEMENT_3D ( 'NONE', #3643, #1653, #1704 ) ;
#4125 = DIRECTION ( 'NONE',  ( 1.000000000000000000, 0.0000000000000000000, 0.0000000000000000000 ) ) ;
#4126 = LINE ( 'NONE', #1813, #2243 ) ;
#4127 = DIRECTION ( 'NONE',  ( -1.000000000000000000, 0.0000000000000000000, 0.0000000000000000000 ) ) ;
#4128 = AXIS2_PLACEMENT_3D ( 'NONE', #4304, #2379, #4051 ) ;
#4129 = ORIENTED_EDGE ( 'NONE', *, *, #1600, .F. ) ;
#4130 = CARTESIAN_POINT ( 'NONE',  ( -0.6348951014050294717, 0.1223390747915281684, -1.496062992125984259 ) ) ;
#4131 = CARTESIAN_POINT ( 'NONE',  ( -0.2401574803149606474, -0.06890226763847540070, -1.496062992125984259 ) ) ;
#4132 = VECTOR ( 'NONE', #1227, 39.37007874015748143 ) ;
#4133 = DIRECTION ( 'NONE',  ( 0.0000000000000000000, 0.0000000000000000000, 1.000000000000000000 ) ) ;
#4134 = CARTESIAN_POINT ( 'NONE',  ( 0.5433070866141755939, 1.474154029503899149E-15, 0.1574803149606299191 ) ) ;
#4135 = CARTESIAN_POINT ( 'NONE',  ( -0.6397637795275591399, -0.2263779527559055260, 0.0000000000000000000 ) ) ;
#4136 = CARTESIAN_POINT ( 'NONE',  ( -0.2244094488188976555, -0.08071329126052262382, 0.0000000000000000000 ) ) ;
#4137 = VECTOR ( 'NONE', #1155, 39.37007874015748854 ) ;
#4138 = ORIENTED_EDGE ( 'NONE', *, *, #3560, .F. ) ;
#4139 = DIRECTION ( 'NONE',  ( 1.000000000000000000, 0.0000000000000000000, 0.0000000000000000000 ) ) ;
#4140 = ADVANCED_FACE ( 'NONE', ( #652 ), #4215, .F. ) ;
#4141 = CARTESIAN_POINT ( 'NONE',  ( 0.2519685039370078705, -0.05118110236220244080, 0.0000000000000000000 ) ) ;
#4142 = EDGE_CURVE ( 'NONE', #237, #780, #274, .T. ) ;
#4143 = EDGE_LOOP ( 'NONE', ( #2322, #2507, #4355, #1144, #3793, #617, #4382, #3848 ) ) ;
#4144 = CYLINDRICAL_SURFACE ( 'NONE', #1085, 0.01181102362204724046 ) ;
#4145 = ORIENTED_EDGE ( 'NONE', *, *, #4398, .F. ) ;
#4146 = EDGE_CURVE ( 'NONE', #76, #1046, #2640, .T. ) ;
#4147 = ORIENTED_EDGE ( 'NONE', *, *, #3056, .T. ) ;
#4148 = DIRECTION ( 'NONE',  ( 0.0000000000000000000, 0.0000000000000000000, 1.000000000000000000 ) ) ;
#4149 = LINE ( 'NONE', #1786, #1665 ) ;
#4150 = ADVANCED_FACE ( 'NONE', ( #348 ), #4965, .T. ) ;
#4151 = ORIENTED_EDGE ( 'NONE', *, *, #634, .T. ) ;
#4152 = ORIENTED_EDGE ( 'NONE', *, *, #4644, .F. ) ;
#4153 = CARTESIAN_POINT ( 'NONE',  ( 0.5602822563229370445, 0.08272889778461732513, -1.496062992125984259 ) ) ;
#4154 = CARTESIAN_POINT ( 'NONE',  ( -0.6791338582677166613, -0.2263779527559055260, -1.496062992125984259 ) ) ;
#4155 = PLANE ( 'NONE',  #4433 ) ;
#4156 = ORIENTED_EDGE ( 'NONE', *, *, #4458, .T. ) ;
#4157 =( CONVERSION_BASED_UNIT ( 'INCH', #2615 ) LENGTH_UNIT ( ) NAMED_UNIT ( #3438 ) );
#4158 = DIRECTION ( 'NONE',  ( 0.0000000000000000000, 0.0000000000000000000, -1.000000000000000000 ) ) ;
#4159 = CARTESIAN_POINT ( 'NONE',  ( -0.4113517303212779752, 0.03937007874015747977, -1.496062992125984259 ) ) ;
#4160 = DIRECTION ( 'NONE',  ( 0.0000000000000000000, 0.0000000000000000000, 1.000000000000000000 ) ) ;
#4161 = LINE ( 'NONE', #4893, #4429 ) ;
#4162 = CARTESIAN_POINT ( 'NONE',  ( -0.2401574803149606474, -0.08071329126052262382, -1.496062992125984259 ) ) ;
#4163 = DIRECTION ( 'NONE',  ( 0.0000000000000000000, 0.0000000000000000000, 1.000000000000000000 ) ) ;
#4164 = EDGE_CURVE ( 'NONE', #2715, #3859, #4985, .T. ) ;
#4165 = VECTOR ( 'NONE', #2042, 39.37007874015748143 ) ;
#4166 = ORIENTED_EDGE ( 'NONE', *, *, #4706, .T. ) ;
#4167 = DIRECTION ( 'NONE',  ( 1.000000000000000000, 0.0000000000000000000, 0.0000000000000000000 ) ) ;
#4168 = ORIENTED_EDGE ( 'NONE', *, *, #352, .F. ) ;
#4169 = AXIS2_PLACEMENT_3D ( 'NONE', #2814, #4363, #1715 ) ;
#4170 = VECTOR ( 'NONE', #3791, 39.37007874015748854 ) ;
#4171 = VERTEX_POINT ( 'NONE', #3412 ) ;
#4172 = CARTESIAN_POINT ( 'NONE',  ( 0.5497918511573290923, -0.01184385061273594483, -0.3149606299212598381 ) ) ;
#4173 = DIRECTION ( 'NONE',  ( 0.0000000000000000000, 0.0000000000000000000, 1.000000000000000000 ) ) ;
#4174 = CARTESIAN_POINT ( 'NONE',  ( 0.2795275590551181133, -0.1200833700006795346, -1.496062992125984259 ) ) ;
#4175 = CIRCLE ( 'NONE', #1983, 0.01181102362204724046 ) ;
#4176 = VECTOR ( 'NONE', #192, 39.37007874015748143 ) ;
#4177 = EDGE_CURVE ( 'NONE', #339, #49, #2249, .T. ) ;
#4178 = ADVANCED_FACE ( 'NONE', ( #1525 ), #2274, .T. ) ;
#4179 = ORIENTED_EDGE ( 'NONE', *, *, #2270, .T. ) ;
#4180 = CIRCLE ( 'NONE', #362, 0.01181102362204724046 ) ;
#4181 = VECTOR ( 'NONE', #2518, 39.37007874015748143 ) ;
#4182 = EDGE_CURVE ( 'NONE', #1531, #2338, #2299, .T. ) ;
#4183 = DIRECTION ( 'NONE',  ( 0.0000000000000000000, 0.0000000000000000000, 1.000000000000000000 ) ) ;
#4184 = DIRECTION ( 'NONE',  ( 0.8090169943749430104, 0.5877852522924790213, 0.0000000000000000000 ) ) ;
#4185 = AXIS2_PLACEMENT_3D ( 'NONE', #3516, #4318, #2393 ) ;
#4186 = ORIENTED_EDGE ( 'NONE', *, *, #3959, .T. ) ;
#4187 = LINE ( 'NONE', #4711, #2791 ) ;
#4188 = DIRECTION ( 'NONE',  ( -0.8090169943749389025, -0.5877852522924849055, 0.0000000000000000000 ) ) ;
#4189 = FACE_OUTER_BOUND ( 'NONE', #2731, .T. ) ;
#4190 = CIRCLE ( 'NONE', #4829, 0.01181102362204724046 ) ;
#4191 = CARTESIAN_POINT ( 'NONE',  ( -0.5000000000000000000, 7.205249083289488692E-15, 0.0000000000000000000 ) ) ;
#4192 = MECHANICAL_DESIGN_GEOMETRIC_PRESENTATION_REPRESENTATION (  '', ( #608 ), #3052 ) ;
#4193 = VERTEX_POINT ( 'NONE', #1899 ) ;
#4194 = LINE ( 'NONE', #2253, #4629 ) ;
#4195 = CYLINDRICAL_SURFACE ( 'NONE', #2582, 0.01181102362204887977 ) ;
#4196 = ORIENTED_EDGE ( 'NONE', *, *, #3713, .T. ) ;
#4197 =( LENGTH_UNIT ( ) NAMED_UNIT ( * ) SI_UNIT ( $, .METRE. ) );
#4198 = UNCERTAINTY_MEASURE_WITH_UNIT (LENGTH_MEASURE( 1.000000000000000082E-05 ), #1464, 'distance_accuracy_value', 'NONE');
#4199 = VERTEX_POINT ( 'NONE', #3069 ) ;
#4200 = EDGE_LOOP ( 'NONE', ( #559, #4282, #4226, #2957 ) ) ;
#4201 = FACE_OUTER_BOUND ( 'NONE', #1609, .T. ) ;
#4202 = CARTESIAN_POINT ( 'NONE',  ( -0.2047244094488188948, 0.03937007874015747977, -1.496062992125984259 ) ) ;
#4203 = VERTEX_POINT ( 'NONE', #3017 ) ;
#4204 = EDGE_CURVE ( 'NONE', #4199, #3397, #1588, .T. ) ;
#4205 = CARTESIAN_POINT ( 'NONE',  ( 0.2125984251968504046, -0.09252431488256988856, 0.0000000000000000000 ) ) ;
#4206 = FACE_OUTER_BOUND ( 'NONE', #1982, .T. ) ;
#4207 = MECHANICAL_DESIGN_GEOMETRIC_PRESENTATION_REPRESENTATION (  '', ( #2181 ), #4293 ) ;
#4208 = AXIS2_PLACEMENT_3D ( 'NONE', #981, #227, #2523 ) ;
#4209 = EDGE_CURVE ( 'NONE', #4578, #185, #2072, .T. ) ;
#4210 = CARTESIAN_POINT ( 'NONE',  ( -0.3826845144513507657, 0.1704356361502496198, -1.496062992125984259 ) ) ;
#4211 = CARTESIAN_POINT ( 'NONE',  ( 0.2244094488188976555, -0.09252431488256988856, -1.496062992125984259 ) ) ;
#4212 = CIRCLE ( 'NONE', #4776, 0.01181102362204724046 ) ;
#4213 = CARTESIAN_POINT ( 'NONE',  ( -0.5000000000000000000, -5.335640612625512173E-19, -0.3149606299212598381 ) ) ;
#4214 = CARTESIAN_POINT ( 'NONE',  ( -0.4215803768226693005, 0.04527559055118110520, 0.0000000000000000000 ) ) ;
#4215 = CYLINDRICAL_SURFACE ( 'NONE', #1423, 0.01181102362204710515 ) ;
#4216 = COLOUR_RGB ( '',0.8000000000000000444, 0.8078431372549019773, 0.8000000000000000444 ) ;
#4217 = VERTEX_POINT ( 'NONE', #3811 ) ;
#4218 = DIRECTION ( 'NONE',  ( 1.000000000000000000, 0.0000000000000000000, 0.0000000000000000000 ) ) ;
#4219 = CARTESIAN_POINT ( 'NONE',  ( 0.5196850393700787052, 0.2263779527559055260, 0.0000000000000000000 ) ) ;
#4220 = VECTOR ( 'NONE', #450, 39.37007874015748143 ) ;
#4221 = ORIENTED_EDGE ( 'NONE', *, *, #698, .F. ) ;
#4222 = CIRCLE ( 'NONE', #4787, 0.01968503937007875723 ) ;
#4223 = ORIENTED_EDGE ( 'NONE', *, *, #2537, .F. ) ;
#4224 = VERTEX_POINT ( 'NONE', #302 ) ;
#4225 = CARTESIAN_POINT ( 'NONE',  ( 0.6397637795275591399, -0.2263779527559055260, 0.0000000000000000000 ) ) ;
#4226 = ORIENTED_EDGE ( 'NONE', *, *, #1634, .T. ) ;
#4227 = ORIENTED_EDGE ( 'NONE', *, *, #1656, .T. ) ;
#4228 = CARTESIAN_POINT ( 'NONE',  ( -0.4215803768226693005, -0.04527559055118110520, -1.496062992125984259 ) ) ;
#4229 = FILL_AREA_STYLE ('',( #3061 ) ) ;
#4230 = DIRECTION ( 'NONE',  ( 0.8090169943749386805, -0.5877852522924849055, 0.0000000000000000000 ) ) ;
#4231 = ORIENTED_EDGE ( 'NONE', *, *, #3633, .T. ) ;
#4232 = DIRECTION ( 'NONE',  ( 1.000000000000000000, 0.0000000000000000000, 0.0000000000000000000 ) ) ;
#4233 = DIRECTION ( 'NONE',  ( 1.000000000000000000, 0.0000000000000000000, 0.0000000000000000000 ) ) ;
#4234 = DIRECTION ( 'NONE',  ( 0.0000000000000000000, 0.0000000000000000000, 1.000000000000000000 ) ) ;
#4235 = DIRECTION ( 'NONE',  ( 0.0000000000000000000, 0.0000000000000000000, 1.000000000000000000 ) ) ;
#4236 = EDGE_CURVE ( 'NONE', #1829, #3654, #4161, .T. ) ;
#4237 = EDGE_CURVE ( 'NONE', #4950, #1196, #1057, .T. ) ;
#4238 = EDGE_CURVE ( 'NONE', #4203, #1211, #43, .T. ) ;
#4239 = EDGE_LOOP ( 'NONE', ( #3313, #3344, #2263, #1204 ) ) ;
#4240 = DIRECTION ( 'NONE',  ( 1.000000000000000000, 0.0000000000000000000, 0.0000000000000000000 ) ) ;
#4241 = CARTESIAN_POINT ( 'NONE',  ( 0.6791338582677166613, -0.1118343365560181130, -1.496062992125984259 ) ) ;
#4242 = EDGE_CURVE ( 'NONE', #1622, #3051, #4743, .T. ) ;
#4243 = ORIENTED_EDGE ( 'NONE', *, *, #3215, .F. ) ;
#4244 =( NAMED_UNIT ( * ) SI_UNIT ( $, .STERADIAN. ) SOLID_ANGLE_UNIT ( ) );
#4245 = EDGE_LOOP ( 'NONE', ( #1769, #2981, #1153, #3631 ) ) ;
#4246 = CARTESIAN_POINT ( 'NONE',  ( 0.4132675480220180941, 0.05436453559011661385, -1.496062992125984259 ) ) ;
#4247 = ORIENTED_EDGE ( 'NONE', *, *, #878, .F. ) ;
#4248 = DIRECTION ( 'NONE',  ( 0.0000000000000000000, 0.0000000000000000000, 1.000000000000000000 ) ) ;
#4249 = CARTESIAN_POINT ( 'NONE',  ( 0.2795275590551181133, -0.1200833700006795346, 0.0000000000000000000 ) ) ;
#4250 =( NAMED_UNIT ( * ) SI_UNIT ( $, .STERADIAN. ) SOLID_ANGLE_UNIT ( ) );
#4251 = ORIENTED_EDGE ( 'NONE', *, *, #4763, .F. ) ;
#4252 = ORIENTED_EDGE ( 'NONE', *, *, #1163, .T. ) ;
#4253 = DIRECTION ( 'NONE',  ( 0.0000000000000000000, 0.0000000000000000000, 1.000000000000000000 ) ) ;
#4254 = CARTESIAN_POINT ( 'NONE',  ( -0.2244094488188976555, -0.09252431488256988856, 0.0000000000000000000 ) ) ;
#4255 = DIRECTION ( 'NONE',  ( -1.000000000000000000, -4.010514564478714727E-16, 0.0000000000000000000 ) ) ;
#4256 = VECTOR ( 'NONE', #3598, 39.37007874015748143 ) ;
#4257 = VECTOR ( 'NONE', #3104, 39.37007874015748143 ) ;
#4258 = VERTEX_POINT ( 'NONE', #1644 ) ;
#4259 = DIRECTION ( 'NONE',  ( 0.0000000000000000000, 0.0000000000000000000, 1.000000000000000000 ) ) ;
#4260 = VECTOR ( 'NONE', #718, 39.37007874015748143 ) ;
#4261 = FACE_OUTER_BOUND ( 'NONE', #4239, .T. ) ;
#4262 = AXIS2_PLACEMENT_3D ( 'NONE', #777, #2743, #3358 ) ;
#4263 =( LENGTH_UNIT ( ) NAMED_UNIT ( * ) SI_UNIT ( $, .METRE. ) );
#4264 = DIRECTION ( 'NONE',  ( 0.0000000000000000000, 0.0000000000000000000, -1.000000000000000000 ) ) ;
#4265 = AXIS2_PLACEMENT_3D ( 'NONE', #4598, #2591, #754 ) ;
#4266 = ORIENTED_EDGE ( 'NONE', *, *, #1756, .F. ) ;
#4267 = AXIS2_PLACEMENT_3D ( 'NONE', #2939, #874, #972 ) ;
#4268 = DIRECTION ( 'NONE',  ( -1.000000000000000000, 0.0000000000000000000, 0.0000000000000000000 ) ) ;
#4269 = LINE ( 'NONE', #351, #2362 ) ;
#4270 = EDGE_CURVE ( 'NONE', #945, #3084, #4670, .T. ) ;
#4271 = CIRCLE ( 'NONE', #1674, 0.01181102362204696811 ) ;
#4272 = ORIENTED_EDGE ( 'NONE', *, *, #2032, .F. ) ;
#4273 = DIRECTION ( 'NONE',  ( 0.7660444431189649128, 0.6427876096865550171, 0.0000000000000000000 ) ) ;
#4274 = EDGE_CURVE ( 'NONE', #284, #1030, #1241, .T. ) ;
#4275 = VERTEX_POINT ( 'NONE', #470 ) ;
#4276 = ORIENTED_EDGE ( 'NONE', *, *, #502, .F. ) ;
#4277 = PRODUCT ( 'CUI_DEVICES_HSE-B20380-040H', 'CUI_DEVICES_HSE-B20380-040H', '', ( #2959 ) ) ;
#4278 = DIRECTION ( 'NONE',  ( 1.000000000000000000, 0.0000000000000000000, 0.0000000000000000000 ) ) ;
#4279 = CARTESIAN_POINT ( 'NONE',  ( -0.6397637795275591399, -0.2263779527559055260, -1.496062992125984259 ) ) ;
#4280 = LINE ( 'NONE', #1914, #3614 ) ;
#4281 = VERTEX_POINT ( 'NONE', #1193 ) ;
#4282 = ORIENTED_EDGE ( 'NONE', *, *, #4798, .F. ) ;
#4283 = CARTESIAN_POINT ( 'NONE',  ( -0.3826845144513507657, 0.1704356361502496198, -1.496062992125984259 ) ) ;
#4284 = CARTESIAN_POINT ( 'NONE',  ( -0.4215803768226693005, -0.04527559055118110520, 0.0000000000000000000 ) ) ;
#4285 = DIRECTION ( 'NONE',  ( 0.6427876096865435818, 0.7660444431189744607, 0.0000000000000000000 ) ) ;
#4286 = ORIENTED_EDGE ( 'NONE', *, *, #4209, .T. ) ;
#4287 = VECTOR ( 'NONE', #4574, 39.37007874015748143 ) ;
#4288 = CARTESIAN_POINT ( 'NONE',  ( -0.5000000000000000000, 2.134256245050204715E-16, -1.496062992125984259 ) ) ;
#4289 = DIRECTION ( 'NONE',  ( 0.0000000000000000000, 0.0000000000000000000, 1.000000000000000000 ) ) ;
#4290 = CARTESIAN_POINT ( 'NONE',  ( -0.4232751386348622136, 0.04809170456048598302, -1.496062992125984259 ) ) ;
#4291 = LINE ( 'NONE', #1621, #759 ) ;
#4292 = DIRECTION ( 'NONE',  ( -1.000000000000000000, 0.0000000000000000000, 0.0000000000000000000 ) ) ;
#4293 =( GEOMETRIC_REPRESENTATION_CONTEXT ( 3 ) GLOBAL_UNCERTAINTY_ASSIGNED_CONTEXT ( ( #429 ) ) GLOBAL_UNIT_ASSIGNED_CONTEXT ( ( #3274, #4815, #2566 ) ) REPRESENTATION_CONTEXT ( 'NONE', 'WORKASPACE' ) );
#4294 = DIRECTION ( 'NONE',  ( 0.0000000000000000000, 0.0000000000000000000, 1.000000000000000000 ) ) ;
#4295 = AXIS2_PLACEMENT_3D ( 'NONE', #4751, #2827, #2138 ) ;
#4296 = ORIENTED_EDGE ( 'NONE', *, *, #2692, .F. ) ;
#4297 = LINE ( 'NONE', #3521, #4586 ) ;
#4298 = EDGE_CURVE ( 'NONE', #539, #1462, #366, .T. ) ;
#4299 = ORIENTED_EDGE ( 'NONE', *, *, #4518, .T. ) ;
#4300 = CIRCLE ( 'NONE', #1376, 0.09055118110236001772 ) ;
#4301 = CYLINDRICAL_SURFACE ( 'NONE', #1699, 0.01181102362204703576 ) ;
#4302 = VERTEX_POINT ( 'NONE', #4647 ) ;
#4303 = LINE ( 'NONE', #3916, #879 ) ;
#4304 = CARTESIAN_POINT ( 'NONE',  ( 0.5000000000000000000, 1.468368296594541258E-15, -0.3149606299212598381 ) ) ;
#4305 = VECTOR ( 'NONE', #2078, 39.37007874015748143 ) ;
#4306 = ORIENTED_EDGE ( 'NONE', *, *, #2655, .F. ) ;
#4307 = EDGE_CURVE ( 'NONE', #1834, #3264, #2024, .T. ) ;
#4308 = EDGE_CURVE ( 'NONE', #3397, #168, #3930, .T. ) ;
#4309 = ORIENTED_EDGE ( 'NONE', *, *, #792, .F. ) ;
#4310 = DIRECTION ( 'NONE',  ( 1.192492468937322049E-15, 1.000000000000000000, 0.0000000000000000000 ) ) ;
#4311 =( LENGTH_UNIT ( ) NAMED_UNIT ( * ) SI_UNIT ( $, .METRE. ) );
#4312 = ADVANCED_FACE ( 'NONE', ( #3098 ), #2711, .F. ) ;
#4313 = ORIENTED_EDGE ( 'NONE', *, *, #4391, .T. ) ;
#4314 = CARTESIAN_POINT ( 'NONE',  ( 0.4223153170352346719, 0.06195651523208366152, -1.496062992125984259 ) ) ;
#4315 = CARTESIAN_POINT ( 'NONE',  ( 0.4685039370078740717, 0.09739619588073228362, -1.496062992125984259 ) ) ;
#4316 = LINE ( 'NONE', #827, #966 ) ;
#4317 = SURFACE_STYLE_FILL_AREA ( #3489 ) ;
#4318 = DIRECTION ( 'NONE',  ( 0.0000000000000000000, 0.0000000000000000000, 1.000000000000000000 ) ) ;
#4319 = ORIENTED_EDGE ( 'NONE', *, *, #200, .F. ) ;
#4320 = LINE ( 'NONE', #858, #3645 ) ;
#4321 = ORIENTED_EDGE ( 'NONE', *, *, #4236, .F. ) ;
#4322 = CARTESIAN_POINT ( 'NONE',  ( 0.2913385826771653919, -0.05118110236220244080, 0.0000000000000000000 ) ) ;
#4323 = EDGE_LOOP ( 'NONE', ( #1199, #2223 ) ) ;
#4324 = CARTESIAN_POINT ( 'NONE',  ( 0.3405511811023622104, 0.1636980790100826810, 0.0000000000000000000 ) ) ;
#4325 = LINE ( 'NONE', #2471, #2832 ) ;
#4326 = ADVANCED_FACE ( 'NONE', ( #1975 ), #3150, .F. ) ;
#4327 = DIRECTION ( 'NONE',  ( 1.000000000000000000, 1.084202172485504040E-15, 0.0000000000000000000 ) ) ;
#4328 = ORIENTED_EDGE ( 'NONE', *, *, #2377, .T. ) ;
#4329 = ORIENTED_EDGE ( 'NONE', *, *, #3594, .F. ) ;
#4330 = DIRECTION ( 'NONE',  ( 0.0000000000000000000, -1.000000000000000000, 0.0000000000000000000 ) ) ;
#4331 = DIRECTION ( 'NONE',  ( -0.0000000000000000000, -0.0000000000000000000, -1.000000000000000000 ) ) ;
#4332 = ADVANCED_FACE ( 'NONE', ( #42 ), #3584, .F. ) ;
#4333 = EDGE_CURVE ( 'NONE', #3397, #4199, #1830, .T. ) ;
#4334 = CIRCLE ( 'NONE', #1332, 0.06299212598425199539 ) ;
#4335 = ORIENTED_EDGE ( 'NONE', *, *, #3342, .F. ) ;
#4336 = CYLINDRICAL_SURFACE ( 'NONE', #1170, 0.09055118110236889950 ) ;
#4337 = DIRECTION ( 'NONE',  ( 0.0000000000000000000, 0.0000000000000000000, 1.000000000000000000 ) ) ;
#4338 = ADVANCED_FACE ( 'NONE', ( #447 ), #1596, .F. ) ;
#4339 = AXIS2_PLACEMENT_3D ( 'NONE', #2538, #2438, #971 ) ;
#4340 = VECTOR ( 'NONE', #1946, 39.37007874015748143 ) ;
#4341 = DIRECTION ( 'NONE',  ( 0.0000000000000000000, 0.0000000000000000000, -1.000000000000000000 ) ) ;
#4342 = FACE_OUTER_BOUND ( 'NONE', #4995, .T. ) ;
#4343 = AXIS2_PLACEMENT_3D ( 'NONE', #3316, #4094, #3764 ) ;
#4344 = AXIS2_PLACEMENT_3D ( 'NONE', #2399, #907, #4011 ) ;
#4345 = LINE ( 'NONE', #2049, #4305 ) ;
#4346 = DIRECTION ( 'NONE',  ( 0.0000000000000000000, -1.000000000000000000, 0.0000000000000000000 ) ) ;
#4347 = AXIS2_PLACEMENT_3D ( 'NONE', #2993, #4235, #2970 ) ;
#4348 = CIRCLE ( 'NONE', #855, 0.01181102362204724046 ) ;
#4349 = EDGE_LOOP ( 'NONE', ( #642, #4761, #2450, #739 ) ) ;
#4350 = VERTEX_POINT ( 'NONE', #3953 ) ;
#4351 = DIRECTION ( 'NONE',  ( 1.192492468937322049E-15, 1.000000000000000000, 0.0000000000000000000 ) ) ;
#4352 = CARTESIAN_POINT ( 'NONE',  ( 0.2519685039370078705, -0.2263779527559055260, 0.0000000000000000000 ) ) ;
#4353 = CIRCLE ( 'NONE', #4516, 0.01181102362204724046 ) ;
#4354 = VERTEX_POINT ( 'NONE', #1950 ) ;
#4355 = ORIENTED_EDGE ( 'NONE', *, *, #70, .T. ) ;
#4356 = CARTESIAN_POINT ( 'NONE',  ( -0.2913385826771653919, -0.1082723463786324780, 0.0000000000000000000 ) ) ;
#4357 = DIRECTION ( 'NONE',  ( -0.0000000000000000000, -1.000000000000000000, -0.0000000000000000000 ) ) ;
#4358 = EDGE_LOOP ( 'NONE', ( #1803, #2630, #2208, #2352 ) ) ;
#4359 = ORIENTED_EDGE ( 'NONE', *, *, #1069, .F. ) ;
#4360 = DIRECTION ( 'NONE',  ( 0.0000000000000000000, 0.0000000000000000000, -1.000000000000000000 ) ) ;
#4361 = EDGE_CURVE ( 'NONE', #2855, #2412, #2486, .T. ) ;
#4362 = ADVANCED_FACE ( 'NONE', ( #4342 ), #2788, .T. ) ;
#4363 = DIRECTION ( 'NONE',  ( 0.0000000000000000000, 0.0000000000000000000, -1.000000000000000000 ) ) ;
#4364 = DIRECTION ( 'NONE',  ( -0.7071067811865425767, 0.0000000000000000000, -0.7071067811865524577 ) ) ;
#4365 = ADVANCED_FACE ( 'NONE', ( #3981 ), #190, .T. ) ;
#4366 = ORIENTED_EDGE ( 'NONE', *, *, #3682, .F. ) ;
#4367 = EDGE_CURVE ( 'NONE', #3027, #3878, #527, .T. ) ;
#4368 = AXIS2_PLACEMENT_3D ( 'NONE', #2016, #2335, #2617 ) ;
#4369 = CARTESIAN_POINT ( 'NONE',  ( -0.2125984251968504046, -0.2263779527559055260, 0.0000000000000000000 ) ) ;
#4370 = DIRECTION ( 'NONE',  ( 0.0000000000000000000, 0.0000000000000000000, -1.000000000000000000 ) ) ;
#4371 = CARTESIAN_POINT ( 'NONE',  ( 0.4113517303212779752, -0.03937007874015747977, -1.496062992125984259 ) ) ;
#4372 = DIRECTION ( 'NONE',  ( -1.000000000000000000, 0.0000000000000000000, 0.0000000000000000000 ) ) ;
#4373 = EDGE_CURVE ( 'NONE', #1046, #1738, #4020, .T. ) ;
#4374 = EDGE_CURVE ( 'NONE', #4562, #3136, #4392, .T. ) ;
#4375 = VECTOR ( 'NONE', #210, 39.37007874015748143 ) ;
#4376 = EDGE_LOOP ( 'NONE', ( #3915, #4105, #364, #2555 ) ) ;
#4377 = PLANE ( 'NONE',  #3405 ) ;
#4378 = DIRECTION ( 'NONE',  ( 1.000000000000000000, 0.0000000000000000000, 0.0000000000000000000 ) ) ;
#4379 = CIRCLE ( 'NONE', #319, 0.06299212598425192600 ) ;
#4380 = ORIENTED_EDGE ( 'NONE', *, *, #656, .F. ) ;
#4381 = VECTOR ( 'NONE', #4771, 39.37007874015748143 ) ;
#4382 = ORIENTED_EDGE ( 'NONE', *, *, #1544, .T. ) ;
#4383 = DIRECTION ( 'NONE',  ( 0.0000000000000000000, 0.0000000000000000000, 1.000000000000000000 ) ) ;
#4384 = LINE ( 'NONE', #868, #2797 ) ;
#4385 = CIRCLE ( 'NONE', #159, 0.01968503937007872254 ) ;
#4386 = ORIENTED_EDGE ( 'NONE', *, *, #2649, .F. ) ;
#4387 = CARTESIAN_POINT ( 'NONE',  ( -0.4223153170352353936, 0.06195651523208228761, 0.0000000000000000000 ) ) ;
#4388 = VERTEX_POINT ( 'NONE', #4442 ) ;
#4389 = DIRECTION ( 'NONE',  ( -1.000000000000000000, 0.0000000000000000000, 0.0000000000000000000 ) ) ;
#4390 = CARTESIAN_POINT ( 'NONE',  ( 0.5278619018776495864, 0.08615817327910964274, -1.496062992125984259 ) ) ;
#4391 = EDGE_CURVE ( 'NONE', #2958, #2332, #2161, .T. ) ;
#4392 = LINE ( 'NONE', #4792, #1915 ) ;
#4393 = ORIENTED_EDGE ( 'NONE', *, *, #4701, .F. ) ;
#4394 = CARTESIAN_POINT ( 'NONE',  ( 0.4215803768226693005, -0.04527559055118110520, -1.496062992125984259 ) ) ;
#4395 = CARTESIAN_POINT ( 'NONE',  ( -0.4113517303212779752, -0.03937007874015747977, -1.496062992125984259 ) ) ;
#4396 = LINE ( 'NONE', #903, #512 ) ;
#4397 = FACE_OUTER_BOUND ( 'NONE', #1149, .T. ) ;
#4398 = EDGE_CURVE ( 'NONE', #4092, #2829, #901, .T. ) ;
#4399 = EDGE_CURVE ( 'NONE', #1616, #2007, #591, .T. ) ;
#4400 = ORIENTED_EDGE ( 'NONE', *, *, #3712, .T. ) ;
#4401 = PLANE ( 'NONE',  #4009 ) ;
#4402 = EDGE_CURVE ( 'NONE', #214, #4698, #3660, .T. ) ;
#4403 = DIRECTION ( 'NONE',  ( 0.0000000000000000000, 0.0000000000000000000, 1.000000000000000000 ) ) ;
#4404 = CARTESIAN_POINT ( 'NONE',  ( -0.6791338582677166613, -0.1118343365560181130, 0.0000000000000000000 ) ) ;
#4405 = ORIENTED_EDGE ( 'NONE', *, *, #4917, .F. ) ;
#4406 = VERTEX_POINT ( 'NONE', #1342 ) ;
#4407 = LINE ( 'NONE', #4044, #2184 ) ;
#4408 = CARTESIAN_POINT ( 'NONE',  ( -0.5497918511573290923, 0.01184385061273604371, -1.496062992125984259 ) ) ;
#4409 = EDGE_LOOP ( 'NONE', ( #4808, #1037, #4286, #289 ) ) ;
#4410 = DIRECTION ( 'NONE',  ( 0.0000000000000000000, 0.0000000000000000000, 1.000000000000000000 ) ) ;
#4411 = EDGE_LOOP ( 'NONE', ( #1350, #571, #3190, #1961 ) ) ;
#4412 = FILL_AREA_STYLE ('',( #1265 ) ) ;
#4413 = CARTESIAN_POINT ( 'NONE',  ( 0.4215803768226693005, -0.04527559055118110520, 0.0000000000000000000 ) ) ;
#4414 = VECTOR ( 'NONE', #1495, 39.37007874015748854 ) ;
#4415 = CARTESIAN_POINT ( 'NONE',  ( 0.2519685039370078705, -0.06890226763847540070, -1.496062992125984259 ) ) ;
#4416 = ORIENTED_EDGE ( 'NONE', *, *, #1064, .F. ) ;
#4417 = MECHANICAL_DESIGN_GEOMETRIC_PRESENTATION_REPRESENTATION (  '', ( #917 ), #2790 ) ;
#4418 = DIRECTION ( 'NONE',  ( 0.0000000000000000000, 0.0000000000000000000, -1.000000000000000000 ) ) ;
#4419 = DIRECTION ( 'NONE',  ( -1.000000000000000000, -1.412527898055806035E-15, 0.0000000000000000000 ) ) ;
#4420 = FACE_OUTER_BOUND ( 'NONE', #4978, .T. ) ;
#4421 = CARTESIAN_POINT ( 'NONE',  ( -0.5602822563229370445, -0.08272889778461692267, 0.0000000000000000000 ) ) ;
#4422 = CIRCLE ( 'NONE', #4339, 0.01181102362204724046 ) ;
#4423 = AXIS2_PLACEMENT_3D ( 'NONE', #2105, #4793, #4470 ) ;
#4424 = VERTEX_POINT ( 'NONE', #520 ) ;
#4425 = DIRECTION ( 'NONE',  ( 0.0000000000000000000, 0.0000000000000000000, 1.000000000000000000 ) ) ;
#4426 = VECTOR ( 'NONE', #4954, 39.37007874015748143 ) ;
#4427 = EDGE_CURVE ( 'NONE', #53, #3581, #3702, .T. ) ;
#4428 = CARTESIAN_POINT ( 'NONE',  ( -0.3405511811023622104, 0.2263779527559055260, -1.496062992125984259 ) ) ;
#4429 = VECTOR ( 'NONE', #1080, 39.37007874015748143 ) ;
#4430 = PRODUCT_DEFINITION ( 'UNKNOWN', '', #2337, #3446 ) ;
#4431 = ORIENTED_EDGE ( 'NONE', *, *, #3624, .F. ) ;
#4432 = ORIENTED_EDGE ( 'NONE', *, *, #3770, .F. ) ;
#4433 = AXIS2_PLACEMENT_3D ( 'NONE', #3403, #1438, #318 ) ;
#4434 = DIRECTION ( 'NONE',  ( 0.0000000000000000000, -1.000000000000000000, 0.0000000000000000000 ) ) ;
#4435 = DIRECTION ( 'NONE',  ( 0.0000000000000000000, 1.000000000000000000, 0.0000000000000000000 ) ) ;
#4436 = PRESENTATION_LAYER_ASSIGNMENT (  '', '', ( #608 ) ) ;
#4437 = VERTEX_POINT ( 'NONE', #924 ) ;
#4438 = ORIENTED_EDGE ( 'NONE', *, *, #3089, .T. ) ;
#4439 = DIRECTION ( 'NONE',  ( 0.0000000000000000000, 0.0000000000000000000, -1.000000000000000000 ) ) ;
#4440 = CARTESIAN_POINT ( 'NONE',  ( -0.4223153170352353936, 0.06195651523208228761, -1.496062992125984259 ) ) ;
#4441 = CARTESIAN_POINT ( 'NONE',  ( -0.4488188976377953665, 5.734313257208142247E-18, 0.1496062992125984370 ) ) ;
#4442 = CARTESIAN_POINT ( 'NONE',  ( 0.2519685039370078705, -0.1318943936227267855, 0.0000000000000000000 ) ) ;
#4443 = ORIENTED_EDGE ( 'NONE', *, *, #3954, .F. ) ;
#4444 = CARTESIAN_POINT ( 'NONE',  ( 0.2401574803149606474, -0.06890226763847540070, 0.0000000000000000000 ) ) ;
#4445 = CARTESIAN_POINT ( 'NONE',  ( -0.2795275590551181133, -0.1200833700006795346, -1.496062992125984259 ) ) ;
#4446 = ORIENTED_EDGE ( 'NONE', *, *, #1945, .T. ) ;
#4447 = DIRECTION ( 'NONE',  ( 1.000000000000000000, 0.0000000000000000000, 0.0000000000000000000 ) ) ;
#4448 = CARTESIAN_POINT ( 'NONE',  ( 0.4261811023622047445, -0.05608509196814338155, -1.496062992125984259 ) ) ;
#4449 = DIRECTION ( 'NONE',  ( 0.6427876096865435818, 0.7660444431189744607, 0.0000000000000000000 ) ) ;
#4450 = ADVANCED_FACE ( 'NONE', ( #3298 ), #3635, .T. ) ;
#4451 = VECTOR ( 'NONE', #3850, 39.37007874015748143 ) ;
#4452 = ORIENTED_EDGE ( 'NONE', *, *, #3479, .T. ) ;
#4453 = ORIENTED_EDGE ( 'NONE', *, *, #3307, .T. ) ;
#4454 = DIRECTION ( 'NONE',  ( 1.000000000000000000, 0.0000000000000000000, 0.0000000000000000000 ) ) ;
#4455 = LINE ( 'NONE', #1805, #3372 ) ;
#4456 = ADVANCED_FACE ( 'NONE', ( #2913 ), #3270, .F. ) ;
#4457 = MECHANICAL_DESIGN_GEOMETRIC_PRESENTATION_REPRESENTATION (  '', ( #3414 ), #4858 ) ;
#4458 = EDGE_CURVE ( 'NONE', #36, #1429, #218, .T. ) ;
#4459 = ORIENTED_EDGE ( 'NONE', *, *, #385, .T. ) ;
#4460 = ORIENTED_EDGE ( 'NONE', *, *, #1634, .F. ) ;
#4461 = FACE_BOUND ( 'NONE', #4323, .T. ) ;
#4462 = CARTESIAN_POINT ( 'NONE',  ( 0.4261811023622047445, -0.05608509196814338155, -1.496062992125984259 ) ) ;
#4463 = CIRCLE ( 'NONE', #1296, 0.01181102362204724046 ) ;
#4465 = ADVANCED_FACE ( 'NONE', ( #2440 ), #2047, .F. ) ;
#4464 = FACE_OUTER_BOUND ( 'NONE', #3699, .T. ) ;
#4466 = DIRECTION ( 'NONE',  ( 0.0000000000000000000, 0.0000000000000000000, 1.000000000000000000 ) ) ;
#4467 =( CONVERSION_BASED_UNIT ( 'INCH', #2515 ) LENGTH_UNIT ( ) NAMED_UNIT ( #5004 ) );
#4468 = ORIENTED_EDGE ( 'NONE', *, *, #840, .F. ) ;
#4469 = VECTOR ( 'NONE', #4891, 39.37007874015748143 ) ;
#4470 = DIRECTION ( 'NONE',  ( 1.000000000000000000, 0.0000000000000000000, 0.0000000000000000000 ) ) ;
#4471 = PLANE ( 'NONE',  #2370 ) ;
#4472 = SURFACE_STYLE_USAGE ( .BOTH. , #2919 ) ;
#4473 = DIRECTION ( 'NONE',  ( 0.0000000000000000000, 0.0000000000000000000, 1.000000000000000000 ) ) ;
#4474 = LINE ( 'NONE', #4445, #4592 ) ;
#4475 = ORIENTED_EDGE ( 'NONE', *, *, #4818, .F. ) ;
#4476 = CARTESIAN_POINT ( 'NONE',  ( -0.6791338582677166613, -0.2263779527559055260, -1.496062992125984259 ) ) ;
#4477 = CARTESIAN_POINT ( 'NONE',  ( 0.5602822563229370445, -0.08272889778461713084, -1.496062992125984259 ) ) ;
#4478 = ORIENTED_EDGE ( 'NONE', *, *, #130, .F. ) ;
#4479 = VERTEX_POINT ( 'NONE', #294 ) ;
#4480 = VERTEX_POINT ( 'NONE', #3431 ) ;
#4481 = CARTESIAN_POINT ( 'NONE',  ( 0.0000000000000000000, 0.05905511811023622659, -0.7834645669291339098 ) ) ;
#4482 = CARTESIAN_POINT ( 'NONE',  ( 0.4524745470792889690, 0.08726311403864035754, -1.496062992125984259 ) ) ;
#4483 = EDGE_LOOP ( 'NONE', ( #1579, #1918, #4091, #749 ) ) ;
#4484 = ORIENTED_EDGE ( 'NONE', *, *, #2193, .F. ) ;
#4485 = EDGE_CURVE ( 'NONE', #1473, #3027, #2076, .T. ) ;
#4486 = EDGE_CURVE ( 'NONE', #1582, #4497, #1847, .T. ) ;
#4487 = DIRECTION ( 'NONE',  ( 0.0000000000000000000, 0.0000000000000000000, 1.000000000000000000 ) ) ;
#4488 = CARTESIAN_POINT ( 'NONE',  ( 0.6673228346456693272, 0.1118343365560181130, 0.0000000000000000000 ) ) ;
#4489 = ORIENTED_EDGE ( 'NONE', *, *, #4237, .F. ) ;
#4490 = ADVANCED_FACE ( 'NONE', ( #4206 ), #1024, .T. ) ;
#4491 = DIRECTION ( 'NONE',  ( -0.8090169943749434545, -0.5877852522924785772, 0.0000000000000000000 ) ) ;
#4492 = VECTOR ( 'NONE', #4962, 39.37007874015748143 ) ;
#4493 = DIRECTION ( 'NONE',  ( -1.508455196501569950E-16, 0.0000000000000000000, 1.000000000000000000 ) ) ;
#4494 = LINE ( 'NONE', #4058, #626 ) ;
#4495 = LINE ( 'NONE', #223, #2963 ) ;
#4496 = CONICAL_SURFACE ( 'NONE', #1814, 0.04330708661417556615, 0.7853981633974617127 ) ;
#4497 = VERTEX_POINT ( 'NONE', #266 ) ;
#4498 = CARTESIAN_POINT ( 'NONE',  ( 0.6594488188976378451, -0.2263779527559055260, 0.0000000000000000000 ) ) ;
#4499 = FILL_AREA_STYLE_COLOUR ( '', #3232 ) ;
#4500 = AXIS2_PLACEMENT_3D ( 'NONE', #4514, #4487, #646 ) ;
#4501 = CIRCLE ( 'NONE', #1175, 0.05118110236220468900 ) ;
#4502 = CIRCLE ( 'NONE', #4343, 0.09055118110235926832 ) ;
#4503 = VECTOR ( 'NONE', #4568, 39.37007874015748143 ) ;
#4504 = CARTESIAN_POINT ( 'NONE',  ( 0.5497918511573290923, -0.01184385061273604371, -1.496062992125984259 ) ) ;
#4505 = ORIENTED_EDGE ( 'NONE', *, *, #728, .T. ) ;
#4506 = EDGE_LOOP ( 'NONE', ( #2400, #59, #1962, #815, #3415, #4572 ) ) ;
#4507 = CARTESIAN_POINT ( 'NONE',  ( -0.6397637795275591399, -0.1318943936227277569, 0.0000000000000000000 ) ) ;
#4508 = DIRECTION ( 'NONE',  ( -1.000000000000000000, 0.0000000000000000000, 0.0000000000000000000 ) ) ;
#4509 = VECTOR ( 'NONE', #676, 39.37007874015748143 ) ;
#4510 = ORIENTED_EDGE ( 'NONE', *, *, #1629, .T. ) ;
#4511 = ORIENTED_EDGE ( 'NONE', *, *, #14, .F. ) ;
#4512 = ORIENTED_EDGE ( 'NONE', *, *, #3713, .F. ) ;
#4513 = AXIS2_PLACEMENT_3D ( 'NONE', #4488, #1873, #3349 ) ;
#4514 = CARTESIAN_POINT ( 'NONE',  ( 0.2637795275590551491, -0.1318943936227267855, -1.496062992125984259 ) ) ;
#4515 = DIRECTION ( 'NONE',  ( -0.8090169943749389025, 0.5877852522924849055, 0.0000000000000000000 ) ) ;
#4516 = AXIS2_PLACEMENT_3D ( 'NONE', #2511, #4439, #1669 ) ;
#4517 = ORIENTED_EDGE ( 'NONE', *, *, #2418, .T. ) ;
#4518 = EDGE_CURVE ( 'NONE', #3480, #1726, #2180, .T. ) ;
#4519 = CARTESIAN_POINT ( 'NONE',  ( -0.2125984251968504046, -0.09252431488256988856, -1.496062992125984259 ) ) ;
#4520 = PRESENTATION_STYLE_ASSIGNMENT (( #4472 ) ) ;
#4521 = DIRECTION ( 'NONE',  ( -1.000000000000000000, 0.0000000000000000000, 0.0000000000000000000 ) ) ;
#4522 = CARTESIAN_POINT ( 'NONE',  ( 0.2401574803149606474, -0.06890226763847540070, -1.496062992125984259 ) ) ;
#4523 = EDGE_CURVE ( 'NONE', #1731, #1147, #4348, .T. ) ;
#4524 = EDGE_CURVE ( 'NONE', #2041, #3878, #647, .T. ) ;
#4525 = ORIENTED_EDGE ( 'NONE', *, *, #2623, .F. ) ;
#4526 = CARTESIAN_POINT ( 'NONE',  ( 0.3523622047244094335, 0.1636980790100826810, -1.496062992125984259 ) ) ;
#4527 = SURFACE_STYLE_USAGE ( .BOTH. , #1452 ) ;
#4528 = EDGE_CURVE ( 'NONE', #2332, #1586, #1522, .T. ) ;
#4529 = EDGE_LOOP ( 'NONE', ( #4359, #2462, #3398, #5020 ) ) ;
#4530 = PLANE ( 'NONE',  #3453 ) ;
#4531 = VERTEX_POINT ( 'NONE', #242 ) ;
#4532 = LINE ( 'NONE', #3004, #1126 ) ;
#4533 = AXIS2_PLACEMENT_3D ( 'NONE', #1293, #1625, #2444 ) ;
#4534 = FACE_OUTER_BOUND ( 'NONE', #3867, .T. ) ;
#4535 = CIRCLE ( 'NONE', #472, 0.01181102362204724046 ) ;
#4536 = VERTEX_POINT ( 'NONE', #4987 ) ;
#4537 = EDGE_LOOP ( 'NONE', ( #1906, #2172, #156, #2231 ) ) ;
#4538 = VECTOR ( 'NONE', #4434, 39.37007874015748143 ) ;
#4539 = VERTEX_POINT ( 'NONE', #1493 ) ;
#4540 = SURFACE_STYLE_FILL_AREA ( #1101 ) ;
#4541 = CARTESIAN_POINT ( 'NONE',  ( 0.0000000000000000000, -0.03937007874015523851, -0.9842519685039370358 ) ) ;
#4542 = LINE ( 'NONE', #4591, #2255 ) ;
#4543 = AXIS2_PLACEMENT_3D ( 'NONE', #3593, #96, #1655 ) ;
#4544 = ORIENTED_EDGE ( 'NONE', *, *, #2849, .T. ) ;
#4545 = DIRECTION ( 'NONE',  ( 0.0000000000000000000, 0.0000000000000000000, 1.000000000000000000 ) ) ;
#4546 = VECTOR ( 'NONE', #277, 39.37007874015748143 ) ;
#4547 = DIRECTION ( 'NONE',  ( 4.010514564478714727E-16, 1.000000000000000000, 0.0000000000000000000 ) ) ;
#4548 = FILL_AREA_STYLE ('',( #1111 ) ) ;
#4549 = DIRECTION ( 'NONE',  ( 1.000000000000000000, 0.0000000000000000000, 0.0000000000000000000 ) ) ;
#4550 = AXIS2_PLACEMENT_3D ( 'NONE', #2704, #3508, #7 ) ;
#4551 = EDGE_LOOP ( 'NONE', ( #2887, #4042, #357, #670 ) ) ;
#4552 = DIRECTION ( 'NONE',  ( 0.0000000000000000000, 1.000000000000000000, 0.0000000000000000000 ) ) ;
#4553 =( LENGTH_UNIT ( ) NAMED_UNIT ( * ) SI_UNIT ( $, .METRE. ) );
#4554 = ADVANCED_FACE ( 'NONE', ( #699 ), #4155, .T. ) ;
#4555 = EDGE_CURVE ( 'NONE', #4562, #1325, #4542, .T. ) ;
#4556 = CARTESIAN_POINT ( 'NONE',  ( -0.3602362204724409711, 0.2263779527559055260, -1.496062992125984259 ) ) ;
#4557 = EDGE_CURVE ( 'NONE', #4603, #2926, #4936, .T. ) ;
#4558 = ORIENTED_EDGE ( 'NONE', *, *, #352, .T. ) ;
#4559 = ORIENTED_EDGE ( 'NONE', *, *, #44, .F. ) ;
#4560 = DIRECTION ( 'NONE',  ( 0.0000000000000000000, 0.0000000000000000000, -1.000000000000000000 ) ) ;
#4561 = CYLINDRICAL_SURFACE ( 'NONE', #2066, 0.01181102362204724046 ) ;
#4562 = VERTEX_POINT ( 'NONE', #1105 ) ;
#4563 = ORIENTED_EDGE ( 'NONE', *, *, #169, .F. ) ;
#4564 = DIMENSIONAL_EXPONENTS ( 1.000000000000000000, 0.0000000000000000000, 0.0000000000000000000, 0.0000000000000000000, 0.0000000000000000000, 0.0000000000000000000, 0.0000000000000000000 ) ;
#4565 = CARTESIAN_POINT ( 'NONE',  ( -0.6397637795275591399, 0.1318943936227277569, -1.496062992125984259 ) ) ;
#4566 = DIRECTION ( 'NONE',  ( 0.5877852522924849055, 0.8090169943749389025, 0.0000000000000000000 ) ) ;
#4567 = DIRECTION ( 'NONE',  ( 1.192492468937322049E-15, 1.000000000000000000, 0.0000000000000000000 ) ) ;
#4568 = DIRECTION ( 'NONE',  ( 1.508455196501569950E-16, 0.0000000000000000000, 1.000000000000000000 ) ) ;
#4569 = CARTESIAN_POINT ( 'NONE',  ( 0.4232751386348622136, 0.04809170456048779407, -1.496062992125984259 ) ) ;
#4570 = CARTESIAN_POINT ( 'NONE',  ( 0.6742651801451869931, 0.1022790177248179139, -1.496062992125984259 ) ) ;
#4571 = DIRECTION ( 'NONE',  ( 1.000000000000000000, 0.0000000000000000000, 0.0000000000000000000 ) ) ;
#4572 = ORIENTED_EDGE ( 'NONE', *, *, #3029, .T. ) ;
#4573 = LINE ( 'NONE', #1034, #888 ) ;
#4574 = DIRECTION ( 'NONE',  ( 0.0000000000000000000, 0.0000000000000000000, 1.000000000000000000 ) ) ;
#4575 = AXIS2_PLACEMENT_3D ( 'NONE', #1004, #2567, #1471 ) ;
#4576 = CYLINDRICAL_SURFACE ( 'NONE', #3611, 0.05118110236220728415 ) ;
#4577 = EDGE_CURVE ( 'NONE', #267, #3654, #449, .T. ) ;
#4578 = VERTEX_POINT ( 'NONE', #2240 ) ;
#4579 = PRESENTATION_LAYER_ASSIGNMENT (  '', '', ( #2635 ) ) ;
#4580 = ORIENTED_EDGE ( 'NONE', *, *, #2505, .F. ) ;
#4581 = CARTESIAN_POINT ( 'NONE',  ( 0.2519685039370078705, -0.1318943936227267855, -1.496062992125984259 ) ) ;
#4582 = CARTESIAN_POINT ( 'NONE',  ( 0.2795275590551181133, -0.1200833700006795346, -1.496062992125984259 ) ) ;
#4583 = DIRECTION ( 'NONE',  ( 0.0000000000000000000, 0.0000000000000000000, 1.000000000000000000 ) ) ;
#4584 = EDGE_CURVE ( 'NONE', #1310, #339, #4190, .T. ) ;
#4585 = CIRCLE ( 'NONE', #1987, 0.05118110236220714537 ) ;
#4586 = VECTOR ( 'NONE', #1578, 39.37007874015748143 ) ;
#4587 = ORIENTED_EDGE ( 'NONE', *, *, #3688, .T. ) ;
#4588 = EDGE_CURVE ( 'NONE', #1586, #4354, #1426, .T. ) ;
#4589 = CIRCLE ( 'NONE', #3618, 0.01181102362204710515 ) ;
#4590 = CARTESIAN_POINT ( 'NONE',  ( -0.5433070866141732624, -5.335640612625512173E-19, 0.1574803149606299191 ) ) ;
#4591 = CARTESIAN_POINT ( 'NONE',  ( -0.3799212598425197318, 0.1780276157922165425, -1.496062992125984259 ) ) ;
#4592 = VECTOR ( 'NONE', #575, 39.37007874015748143 ) ;
#4593 = ORIENTED_EDGE ( 'NONE', *, *, #1746, .T. ) ;
#4594 = DIRECTION ( 'NONE',  ( 0.0000000000000000000, 0.0000000000000000000, 1.000000000000000000 ) ) ;
#4595 = CARTESIAN_POINT ( 'NONE',  ( -0.2047244094488188948, -0.03937007874015523851, 0.0000000000000000000 ) ) ;
#4596 = FACE_OUTER_BOUND ( 'NONE', #1666, .T. ) ;
#4597 = AXIS2_PLACEMENT_3D ( 'NONE', #113, #1288, #570 ) ;
#4598 = CARTESIAN_POINT ( 'NONE',  ( -0.5196850393700787052, 0.09739619588073208933, -1.496062992125984259 ) ) ;
#4599 = VECTOR ( 'NONE', #751, 39.37007874015748143 ) ;
#4600 = ORIENTED_EDGE ( 'NONE', *, *, #4071, .T. ) ;
#4601 = CARTESIAN_POINT ( 'NONE',  ( -0.5000000000000000000, -5.335640612625512173E-19, 0.1496062992125984370 ) ) ;
#4602 = LINE ( 'NONE', #1931, #2824 ) ;
#4603 = VERTEX_POINT ( 'NONE', #1467 ) ;
#4604 = ORIENTED_EDGE ( 'NONE', *, *, #973, .T. ) ;
#4605 = ORIENTED_EDGE ( 'NONE', *, *, #1945, .F. ) ;
#4606 = CARTESIAN_POINT ( 'NONE',  ( 0.4799742580254394153, -0.08830903723516123072, -1.496062992125984259 ) ) ;
#4607 = SURFACE_SIDE_STYLE ('',( #791 ) ) ;
#4608 = VERTEX_POINT ( 'NONE', #2268 ) ;
#4609 = ORIENTED_EDGE ( 'NONE', *, *, #2877, .F. ) ;
#4610 = CIRCLE ( 'NONE', #3491, 0.01181102362204724046 ) ;
#4611 = ADVANCED_FACE ( 'NONE', ( #3376 ), #4886, .F. ) ;
#4612 = CARTESIAN_POINT ( 'NONE',  ( 0.5278619018776495864, 0.08615817327910964274, 0.0000000000000000000 ) ) ;
#4613 = EDGE_CURVE ( 'NONE', #1058, #1807, #995, .T. ) ;
#4614 = DIRECTION ( 'NONE',  ( 0.0000000000000000000, 0.0000000000000000000, 1.000000000000000000 ) ) ;
#4615 = EDGE_CURVE ( 'NONE', #3524, #3599, #1074, .T. ) ;
#4616 = VECTOR ( 'NONE', #1559, 39.37007874015748143 ) ;
#4617 = AXIS2_PLACEMENT_3D ( 'NONE', #863, #2424, #3966 ) ;
#4618 = EDGE_LOOP ( 'NONE', ( #462, #2642, #3079, #2118 ) ) ;
#4619 = LINE ( 'NONE', #2685, #4079 ) ;
#4620 = LINE ( 'NONE', #1158, #1999 ) ;
#4621 = CARTESIAN_POINT ( 'NONE',  ( 0.2637795275590551491, -0.1318943936227267855, -1.496062992125984259 ) ) ;
#4622 = ADVANCED_FACE ( 'NONE', ( #5010 ), #3852, .F. ) ;
#4623 = VECTOR ( 'NONE', #1229, 39.37007874015748143 ) ;
#4624 = CARTESIAN_POINT ( 'NONE',  ( 0.5000000000000000000, 1.468368296594541258E-15, 0.0000000000000000000 ) ) ;
#4625 = LINE ( 'NONE', #4136, #2405 ) ;
#4626 = CIRCLE ( 'NONE', #2674, 0.01968503937007875723 ) ;
#4627 = ORIENTED_EDGE ( 'NONE', *, *, #2385, .T. ) ;
#4628 = LINE ( 'NONE', #2717, #624 ) ;
#4629 = VECTOR ( 'NONE', #4552, 39.37007874015748143 ) ;
#4630 = ORIENTED_EDGE ( 'NONE', *, *, #2967, .F. ) ;
#4631 = DIRECTION ( 'NONE',  ( 1.000000000000000000, 0.0000000000000000000, 0.0000000000000000000 ) ) ;
#4632 = CIRCLE ( 'NONE', #2923, 0.01181102362204724046 ) ;
#4633 = ORIENTED_EDGE ( 'NONE', *, *, #4723, .F. ) ;
#4634 = ORIENTED_EDGE ( 'NONE', *, *, #4373, .T. ) ;
#4635 = CARTESIAN_POINT ( 'NONE',  ( 0.6673228346456693272, 0.1118343365560181130, -1.496062992125984259 ) ) ;
#4636 = CYLINDRICAL_SURFACE ( 'NONE', #803, 0.09055118110236398676 ) ;
#4637 = CARTESIAN_POINT ( 'NONE',  ( 0.3405511811023622104, 0.2263779527559055260, -1.496062992125984259 ) ) ;
#4638 = ORIENTED_EDGE ( 'NONE', *, *, #1882, .F. ) ;
#4639 = ORIENTED_EDGE ( 'NONE', *, *, #2385, .F. ) ;
#4640 = LINE ( 'NONE', #438, #717 ) ;
#4641 =( NAMED_UNIT ( * ) SI_UNIT ( $, .STERADIAN. ) SOLID_ANGLE_UNIT ( ) );
#4642 = ORIENTED_EDGE ( 'NONE', *, *, #1476, .T. ) ;
#4643 = DIRECTION ( 'NONE',  ( -0.7660444431189666892, -0.6427876096865527966, 0.0000000000000000000 ) ) ;
#4644 = EDGE_CURVE ( 'NONE', #983, #2830, #3485, .T. ) ;
#4645 = FACE_OUTER_BOUND ( 'NONE', #2361, .T. ) ;
#4646 = DIRECTION ( 'NONE',  ( 1.000000000000000000, 0.0000000000000000000, 0.0000000000000000000 ) ) ;
#4647 = CARTESIAN_POINT ( 'NONE',  ( -0.4113517303212779752, -0.03937007874015747977, 0.0000000000000000000 ) ) ;
#4648 = EDGE_CURVE ( 'NONE', #121, #3581, #748, .T. ) ;
#4649 = VERTEX_POINT ( 'NONE', #2213 ) ;
#4650 = CARTESIAN_POINT ( 'NONE',  ( -0.4261811023622047445, -0.05608509196814338155, 0.0000000000000000000 ) ) ;
#4651 = CARTESIAN_POINT ( 'NONE',  ( 0.5000000000000000000, 1.468368296594541258E-15, 0.0000000000000000000 ) ) ;
#4652 = ORIENTED_EDGE ( 'NONE', *, *, #908, .F. ) ;
#4653 = PRESENTATION_STYLE_ASSIGNMENT (( #2747 ) ) ;
#4654 = VERTEX_POINT ( 'NONE', #4889 ) ;
#4655 = ORIENTED_EDGE ( 'NONE', *, *, #2662, .F. ) ;
#4656 = DIRECTION ( 'NONE',  ( 0.0000000000000000000, -1.000000000000000000, 0.0000000000000000000 ) ) ;
#4657 = CARTESIAN_POINT ( 'NONE',  ( -0.3799212598425197318, 0.1780276157922165425, -1.496062992125984259 ) ) ;
#4658 = DIRECTION ( 'NONE',  ( -1.000000000000000000, 0.0000000000000000000, 0.0000000000000000000 ) ) ;
#4659 = AXIS2_PLACEMENT_3D ( 'NONE', #2787, #2416, #2710 ) ;
#4660 = EDGE_LOOP ( 'NONE', ( #1980, #1233, #1334, #839 ) ) ;
#4661 = AXIS2_PLACEMENT_3D ( 'NONE', #3000, #3630, #282 ) ;
#4662 = CARTESIAN_POINT ( 'NONE',  ( 0.4143700787401574659, -0.05608509196814338155, -1.496062992125984259 ) ) ;
#4663 = CARTESIAN_POINT ( 'NONE',  ( -0.4113517303212779752, 0.05118110236220472370, -1.496062992125984259 ) ) ;
#4664 = VECTOR ( 'NONE', #1023, 39.37007874015748143 ) ;
#4665 = CARTESIAN_POINT ( 'NONE',  ( -0.4215803768226693005, 0.04527559055118110520, -1.496062992125984259 ) ) ;
#4666 = AXIS2_PLACEMENT_3D ( 'NONE', #1307, #1664, #3291 ) ;
#4667 = CARTESIAN_POINT ( 'NONE',  ( 0.0000000000000000000, 0.03937007874015747977, -0.9842519685039370358 ) ) ;
#4668 = AXIS2_PLACEMENT_3D ( 'NONE', #4444, #2543, #4871 ) ;
#4669 = LENGTH_MEASURE_WITH_UNIT ( LENGTH_MEASURE( 0.02539999999999999897 ), #4263 );
#4670 = LINE ( 'NONE', #1216, #1095 ) ;
#4671 = AXIS2_PLACEMENT_3D ( 'NONE', #4738, #398, #828 ) ;
#4672 = EDGE_CURVE ( 'NONE', #4826, #1479, #3805, .T. ) ;
#4673 = AXIS2_PLACEMENT_3D ( 'NONE', #2891, #4838, #1716 ) ;
#4674 = CARTESIAN_POINT ( 'NONE',  ( 0.5000000000000000000, 1.468368296594541258E-15, -0.3149606299212598381 ) ) ;
#4675 = CARTESIAN_POINT ( 'NONE',  ( -0.4242504542701393544, -0.04961373520258842429, -1.496062992125984259 ) ) ;
#4676 = EDGE_CURVE ( 'NONE', #4171, #2528, #1516, .T. ) ;
#4677 = ADVANCED_FACE ( 'NONE', ( #2272 ), #2297, .F. ) ;
#4678 = VECTOR ( 'NONE', #4835, 39.37007874015748143 ) ;
#4679 = ORIENTED_EDGE ( 'NONE', *, *, #817, .T. ) ;
#4680 = SURFACE_SIDE_STYLE ('',( #2672 ) ) ;
#4681 = ORIENTED_EDGE ( 'NONE', *, *, #1818, .F. ) ;
#4682 = EDGE_CURVE ( 'NONE', #2736, #2964, #344, .T. ) ;
#4683 = CARTESIAN_POINT ( 'NONE',  ( -0.4113517303212779752, 0.03937007874015747977, 0.0000000000000000000 ) ) ;
#4684 = VERTEX_POINT ( 'NONE', #4595 ) ;
#4685 = CARTESIAN_POINT ( 'NONE',  ( 0.6348951014050294717, -0.1223390747915281684, -1.496062992125984259 ) ) ;
#4686 = ORIENTED_EDGE ( 'NONE', *, *, #4373, .F. ) ;
#4687 = CARTESIAN_POINT ( 'NONE',  ( 0.4242504542701393544, -0.04961373520258826469, -1.496062992125984259 ) ) ;
#4688 = DIRECTION ( 'NONE',  ( 0.0000000000000000000, 0.0000000000000000000, 1.000000000000000000 ) ) ;
#4689 = EDGE_LOOP ( 'NONE', ( #1683, #663, #1273, #741 ) ) ;
#4690 = VECTOR ( 'NONE', #4346, 39.37007874015748143 ) ;
#4691 = LINE ( 'NONE', #1212, #760 ) ;
#4692 = FACE_OUTER_BOUND ( 'NONE', #106, .T. ) ;
#4693 = CARTESIAN_POINT ( 'NONE',  ( -0.5000000000000000000, -5.335640612625512173E-19, 0.1574803149606299191 ) ) ;
#4694 = AXIS2_PLACEMENT_3D ( 'NONE', #2396, #523, #498 ) ;
#4695 = CIRCLE ( 'NONE', #2670, 0.09055118110235926832 ) ;
#4696 = DIRECTION ( 'NONE',  ( 0.0000000000000000000, 0.0000000000000000000, 1.000000000000000000 ) ) ;
#4697 = CIRCLE ( 'NONE', #1538, 0.01181102362204696811 ) ;
#4698 = VERTEX_POINT ( 'NONE', #1469 ) ;
#4699 = FILL_AREA_STYLE_COLOUR ( '', #922 ) ;
#4700 = ORIENTED_EDGE ( 'NONE', *, *, #3743, .T. ) ;
#4701 = EDGE_CURVE ( 'NONE', #3424, #3476, #3861, .T. ) ;
#4702 = CARTESIAN_POINT ( 'NONE',  ( 0.5196850393700787052, 0.09739619588073188117, 0.0000000000000000000 ) ) ;
#4703 = ADVANCED_FACE ( 'NONE', ( #1794 ), #1416, .F. ) ;
#4704 = DIRECTION ( 'NONE',  ( 1.000000000000000000, 0.0000000000000000000, 0.0000000000000000000 ) ) ;
#4705 = FILL_AREA_STYLE ('',( #2355 ) ) ;
#4706 = EDGE_CURVE ( 'NONE', #18, #1439, #322, .T. ) ;
#4707 = ORIENTED_EDGE ( 'NONE', *, *, #1097, .T. ) ;
#4708 = DIRECTION ( 'NONE',  ( 1.000000000000000000, 0.0000000000000000000, 0.0000000000000000000 ) ) ;
#4709 = LENGTH_MEASURE_WITH_UNIT ( LENGTH_MEASURE( 0.02539999999999999897 ), #4311 );
#4710 = VERTEX_POINT ( 'NONE', #2660 ) ;
#4711 = CARTESIAN_POINT ( 'NONE',  ( 0.5433070866141755939, 1.473671885094785975E-15, 0.1574803149606299191 ) ) ;
#4712 = CARTESIAN_POINT ( 'NONE',  ( 0.5196850393700787052, 0.09739619588073188117, 0.0000000000000000000 ) ) ;
#4713 = SURFACE_SIDE_STYLE ('',( #4317 ) ) ;
#4714 =( LENGTH_UNIT ( ) NAMED_UNIT ( * ) SI_UNIT ( $, .METRE. ) );
#4715 = ORIENTED_EDGE ( 'NONE', *, *, #1940, .T. ) ;
#4716 = CYLINDRICAL_SURFACE ( 'NONE', #1871, 0.01181102362204724046 ) ;
#4717 = CARTESIAN_POINT ( 'NONE',  ( -0.2795275590551181133, -0.1200833700006795346, -1.496062992125984259 ) ) ;
#4718 = ORIENTED_EDGE ( 'NONE', *, *, #2692, .T. ) ;
#4719 = DIRECTION ( 'NONE',  ( 1.000000000000000000, 0.0000000000000000000, 0.0000000000000000000 ) ) ;
#4720 = VERTEX_POINT ( 'NONE', #4106 ) ;
#4721 = DIRECTION ( 'NONE',  ( 1.000000000000000000, 0.0000000000000000000, 0.0000000000000000000 ) ) ;
#4722 = CARTESIAN_POINT ( 'NONE',  ( 0.4261811023622047445, -0.05608509196814338155, 0.0000000000000000000 ) ) ;
#4723 = EDGE_CURVE ( 'NONE', #4354, #3661, #618, .T. ) ;
#4724 = ORIENTED_EDGE ( 'NONE', *, *, #3347, .T. ) ;
#4725 = VECTOR ( 'NONE', #3460, 39.37007874015748143 ) ;
#4726 = CARTESIAN_POINT ( 'NONE',  ( -0.5602822563229370445, 0.08272889778461713084, 0.0000000000000000000 ) ) ;
#4727 = ADVANCED_FACE ( 'NONE', ( #1076 ), #2636, .T. ) ;
#4728 = DIRECTION ( 'NONE',  ( 0.0000000000000000000, -1.000000000000000000, 0.0000000000000000000 ) ) ;
#4729 = AXIS2_PLACEMENT_3D ( 'NONE', #1287, #136, #519 ) ;
#4730 = EDGE_CURVE ( 'NONE', #2284, #1531, #2942, .T. ) ;
#4731 = VERTEX_POINT ( 'NONE', #2988 ) ;
#4732 = ORIENTED_EDGE ( 'NONE', *, *, #4945, .T. ) ;
#4733 = DIRECTION ( 'NONE',  ( 1.000000000000000000, 0.0000000000000000000, 0.0000000000000000000 ) ) ;
#4734 = CARTESIAN_POINT ( 'NONE',  ( -0.3405511811023622104, 0.2263779527559055260, 0.0000000000000000000 ) ) ;
#4735 = AXIS2_PLACEMENT_3D ( 'NONE', #2127, #3678, #88 ) ;
#4736 = MECHANICAL_DESIGN_GEOMETRIC_PRESENTATION_REPRESENTATION (  '', ( #1339 ), #3766 ) ;
#4737 = DIRECTION ( 'NONE',  ( 0.0000000000000000000, 0.0000000000000000000, 1.000000000000000000 ) ) ;
#4738 = CARTESIAN_POINT ( 'NONE',  ( 0.4773622047244094890, -0.09982760730931281024, -1.496062992125984259 ) ) ;
#4739 = ADVANCED_FACE ( 'NONE', ( #998 ), #2808, .T. ) ;
#4740 = VECTOR ( 'NONE', #3875, 39.37007874015748854 ) ;
#4741 = DIRECTION ( 'NONE',  ( 1.000000000000000000, 0.0000000000000000000, 0.0000000000000000000 ) ) ;
#4742 = CARTESIAN_POINT ( 'NONE',  ( 7.714310545810101211E-18, 0.03937007874015747977, -0.9212598425196850682 ) ) ;
#4743 = CIRCLE ( 'NONE', #2800, 0.01968503937007875723 ) ;
#4744 = FILL_AREA_STYLE ('',( #3985 ) ) ;
#4745 = AXIS2_PLACEMENT_3D ( 'NONE', #4960, #4566, #4515 ) ;
#4746 = EDGE_LOOP ( 'NONE', ( #2057, #2653, #824, #3007 ) ) ;
#4747 = DIRECTION ( 'NONE',  ( 0.0000000000000000000, 0.0000000000000000000, -1.000000000000000000 ) ) ;
#4748 = UNCERTAINTY_MEASURE_WITH_UNIT (LENGTH_MEASURE( 1.000000000000000082E-05 ), #3559, 'distance_accuracy_value', 'NONE');
#4749 = ORIENTED_EDGE ( 'NONE', *, *, #4113, .T. ) ;
#4750 = ORIENTED_EDGE ( 'NONE', *, *, #537, .T. ) ;
#4751 = CARTESIAN_POINT ( 'NONE',  ( 0.4132675480220180941, 0.05436453559011661385, -1.496062992125984259 ) ) ;
#4752 = CIRCLE ( 'NONE', #1431, 0.01181102362204724046 ) ;
#4753 = EDGE_LOOP ( 'NONE', ( #84, #4152, #2509, #2987 ) ) ;
#4754 = ORIENTED_EDGE ( 'NONE', *, *, #478, .T. ) ;
#4755 = EDGE_CURVE ( 'NONE', #413, #4112, #3471, .T. ) ;
#4756 = DIRECTION ( 'NONE',  ( 0.0000000000000000000, 0.0000000000000000000, -1.000000000000000000 ) ) ;
#4757 = DIRECTION ( 'NONE',  ( -1.000000000000000000, 0.0000000000000000000, 0.0000000000000000000 ) ) ;
#4758 = PRODUCT_DEFINITION_SHAPE ( 'NONE', 'NONE',  #4430 ) ;
#4759 = ORIENTED_EDGE ( 'NONE', *, *, #135, .F. ) ;
#4760 = FACE_OUTER_BOUND ( 'NONE', #1808, .T. ) ;
#4761 = ORIENTED_EDGE ( 'NONE', *, *, #261, .F. ) ;
#4762 = FACE_OUTER_BOUND ( 'NONE', #2586, .T. ) ;
#4763 = EDGE_CURVE ( 'NONE', #2893, #783, #2707, .T. ) ;
#4764 = ADVANCED_FACE ( 'NONE', ( #4261 ), #2369, .T. ) ;
#4765 = CYLINDRICAL_SURFACE ( 'NONE', #2319, 0.01181102362204730985 ) ;
#4766 = CARTESIAN_POINT ( 'NONE',  ( 0.4655511811023622104, -0.09982760730931281024, -1.496062992125984259 ) ) ;
#4767 = AXIS2_PLACEMENT_3D ( 'NONE', #782, #3519, #17 ) ;
#4768 = DIRECTION ( 'NONE',  ( 0.0000000000000000000, 0.0000000000000000000, -1.000000000000000000 ) ) ;
#4769 = ADVANCED_FACE ( 'NONE', ( #3065 ), #2686, .T. ) ;
#4770 = AXIS2_PLACEMENT_3D ( 'NONE', #4892, #2991, #2590 ) ;
#4771 = DIRECTION ( 'NONE',  ( 0.0000000000000000000, 0.0000000000000000000, 1.000000000000000000 ) ) ;
#4772 = LINE ( 'NONE', #1599, #1367 ) ;
#4773 = LINE ( 'NONE', #173, #27 ) ;
#4774 = AXIS2_PLACEMENT_3D ( 'NONE', #484, #3206, #4721 ) ;
#4775 = FACE_OUTER_BOUND ( 'NONE', #4984, .T. ) ;
#4776 = AXIS2_PLACEMENT_3D ( 'NONE', #2144, #4756, #3994 ) ;
#4777 = ORIENTED_EDGE ( 'NONE', *, *, #3933, .T. ) ;
#4778 = CARTESIAN_POINT ( 'NONE',  ( 0.3799212598425197318, 0.1780276157922165425, -1.496062992125984259 ) ) ;
#4779 = DIRECTION ( 'NONE',  ( -1.000000000000000000, 0.0000000000000000000, 0.0000000000000000000 ) ) ;
#4780 = ORIENTED_EDGE ( 'NONE', *, *, #1007, .T. ) ;
#4781 = CIRCLE ( 'NONE', #4937, 0.01181102362204724046 ) ;
#4782 = ORIENTED_EDGE ( 'NONE', *, *, #3711, .F. ) ;
#4783 = AXIS2_PLACEMENT_3D ( 'NONE', #4526, #3416, #4139 ) ;
#4784 = ORIENTED_EDGE ( 'NONE', *, *, #851, .F. ) ;
#4785 = CARTESIAN_POINT ( 'NONE',  ( -0.4143700787401574659, -0.05608509196814338155, -1.496062992125984259 ) ) ;
#4786 = CARTESIAN_POINT ( 'NONE',  ( -0.2047244094488188948, 0.2263779527559055260, 0.0000000000000000000 ) ) ;
#4787 = AXIS2_PLACEMENT_3D ( 'NONE', #3683, #474, #573 ) ;
#4788 = ORIENTED_EDGE ( 'NONE', *, *, #260, .T. ) ;
#4789 = CARTESIAN_POINT ( 'NONE',  ( -0.5497918511573290923, 0.01184385061273604371, -1.496062992125984259 ) ) ;
#4790 = ORIENTED_EDGE ( 'NONE', *, *, #4827, .F. ) ;
#4791 = DIRECTION ( 'NONE',  ( 0.0000000000000000000, 0.0000000000000000000, 1.000000000000000000 ) ) ;
#4792 = CARTESIAN_POINT ( 'NONE',  ( -0.3799212598425197318, 0.2263779527559055260, -1.496062992125984259 ) ) ;
#4793 = DIRECTION ( 'NONE',  ( 0.0000000000000000000, 0.0000000000000000000, -1.000000000000000000 ) ) ;
#4794 = EDGE_CURVE ( 'NONE', #18, #463, #1269, .T. ) ;
#4795 = DIRECTION ( 'NONE',  ( 0.0000000000000000000, 0.0000000000000000000, 1.000000000000000000 ) ) ;
#4796 = PLANE ( 'NONE',  #1979 ) ;
#4797 = DIRECTION ( 'NONE',  ( 1.000000000000000000, 0.0000000000000000000, 0.0000000000000000000 ) ) ;
#4798 = EDGE_CURVE ( 'NONE', #377, #267, #395, .T. ) ;
#4799 = ORIENTED_EDGE ( 'NONE', *, *, #1356, .T. ) ;
#4800 = DIRECTION ( 'NONE',  ( 1.412527898055806035E-15, 1.000000000000000000, 0.0000000000000000000 ) ) ;
#4801 = CARTESIAN_POINT ( 'NONE',  ( -0.4659620488510621827, 0.08391027517899704580, -1.496062992125984259 ) ) ;
#4802 = CARTESIAN_POINT ( 'NONE',  ( 0.3602362204724409711, 0.2263779527559055260, -1.496062992125984259 ) ) ;
#4803 = ORIENTED_EDGE ( 'NONE', *, *, #507, .T. ) ;
#4804 = ORIENTED_EDGE ( 'NONE', *, *, #1811, .F. ) ;
#4805 = EDGE_LOOP ( 'NONE', ( #2178, #2732, #3179, #1800 ) ) ;
#4806 = CARTESIAN_POINT ( 'NONE',  ( 0.5497918511573307576, 0.01184385061273616341, -0.3149606299212598381 ) ) ;
#4807 = DIRECTION ( 'NONE',  ( 1.000000000000000000, 0.0000000000000000000, 0.0000000000000000000 ) ) ;
#4808 = ORIENTED_EDGE ( 'NONE', *, *, #1719, .F. ) ;
#4809 = ORIENTED_EDGE ( 'NONE', *, *, #2813, .F. ) ;
#4810 = CARTESIAN_POINT ( 'NONE',  ( 0.6397637795275591399, 0.1318943936227281455, -1.496062992125984259 ) ) ;
#4811 = DIRECTION ( 'NONE',  ( 1.000000000000000000, 0.0000000000000000000, 0.0000000000000000000 ) ) ;
#4812 =( NAMED_UNIT ( * ) PLANE_ANGLE_UNIT ( ) SI_UNIT ( $, .RADIAN. ) );
#4813 = ORIENTED_EDGE ( 'NONE', *, *, #2167, .F. ) ;
#4814 = LINE ( 'NONE', #1270, #3422 ) ;
#4815 =( NAMED_UNIT ( * ) PLANE_ANGLE_UNIT ( ) SI_UNIT ( $, .RADIAN. ) );
#4816 = DIRECTION ( 'NONE',  ( 0.0000000000000000000, 0.0000000000000000000, 1.000000000000000000 ) ) ;
#4817 = LINE ( 'NONE', #4843, #3937 ) ;
#4818 = EDGE_CURVE ( 'NONE', #184, #237, #4620, .T. ) ;
#4819 = VECTOR ( 'NONE', #4285, 39.37007874015748143 ) ;
#4820 = ORIENTED_EDGE ( 'NONE', *, *, #4613, .T. ) ;
#4821 = STYLED_ITEM ( 'NONE', ( #3 ), #3834 ) ;
#4822 = DIRECTION ( 'NONE',  ( -1.000000000000000000, 0.0000000000000000000, 0.0000000000000000000 ) ) ;
#4823 = LINE ( 'NONE', #3285, #3970 ) ;
#4824 = ADVANCED_FACE ( 'NONE', ( #2786 ), #1971, .T. ) ;
#4825 = VECTOR ( 'NONE', #2544, 39.37007874015748143 ) ;
#4826 = VERTEX_POINT ( 'NONE', #826 ) ;
#4827 = EDGE_CURVE ( 'NONE', #1837, #2830, #1135, .T. ) ;
#4828 = VERTEX_POINT ( 'NONE', #4712 ) ;
#4829 = AXIS2_PLACEMENT_3D ( 'NONE', #341, #3458, #3775 ) ;
#4830 = DIRECTION ( 'NONE',  ( 1.000000000000000000, 0.0000000000000000000, 0.0000000000000000000 ) ) ;
#4831 = DIRECTION ( 'NONE',  ( 0.0000000000000000000, 0.0000000000000000000, -1.000000000000000000 ) ) ;
#4832 = VECTOR ( 'NONE', #1523, 39.37007874015748143 ) ;
#4833 = ORIENTED_EDGE ( 'NONE', *, *, #4524, .T. ) ;
#4834 = ORIENTED_EDGE ( 'NONE', *, *, #2164, .T. ) ;
#4835 = DIRECTION ( 'NONE',  ( 0.0000000000000000000, 0.0000000000000000000, 1.000000000000000000 ) ) ;
#4836 = CARTESIAN_POINT ( 'NONE',  ( -0.2244094488188976555, -0.08071329126052262382, -1.496062992125984259 ) ) ;
#4837 = FACE_OUTER_BOUND ( 'NONE', #866, .T. ) ;
#4838 = DIRECTION ( 'NONE',  ( 1.000000000000000000, -4.010514564478714727E-16, 0.0000000000000000000 ) ) ;
#4839 = EDGE_LOOP ( 'NONE', ( #3552, #1275, #4627, #3797 ) ) ;
#4840 = DIRECTION ( 'NONE',  ( 1.084202172485504040E-15, -1.000000000000000000, 0.0000000000000000000 ) ) ;
#4841 = CARTESIAN_POINT ( 'NONE',  ( -0.5000000000000000000, -5.335640612625512173E-19, 0.0000000000000000000 ) ) ;
#4842 = CARTESIAN_POINT ( 'NONE',  ( -0.5196850393700787052, 0.2263779527559055260, 0.0000000000000000000 ) ) ;
#4843 = CARTESIAN_POINT ( 'NONE',  ( 0.4566929133858244061, 1.468368296594541258E-15, 0.1574803149606299191 ) ) ;
#4844 = ORIENTED_EDGE ( 'NONE', *, *, #1033, .F. ) ;
#4845 = CIRCLE ( 'NONE', #3315, 0.09055118110236083651 ) ;
#4846 = CARTESIAN_POINT ( 'NONE',  ( 7.714310545810101211E-18, 0.05905511811023622659, -0.7204724409448819422 ) ) ;
#4847 = CARTESIAN_POINT ( 'NONE',  ( -0.2913385826771653919, -0.05118110236220244080, -1.496062992125984259 ) ) ;
#4848 = FACE_OUTER_BOUND ( 'NONE', #1760, .T. ) ;
#4849 = VECTOR ( 'NONE', #2254, 39.37007874015748143 ) ;
#4850 = ADVANCED_FACE ( 'NONE', ( #5012 ), #2738, .T. ) ;
#4851 = ADVANCED_FACE ( 'NONE', ( #39 ), #3926, .T. ) ;
#4852 = VERTEX_POINT ( 'NONE', #444 ) ;
#4853 = CIRCLE ( 'NONE', #2754, 0.01181102362204730985 ) ;
#4854 = ORIENTED_EDGE ( 'NONE', *, *, #1910, .T. ) ;
#4855 = CARTESIAN_POINT ( 'NONE',  ( 0.3602362204724409711, 0.2263779527559055260, 0.0000000000000000000 ) ) ;
#4856 = DIRECTION ( 'NONE',  ( 0.0000000000000000000, 0.0000000000000000000, 1.000000000000000000 ) ) ;
#4857 = EDGE_CURVE ( 'NONE', #3878, #2328, #4271, .T. ) ;
#4858 =( GEOMETRIC_REPRESENTATION_CONTEXT ( 3 ) GLOBAL_UNCERTAINTY_ASSIGNED_CONTEXT ( ( #832 ) ) GLOBAL_UNIT_ASSIGNED_CONTEXT ( ( #152, #2116, #2474 ) ) REPRESENTATION_CONTEXT ( 'NONE', 'WORKASPACE' ) );
#4859 = ORIENTED_EDGE ( 'NONE', *, *, #35, .F. ) ;
#4860 = ORIENTED_EDGE ( 'NONE', *, *, #1222, .F. ) ;
#4861 =( NAMED_UNIT ( * ) SI_UNIT ( $, .STERADIAN. ) SOLID_ANGLE_UNIT ( ) );
#4862 = LINE ( 'NONE', #4440, #1942 ) ;
#4863 = AXIS2_PLACEMENT_3D ( 'NONE', #711, #2974, #4923 ) ;
#4864 = CARTESIAN_POINT ( 'NONE',  ( 0.4113517303212779752, -0.03937007874015747977, -1.496062992125984259 ) ) ;
#4865 = DIRECTION ( 'NONE',  ( -1.192492468937322049E-15, -1.000000000000000000, 0.0000000000000000000 ) ) ;
#4866 = ORIENTED_EDGE ( 'NONE', *, *, #1133, .F. ) ;
#4867 = LINE ( 'NONE', #1414, #2244 ) ;
#4868 = DIRECTION ( 'NONE',  ( -0.7660444431189750158, 0.6427876096865430267, 0.0000000000000000000 ) ) ;
#4869 = CARTESIAN_POINT ( 'NONE',  ( 0.4132675480220180941, 0.05436453559011661385, -1.496062992125984259 ) ) ;
#4870 = DIRECTION ( 'NONE',  ( 0.0000000000000000000, 0.0000000000000000000, 1.000000000000000000 ) ) ;
#4871 = DIRECTION ( 'NONE',  ( -1.000000000000000000, 0.0000000000000000000, 0.0000000000000000000 ) ) ;
#4872 = CARTESIAN_POINT ( 'NONE',  ( 0.5196850393700787052, 0.09739619588073188117, -1.496062992125984259 ) ) ;
#4873 = ORIENTED_EDGE ( 'NONE', *, *, #4918, .F. ) ;
#4874 = DIRECTION ( 'NONE',  ( 1.000000000000000000, 0.0000000000000000000, 0.0000000000000000000 ) ) ;
#4875 = DIRECTION ( 'NONE',  ( 0.0000000000000000000, 0.0000000000000000000, 1.000000000000000000 ) ) ;
#4876 = ORIENTED_EDGE ( 'NONE', *, *, #4237, .T. ) ;
#4877 = PLANE ( 'NONE',  #2553 ) ;
#4878 = ORIENTED_EDGE ( 'NONE', *, *, #1693, .T. ) ;
#4879 = DIRECTION ( 'NONE',  ( 0.0000000000000000000, 0.0000000000000000000, 1.000000000000000000 ) ) ;
#4880 = CARTESIAN_POINT ( 'NONE',  ( -0.2401574803149606474, -0.03937007874015523851, 0.0000000000000000000 ) ) ;
#4881 = ADVANCED_FACE ( 'NONE', ( #3513 ), #61, .F. ) ;
#4882 = ORIENTED_EDGE ( 'NONE', *, *, #3868, .F. ) ;
#4883 = ORIENTED_EDGE ( 'NONE', *, *, #2527, .F. ) ;
#4884 = PRODUCT_RELATED_PRODUCT_CATEGORY ( 'part', '', ( #4277 ) ) ;
#4885 = CARTESIAN_POINT ( 'NONE',  ( 0.4232751386348622136, 0.04809170456048779407, 0.0000000000000000000 ) ) ;
#4886 = CYLINDRICAL_SURFACE ( 'NONE', #3299, 0.01181102362204724046 ) ;
#4887 = ADVANCED_FACE ( 'NONE', ( #4692 ), #802, .F. ) ;
#4888 = ORIENTED_EDGE ( 'NONE', *, *, #792, .T. ) ;
#4889 = CARTESIAN_POINT ( 'NONE',  ( -0.4215803768226693005, 0.04527559055118110520, -1.496062992125984259 ) ) ;
#4890 = EDGE_CURVE ( 'NONE', #342, #2500, #4752, .T. ) ;
#4891 = DIRECTION ( 'NONE',  ( 0.0000000000000000000, 1.000000000000000000, 0.0000000000000000000 ) ) ;
#4892 = CARTESIAN_POINT ( 'NONE',  ( 0.5602822563229370445, 0.08272889778461732513, -1.496062992125984259 ) ) ;
#4893 = CARTESIAN_POINT ( 'NONE',  ( 0.4803149606299212948, 0.2263779527559055260, -1.496062992125984259 ) ) ;
#4894 = DIRECTION ( 'NONE',  ( -1.000000000000000000, 0.0000000000000000000, 0.0000000000000000000 ) ) ;
#4895 = CIRCLE ( 'NONE', #1900, 0.06299212598425199539 ) ;
#4896 = CIRCLE ( 'NONE', #681, 0.01968503937007875723 ) ;
#4897 = VECTOR ( 'NONE', #1841, 39.37007874015748143 ) ;
#4898 = ORIENTED_EDGE ( 'NONE', *, *, #2001, .T. ) ;
#4899 = CIRCLE ( 'NONE', #926, 0.09055118110236576312 ) ;
#4900 = DIRECTION ( 'NONE',  ( 0.5877852522924791323, 0.8090169943749431214, 0.0000000000000000000 ) ) ;
#4901 = ORIENTED_EDGE ( 'NONE', *, *, #2882, .F. ) ;
#4902 = ORIENTED_EDGE ( 'NONE', *, *, #1818, .T. ) ;
#4903 = CARTESIAN_POINT ( 'NONE',  ( -0.6791338582677166613, 0.1118343365560173358, -1.496062992125984259 ) ) ;
#4904 = FACE_OUTER_BOUND ( 'NONE', #3003, .T. ) ;
#4905 = VECTOR ( 'NONE', #3832, 39.37007874015748143 ) ;
#4906 = VERTEX_POINT ( 'NONE', #2044 ) ;
#4907 = EDGE_CURVE ( 'NONE', #2916, #3317, #134, .T. ) ;
#4908 = ORIENTED_EDGE ( 'NONE', *, *, #3928, .F. ) ;
#4909 = ORIENTED_EDGE ( 'NONE', *, *, #3955, .F. ) ;
#4910 =( LENGTH_UNIT ( ) NAMED_UNIT ( * ) SI_UNIT ( $, .METRE. ) );
#4911 = DIMENSIONAL_EXPONENTS ( 1.000000000000000000, 0.0000000000000000000, 0.0000000000000000000, 0.0000000000000000000, 0.0000000000000000000, 0.0000000000000000000, 0.0000000000000000000 ) ;
#4912 = DIRECTION ( 'NONE',  ( 0.0000000000000000000, 0.0000000000000000000, 1.000000000000000000 ) ) ;
#4913 = DIRECTION ( 'NONE',  ( 1.000000000000000000, 0.0000000000000000000, 0.0000000000000000000 ) ) ;
#4914 = AXIS2_PLACEMENT_3D ( 'NONE', #3951, #3461, #3558 ) ;
#4915 = ORIENTED_EDGE ( 'NONE', *, *, #2325, .F. ) ;
#4916 = FILL_AREA_STYLE ('',( #1442 ) ) ;
#4917 = EDGE_CURVE ( 'NONE', #4033, #4193, #1713, .T. ) ;
#4918 = EDGE_CURVE ( 'NONE', #898, #3192, #859, .T. ) ;
#4919 = FACE_OUTER_BOUND ( 'NONE', #3708, .T. ) ;
#4920 = CARTESIAN_POINT ( 'NONE',  ( 0.4250785716440653172, 0.05436453559011661385, -1.496062992125984259 ) ) ;
#4921 = DIRECTION ( 'NONE',  ( 1.000000000000000000, 0.0000000000000000000, 0.0000000000000000000 ) ) ;
#4922 = ADVANCED_FACE ( 'NONE', ( #494, #3220, #4461, #4762 ), #2436, .T. ) ;
#4923 = DIRECTION ( 'NONE',  ( 1.000000000000000000, 0.0000000000000000000, 0.0000000000000000000 ) ) ;
#4924 = CYLINDRICAL_SURFACE ( 'NONE', #145, 0.05118110236220468900 ) ;
#4925 = CARTESIAN_POINT ( 'NONE',  ( -0.5497918511573290923, 0.01184385061273604371, -1.496062992125984259 ) ) ;
#4926 = ORIENTED_EDGE ( 'NONE', *, *, #2359, .T. ) ;
#4927 = ORIENTED_EDGE ( 'NONE', *, *, #3056, .F. ) ;
#4928 = LINE ( 'NONE', #3314, #3721 ) ;
#4929 = FILL_AREA_STYLE ('',( #2699 ) ) ;
#4930 = DIRECTION ( 'NONE',  ( 1.000000000000000000, 0.0000000000000000000, 0.0000000000000000000 ) ) ;
#4931 = CIRCLE ( 'NONE', #2188, 0.01181102362204724046 ) ;
#4932 = ORIENTED_EDGE ( 'NONE', *, *, #418, .F. ) ;
#4933 = ORIENTED_EDGE ( 'NONE', *, *, #3565, .T. ) ;
#4934 = DIRECTION ( 'NONE',  ( 1.000000000000000000, 1.192492468937322049E-15, 0.0000000000000000000 ) ) ;
#4935 = LINE ( 'NONE', #1872, #439 ) ;
#4936 = LINE ( 'NONE', #3725, #46 ) ;
#4937 = AXIS2_PLACEMENT_3D ( 'NONE', #2583, #3371, #2936 ) ;
#4938 = ORIENTED_EDGE ( 'NONE', *, *, #2902, .T. ) ;
#4939 = DIRECTION ( 'NONE',  ( -1.000000000000000000, 0.0000000000000000000, 0.0000000000000000000 ) ) ;
#4940 = AXIS2_PLACEMENT_3D ( 'NONE', #3469, #2770, #401 ) ;
#4941 = DIRECTION ( 'NONE',  ( -1.000000000000000000, 0.0000000000000000000, 0.0000000000000000000 ) ) ;
#4942 = CARTESIAN_POINT ( 'NONE',  ( 0.0000000000000000000, 0.03937007874015747977, -1.047244094488189115 ) ) ;
#4943 = VECTOR ( 'NONE', #4493, 39.37007874015748143 ) ;
#4944 = EDGE_CURVE ( 'NONE', #1531, #1963, #937, .T. ) ;
#4945 = EDGE_CURVE ( 'NONE', #185, #3355, #4353, .T. ) ;
#4946 = DIRECTION ( 'NONE',  ( 0.8090169943749430104, -0.5877852522924790213, 0.0000000000000000000 ) ) ;
#4947 = DIRECTION ( 'NONE',  ( 1.000000000000000000, 0.0000000000000000000, 0.0000000000000000000 ) ) ;
#4948 = LINE ( 'NONE', #4789, #199 ) ;
#4949 = UNCERTAINTY_MEASURE_WITH_UNIT (LENGTH_MEASURE( 1.000000000000000082E-05 ), #4157, 'distance_accuracy_value', 'NONE');
#4950 = VERTEX_POINT ( 'NONE', #3999 ) ;
#4951 = ORIENTED_EDGE ( 'NONE', *, *, #2449, .T. ) ;
#4952 = DIRECTION ( 'NONE',  ( 0.0000000000000000000, 0.0000000000000000000, 1.000000000000000000 ) ) ;
#4953 = DIRECTION ( 'NONE',  ( 1.000000000000000000, 0.0000000000000000000, 0.0000000000000000000 ) ) ;
#4954 = DIRECTION ( 'NONE',  ( 0.0000000000000000000, 0.0000000000000000000, 1.000000000000000000 ) ) ;
#4955 = VERTEX_POINT ( 'NONE', #4049 ) ;
#4956 = ORIENTED_EDGE ( 'NONE', *, *, #1441, .F. ) ;
#4957 = CYLINDRICAL_SURFACE ( 'NONE', #1434, 0.01181102362204724046 ) ;
#4958 = CARTESIAN_POINT ( 'NONE',  ( -0.4223153170352353936, 0.06195651523208228761, -1.496062992125984259 ) ) ;
#4959 = CYLINDRICAL_SURFACE ( 'NONE', #4500, 0.01181102362204724046 ) ;
#4960 = CARTESIAN_POINT ( 'NONE',  ( -0.6348951014050294717, 0.1223390747915281684, -1.496062992125984259 ) ) ;
#4961 = ORIENTED_EDGE ( 'NONE', *, *, #4682, .T. ) ;
#4962 = DIRECTION ( 'NONE',  ( 0.0000000000000000000, -1.000000000000000000, 0.0000000000000000000 ) ) ;
#4963 = DIRECTION ( 'NONE',  ( 0.0000000000000000000, 0.0000000000000000000, 1.000000000000000000 ) ) ;
#4964 = CARTESIAN_POINT ( 'NONE',  ( 0.5497918511573307576, 0.01184385061273637851, -0.3149606299212598381 ) ) ;
#4965 = PLANE ( 'NONE',  #4265 ) ;
#4966 = ORIENTED_EDGE ( 'NONE', *, *, #2062, .F. ) ;
#4967 = DIRECTION ( 'NONE',  ( 0.0000000000000000000, 0.0000000000000000000, 1.000000000000000000 ) ) ;
#4968 = CARTESIAN_POINT ( 'NONE',  ( -0.2913385826771653919, -0.05118110236220244080, 0.0000000000000000000 ) ) ;
#4969 = VECTOR ( 'NONE', #2445, 39.37007874015748143 ) ;
#4970 = ORIENTED_EDGE ( 'NONE', *, *, #1693, .F. ) ;
#4971 = EDGE_CURVE ( 'NONE', #4698, #1834, #295, .T. ) ;
#4972 = DIRECTION ( 'NONE',  ( -1.000000000000000000, 0.0000000000000000000, 0.0000000000000000000 ) ) ;
#4973 = ORIENTED_EDGE ( 'NONE', *, *, #3442, .F. ) ;
#4974 = VECTOR ( 'NONE', #3375, 39.37007874015748854 ) ;
#4975 = AXIS2_PLACEMENT_3D ( 'NONE', #37, #1593, #3147 ) ;
#4976 = EDGE_CURVE ( 'NONE', #3522, #4828, #3143, .T. ) ;
#4977 = EDGE_CURVE ( 'NONE', #909, #2182, #2487, .T. ) ;
#4978 = EDGE_LOOP ( 'NONE', ( #3112, #2177, #3820, #1933 ) ) ;
#4979 = LINE ( 'NONE', #2777, #1692 ) ;
#4980 = DIRECTION ( 'NONE',  ( 0.0000000000000000000, 0.0000000000000000000, 1.000000000000000000 ) ) ;
#4981 = VECTOR ( 'NONE', #1866, 39.37007874015748143 ) ;
#4982 = AXIS2_PLACEMENT_3D ( 'NONE', #161, #1711, #1801 ) ;
#4983 = ADVANCED_FACE ( 'NONE', ( #2839 ), #2165, .T. ) ;
#4984 = EDGE_LOOP ( 'NONE', ( #2435, #4859, #3601, #4558 ) ) ;
#4985 = CIRCLE ( 'NONE', #3043, 0.09055118110236889950 ) ;
#4986 = FACE_OUTER_BOUND ( 'NONE', #4245, .T. ) ;
#4987 = CARTESIAN_POINT ( 'NONE',  ( -0.6397637795275591399, -0.2263779527559055260, -1.496062992125984259 ) ) ;
#4988 = VECTOR ( 'NONE', #3011, 39.37007874015748143 ) ;
#4989 = CARTESIAN_POINT ( 'NONE',  ( 0.4615223160925054913, 0.09485509368060747459, -1.496062992125984259 ) ) ;
#4990 = CARTESIAN_POINT ( 'NONE',  ( 0.5196850393700787052, 0.2263779527559055260, -1.496062992125984259 ) ) ;
#4991 = DIRECTION ( 'NONE',  ( -1.000000000000000000, 0.0000000000000000000, 0.0000000000000000000 ) ) ;
#4992 = DIRECTION ( 'NONE',  ( 1.000000000000000000, 0.0000000000000000000, 0.0000000000000000000 ) ) ;
#4993 = ORIENTED_EDGE ( 'NONE', *, *, #4146, .T. ) ;
#4994 = DIRECTION ( 'NONE',  ( 0.0000000000000000000, 0.0000000000000000000, 1.000000000000000000 ) ) ;
#4995 = EDGE_LOOP ( 'NONE', ( #1848, #2746 ) ) ;
#4996 = ORIENTED_EDGE ( 'NONE', *, *, #3619, .T. ) ;
#4997 = ORIENTED_EDGE ( 'NONE', *, *, #3435, .T. ) ;
#4998 = CYLINDRICAL_SURFACE ( 'NONE', #228, 0.09055118110236001772 ) ;
#4999 = DIRECTION ( 'NONE',  ( 0.8090169943749386805, 0.5877852522924849055, 0.0000000000000000000 ) ) ;
#5000 = EDGE_CURVE ( 'NONE', #4852, #3332, #373, .T. ) ;
#5001 = ADVANCED_FACE ( 'NONE', ( #1047 ), #4957, .F. ) ;
#5002 = EDGE_LOOP ( 'NONE', ( #2381, #4276, #2780, #3420 ) ) ;
#5003 = ORIENTED_EDGE ( 'NONE', *, *, #3408, .F. ) ;
#5004 = DIMENSIONAL_EXPONENTS ( 1.000000000000000000, 0.0000000000000000000, 0.0000000000000000000, 0.0000000000000000000, 0.0000000000000000000, 0.0000000000000000000, 0.0000000000000000000 ) ;
#5005 = AXIS2_PLACEMENT_3D ( 'NONE', #1234, #3086, #773 ) ;
#5006 = ORIENTED_EDGE ( 'NONE', *, *, #1236, .F. ) ;
#5007 = CYLINDRICAL_SURFACE ( 'NONE', #3956, 0.01181102362204724046 ) ;
#5008 = EDGE_CURVE ( 'NONE', #2874, #3888, #2003, .T. ) ;
#5009 = DIRECTION ( 'NONE',  ( -1.000000000000000000, 0.0000000000000000000, 0.0000000000000000000 ) ) ;
#5010 = FACE_OUTER_BOUND ( 'NONE', #2136, .T. ) ;
#5011 = VECTOR ( 'NONE', #2551, 39.37007874015748143 ) ;
#5012 = FACE_OUTER_BOUND ( 'NONE', #3792, .T. ) ;
#5013 = AXIS2_PLACEMENT_3D ( 'NONE', #4477, #982, #4064 ) ;
#5014 = DIRECTION ( 'NONE',  ( 0.0000000000000000000, 0.0000000000000000000, 1.000000000000000000 ) ) ;
#5015 = SURFACE_STYLE_FILL_AREA ( #3857 ) ;
#5016 = CIRCLE ( 'NONE', #2596, 0.01968503937007875723 ) ;
#5017 = ORIENTED_EDGE ( 'NONE', *, *, #1510, .F. ) ;
#5018 = CARTESIAN_POINT ( 'NONE',  ( 0.3031496062992126150, -0.03937007874015523851, -1.496062992125984259 ) ) ;
#5019 = AXIS2_PLACEMENT_3D ( 'NONE', #4107, #3352, #4133 ) ;
#5020 = ORIENTED_EDGE ( 'NONE', *, *, #4917, .T. ) ;
#5021 = LENGTH_MEASURE_WITH_UNIT ( LENGTH_MEASURE( 0.02539999999999999897 ), #4197 );
#5022 = ORIENTED_EDGE ( 'NONE', *, *, #2721, .F. ) ;
#5023 = ORIENTED_EDGE ( 'NONE', *, *, #2907, .T. ) ;
ENDSEC;
END-ISO-10303-21;
