ISO-10303-21;
HEADER;
/*Generated by software containing ST-Developer
 * from STEP Tools, Inc. (www.steptools.com) 
 */
/*OPTION: using custom renumber hook */
/*description */
/*implementation_level */
FILE_DESCRIPTION(('STEP AP242 Edition 2','STEP AP242 Edition 2''CAx-IF Rec.Pracs.---Representation and Presentation of Product Manufa
cturing Information (PMI)---4.0---2014-10-13','STEP AP242 Edition 2''CAx-IF Rec.Pracs.---Representation and Presentation of Product Manufa
cturing Information (PMI)---4.0---2014-10-13''CAx-IF Rec.Pracs.---3D Tessellated Geometry---0.4---2014-09-14','STEP AP242 Edition 2''CAx-IF Rec.Pracs.---Representation and Presentation of Product Manufa
cturing Information (PMI)---4.0---2014-10-13''CAx-IF Rec.Pracs.---3D Tessellated Geometry---0.4---2014-09-14''2;1','STEP AP242 Edition 2''CAx-IF Rec.Pracs.---Representation and Presentation of Product Manufa
cturing Information (PMI)---4.0---2014-10-13''CAx-IF Rec.Pracs.---3D Tessellated Geometry---0.4---2014-09-14''2;1''CAx-IF Rec.Pracs.---User Defined Attributes---1.5---2016-08-15'),'2;1');
/*name */
/*time_stamp */
/*author */
/*organization */
/*preprocessor_version */
/*originating_system */
/*authorisation */
FILE_NAME('/vol/tmp/translate-7881579579022224383/Part Studio 1.step','2026-03-21T08:48:53',(''),(''),'ST-DEVELOPER v20','ONSHAPE BY PTC INC, 1.212','  ');
FILE_SCHEMA(('AP242_MANAGED_MODEL_BASED_3D_ENGINEERING_MIM_LF { 1 0 10303 442 3 1 4 }'));
ENDSEC;
DATA;
#10=B_SPLINE_SURFACE_WITH_KNOTS('',3,1,((#8695,#8696),(#8697,#8698),(#8699,
#8700),(#8701,#8702)),.SURF_OF_LINEAR_EXTRUSION.,.F.,.F.,.F.,(4,4),(2,2),(0.,1.),(0.,1.),.PIECEWISE_BEZIER_KNOTS.);
#11=B_SPLINE_SURFACE_WITH_KNOTS('',3,1,((#8728,#8729),(#8730,#8731),(#8732,
#8733),(#8734,#8735)),.SURF_OF_LINEAR_EXTRUSION.,.F.,.F.,.F.,(4,4),(2,2),(0.,1.),(0.,1.),.PIECEWISE_BEZIER_KNOTS.);
#12=B_SPLINE_SURFACE_WITH_KNOTS('',3,1,((#8741,#8742),(#8743,#8744),(#8745,
#8746),(#8747,#8748)),.SURF_OF_LINEAR_EXTRUSION.,.F.,.F.,.F.,(4,4),(2,2),(0.,1.),(0.,1.),.PIECEWISE_BEZIER_KNOTS.);
#13=B_SPLINE_SURFACE_WITH_KNOTS('',3,1,((#8798,#8799),(#8800,#8801),(#8802,
#8803),(#8804,#8805)),.SURF_OF_LINEAR_EXTRUSION.,.F.,.F.,.F.,(4,4),(2,2),(0.,1.),(0.,1.),.PIECEWISE_BEZIER_KNOTS.);
#14=B_SPLINE_SURFACE_WITH_KNOTS('',3,1,((#9596,#9597),(#9598,#9599),(#9600,
#9601),(#9602,#9603)),.SURF_OF_LINEAR_EXTRUSION.,.F.,.F.,.F.,(4,4),(2,2),(0.,1.),(0.,1.),.PIECEWISE_BEZIER_KNOTS.);
#15=B_SPLINE_SURFACE_WITH_KNOTS('',3,1,((#9615,#9616),(#9617,#9618),(#9619,
#9620),(#9621,#9622)),.SURF_OF_LINEAR_EXTRUSION.,.F.,.F.,.F.,(4,4),(2,2),(0.,1.),(0.,1.),.PIECEWISE_BEZIER_KNOTS.);
#16=B_SPLINE_SURFACE_WITH_KNOTS('',3,1,((#9624,#9625),(#9626,#9627),(#9628,
#9629),(#9630,#9631)),.SURF_OF_LINEAR_EXTRUSION.,.F.,.F.,.F.,(4,4),(2,2),(0.,1.),(0.,1.),.PIECEWISE_BEZIER_KNOTS.);
#17=B_SPLINE_SURFACE_WITH_KNOTS('',3,1,((#9655,#9656),(#9657,#9658),(#9659,
#9660),(#9661,#9662)),.SURF_OF_LINEAR_EXTRUSION.,.F.,.F.,.F.,(4,4),(2,2),(0.,1.),(0.,1.),.PIECEWISE_BEZIER_KNOTS.);
#18=CYLINDRICAL_SURFACE('',#5808,0.0016056100358224);
#19=CYLINDRICAL_SURFACE('',#5810,0.000370780047331905);
#20=CYLINDRICAL_SURFACE('',#5812,0.000229224666595859);
#21=CYLINDRICAL_SURFACE('',#5814,0.000199349419046168);
#22=CYLINDRICAL_SURFACE('',#5816,0.00021075672878603);
#23=CYLINDRICAL_SURFACE('',#5818,0.000242507319742592);
#24=CYLINDRICAL_SURFACE('',#5820,0.000251263025100467);
#25=CYLINDRICAL_SURFACE('',#5822,0.000212261832581852);
#26=CYLINDRICAL_SURFACE('',#5824,0.000220345101776197);
#27=CYLINDRICAL_SURFACE('',#5827,0.000155650933238965);
#28=CYLINDRICAL_SURFACE('',#5829,0.000124000603228);
#29=CYLINDRICAL_SURFACE('',#5831,0.000154981841618158);
#30=CYLINDRICAL_SURFACE('',#5833,0.000168461668806258);
#31=CYLINDRICAL_SURFACE('',#5835,0.000125617280724505);
#32=CYLINDRICAL_SURFACE('',#5837,0.000124094190233638);
#33=CYLINDRICAL_SURFACE('',#5839,0.000163773095631545);
#34=CYLINDRICAL_SURFACE('',#5841,0.000311433887814326);
#35=CYLINDRICAL_SURFACE('',#5843,0.00164414078176265);
#36=CYLINDRICAL_SURFACE('',#5873,0.000761959789869975);
#37=CYLINDRICAL_SURFACE('',#5875,0.000764298433071986);
#38=CYLINDRICAL_SURFACE('',#5877,0.000673628650537341);
#39=CYLINDRICAL_SURFACE('',#5879,0.000128632960747675);
#40=CYLINDRICAL_SURFACE('',#5881,0.000118373942096141);
#41=CYLINDRICAL_SURFACE('',#5883,0.000124474502396459);
#42=CYLINDRICAL_SURFACE('',#5885,0.000117046016471157);
#43=CYLINDRICAL_SURFACE('',#5887,0.000139437628500196);
#44=CYLINDRICAL_SURFACE('',#5889,0.000480367662145428);
#45=CYLINDRICAL_SURFACE('',#5891,0.000449572088383029);
#46=CYLINDRICAL_SURFACE('',#5893,0.000550304699700418);
#47=CYLINDRICAL_SURFACE('',#5895,0.000825868537503833);
#48=CYLINDRICAL_SURFACE('',#5897,0.00073253338995035);
#49=CYLINDRICAL_SURFACE('',#5900,9.07226266172827E-05);
#50=CYLINDRICAL_SURFACE('',#5902,0.000120805575409192);
#51=CYLINDRICAL_SURFACE('',#5904,0.000117755653197038);
#52=CYLINDRICAL_SURFACE('',#5906,0.000121374008886394);
#53=CYLINDRICAL_SURFACE('',#5909,0.000112182360568025);
#54=CYLINDRICAL_SURFACE('',#5911,0.000108607825481348);
#55=CYLINDRICAL_SURFACE('',#5913,0.00010113674686136);
#56=CYLINDRICAL_SURFACE('',#5915,0.000662628604153577);
#57=CYLINDRICAL_SURFACE('',#5917,0.000519518868713241);
#58=CYLINDRICAL_SURFACE('',#5919,0.000994636024531045);
#59=CYLINDRICAL_SURFACE('',#5921,0.000997178228436243);
#60=CYLINDRICAL_SURFACE('',#5923,0.000795983814126179);
#61=CYLINDRICAL_SURFACE('',#5925,0.000655465472078978);
#62=CYLINDRICAL_SURFACE('',#5929,0.000304961553073141);
#63=CYLINDRICAL_SURFACE('',#5931,0.000283083478785231);
#64=CYLINDRICAL_SURFACE('',#5933,0.00029480874141012);
#65=CYLINDRICAL_SURFACE('',#5935,0.000343258266665172);
#66=CYLINDRICAL_SURFACE('',#5937,0.000317016707919574);
#67=CYLINDRICAL_SURFACE('',#5939,0.000325097290292509);
#68=CYLINDRICAL_SURFACE('',#5941,0.000463236601718501);
#69=CYLINDRICAL_SURFACE('',#5943,0.000463316220646998);
#70=CYLINDRICAL_SURFACE('',#5945,0.000324998796386232);
#71=CYLINDRICAL_SURFACE('',#5947,0.000317016707919572);
#72=CYLINDRICAL_SURFACE('',#5949,0.000341718202459637);
#73=CYLINDRICAL_SURFACE('',#5951,0.000297115086587343);
#74=CYLINDRICAL_SURFACE('',#5953,0.00028066179217881);
#75=CYLINDRICAL_SURFACE('',#5955,0.000307395122418687);
#76=CYLINDRICAL_SURFACE('',#5958,0.000195653596098334);
#77=CYLINDRICAL_SURFACE('',#5960,0.000193101984062924);
#78=CYLINDRICAL_SURFACE('',#5962,0.000212761695401505);
#79=CYLINDRICAL_SURFACE('',#5964,0.000252963960179938);
#80=CYLINDRICAL_SURFACE('',#5966,0.000229798774056936);
#81=CYLINDRICAL_SURFACE('',#5968,0.000240595383559087);
#82=CYLINDRICAL_SURFACE('',#5970,0.000381527297076359);
#83=CYLINDRICAL_SURFACE('',#5972,0.000381989825357696);
#84=CYLINDRICAL_SURFACE('',#5974,0.000240595383570766);
#85=CYLINDRICAL_SURFACE('',#5976,0.000229798774055731);
#86=CYLINDRICAL_SURFACE('',#5978,0.000252963960179879);
#87=CYLINDRICAL_SURFACE('',#5980,0.000211659460127924);
#88=CYLINDRICAL_SURFACE('',#5982,0.000195810824213761);
#89=CYLINDRICAL_SURFACE('',#5984,0.000193280622287941);
#90=CYLINDRICAL_SURFACE('',#5987,0.00025);
#91=CYLINDRICAL_SURFACE('',#6149,0.000304961553073141);
#92=CYLINDRICAL_SURFACE('',#6150,0.000283083478785231);
#93=CYLINDRICAL_SURFACE('',#6151,0.00029480874141012);
#94=CYLINDRICAL_SURFACE('',#6152,0.000343258266665172);
#95=CYLINDRICAL_SURFACE('',#6153,0.000317016707919574);
#96=CYLINDRICAL_SURFACE('',#6154,0.000325097290292509);
#97=CYLINDRICAL_SURFACE('',#6155,0.000463236601718501);
#98=CYLINDRICAL_SURFACE('',#6156,0.000463316220646998);
#99=CYLINDRICAL_SURFACE('',#6157,0.000324998796386232);
#100=CYLINDRICAL_SURFACE('',#6158,0.000317016707919572);
#101=CYLINDRICAL_SURFACE('',#6159,0.000341718202459637);
#102=CYLINDRICAL_SURFACE('',#6160,0.000297115086587343);
#103=CYLINDRICAL_SURFACE('',#6161,0.00028066179217881);
#104=CYLINDRICAL_SURFACE('',#6162,0.000307395122418687);
#105=CYLINDRICAL_SURFACE('',#6164,0.000195653596098334);
#106=CYLINDRICAL_SURFACE('',#6165,0.000193101984062924);
#107=CYLINDRICAL_SURFACE('',#6166,0.000212761695401505);
#108=CYLINDRICAL_SURFACE('',#6167,0.000252963960179938);
#109=CYLINDRICAL_SURFACE('',#6168,0.000229798774056936);
#110=CYLINDRICAL_SURFACE('',#6169,0.000240595383559087);
#111=CYLINDRICAL_SURFACE('',#6170,0.000381527297076359);
#112=CYLINDRICAL_SURFACE('',#6171,0.000381989825357696);
#113=CYLINDRICAL_SURFACE('',#6172,0.000240595383570766);
#114=CYLINDRICAL_SURFACE('',#6173,0.000229798774055731);
#115=CYLINDRICAL_SURFACE('',#6174,0.000252963960179879);
#116=CYLINDRICAL_SURFACE('',#6175,0.000211659460127924);
#117=CYLINDRICAL_SURFACE('',#6176,0.000195810824213761);
#118=CYLINDRICAL_SURFACE('',#6177,0.000193280622287941);
#119=CYLINDRICAL_SURFACE('',#6184,0.0016056100358224);
#120=CYLINDRICAL_SURFACE('',#6185,0.000370780047331905);
#121=CYLINDRICAL_SURFACE('',#6186,0.000229224666595859);
#122=CYLINDRICAL_SURFACE('',#6187,0.000199349419046168);
#123=CYLINDRICAL_SURFACE('',#6188,0.00021075672878603);
#124=CYLINDRICAL_SURFACE('',#6189,0.000242507319742592);
#125=CYLINDRICAL_SURFACE('',#6190,0.000251263025100467);
#126=CYLINDRICAL_SURFACE('',#6191,0.000212261832581852);
#127=CYLINDRICAL_SURFACE('',#6192,0.000220345101776197);
#128=CYLINDRICAL_SURFACE('',#6194,0.000155650933238965);
#129=CYLINDRICAL_SURFACE('',#6195,0.000124000603228);
#130=CYLINDRICAL_SURFACE('',#6196,0.000154981841618158);
#131=CYLINDRICAL_SURFACE('',#6197,0.000168461668806258);
#132=CYLINDRICAL_SURFACE('',#6198,0.000125617280724505);
#133=CYLINDRICAL_SURFACE('',#6199,0.000124094190233638);
#134=CYLINDRICAL_SURFACE('',#6200,0.000163773095631545);
#135=CYLINDRICAL_SURFACE('',#6201,0.000311433887814326);
#136=CYLINDRICAL_SURFACE('',#6202,0.00164414078176265);
#137=CYLINDRICAL_SURFACE('',#6212,0.000761959789869975);
#138=CYLINDRICAL_SURFACE('',#6213,0.000764298433071986);
#139=CYLINDRICAL_SURFACE('',#6214,0.000673628650537341);
#140=CYLINDRICAL_SURFACE('',#6215,0.000128632960747675);
#141=CYLINDRICAL_SURFACE('',#6216,0.000118373942096141);
#142=CYLINDRICAL_SURFACE('',#6217,0.000124474502396459);
#143=CYLINDRICAL_SURFACE('',#6218,0.000117046016471157);
#144=CYLINDRICAL_SURFACE('',#6219,0.000139437628500196);
#145=CYLINDRICAL_SURFACE('',#6220,0.000480367662145428);
#146=CYLINDRICAL_SURFACE('',#6221,0.000449572088383029);
#147=CYLINDRICAL_SURFACE('',#6222,0.000550304699700418);
#148=CYLINDRICAL_SURFACE('',#6223,0.000825868537503833);
#149=CYLINDRICAL_SURFACE('',#6224,0.00073253338995035);
#150=CYLINDRICAL_SURFACE('',#6226,9.07226266172827E-05);
#151=CYLINDRICAL_SURFACE('',#6227,0.000120805575409192);
#152=CYLINDRICAL_SURFACE('',#6228,0.000117755653197038);
#153=CYLINDRICAL_SURFACE('',#6229,0.000121374008886394);
#154=CYLINDRICAL_SURFACE('',#6231,0.000112182360568025);
#155=CYLINDRICAL_SURFACE('',#6232,0.000108607825481348);
#156=CYLINDRICAL_SURFACE('',#6233,0.00010113674686136);
#157=CYLINDRICAL_SURFACE('',#6234,0.000662628604153577);
#158=CYLINDRICAL_SURFACE('',#6235,0.000519518868713241);
#159=CYLINDRICAL_SURFACE('',#6236,0.000994636024531045);
#160=CYLINDRICAL_SURFACE('',#6237,0.000997178228436243);
#161=CYLINDRICAL_SURFACE('',#6238,0.000795983814126179);
#162=CYLINDRICAL_SURFACE('',#6239,0.000655465472078978);
#163=CYLINDRICAL_SURFACE('',#6251,0.00025);
#164=B_SPLINE_CURVE_WITH_KNOTS('',2,(#8296,#8297,#8298),.UNSPECIFIED.,.F.,.F.,(3,3),(0.,1.),.PIECEWISE_BEZIER_KNOTS.);
#165=B_SPLINE_CURVE_WITH_KNOTS('',2,(#8322,#8323,#8324),.UNSPECIFIED.,.F.,.F.,(3,3),(0.,1.),.PIECEWISE_BEZIER_KNOTS.);
#166=B_SPLINE_CURVE_WITH_KNOTS('',2,(#8326,#8327,#8328),.UNSPECIFIED.,.F.,.F.,(3,3),(0.,1.),.PIECEWISE_BEZIER_KNOTS.);
#167=B_SPLINE_CURVE_WITH_KNOTS('',2,(#8340,#8341,#8342),.UNSPECIFIED.,.F.,.F.,(3,3),(0.,1.),.PIECEWISE_BEZIER_KNOTS.);
#168=B_SPLINE_CURVE_WITH_KNOTS('',2,(#8703,#8704,#8705),.UNSPECIFIED.,.F.,.F.,(3,3),(0.,1.),.PIECEWISE_BEZIER_KNOTS.);
#169=B_SPLINE_CURVE_WITH_KNOTS('',2,(#8736,#8737,#8738),.UNSPECIFIED.,.F.,.F.,(3,3),(0.,1.),.PIECEWISE_BEZIER_KNOTS.);
#170=B_SPLINE_CURVE_WITH_KNOTS('',2,(#8749,#8750,#8751),.UNSPECIFIED.,.F.,.F.,(3,3),(0.,1.),.PIECEWISE_BEZIER_KNOTS.);
#171=B_SPLINE_CURVE_WITH_KNOTS('',2,(#8806,#8807,#8808),.UNSPECIFIED.,.F.,.F.,(3,3),(0.,1.),.PIECEWISE_BEZIER_KNOTS.);
#172=B_SPLINE_CURVE_WITH_KNOTS('',2,(#8969,#8970,#8971),.UNSPECIFIED.,.F.,.F.,(3,3),(0.,1.),.PIECEWISE_BEZIER_KNOTS.);
#173=B_SPLINE_CURVE_WITH_KNOTS('',2,(#8995,#8996,#8997),.UNSPECIFIED.,.F.,.F.,(3,3),(0.,1.),.PIECEWISE_BEZIER_KNOTS.);
#174=B_SPLINE_CURVE_WITH_KNOTS('',2,(#8999,#9000,#9001),.UNSPECIFIED.,.F.,.F.,(3,3),(0.,1.),.PIECEWISE_BEZIER_KNOTS.);
#175=B_SPLINE_CURVE_WITH_KNOTS('',2,(#9013,#9014,#9015),.UNSPECIFIED.,.F.,.F.,(3,3),(0.,1.),.PIECEWISE_BEZIER_KNOTS.);
#176=B_SPLINE_CURVE_WITH_KNOTS('',2,(#9214,#9215,#9216),.UNSPECIFIED.,.F.,.F.,(3,3),(0.,1.),.PIECEWISE_BEZIER_KNOTS.);
#177=B_SPLINE_CURVE_WITH_KNOTS('',2,(#9228,#9229,#9230),.UNSPECIFIED.,.F.,.F.,(3,3),(0.,1.),.PIECEWISE_BEZIER_KNOTS.);
#178=B_SPLINE_CURVE_WITH_KNOTS('',2,(#9232,#9233,#9234),.UNSPECIFIED.,.F.,.F.,(3,3),(0.,1.),.PIECEWISE_BEZIER_KNOTS.);
#179=B_SPLINE_CURVE_WITH_KNOTS('',2,(#9258,#9259,#9260),.UNSPECIFIED.,.F.,.F.,(3,3),(0.,1.),.PIECEWISE_BEZIER_KNOTS.);
#180=CIRCLE('',#5720,0.00025);
#181=CIRCLE('',#5721,0.00164414078176265);
#182=CIRCLE('',#5722,0.000311433887814326);
#183=CIRCLE('',#5723,0.000164202395216452);
#184=CIRCLE('',#5724,0.000124094190233638);
#185=CIRCLE('',#5725,0.000125617280724505);
#186=CIRCLE('',#5726,0.000168461668806258);
#187=CIRCLE('',#5727,0.000154981841618158);
#188=CIRCLE('',#5728,0.000124000603228);
#189=CIRCLE('',#5729,0.000155650933238965);
#190=CIRCLE('',#5730,0.000220345101776197);
#191=CIRCLE('',#5731,0.000212261832581852);
#192=CIRCLE('',#5732,0.000251263025100467);
#193=CIRCLE('',#5733,0.000242507319742592);
#194=CIRCLE('',#5734,0.00021075672878603);
#195=CIRCLE('',#5735,0.000199349419046168);
#196=CIRCLE('',#5736,0.000229224666595859);
#197=CIRCLE('',#5737,0.000370780047331905);
#198=CIRCLE('',#5738,0.0016056100358224);
#199=CIRCLE('',#5739,0.000764298433071986);
#200=CIRCLE('',#5740,0.000761959789869975);
#201=CIRCLE('',#5741,0.000655465472078978);
#202=CIRCLE('',#5742,0.000795983814126179);
#203=CIRCLE('',#5743,0.000997178228436243);
#204=CIRCLE('',#5744,0.000994636024531045);
#205=CIRCLE('',#5745,0.000519518868713241);
#206=CIRCLE('',#5746,0.000662628604153577);
#207=CIRCLE('',#5747,0.00010113674686136);
#208=CIRCLE('',#5748,0.000108607825481348);
#209=CIRCLE('',#5749,0.000112182360568025);
#210=CIRCLE('',#5750,0.000121374008886394);
#211=CIRCLE('',#5751,0.000117755653197038);
#212=CIRCLE('',#5752,0.000120805575409192);
#213=CIRCLE('',#5753,9.07226266172827E-05);
#214=CIRCLE('',#5754,0.00073253338995035);
#215=CIRCLE('',#5755,0.000825868537503833);
#216=CIRCLE('',#5756,0.000550304699700418);
#217=CIRCLE('',#5757,0.000449572088383029);
#218=CIRCLE('',#5758,0.000480367662145428);
#219=CIRCLE('',#5759,0.000139437628500196);
#220=CIRCLE('',#5760,0.000117046016471157);
#221=CIRCLE('',#5761,0.000124474502396459);
#222=CIRCLE('',#5762,0.000118373942096141);
#223=CIRCLE('',#5763,0.000128632960747675);
#224=CIRCLE('',#5764,0.000673628650537341);
#225=CIRCLE('',#5765,0.000304961553073141);
#226=CIRCLE('',#5766,0.000193280622287941);
#227=CIRCLE('',#5767,0.000195810824213761);
#228=CIRCLE('',#5768,0.000211659460127924);
#229=CIRCLE('',#5769,0.000252963960179879);
#230=CIRCLE('',#5770,0.000229798774055731);
#231=CIRCLE('',#5771,0.000240595383570766);
#232=CIRCLE('',#5772,0.000381989825357696);
#233=CIRCLE('',#5773,0.000381527297076359);
#234=CIRCLE('',#5774,0.000240595383559087);
#235=CIRCLE('',#5775,0.000229798774056936);
#236=CIRCLE('',#5776,0.000252963960179938);
#237=CIRCLE('',#5777,0.000212761695401505);
#238=CIRCLE('',#5778,0.000193101984062924);
#239=CIRCLE('',#5779,0.000195653596098334);
#240=CIRCLE('',#5780,0.000307395122418687);
#241=CIRCLE('',#5781,0.00028066179217881);
#242=CIRCLE('',#5782,0.000297115086587343);
#243=CIRCLE('',#5783,0.000341718202459637);
#244=CIRCLE('',#5784,0.000317016707919572);
#245=CIRCLE('',#5785,0.000324998796386232);
#246=CIRCLE('',#5786,0.000463316220646998);
#247=CIRCLE('',#5787,0.000463236601718501);
#248=CIRCLE('',#5788,0.000325097290292509);
#249=CIRCLE('',#5789,0.000317016707919574);
#250=CIRCLE('',#5790,0.000343258266665172);
#251=CIRCLE('',#5791,0.00029480874141012);
#252=CIRCLE('',#5792,0.000283083478785231);
#253=CIRCLE('',#5809,0.0016056100358224);
#254=CIRCLE('',#5811,0.000370780047331905);
#255=CIRCLE('',#5813,0.000229224666595859);
#256=CIRCLE('',#5815,0.000199349419046168);
#257=CIRCLE('',#5817,0.00021075672878603);
#258=CIRCLE('',#5819,0.000242507319742592);
#259=CIRCLE('',#5821,0.000251263025100467);
#260=CIRCLE('',#5823,0.000212261832581852);
#261=CIRCLE('',#5825,0.000220345101776197);
#262=CIRCLE('',#5828,0.000155650933238965);
#263=CIRCLE('',#5830,0.000124000603228);
#264=CIRCLE('',#5832,0.000154981841618158);
#265=CIRCLE('',#5834,0.000168461668806258);
#266=CIRCLE('',#5836,0.000125617280724505);
#267=CIRCLE('',#5838,0.000124094190233638);
#268=CIRCLE('',#5840,0.000164202395216452);
#269=CIRCLE('',#5842,0.000311433887814326);
#270=CIRCLE('',#5844,0.00164414078176265);
#271=CIRCLE('',#5874,0.000761959789869975);
#272=CIRCLE('',#5876,0.000764298433071986);
#273=CIRCLE('',#5878,0.000673628650537341);
#274=CIRCLE('',#5880,0.000128632960747675);
#275=CIRCLE('',#5882,0.000118373942096141);
#276=CIRCLE('',#5884,0.000124474502396459);
#277=CIRCLE('',#5886,0.000117046016471157);
#278=CIRCLE('',#5888,0.000139437628500196);
#279=CIRCLE('',#5890,0.000480367662145428);
#280=CIRCLE('',#5892,0.000449572088383029);
#281=CIRCLE('',#5894,0.000550304699700418);
#282=CIRCLE('',#5896,0.000825868537503833);
#283=CIRCLE('',#5898,0.00073253338995035);
#284=CIRCLE('',#5901,9.07226266172827E-05);
#285=CIRCLE('',#5903,0.000120805575409192);
#286=CIRCLE('',#5905,0.000117755653197038);
#287=CIRCLE('',#5907,0.000121374008886394);
#288=CIRCLE('',#5910,0.000112182360568025);
#289=CIRCLE('',#5912,0.000108607825481348);
#290=CIRCLE('',#5914,0.00010113674686136);
#291=CIRCLE('',#5916,0.000662628604153577);
#292=CIRCLE('',#5918,0.000519518868713241);
#293=CIRCLE('',#5920,0.000994636024531045);
#294=CIRCLE('',#5922,0.000997178228436243);
#295=CIRCLE('',#5924,0.000795983814126179);
#296=CIRCLE('',#5926,0.000655465472078978);
#297=CIRCLE('',#5930,0.000304961553073141);
#298=CIRCLE('',#5932,0.000283083478785231);
#299=CIRCLE('',#5934,0.00029480874141012);
#300=CIRCLE('',#5936,0.000343258266665172);
#301=CIRCLE('',#5938,0.000317016707919574);
#302=CIRCLE('',#5940,0.000325097290292509);
#303=CIRCLE('',#5942,0.000463236601718501);
#304=CIRCLE('',#5944,0.000463316220646998);
#305=CIRCLE('',#5946,0.000324998796386232);
#306=CIRCLE('',#5948,0.000317016707919572);
#307=CIRCLE('',#5950,0.000341718202459637);
#308=CIRCLE('',#5952,0.000297115086587343);
#309=CIRCLE('',#5954,0.00028066179217881);
#310=CIRCLE('',#5956,0.000307395122418687);
#311=CIRCLE('',#5959,0.000195653596098334);
#312=CIRCLE('',#5961,0.000193101984062924);
#313=CIRCLE('',#5963,0.000212761695401505);
#314=CIRCLE('',#5965,0.000252963960179938);
#315=CIRCLE('',#5967,0.000229798774056936);
#316=CIRCLE('',#5969,0.000240595383559087);
#317=CIRCLE('',#5971,0.000381527297076359);
#318=CIRCLE('',#5973,0.000381989825357696);
#319=CIRCLE('',#5975,0.000240595383570766);
#320=CIRCLE('',#5977,0.000229798774055731);
#321=CIRCLE('',#5979,0.000252963960179879);
#322=CIRCLE('',#5981,0.000211659460127924);
#323=CIRCLE('',#5983,0.000195810824213761);
#324=CIRCLE('',#5985,0.000193280622287941);
#325=CIRCLE('',#5988,0.00025);
#326=CIRCLE('',#5993,0.00025);
#327=CIRCLE('',#5994,0.000764298433071986);
#328=CIRCLE('',#5995,0.000761959789869975);
#329=CIRCLE('',#5996,0.000655465472078978);
#330=CIRCLE('',#5997,0.000795983814126179);
#331=CIRCLE('',#5998,0.000997178228436243);
#332=CIRCLE('',#5999,0.000994636024531045);
#333=CIRCLE('',#6000,0.000519518868713241);
#334=CIRCLE('',#6001,0.000662628604153577);
#335=CIRCLE('',#6002,0.00010113674686136);
#336=CIRCLE('',#6003,0.000108607825481348);
#337=CIRCLE('',#6004,0.000112182360568025);
#338=CIRCLE('',#6005,0.000121374008886394);
#339=CIRCLE('',#6006,0.000117755653197038);
#340=CIRCLE('',#6007,0.000120805575409192);
#341=CIRCLE('',#6008,9.07226266172827E-05);
#342=CIRCLE('',#6009,0.00073253338995035);
#343=CIRCLE('',#6010,0.000825868537503833);
#344=CIRCLE('',#6011,0.000550304699700418);
#345=CIRCLE('',#6012,0.000449572088383029);
#346=CIRCLE('',#6013,0.000480367662145428);
#347=CIRCLE('',#6014,0.000139437628500196);
#348=CIRCLE('',#6015,0.000117046016471157);
#349=CIRCLE('',#6016,0.000124474502396459);
#350=CIRCLE('',#6017,0.000118373942096141);
#351=CIRCLE('',#6018,0.000128632960747675);
#352=CIRCLE('',#6019,0.000673628650537341);
#353=CIRCLE('',#6020,0.00164414078176265);
#354=CIRCLE('',#6021,0.000311433887814326);
#355=CIRCLE('',#6022,0.000164202395216452);
#356=CIRCLE('',#6023,0.000124094190233638);
#357=CIRCLE('',#6024,0.000125617280724505);
#358=CIRCLE('',#6025,0.000168461668806258);
#359=CIRCLE('',#6026,0.000154981841618158);
#360=CIRCLE('',#6027,0.000124000603228);
#361=CIRCLE('',#6028,0.000155650933238965);
#362=CIRCLE('',#6029,0.000220345101776197);
#363=CIRCLE('',#6030,0.000212261832581852);
#364=CIRCLE('',#6031,0.000251263025100467);
#365=CIRCLE('',#6032,0.000242507319742592);
#366=CIRCLE('',#6033,0.00021075672878603);
#367=CIRCLE('',#6034,0.000199349419046168);
#368=CIRCLE('',#6035,0.000229224666595859);
#369=CIRCLE('',#6036,0.000370780047331905);
#370=CIRCLE('',#6037,0.0016056100358224);
#371=CIRCLE('',#6038,0.000304961553073141);
#372=CIRCLE('',#6039,0.000193280622287941);
#373=CIRCLE('',#6040,0.000195810824213761);
#374=CIRCLE('',#6041,0.000211659460127924);
#375=CIRCLE('',#6042,0.000252963960179879);
#376=CIRCLE('',#6043,0.000229798774055731);
#377=CIRCLE('',#6044,0.000240595383570766);
#378=CIRCLE('',#6045,0.000381989825357696);
#379=CIRCLE('',#6046,0.000381527297076359);
#380=CIRCLE('',#6047,0.000240595383559087);
#381=CIRCLE('',#6048,0.000229798774056936);
#382=CIRCLE('',#6049,0.000252963960179938);
#383=CIRCLE('',#6050,0.000212761695401505);
#384=CIRCLE('',#6051,0.000193101984062924);
#385=CIRCLE('',#6052,0.000195653596098334);
#386=CIRCLE('',#6053,0.000307395122418687);
#387=CIRCLE('',#6054,0.00028066179217881);
#388=CIRCLE('',#6055,0.000297115086587343);
#389=CIRCLE('',#6056,0.000341718202459637);
#390=CIRCLE('',#6057,0.000317016707919572);
#391=CIRCLE('',#6058,0.000324998796386232);
#392=CIRCLE('',#6059,0.000463316220646998);
#393=CIRCLE('',#6060,0.000463236601718501);
#394=CIRCLE('',#6061,0.000325097290292509);
#395=CIRCLE('',#6062,0.000317016707919574);
#396=CIRCLE('',#6063,0.000343258266665172);
#397=CIRCLE('',#6064,0.00029480874141012);
#398=CIRCLE('',#6065,0.000283083478785231);
#399=CIRCLE('',#6067,0.00025);
#400=CIRCLE('',#6068,0.000761959789869975);
#401=CIRCLE('',#6069,0.000764298433071986);
#402=CIRCLE('',#6070,0.000673628650537341);
#403=CIRCLE('',#6071,0.000128632960747675);
#404=CIRCLE('',#6072,0.000118373942096141);
#405=CIRCLE('',#6073,0.000124474502396459);
#406=CIRCLE('',#6074,0.000117046016471157);
#407=CIRCLE('',#6075,0.000139437628500196);
#408=CIRCLE('',#6076,0.000480367662145428);
#409=CIRCLE('',#6077,0.000449572088383029);
#410=CIRCLE('',#6078,0.000550304699700418);
#411=CIRCLE('',#6079,0.000825868537503833);
#412=CIRCLE('',#6080,0.00073253338995035);
#413=CIRCLE('',#6081,9.07226266172827E-05);
#414=CIRCLE('',#6082,0.000120805575409192);
#415=CIRCLE('',#6083,0.000117755653197038);
#416=CIRCLE('',#6084,0.000121374008886394);
#417=CIRCLE('',#6085,0.000112182360568025);
#418=CIRCLE('',#6086,0.000108607825481348);
#419=CIRCLE('',#6087,0.00010113674686136);
#420=CIRCLE('',#6088,0.000662628604153577);
#421=CIRCLE('',#6089,0.000519518868713241);
#422=CIRCLE('',#6090,0.000994636024531045);
#423=CIRCLE('',#6091,0.000997178228436243);
#424=CIRCLE('',#6092,0.000795983814126179);
#425=CIRCLE('',#6093,0.000655465472078978);
#426=CIRCLE('',#6094,0.0016056100358224);
#427=CIRCLE('',#6095,0.000370780047331905);
#428=CIRCLE('',#6096,0.000229224666595859);
#429=CIRCLE('',#6097,0.000199349419046168);
#430=CIRCLE('',#6098,0.00021075672878603);
#431=CIRCLE('',#6099,0.000242507319742592);
#432=CIRCLE('',#6100,0.000251263025100467);
#433=CIRCLE('',#6101,0.000212261832581852);
#434=CIRCLE('',#6102,0.000220345101776197);
#435=CIRCLE('',#6103,0.000155650933238965);
#436=CIRCLE('',#6104,0.000124000603228);
#437=CIRCLE('',#6105,0.000154981841618158);
#438=CIRCLE('',#6106,0.000168461668806258);
#439=CIRCLE('',#6107,0.000125617280724505);
#440=CIRCLE('',#6108,0.000124094190233638);
#441=CIRCLE('',#6109,0.000164202395216452);
#442=CIRCLE('',#6110,0.000311433887814326);
#443=CIRCLE('',#6111,0.00164414078176265);
#444=CIRCLE('',#6112,0.000304961553073141);
#445=CIRCLE('',#6113,0.000283083478785231);
#446=CIRCLE('',#6114,0.00029480874141012);
#447=CIRCLE('',#6115,0.000343258266665172);
#448=CIRCLE('',#6116,0.000317016707919574);
#449=CIRCLE('',#6117,0.000325097290292509);
#450=CIRCLE('',#6118,0.000463236601718501);
#451=CIRCLE('',#6119,0.000463316220646998);
#452=CIRCLE('',#6120,0.000324998796386232);
#453=CIRCLE('',#6121,0.000317016707919572);
#454=CIRCLE('',#6122,0.000341718202459637);
#455=CIRCLE('',#6123,0.000297115086587343);
#456=CIRCLE('',#6124,0.00028066179217881);
#457=CIRCLE('',#6125,0.000307395122418687);
#458=CIRCLE('',#6126,0.000195653596098334);
#459=CIRCLE('',#6127,0.000193101984062924);
#460=CIRCLE('',#6128,0.000212761695401505);
#461=CIRCLE('',#6129,0.000252963960179938);
#462=CIRCLE('',#6130,0.000229798774056936);
#463=CIRCLE('',#6131,0.000240595383559087);
#464=CIRCLE('',#6132,0.000381527297076359);
#465=CIRCLE('',#6133,0.000381989825357696);
#466=CIRCLE('',#6134,0.000240595383570766);
#467=CIRCLE('',#6135,0.000229798774055731);
#468=CIRCLE('',#6136,0.000252963960179879);
#469=CIRCLE('',#6137,0.000211659460127924);
#470=CIRCLE('',#6138,0.000195810824213761);
#471=CIRCLE('',#6139,0.000193280622287941);
#472=DRAUGHTING_PRE_DEFINED_COLOUR('white');
#473=SHAPE_REPRESENTATION_RELATIONSHIP('','',#5659,#480);
#474=SHAPE_REPRESENTATION_RELATIONSHIP('','',#5660,#481);
#475=SHAPE_REPRESENTATION_RELATIONSHIP('','',#5661,#482);
#476=SHAPE_REPRESENTATION_RELATIONSHIP('','',#5662,#483);
#477=SHAPE_REPRESENTATION_RELATIONSHIP('','',#5663,#484);
#478=SHAPE_REPRESENTATION_RELATIONSHIP('','',#5664,#485);
#479=SHAPE_REPRESENTATION_RELATIONSHIP('','',#5665,#486);
#480=ADVANCED_BREP_SHAPE_REPRESENTATION('',(#5645),#9701);
#481=ADVANCED_BREP_SHAPE_REPRESENTATION('',(#5646),#9702);
#482=ADVANCED_BREP_SHAPE_REPRESENTATION('',(#5647),#9703);
#483=ADVANCED_BREP_SHAPE_REPRESENTATION('',(#5648),#9704);
#484=ADVANCED_BREP_SHAPE_REPRESENTATION('',(#5649),#9705);
#485=ADVANCED_BREP_SHAPE_REPRESENTATION('',(#5650),#9706);
#486=ADVANCED_BREP_SHAPE_REPRESENTATION('',(#5651),#9707);
#487=ORIENTED_EDGE('',*,*,#2127,.T.);
#488=ORIENTED_EDGE('',*,*,#2128,.F.);
#489=ORIENTED_EDGE('',*,*,#2129,.F.);
#490=ORIENTED_EDGE('',*,*,#2130,.T.);
#491=ORIENTED_EDGE('',*,*,#2131,.T.);
#492=ORIENTED_EDGE('',*,*,#2132,.F.);
#493=ORIENTED_EDGE('',*,*,#2133,.F.);
#494=ORIENTED_EDGE('',*,*,#2128,.T.);
#495=ORIENTED_EDGE('',*,*,#2134,.T.);
#496=ORIENTED_EDGE('',*,*,#2135,.F.);
#497=ORIENTED_EDGE('',*,*,#2136,.F.);
#498=ORIENTED_EDGE('',*,*,#2132,.T.);
#499=ORIENTED_EDGE('',*,*,#2137,.T.);
#500=ORIENTED_EDGE('',*,*,#2138,.F.);
#501=ORIENTED_EDGE('',*,*,#2139,.F.);
#502=ORIENTED_EDGE('',*,*,#2135,.T.);
#503=ORIENTED_EDGE('',*,*,#2140,.F.);
#504=ORIENTED_EDGE('',*,*,#2141,.F.);
#505=ORIENTED_EDGE('',*,*,#2142,.T.);
#506=ORIENTED_EDGE('',*,*,#2138,.T.);
#507=ORIENTED_EDGE('',*,*,#2143,.F.);
#508=ORIENTED_EDGE('',*,*,#2144,.F.);
#509=ORIENTED_EDGE('',*,*,#2145,.T.);
#510=ORIENTED_EDGE('',*,*,#2141,.T.);
#511=ORIENTED_EDGE('',*,*,#2146,.F.);
#512=ORIENTED_EDGE('',*,*,#2147,.F.);
#513=ORIENTED_EDGE('',*,*,#2148,.T.);
#514=ORIENTED_EDGE('',*,*,#2144,.T.);
#515=ORIENTED_EDGE('',*,*,#2149,.T.);
#516=ORIENTED_EDGE('',*,*,#2130,.F.);
#517=ORIENTED_EDGE('',*,*,#2150,.F.);
#518=ORIENTED_EDGE('',*,*,#2147,.T.);
#519=ORIENTED_EDGE('',*,*,#2129,.T.);
#520=ORIENTED_EDGE('',*,*,#2133,.T.);
#521=ORIENTED_EDGE('',*,*,#2136,.T.);
#522=ORIENTED_EDGE('',*,*,#2139,.T.);
#523=ORIENTED_EDGE('',*,*,#2142,.F.);
#524=ORIENTED_EDGE('',*,*,#2145,.F.);
#525=ORIENTED_EDGE('',*,*,#2148,.F.);
#526=ORIENTED_EDGE('',*,*,#2150,.T.);
#527=ORIENTED_EDGE('',*,*,#2127,.F.);
#528=ORIENTED_EDGE('',*,*,#2149,.F.);
#529=ORIENTED_EDGE('',*,*,#2146,.T.);
#530=ORIENTED_EDGE('',*,*,#2143,.T.);
#531=ORIENTED_EDGE('',*,*,#2140,.T.);
#532=ORIENTED_EDGE('',*,*,#2137,.F.);
#533=ORIENTED_EDGE('',*,*,#2134,.F.);
#534=ORIENTED_EDGE('',*,*,#2131,.F.);
#535=ORIENTED_EDGE('',*,*,#2151,.F.);
#536=ORIENTED_EDGE('',*,*,#2152,.F.);
#537=ORIENTED_EDGE('',*,*,#2153,.F.);
#538=ORIENTED_EDGE('',*,*,#2154,.F.);
#539=ORIENTED_EDGE('',*,*,#2155,.F.);
#540=ORIENTED_EDGE('',*,*,#2156,.F.);
#541=ORIENTED_EDGE('',*,*,#2157,.F.);
#542=ORIENTED_EDGE('',*,*,#2155,.T.);
#543=ORIENTED_EDGE('',*,*,#2158,.T.);
#544=ORIENTED_EDGE('',*,*,#2159,.F.);
#545=ORIENTED_EDGE('',*,*,#2158,.F.);
#546=ORIENTED_EDGE('',*,*,#2154,.T.);
#547=ORIENTED_EDGE('',*,*,#2160,.T.);
#548=ORIENTED_EDGE('',*,*,#2161,.F.);
#549=ORIENTED_EDGE('',*,*,#2160,.F.);
#550=ORIENTED_EDGE('',*,*,#2153,.T.);
#551=ORIENTED_EDGE('',*,*,#2162,.T.);
#552=ORIENTED_EDGE('',*,*,#2163,.F.);
#553=ORIENTED_EDGE('',*,*,#2162,.F.);
#554=ORIENTED_EDGE('',*,*,#2152,.T.);
#555=ORIENTED_EDGE('',*,*,#2164,.T.);
#556=ORIENTED_EDGE('',*,*,#2165,.F.);
#557=ORIENTED_EDGE('',*,*,#2164,.F.);
#558=ORIENTED_EDGE('',*,*,#2151,.T.);
#559=ORIENTED_EDGE('',*,*,#2157,.T.);
#560=ORIENTED_EDGE('',*,*,#2163,.T.);
#561=ORIENTED_EDGE('',*,*,#2165,.T.);
#562=ORIENTED_EDGE('',*,*,#2156,.T.);
#563=ORIENTED_EDGE('',*,*,#2159,.T.);
#564=ORIENTED_EDGE('',*,*,#2161,.T.);
#565=ORIENTED_EDGE('',*,*,#2166,.F.);
#566=ORIENTED_EDGE('',*,*,#2167,.F.);
#567=ORIENTED_EDGE('',*,*,#2168,.T.);
#568=ORIENTED_EDGE('',*,*,#2169,.T.);
#569=ORIENTED_EDGE('',*,*,#2170,.T.);
#570=ORIENTED_EDGE('',*,*,#2171,.F.);
#571=ORIENTED_EDGE('',*,*,#2172,.F.);
#572=ORIENTED_EDGE('',*,*,#2167,.T.);
#573=ORIENTED_EDGE('',*,*,#2173,.T.);
#574=ORIENTED_EDGE('',*,*,#2174,.F.);
#575=ORIENTED_EDGE('',*,*,#2175,.F.);
#576=ORIENTED_EDGE('',*,*,#2171,.T.);
#577=ORIENTED_EDGE('',*,*,#2176,.T.);
#578=ORIENTED_EDGE('',*,*,#2177,.F.);
#579=ORIENTED_EDGE('',*,*,#2178,.F.);
#580=ORIENTED_EDGE('',*,*,#2174,.T.);
#581=ORIENTED_EDGE('',*,*,#2179,.T.);
#582=ORIENTED_EDGE('',*,*,#2180,.F.);
#583=ORIENTED_EDGE('',*,*,#2181,.F.);
#584=ORIENTED_EDGE('',*,*,#2177,.T.);
#585=ORIENTED_EDGE('',*,*,#2182,.T.);
#586=ORIENTED_EDGE('',*,*,#2183,.F.);
#587=ORIENTED_EDGE('',*,*,#2184,.F.);
#588=ORIENTED_EDGE('',*,*,#2180,.T.);
#589=ORIENTED_EDGE('',*,*,#2185,.F.);
#590=ORIENTED_EDGE('',*,*,#2186,.F.);
#591=ORIENTED_EDGE('',*,*,#2187,.T.);
#592=ORIENTED_EDGE('',*,*,#2183,.T.);
#593=ORIENTED_EDGE('',*,*,#2188,.F.);
#594=ORIENTED_EDGE('',*,*,#2169,.F.);
#595=ORIENTED_EDGE('',*,*,#2189,.T.);
#596=ORIENTED_EDGE('',*,*,#2186,.T.);
#597=ORIENTED_EDGE('',*,*,#2168,.F.);
#598=ORIENTED_EDGE('',*,*,#2172,.T.);
#599=ORIENTED_EDGE('',*,*,#2175,.T.);
#600=ORIENTED_EDGE('',*,*,#2178,.T.);
#601=ORIENTED_EDGE('',*,*,#2181,.T.);
#602=ORIENTED_EDGE('',*,*,#2184,.T.);
#603=ORIENTED_EDGE('',*,*,#2187,.F.);
#604=ORIENTED_EDGE('',*,*,#2189,.F.);
#605=ORIENTED_EDGE('',*,*,#2166,.T.);
#606=ORIENTED_EDGE('',*,*,#2188,.T.);
#607=ORIENTED_EDGE('',*,*,#2185,.T.);
#608=ORIENTED_EDGE('',*,*,#2182,.F.);
#609=ORIENTED_EDGE('',*,*,#2179,.F.);
#610=ORIENTED_EDGE('',*,*,#2176,.F.);
#611=ORIENTED_EDGE('',*,*,#2173,.F.);
#612=ORIENTED_EDGE('',*,*,#2170,.F.);
#613=ORIENTED_EDGE('',*,*,#2190,.F.);
#614=ORIENTED_EDGE('',*,*,#2191,.F.);
#615=ORIENTED_EDGE('',*,*,#2192,.T.);
#616=ORIENTED_EDGE('',*,*,#2193,.T.);
#617=ORIENTED_EDGE('',*,*,#2194,.T.);
#618=ORIENTED_EDGE('',*,*,#2195,.F.);
#619=ORIENTED_EDGE('',*,*,#2196,.F.);
#620=ORIENTED_EDGE('',*,*,#2191,.T.);
#621=ORIENTED_EDGE('',*,*,#2197,.T.);
#622=ORIENTED_EDGE('',*,*,#2198,.F.);
#623=ORIENTED_EDGE('',*,*,#2199,.F.);
#624=ORIENTED_EDGE('',*,*,#2195,.T.);
#625=ORIENTED_EDGE('',*,*,#2200,.T.);
#626=ORIENTED_EDGE('',*,*,#2201,.F.);
#627=ORIENTED_EDGE('',*,*,#2202,.F.);
#628=ORIENTED_EDGE('',*,*,#2198,.T.);
#629=ORIENTED_EDGE('',*,*,#2203,.T.);
#630=ORIENTED_EDGE('',*,*,#2204,.F.);
#631=ORIENTED_EDGE('',*,*,#2205,.F.);
#632=ORIENTED_EDGE('',*,*,#2201,.T.);
#633=ORIENTED_EDGE('',*,*,#2206,.T.);
#634=ORIENTED_EDGE('',*,*,#2207,.F.);
#635=ORIENTED_EDGE('',*,*,#2208,.F.);
#636=ORIENTED_EDGE('',*,*,#2204,.T.);
#637=ORIENTED_EDGE('',*,*,#2209,.T.);
#638=ORIENTED_EDGE('',*,*,#2210,.F.);
#639=ORIENTED_EDGE('',*,*,#2211,.F.);
#640=ORIENTED_EDGE('',*,*,#2207,.T.);
#641=ORIENTED_EDGE('',*,*,#2212,.F.);
#642=ORIENTED_EDGE('',*,*,#2193,.F.);
#643=ORIENTED_EDGE('',*,*,#2213,.T.);
#644=ORIENTED_EDGE('',*,*,#2210,.T.);
#645=ORIENTED_EDGE('',*,*,#2192,.F.);
#646=ORIENTED_EDGE('',*,*,#2196,.T.);
#647=ORIENTED_EDGE('',*,*,#2199,.T.);
#648=ORIENTED_EDGE('',*,*,#2202,.T.);
#649=ORIENTED_EDGE('',*,*,#2205,.T.);
#650=ORIENTED_EDGE('',*,*,#2208,.T.);
#651=ORIENTED_EDGE('',*,*,#2211,.T.);
#652=ORIENTED_EDGE('',*,*,#2213,.F.);
#653=ORIENTED_EDGE('',*,*,#2190,.T.);
#654=ORIENTED_EDGE('',*,*,#2212,.T.);
#655=ORIENTED_EDGE('',*,*,#2209,.F.);
#656=ORIENTED_EDGE('',*,*,#2206,.F.);
#657=ORIENTED_EDGE('',*,*,#2203,.F.);
#658=ORIENTED_EDGE('',*,*,#2200,.F.);
#659=ORIENTED_EDGE('',*,*,#2197,.F.);
#660=ORIENTED_EDGE('',*,*,#2194,.F.);
#661=ORIENTED_EDGE('',*,*,#2214,.F.);
#662=ORIENTED_EDGE('',*,*,#2215,.F.);
#663=ORIENTED_EDGE('',*,*,#2216,.T.);
#664=ORIENTED_EDGE('',*,*,#2217,.T.);
#665=ORIENTED_EDGE('',*,*,#2218,.T.);
#666=ORIENTED_EDGE('',*,*,#2219,.F.);
#667=ORIENTED_EDGE('',*,*,#2220,.F.);
#668=ORIENTED_EDGE('',*,*,#2215,.T.);
#669=ORIENTED_EDGE('',*,*,#2221,.T.);
#670=ORIENTED_EDGE('',*,*,#2222,.F.);
#671=ORIENTED_EDGE('',*,*,#2223,.F.);
#672=ORIENTED_EDGE('',*,*,#2219,.T.);
#673=ORIENTED_EDGE('',*,*,#2224,.T.);
#674=ORIENTED_EDGE('',*,*,#2225,.F.);
#675=ORIENTED_EDGE('',*,*,#2226,.F.);
#676=ORIENTED_EDGE('',*,*,#2222,.T.);
#677=ORIENTED_EDGE('',*,*,#2227,.T.);
#678=ORIENTED_EDGE('',*,*,#2228,.F.);
#679=ORIENTED_EDGE('',*,*,#2229,.F.);
#680=ORIENTED_EDGE('',*,*,#2225,.T.);
#681=ORIENTED_EDGE('',*,*,#2230,.T.);
#682=ORIENTED_EDGE('',*,*,#2231,.F.);
#683=ORIENTED_EDGE('',*,*,#2232,.F.);
#684=ORIENTED_EDGE('',*,*,#2228,.T.);
#685=ORIENTED_EDGE('',*,*,#2233,.T.);
#686=ORIENTED_EDGE('',*,*,#2234,.F.);
#687=ORIENTED_EDGE('',*,*,#2235,.F.);
#688=ORIENTED_EDGE('',*,*,#2231,.T.);
#689=ORIENTED_EDGE('',*,*,#2236,.F.);
#690=ORIENTED_EDGE('',*,*,#2217,.F.);
#691=ORIENTED_EDGE('',*,*,#2237,.T.);
#692=ORIENTED_EDGE('',*,*,#2234,.T.);
#693=ORIENTED_EDGE('',*,*,#2216,.F.);
#694=ORIENTED_EDGE('',*,*,#2220,.T.);
#695=ORIENTED_EDGE('',*,*,#2223,.T.);
#696=ORIENTED_EDGE('',*,*,#2226,.T.);
#697=ORIENTED_EDGE('',*,*,#2229,.T.);
#698=ORIENTED_EDGE('',*,*,#2232,.T.);
#699=ORIENTED_EDGE('',*,*,#2235,.T.);
#700=ORIENTED_EDGE('',*,*,#2237,.F.);
#701=ORIENTED_EDGE('',*,*,#2214,.T.);
#702=ORIENTED_EDGE('',*,*,#2236,.T.);
#703=ORIENTED_EDGE('',*,*,#2233,.F.);
#704=ORIENTED_EDGE('',*,*,#2230,.F.);
#705=ORIENTED_EDGE('',*,*,#2227,.F.);
#706=ORIENTED_EDGE('',*,*,#2224,.F.);
#707=ORIENTED_EDGE('',*,*,#2221,.F.);
#708=ORIENTED_EDGE('',*,*,#2218,.F.);
#709=ORIENTED_EDGE('',*,*,#2238,.F.);
#710=ORIENTED_EDGE('',*,*,#2239,.T.);
#711=ORIENTED_EDGE('',*,*,#2240,.T.);
#712=ORIENTED_EDGE('',*,*,#2241,.T.);
#713=ORIENTED_EDGE('',*,*,#2242,.T.);
#714=ORIENTED_EDGE('',*,*,#2243,.T.);
#715=ORIENTED_EDGE('',*,*,#2244,.T.);
#716=ORIENTED_EDGE('',*,*,#2245,.T.);
#717=ORIENTED_EDGE('',*,*,#2246,.T.);
#718=ORIENTED_EDGE('',*,*,#2247,.T.);
#719=ORIENTED_EDGE('',*,*,#2248,.T.);
#720=ORIENTED_EDGE('',*,*,#2249,.T.);
#721=ORIENTED_EDGE('',*,*,#2250,.T.);
#722=ORIENTED_EDGE('',*,*,#2251,.T.);
#723=ORIENTED_EDGE('',*,*,#2252,.T.);
#724=ORIENTED_EDGE('',*,*,#2253,.T.);
#725=ORIENTED_EDGE('',*,*,#2254,.T.);
#726=ORIENTED_EDGE('',*,*,#2255,.T.);
#727=ORIENTED_EDGE('',*,*,#2256,.T.);
#728=ORIENTED_EDGE('',*,*,#2257,.T.);
#729=ORIENTED_EDGE('',*,*,#2258,.T.);
#730=ORIENTED_EDGE('',*,*,#2259,.T.);
#731=ORIENTED_EDGE('',*,*,#2260,.T.);
#732=ORIENTED_EDGE('',*,*,#2261,.T.);
#733=ORIENTED_EDGE('',*,*,#2262,.T.);
#734=ORIENTED_EDGE('',*,*,#2263,.T.);
#735=ORIENTED_EDGE('',*,*,#2264,.T.);
#736=ORIENTED_EDGE('',*,*,#2265,.T.);
#737=ORIENTED_EDGE('',*,*,#2266,.T.);
#738=ORIENTED_EDGE('',*,*,#2267,.T.);
#739=ORIENTED_EDGE('',*,*,#2268,.T.);
#740=ORIENTED_EDGE('',*,*,#2269,.T.);
#741=ORIENTED_EDGE('',*,*,#2270,.T.);
#742=ORIENTED_EDGE('',*,*,#2271,.T.);
#743=ORIENTED_EDGE('',*,*,#2272,.T.);
#744=ORIENTED_EDGE('',*,*,#2273,.T.);
#745=ORIENTED_EDGE('',*,*,#2274,.T.);
#746=ORIENTED_EDGE('',*,*,#2275,.T.);
#747=ORIENTED_EDGE('',*,*,#2276,.T.);
#748=ORIENTED_EDGE('',*,*,#2277,.T.);
#749=ORIENTED_EDGE('',*,*,#2278,.T.);
#750=ORIENTED_EDGE('',*,*,#2279,.T.);
#751=ORIENTED_EDGE('',*,*,#2280,.T.);
#752=ORIENTED_EDGE('',*,*,#2281,.T.);
#753=ORIENTED_EDGE('',*,*,#2282,.T.);
#754=ORIENTED_EDGE('',*,*,#2283,.T.);
#755=ORIENTED_EDGE('',*,*,#2284,.T.);
#756=ORIENTED_EDGE('',*,*,#2285,.T.);
#757=ORIENTED_EDGE('',*,*,#2286,.T.);
#758=ORIENTED_EDGE('',*,*,#2287,.T.);
#759=ORIENTED_EDGE('',*,*,#2288,.T.);
#760=ORIENTED_EDGE('',*,*,#2289,.T.);
#761=ORIENTED_EDGE('',*,*,#2290,.T.);
#762=ORIENTED_EDGE('',*,*,#2291,.T.);
#763=ORIENTED_EDGE('',*,*,#2292,.T.);
#764=ORIENTED_EDGE('',*,*,#2293,.T.);
#765=ORIENTED_EDGE('',*,*,#2294,.T.);
#766=ORIENTED_EDGE('',*,*,#2295,.T.);
#767=ORIENTED_EDGE('',*,*,#2296,.T.);
#768=ORIENTED_EDGE('',*,*,#2297,.T.);
#769=ORIENTED_EDGE('',*,*,#2298,.T.);
#770=ORIENTED_EDGE('',*,*,#2299,.T.);
#771=ORIENTED_EDGE('',*,*,#2300,.T.);
#772=ORIENTED_EDGE('',*,*,#2301,.T.);
#773=ORIENTED_EDGE('',*,*,#2302,.T.);
#774=ORIENTED_EDGE('',*,*,#2303,.T.);
#775=ORIENTED_EDGE('',*,*,#2304,.T.);
#776=ORIENTED_EDGE('',*,*,#2305,.T.);
#777=ORIENTED_EDGE('',*,*,#2306,.T.);
#778=ORIENTED_EDGE('',*,*,#2307,.T.);
#779=ORIENTED_EDGE('',*,*,#2308,.T.);
#780=ORIENTED_EDGE('',*,*,#2309,.T.);
#781=ORIENTED_EDGE('',*,*,#2310,.T.);
#782=ORIENTED_EDGE('',*,*,#2311,.T.);
#783=ORIENTED_EDGE('',*,*,#2312,.T.);
#784=ORIENTED_EDGE('',*,*,#2313,.T.);
#785=ORIENTED_EDGE('',*,*,#2314,.T.);
#786=ORIENTED_EDGE('',*,*,#2315,.T.);
#787=ORIENTED_EDGE('',*,*,#2316,.T.);
#788=ORIENTED_EDGE('',*,*,#2317,.T.);
#789=ORIENTED_EDGE('',*,*,#2318,.T.);
#790=ORIENTED_EDGE('',*,*,#2319,.T.);
#791=ORIENTED_EDGE('',*,*,#2320,.T.);
#792=ORIENTED_EDGE('',*,*,#2321,.T.);
#793=ORIENTED_EDGE('',*,*,#2322,.T.);
#794=ORIENTED_EDGE('',*,*,#2323,.T.);
#795=ORIENTED_EDGE('',*,*,#2324,.T.);
#796=ORIENTED_EDGE('',*,*,#2325,.T.);
#797=ORIENTED_EDGE('',*,*,#2326,.T.);
#798=ORIENTED_EDGE('',*,*,#2327,.T.);
#799=ORIENTED_EDGE('',*,*,#2328,.T.);
#800=ORIENTED_EDGE('',*,*,#2329,.T.);
#801=ORIENTED_EDGE('',*,*,#2330,.T.);
#802=ORIENTED_EDGE('',*,*,#2331,.T.);
#803=ORIENTED_EDGE('',*,*,#2332,.T.);
#804=ORIENTED_EDGE('',*,*,#2333,.T.);
#805=ORIENTED_EDGE('',*,*,#2334,.T.);
#806=ORIENTED_EDGE('',*,*,#2335,.T.);
#807=ORIENTED_EDGE('',*,*,#2336,.T.);
#808=ORIENTED_EDGE('',*,*,#2337,.T.);
#809=ORIENTED_EDGE('',*,*,#2338,.T.);
#810=ORIENTED_EDGE('',*,*,#2339,.T.);
#811=ORIENTED_EDGE('',*,*,#2340,.T.);
#812=ORIENTED_EDGE('',*,*,#2341,.T.);
#813=ORIENTED_EDGE('',*,*,#2342,.T.);
#814=ORIENTED_EDGE('',*,*,#2343,.T.);
#815=ORIENTED_EDGE('',*,*,#2344,.T.);
#816=ORIENTED_EDGE('',*,*,#2345,.T.);
#817=ORIENTED_EDGE('',*,*,#2346,.T.);
#818=ORIENTED_EDGE('',*,*,#2347,.T.);
#819=ORIENTED_EDGE('',*,*,#2348,.T.);
#820=ORIENTED_EDGE('',*,*,#2349,.T.);
#821=ORIENTED_EDGE('',*,*,#2350,.T.);
#822=ORIENTED_EDGE('',*,*,#2351,.T.);
#823=ORIENTED_EDGE('',*,*,#2352,.T.);
#824=ORIENTED_EDGE('',*,*,#2353,.T.);
#825=ORIENTED_EDGE('',*,*,#2354,.T.);
#826=ORIENTED_EDGE('',*,*,#2355,.F.);
#827=ORIENTED_EDGE('',*,*,#2277,.F.);
#828=ORIENTED_EDGE('',*,*,#2356,.T.);
#829=ORIENTED_EDGE('',*,*,#2357,.T.);
#830=ORIENTED_EDGE('',*,*,#2358,.F.);
#831=ORIENTED_EDGE('',*,*,#2279,.F.);
#832=ORIENTED_EDGE('',*,*,#2359,.T.);
#833=ORIENTED_EDGE('',*,*,#2360,.T.);
#834=ORIENTED_EDGE('',*,*,#2361,.F.);
#835=ORIENTED_EDGE('',*,*,#2273,.F.);
#836=ORIENTED_EDGE('',*,*,#2362,.T.);
#837=ORIENTED_EDGE('',*,*,#2363,.T.);
#838=ORIENTED_EDGE('',*,*,#2364,.F.);
#839=ORIENTED_EDGE('',*,*,#2275,.F.);
#840=ORIENTED_EDGE('',*,*,#2365,.T.);
#841=ORIENTED_EDGE('',*,*,#2366,.F.);
#842=ORIENTED_EDGE('',*,*,#2354,.F.);
#843=ORIENTED_EDGE('',*,*,#2367,.F.);
#844=ORIENTED_EDGE('',*,*,#2363,.F.);
#845=ORIENTED_EDGE('',*,*,#2368,.F.);
#846=ORIENTED_EDGE('',*,*,#2360,.F.);
#847=ORIENTED_EDGE('',*,*,#2369,.F.);
#848=ORIENTED_EDGE('',*,*,#2357,.F.);
#849=ORIENTED_EDGE('',*,*,#2369,.T.);
#850=ORIENTED_EDGE('',*,*,#2362,.F.);
#851=ORIENTED_EDGE('',*,*,#2280,.F.);
#852=ORIENTED_EDGE('',*,*,#2358,.T.);
#853=ORIENTED_EDGE('',*,*,#2368,.T.);
#854=ORIENTED_EDGE('',*,*,#2365,.F.);
#855=ORIENTED_EDGE('',*,*,#2274,.F.);
#856=ORIENTED_EDGE('',*,*,#2361,.T.);
#857=ORIENTED_EDGE('',*,*,#2367,.T.);
#858=ORIENTED_EDGE('',*,*,#2356,.F.);
#859=ORIENTED_EDGE('',*,*,#2276,.F.);
#860=ORIENTED_EDGE('',*,*,#2364,.T.);
#861=ORIENTED_EDGE('',*,*,#2366,.T.);
#862=ORIENTED_EDGE('',*,*,#2359,.F.);
#863=ORIENTED_EDGE('',*,*,#2278,.F.);
#864=ORIENTED_EDGE('',*,*,#2355,.T.);
#865=ORIENTED_EDGE('',*,*,#2370,.T.);
#866=ORIENTED_EDGE('',*,*,#2371,.F.);
#867=ORIENTED_EDGE('',*,*,#2248,.F.);
#868=ORIENTED_EDGE('',*,*,#2372,.T.);
#869=ORIENTED_EDGE('',*,*,#2373,.T.);
#870=ORIENTED_EDGE('',*,*,#2372,.F.);
#871=ORIENTED_EDGE('',*,*,#2247,.F.);
#872=ORIENTED_EDGE('',*,*,#2374,.T.);
#873=ORIENTED_EDGE('',*,*,#2375,.T.);
#874=ORIENTED_EDGE('',*,*,#2374,.F.);
#875=ORIENTED_EDGE('',*,*,#2272,.F.);
#876=ORIENTED_EDGE('',*,*,#2376,.T.);
#877=ORIENTED_EDGE('',*,*,#2377,.T.);
#878=ORIENTED_EDGE('',*,*,#2376,.F.);
#879=ORIENTED_EDGE('',*,*,#2271,.F.);
#880=ORIENTED_EDGE('',*,*,#2378,.T.);
#881=ORIENTED_EDGE('',*,*,#2379,.T.);
#882=ORIENTED_EDGE('',*,*,#2378,.F.);
#883=ORIENTED_EDGE('',*,*,#2270,.F.);
#884=ORIENTED_EDGE('',*,*,#2380,.T.);
#885=ORIENTED_EDGE('',*,*,#2381,.T.);
#886=ORIENTED_EDGE('',*,*,#2380,.F.);
#887=ORIENTED_EDGE('',*,*,#2269,.F.);
#888=ORIENTED_EDGE('',*,*,#2382,.T.);
#889=ORIENTED_EDGE('',*,*,#2383,.T.);
#890=ORIENTED_EDGE('',*,*,#2382,.F.);
#891=ORIENTED_EDGE('',*,*,#2268,.F.);
#892=ORIENTED_EDGE('',*,*,#2384,.T.);
#893=ORIENTED_EDGE('',*,*,#2385,.T.);
#894=ORIENTED_EDGE('',*,*,#2384,.F.);
#895=ORIENTED_EDGE('',*,*,#2267,.F.);
#896=ORIENTED_EDGE('',*,*,#2386,.T.);
#897=ORIENTED_EDGE('',*,*,#2387,.T.);
#898=ORIENTED_EDGE('',*,*,#2386,.F.);
#899=ORIENTED_EDGE('',*,*,#2266,.F.);
#900=ORIENTED_EDGE('',*,*,#2388,.T.);
#901=ORIENTED_EDGE('',*,*,#2389,.T.);
#902=ORIENTED_EDGE('',*,*,#2388,.F.);
#903=ORIENTED_EDGE('',*,*,#2265,.F.);
#904=ORIENTED_EDGE('',*,*,#2390,.T.);
#905=ORIENTED_EDGE('',*,*,#2391,.T.);
#906=ORIENTED_EDGE('',*,*,#2390,.F.);
#907=ORIENTED_EDGE('',*,*,#2264,.F.);
#908=ORIENTED_EDGE('',*,*,#2392,.T.);
#909=ORIENTED_EDGE('',*,*,#2393,.T.);
#910=ORIENTED_EDGE('',*,*,#2392,.F.);
#911=ORIENTED_EDGE('',*,*,#2263,.F.);
#912=ORIENTED_EDGE('',*,*,#2394,.T.);
#913=ORIENTED_EDGE('',*,*,#2395,.T.);
#914=ORIENTED_EDGE('',*,*,#2394,.F.);
#915=ORIENTED_EDGE('',*,*,#2262,.F.);
#916=ORIENTED_EDGE('',*,*,#2396,.T.);
#917=ORIENTED_EDGE('',*,*,#2397,.T.);
#918=ORIENTED_EDGE('',*,*,#2396,.F.);
#919=ORIENTED_EDGE('',*,*,#2261,.F.);
#920=ORIENTED_EDGE('',*,*,#2398,.T.);
#921=ORIENTED_EDGE('',*,*,#2399,.T.);
#922=ORIENTED_EDGE('',*,*,#2398,.F.);
#923=ORIENTED_EDGE('',*,*,#2260,.F.);
#924=ORIENTED_EDGE('',*,*,#2400,.T.);
#925=ORIENTED_EDGE('',*,*,#2401,.T.);
#926=ORIENTED_EDGE('',*,*,#2400,.F.);
#927=ORIENTED_EDGE('',*,*,#2259,.F.);
#928=ORIENTED_EDGE('',*,*,#2402,.T.);
#929=ORIENTED_EDGE('',*,*,#2403,.T.);
#930=ORIENTED_EDGE('',*,*,#2402,.F.);
#931=ORIENTED_EDGE('',*,*,#2258,.F.);
#932=ORIENTED_EDGE('',*,*,#2404,.T.);
#933=ORIENTED_EDGE('',*,*,#2405,.T.);
#934=ORIENTED_EDGE('',*,*,#2404,.F.);
#935=ORIENTED_EDGE('',*,*,#2257,.F.);
#936=ORIENTED_EDGE('',*,*,#2406,.T.);
#937=ORIENTED_EDGE('',*,*,#2407,.T.);
#938=ORIENTED_EDGE('',*,*,#2406,.F.);
#939=ORIENTED_EDGE('',*,*,#2256,.F.);
#940=ORIENTED_EDGE('',*,*,#2408,.T.);
#941=ORIENTED_EDGE('',*,*,#2409,.T.);
#942=ORIENTED_EDGE('',*,*,#2408,.F.);
#943=ORIENTED_EDGE('',*,*,#2255,.F.);
#944=ORIENTED_EDGE('',*,*,#2410,.T.);
#945=ORIENTED_EDGE('',*,*,#2411,.T.);
#946=ORIENTED_EDGE('',*,*,#2410,.F.);
#947=ORIENTED_EDGE('',*,*,#2254,.F.);
#948=ORIENTED_EDGE('',*,*,#2412,.T.);
#949=ORIENTED_EDGE('',*,*,#2413,.T.);
#950=ORIENTED_EDGE('',*,*,#2412,.F.);
#951=ORIENTED_EDGE('',*,*,#2253,.F.);
#952=ORIENTED_EDGE('',*,*,#2414,.T.);
#953=ORIENTED_EDGE('',*,*,#2415,.T.);
#954=ORIENTED_EDGE('',*,*,#2414,.F.);
#955=ORIENTED_EDGE('',*,*,#2252,.F.);
#956=ORIENTED_EDGE('',*,*,#2416,.T.);
#957=ORIENTED_EDGE('',*,*,#2417,.T.);
#958=ORIENTED_EDGE('',*,*,#2416,.F.);
#959=ORIENTED_EDGE('',*,*,#2251,.F.);
#960=ORIENTED_EDGE('',*,*,#2418,.T.);
#961=ORIENTED_EDGE('',*,*,#2419,.T.);
#962=ORIENTED_EDGE('',*,*,#2418,.F.);
#963=ORIENTED_EDGE('',*,*,#2250,.F.);
#964=ORIENTED_EDGE('',*,*,#2420,.T.);
#965=ORIENTED_EDGE('',*,*,#2421,.T.);
#966=ORIENTED_EDGE('',*,*,#2420,.F.);
#967=ORIENTED_EDGE('',*,*,#2249,.F.);
#968=ORIENTED_EDGE('',*,*,#2371,.T.);
#969=ORIENTED_EDGE('',*,*,#2370,.F.);
#970=ORIENTED_EDGE('',*,*,#2373,.F.);
#971=ORIENTED_EDGE('',*,*,#2375,.F.);
#972=ORIENTED_EDGE('',*,*,#2377,.F.);
#973=ORIENTED_EDGE('',*,*,#2379,.F.);
#974=ORIENTED_EDGE('',*,*,#2381,.F.);
#975=ORIENTED_EDGE('',*,*,#2383,.F.);
#976=ORIENTED_EDGE('',*,*,#2385,.F.);
#977=ORIENTED_EDGE('',*,*,#2387,.F.);
#978=ORIENTED_EDGE('',*,*,#2389,.F.);
#979=ORIENTED_EDGE('',*,*,#2391,.F.);
#980=ORIENTED_EDGE('',*,*,#2393,.F.);
#981=ORIENTED_EDGE('',*,*,#2395,.F.);
#982=ORIENTED_EDGE('',*,*,#2397,.F.);
#983=ORIENTED_EDGE('',*,*,#2399,.F.);
#984=ORIENTED_EDGE('',*,*,#2401,.F.);
#985=ORIENTED_EDGE('',*,*,#2403,.F.);
#986=ORIENTED_EDGE('',*,*,#2405,.F.);
#987=ORIENTED_EDGE('',*,*,#2407,.F.);
#988=ORIENTED_EDGE('',*,*,#2409,.F.);
#989=ORIENTED_EDGE('',*,*,#2411,.F.);
#990=ORIENTED_EDGE('',*,*,#2413,.F.);
#991=ORIENTED_EDGE('',*,*,#2415,.F.);
#992=ORIENTED_EDGE('',*,*,#2417,.F.);
#993=ORIENTED_EDGE('',*,*,#2419,.F.);
#994=ORIENTED_EDGE('',*,*,#2421,.F.);
#995=ORIENTED_EDGE('',*,*,#2422,.T.);
#996=ORIENTED_EDGE('',*,*,#2423,.F.);
#997=ORIENTED_EDGE('',*,*,#2240,.F.);
#998=ORIENTED_EDGE('',*,*,#2424,.T.);
#999=ORIENTED_EDGE('',*,*,#2425,.T.);
#1000=ORIENTED_EDGE('',*,*,#2424,.F.);
#1001=ORIENTED_EDGE('',*,*,#2239,.F.);
#1002=ORIENTED_EDGE('',*,*,#2426,.T.);
#1003=ORIENTED_EDGE('',*,*,#2427,.T.);
#1004=ORIENTED_EDGE('',*,*,#2426,.F.);
#1005=ORIENTED_EDGE('',*,*,#2246,.F.);
#1006=ORIENTED_EDGE('',*,*,#2428,.T.);
#1007=ORIENTED_EDGE('',*,*,#2429,.T.);
#1008=ORIENTED_EDGE('',*,*,#2428,.F.);
#1009=ORIENTED_EDGE('',*,*,#2245,.F.);
#1010=ORIENTED_EDGE('',*,*,#2430,.T.);
#1011=ORIENTED_EDGE('',*,*,#2431,.T.);
#1012=ORIENTED_EDGE('',*,*,#2430,.F.);
#1013=ORIENTED_EDGE('',*,*,#2244,.F.);
#1014=ORIENTED_EDGE('',*,*,#2432,.T.);
#1015=ORIENTED_EDGE('',*,*,#2433,.T.);
#1016=ORIENTED_EDGE('',*,*,#2432,.F.);
#1017=ORIENTED_EDGE('',*,*,#2243,.F.);
#1018=ORIENTED_EDGE('',*,*,#2434,.T.);
#1019=ORIENTED_EDGE('',*,*,#2435,.T.);
#1020=ORIENTED_EDGE('',*,*,#2434,.F.);
#1021=ORIENTED_EDGE('',*,*,#2242,.F.);
#1022=ORIENTED_EDGE('',*,*,#2436,.T.);
#1023=ORIENTED_EDGE('',*,*,#2437,.T.);
#1024=ORIENTED_EDGE('',*,*,#2436,.F.);
#1025=ORIENTED_EDGE('',*,*,#2241,.F.);
#1026=ORIENTED_EDGE('',*,*,#2423,.T.);
#1027=ORIENTED_EDGE('',*,*,#2422,.F.);
#1028=ORIENTED_EDGE('',*,*,#2425,.F.);
#1029=ORIENTED_EDGE('',*,*,#2427,.F.);
#1030=ORIENTED_EDGE('',*,*,#2429,.F.);
#1031=ORIENTED_EDGE('',*,*,#2431,.F.);
#1032=ORIENTED_EDGE('',*,*,#2433,.F.);
#1033=ORIENTED_EDGE('',*,*,#2435,.F.);
#1034=ORIENTED_EDGE('',*,*,#2437,.F.);
#1035=ORIENTED_EDGE('',*,*,#2438,.T.);
#1036=ORIENTED_EDGE('',*,*,#2439,.F.);
#1037=ORIENTED_EDGE('',*,*,#2440,.F.);
#1038=ORIENTED_EDGE('',*,*,#2441,.T.);
#1039=ORIENTED_EDGE('',*,*,#2442,.T.);
#1040=ORIENTED_EDGE('',*,*,#2441,.F.);
#1041=ORIENTED_EDGE('',*,*,#2443,.F.);
#1042=ORIENTED_EDGE('',*,*,#2444,.T.);
#1043=ORIENTED_EDGE('',*,*,#2445,.T.);
#1044=ORIENTED_EDGE('',*,*,#2444,.F.);
#1045=ORIENTED_EDGE('',*,*,#2446,.F.);
#1046=ORIENTED_EDGE('',*,*,#2447,.T.);
#1047=ORIENTED_EDGE('',*,*,#2448,.T.);
#1048=ORIENTED_EDGE('',*,*,#2447,.F.);
#1049=ORIENTED_EDGE('',*,*,#2449,.F.);
#1050=ORIENTED_EDGE('',*,*,#2450,.T.);
#1051=ORIENTED_EDGE('',*,*,#2451,.T.);
#1052=ORIENTED_EDGE('',*,*,#2452,.F.);
#1053=ORIENTED_EDGE('',*,*,#2282,.F.);
#1054=ORIENTED_EDGE('',*,*,#2453,.T.);
#1055=ORIENTED_EDGE('',*,*,#2454,.T.);
#1056=ORIENTED_EDGE('',*,*,#2453,.F.);
#1057=ORIENTED_EDGE('',*,*,#2281,.F.);
#1058=ORIENTED_EDGE('',*,*,#2455,.T.);
#1059=ORIENTED_EDGE('',*,*,#2456,.T.);
#1060=ORIENTED_EDGE('',*,*,#2455,.F.);
#1061=ORIENTED_EDGE('',*,*,#2291,.F.);
#1062=ORIENTED_EDGE('',*,*,#2457,.T.);
#1063=ORIENTED_EDGE('',*,*,#2458,.T.);
#1064=ORIENTED_EDGE('',*,*,#2457,.F.);
#1065=ORIENTED_EDGE('',*,*,#2290,.F.);
#1066=ORIENTED_EDGE('',*,*,#2459,.T.);
#1067=ORIENTED_EDGE('',*,*,#2460,.T.);
#1068=ORIENTED_EDGE('',*,*,#2459,.F.);
#1069=ORIENTED_EDGE('',*,*,#2289,.F.);
#1070=ORIENTED_EDGE('',*,*,#2461,.T.);
#1071=ORIENTED_EDGE('',*,*,#2462,.T.);
#1072=ORIENTED_EDGE('',*,*,#2461,.F.);
#1073=ORIENTED_EDGE('',*,*,#2288,.F.);
#1074=ORIENTED_EDGE('',*,*,#2463,.T.);
#1075=ORIENTED_EDGE('',*,*,#2464,.T.);
#1076=ORIENTED_EDGE('',*,*,#2463,.F.);
#1077=ORIENTED_EDGE('',*,*,#2287,.F.);
#1078=ORIENTED_EDGE('',*,*,#2465,.T.);
#1079=ORIENTED_EDGE('',*,*,#2466,.T.);
#1080=ORIENTED_EDGE('',*,*,#2465,.F.);
#1081=ORIENTED_EDGE('',*,*,#2286,.F.);
#1082=ORIENTED_EDGE('',*,*,#2467,.T.);
#1083=ORIENTED_EDGE('',*,*,#2468,.T.);
#1084=ORIENTED_EDGE('',*,*,#2467,.F.);
#1085=ORIENTED_EDGE('',*,*,#2285,.F.);
#1086=ORIENTED_EDGE('',*,*,#2469,.T.);
#1087=ORIENTED_EDGE('',*,*,#2470,.T.);
#1088=ORIENTED_EDGE('',*,*,#2469,.F.);
#1089=ORIENTED_EDGE('',*,*,#2284,.F.);
#1090=ORIENTED_EDGE('',*,*,#2471,.T.);
#1091=ORIENTED_EDGE('',*,*,#2472,.T.);
#1092=ORIENTED_EDGE('',*,*,#2471,.F.);
#1093=ORIENTED_EDGE('',*,*,#2283,.F.);
#1094=ORIENTED_EDGE('',*,*,#2452,.T.);
#1095=ORIENTED_EDGE('',*,*,#2473,.T.);
#1096=ORIENTED_EDGE('',*,*,#2450,.F.);
#1097=ORIENTED_EDGE('',*,*,#2474,.F.);
#1098=ORIENTED_EDGE('',*,*,#2439,.T.);
#1099=ORIENTED_EDGE('',*,*,#2451,.F.);
#1100=ORIENTED_EDGE('',*,*,#2454,.F.);
#1101=ORIENTED_EDGE('',*,*,#2456,.F.);
#1102=ORIENTED_EDGE('',*,*,#2458,.F.);
#1103=ORIENTED_EDGE('',*,*,#2460,.F.);
#1104=ORIENTED_EDGE('',*,*,#2462,.F.);
#1105=ORIENTED_EDGE('',*,*,#2464,.F.);
#1106=ORIENTED_EDGE('',*,*,#2466,.F.);
#1107=ORIENTED_EDGE('',*,*,#2468,.F.);
#1108=ORIENTED_EDGE('',*,*,#2470,.F.);
#1109=ORIENTED_EDGE('',*,*,#2472,.F.);
#1110=ORIENTED_EDGE('',*,*,#2438,.F.);
#1111=ORIENTED_EDGE('',*,*,#2442,.F.);
#1112=ORIENTED_EDGE('',*,*,#2445,.F.);
#1113=ORIENTED_EDGE('',*,*,#2448,.F.);
#1114=ORIENTED_EDGE('',*,*,#2473,.F.);
#1115=ORIENTED_EDGE('',*,*,#2475,.T.);
#1116=ORIENTED_EDGE('',*,*,#2476,.F.);
#1117=ORIENTED_EDGE('',*,*,#2293,.F.);
#1118=ORIENTED_EDGE('',*,*,#2477,.T.);
#1119=ORIENTED_EDGE('',*,*,#2478,.T.);
#1120=ORIENTED_EDGE('',*,*,#2477,.F.);
#1121=ORIENTED_EDGE('',*,*,#2292,.F.);
#1122=ORIENTED_EDGE('',*,*,#2479,.T.);
#1123=ORIENTED_EDGE('',*,*,#2480,.T.);
#1124=ORIENTED_EDGE('',*,*,#2479,.F.);
#1125=ORIENTED_EDGE('',*,*,#2323,.F.);
#1126=ORIENTED_EDGE('',*,*,#2481,.T.);
#1127=ORIENTED_EDGE('',*,*,#2482,.T.);
#1128=ORIENTED_EDGE('',*,*,#2481,.F.);
#1129=ORIENTED_EDGE('',*,*,#2322,.F.);
#1130=ORIENTED_EDGE('',*,*,#2483,.T.);
#1131=ORIENTED_EDGE('',*,*,#2484,.T.);
#1132=ORIENTED_EDGE('',*,*,#2483,.F.);
#1133=ORIENTED_EDGE('',*,*,#2321,.F.);
#1134=ORIENTED_EDGE('',*,*,#2485,.T.);
#1135=ORIENTED_EDGE('',*,*,#2486,.T.);
#1136=ORIENTED_EDGE('',*,*,#2485,.F.);
#1137=ORIENTED_EDGE('',*,*,#2320,.F.);
#1138=ORIENTED_EDGE('',*,*,#2487,.T.);
#1139=ORIENTED_EDGE('',*,*,#2488,.T.);
#1140=ORIENTED_EDGE('',*,*,#2487,.F.);
#1141=ORIENTED_EDGE('',*,*,#2319,.F.);
#1142=ORIENTED_EDGE('',*,*,#2489,.T.);
#1143=ORIENTED_EDGE('',*,*,#2490,.T.);
#1144=ORIENTED_EDGE('',*,*,#2489,.F.);
#1145=ORIENTED_EDGE('',*,*,#2318,.F.);
#1146=ORIENTED_EDGE('',*,*,#2491,.T.);
#1147=ORIENTED_EDGE('',*,*,#2492,.T.);
#1148=ORIENTED_EDGE('',*,*,#2491,.F.);
#1149=ORIENTED_EDGE('',*,*,#2317,.F.);
#1150=ORIENTED_EDGE('',*,*,#2493,.T.);
#1151=ORIENTED_EDGE('',*,*,#2494,.T.);
#1152=ORIENTED_EDGE('',*,*,#2493,.F.);
#1153=ORIENTED_EDGE('',*,*,#2316,.F.);
#1154=ORIENTED_EDGE('',*,*,#2495,.T.);
#1155=ORIENTED_EDGE('',*,*,#2496,.T.);
#1156=ORIENTED_EDGE('',*,*,#2495,.F.);
#1157=ORIENTED_EDGE('',*,*,#2315,.F.);
#1158=ORIENTED_EDGE('',*,*,#2497,.T.);
#1159=ORIENTED_EDGE('',*,*,#2498,.T.);
#1160=ORIENTED_EDGE('',*,*,#2497,.F.);
#1161=ORIENTED_EDGE('',*,*,#2314,.F.);
#1162=ORIENTED_EDGE('',*,*,#2499,.T.);
#1163=ORIENTED_EDGE('',*,*,#2500,.T.);
#1164=ORIENTED_EDGE('',*,*,#2499,.F.);
#1165=ORIENTED_EDGE('',*,*,#2313,.F.);
#1166=ORIENTED_EDGE('',*,*,#2501,.T.);
#1167=ORIENTED_EDGE('',*,*,#2502,.T.);
#1168=ORIENTED_EDGE('',*,*,#2501,.F.);
#1169=ORIENTED_EDGE('',*,*,#2312,.F.);
#1170=ORIENTED_EDGE('',*,*,#2503,.T.);
#1171=ORIENTED_EDGE('',*,*,#2504,.T.);
#1172=ORIENTED_EDGE('',*,*,#2503,.F.);
#1173=ORIENTED_EDGE('',*,*,#2311,.F.);
#1174=ORIENTED_EDGE('',*,*,#2505,.T.);
#1175=ORIENTED_EDGE('',*,*,#2506,.T.);
#1176=ORIENTED_EDGE('',*,*,#2505,.F.);
#1177=ORIENTED_EDGE('',*,*,#2310,.F.);
#1178=ORIENTED_EDGE('',*,*,#2507,.T.);
#1179=ORIENTED_EDGE('',*,*,#2508,.T.);
#1180=ORIENTED_EDGE('',*,*,#2507,.F.);
#1181=ORIENTED_EDGE('',*,*,#2309,.F.);
#1182=ORIENTED_EDGE('',*,*,#2509,.T.);
#1183=ORIENTED_EDGE('',*,*,#2510,.T.);
#1184=ORIENTED_EDGE('',*,*,#2509,.F.);
#1185=ORIENTED_EDGE('',*,*,#2308,.F.);
#1186=ORIENTED_EDGE('',*,*,#2511,.T.);
#1187=ORIENTED_EDGE('',*,*,#2512,.T.);
#1188=ORIENTED_EDGE('',*,*,#2511,.F.);
#1189=ORIENTED_EDGE('',*,*,#2307,.F.);
#1190=ORIENTED_EDGE('',*,*,#2513,.T.);
#1191=ORIENTED_EDGE('',*,*,#2514,.T.);
#1192=ORIENTED_EDGE('',*,*,#2513,.F.);
#1193=ORIENTED_EDGE('',*,*,#2306,.F.);
#1194=ORIENTED_EDGE('',*,*,#2515,.T.);
#1195=ORIENTED_EDGE('',*,*,#2516,.T.);
#1196=ORIENTED_EDGE('',*,*,#2515,.F.);
#1197=ORIENTED_EDGE('',*,*,#2305,.F.);
#1198=ORIENTED_EDGE('',*,*,#2517,.T.);
#1199=ORIENTED_EDGE('',*,*,#2518,.T.);
#1200=ORIENTED_EDGE('',*,*,#2517,.F.);
#1201=ORIENTED_EDGE('',*,*,#2304,.F.);
#1202=ORIENTED_EDGE('',*,*,#2519,.T.);
#1203=ORIENTED_EDGE('',*,*,#2520,.T.);
#1204=ORIENTED_EDGE('',*,*,#2519,.F.);
#1205=ORIENTED_EDGE('',*,*,#2303,.F.);
#1206=ORIENTED_EDGE('',*,*,#2521,.T.);
#1207=ORIENTED_EDGE('',*,*,#2522,.T.);
#1208=ORIENTED_EDGE('',*,*,#2521,.F.);
#1209=ORIENTED_EDGE('',*,*,#2302,.F.);
#1210=ORIENTED_EDGE('',*,*,#2523,.T.);
#1211=ORIENTED_EDGE('',*,*,#2524,.T.);
#1212=ORIENTED_EDGE('',*,*,#2523,.F.);
#1213=ORIENTED_EDGE('',*,*,#2301,.F.);
#1214=ORIENTED_EDGE('',*,*,#2525,.T.);
#1215=ORIENTED_EDGE('',*,*,#2526,.T.);
#1216=ORIENTED_EDGE('',*,*,#2525,.F.);
#1217=ORIENTED_EDGE('',*,*,#2300,.F.);
#1218=ORIENTED_EDGE('',*,*,#2527,.T.);
#1219=ORIENTED_EDGE('',*,*,#2528,.T.);
#1220=ORIENTED_EDGE('',*,*,#2527,.F.);
#1221=ORIENTED_EDGE('',*,*,#2299,.F.);
#1222=ORIENTED_EDGE('',*,*,#2529,.T.);
#1223=ORIENTED_EDGE('',*,*,#2530,.T.);
#1224=ORIENTED_EDGE('',*,*,#2529,.F.);
#1225=ORIENTED_EDGE('',*,*,#2298,.F.);
#1226=ORIENTED_EDGE('',*,*,#2531,.T.);
#1227=ORIENTED_EDGE('',*,*,#2532,.T.);
#1228=ORIENTED_EDGE('',*,*,#2531,.F.);
#1229=ORIENTED_EDGE('',*,*,#2297,.F.);
#1230=ORIENTED_EDGE('',*,*,#2533,.T.);
#1231=ORIENTED_EDGE('',*,*,#2534,.T.);
#1232=ORIENTED_EDGE('',*,*,#2533,.F.);
#1233=ORIENTED_EDGE('',*,*,#2296,.F.);
#1234=ORIENTED_EDGE('',*,*,#2535,.T.);
#1235=ORIENTED_EDGE('',*,*,#2536,.T.);
#1236=ORIENTED_EDGE('',*,*,#2535,.F.);
#1237=ORIENTED_EDGE('',*,*,#2295,.F.);
#1238=ORIENTED_EDGE('',*,*,#2537,.T.);
#1239=ORIENTED_EDGE('',*,*,#2538,.T.);
#1240=ORIENTED_EDGE('',*,*,#2537,.F.);
#1241=ORIENTED_EDGE('',*,*,#2294,.F.);
#1242=ORIENTED_EDGE('',*,*,#2476,.T.);
#1243=ORIENTED_EDGE('',*,*,#2475,.F.);
#1244=ORIENTED_EDGE('',*,*,#2478,.F.);
#1245=ORIENTED_EDGE('',*,*,#2480,.F.);
#1246=ORIENTED_EDGE('',*,*,#2482,.F.);
#1247=ORIENTED_EDGE('',*,*,#2484,.F.);
#1248=ORIENTED_EDGE('',*,*,#2486,.F.);
#1249=ORIENTED_EDGE('',*,*,#2488,.F.);
#1250=ORIENTED_EDGE('',*,*,#2490,.F.);
#1251=ORIENTED_EDGE('',*,*,#2492,.F.);
#1252=ORIENTED_EDGE('',*,*,#2494,.F.);
#1253=ORIENTED_EDGE('',*,*,#2496,.F.);
#1254=ORIENTED_EDGE('',*,*,#2498,.F.);
#1255=ORIENTED_EDGE('',*,*,#2500,.F.);
#1256=ORIENTED_EDGE('',*,*,#2502,.F.);
#1257=ORIENTED_EDGE('',*,*,#2504,.F.);
#1258=ORIENTED_EDGE('',*,*,#2506,.F.);
#1259=ORIENTED_EDGE('',*,*,#2508,.F.);
#1260=ORIENTED_EDGE('',*,*,#2510,.F.);
#1261=ORIENTED_EDGE('',*,*,#2512,.F.);
#1262=ORIENTED_EDGE('',*,*,#2514,.F.);
#1263=ORIENTED_EDGE('',*,*,#2516,.F.);
#1264=ORIENTED_EDGE('',*,*,#2518,.F.);
#1265=ORIENTED_EDGE('',*,*,#2520,.F.);
#1266=ORIENTED_EDGE('',*,*,#2522,.F.);
#1267=ORIENTED_EDGE('',*,*,#2524,.F.);
#1268=ORIENTED_EDGE('',*,*,#2526,.F.);
#1269=ORIENTED_EDGE('',*,*,#2528,.F.);
#1270=ORIENTED_EDGE('',*,*,#2530,.F.);
#1271=ORIENTED_EDGE('',*,*,#2532,.F.);
#1272=ORIENTED_EDGE('',*,*,#2534,.F.);
#1273=ORIENTED_EDGE('',*,*,#2536,.F.);
#1274=ORIENTED_EDGE('',*,*,#2538,.F.);
#1275=ORIENTED_EDGE('',*,*,#2539,.T.);
#1276=ORIENTED_EDGE('',*,*,#2540,.F.);
#1277=ORIENTED_EDGE('',*,*,#2325,.F.);
#1278=ORIENTED_EDGE('',*,*,#2541,.T.);
#1279=ORIENTED_EDGE('',*,*,#2542,.T.);
#1280=ORIENTED_EDGE('',*,*,#2541,.F.);
#1281=ORIENTED_EDGE('',*,*,#2324,.F.);
#1282=ORIENTED_EDGE('',*,*,#2543,.T.);
#1283=ORIENTED_EDGE('',*,*,#2544,.T.);
#1284=ORIENTED_EDGE('',*,*,#2543,.F.);
#1285=ORIENTED_EDGE('',*,*,#2353,.F.);
#1286=ORIENTED_EDGE('',*,*,#2545,.T.);
#1287=ORIENTED_EDGE('',*,*,#2546,.T.);
#1288=ORIENTED_EDGE('',*,*,#2545,.F.);
#1289=ORIENTED_EDGE('',*,*,#2352,.F.);
#1290=ORIENTED_EDGE('',*,*,#2547,.T.);
#1291=ORIENTED_EDGE('',*,*,#2548,.T.);
#1292=ORIENTED_EDGE('',*,*,#2547,.F.);
#1293=ORIENTED_EDGE('',*,*,#2351,.F.);
#1294=ORIENTED_EDGE('',*,*,#2549,.T.);
#1295=ORIENTED_EDGE('',*,*,#2550,.T.);
#1296=ORIENTED_EDGE('',*,*,#2549,.F.);
#1297=ORIENTED_EDGE('',*,*,#2350,.F.);
#1298=ORIENTED_EDGE('',*,*,#2551,.T.);
#1299=ORIENTED_EDGE('',*,*,#2552,.T.);
#1300=ORIENTED_EDGE('',*,*,#2551,.F.);
#1301=ORIENTED_EDGE('',*,*,#2349,.F.);
#1302=ORIENTED_EDGE('',*,*,#2553,.T.);
#1303=ORIENTED_EDGE('',*,*,#2554,.T.);
#1304=ORIENTED_EDGE('',*,*,#2553,.F.);
#1305=ORIENTED_EDGE('',*,*,#2348,.F.);
#1306=ORIENTED_EDGE('',*,*,#2555,.T.);
#1307=ORIENTED_EDGE('',*,*,#2556,.T.);
#1308=ORIENTED_EDGE('',*,*,#2555,.F.);
#1309=ORIENTED_EDGE('',*,*,#2347,.F.);
#1310=ORIENTED_EDGE('',*,*,#2557,.T.);
#1311=ORIENTED_EDGE('',*,*,#2558,.T.);
#1312=ORIENTED_EDGE('',*,*,#2557,.F.);
#1313=ORIENTED_EDGE('',*,*,#2346,.F.);
#1314=ORIENTED_EDGE('',*,*,#2559,.T.);
#1315=ORIENTED_EDGE('',*,*,#2560,.T.);
#1316=ORIENTED_EDGE('',*,*,#2559,.F.);
#1317=ORIENTED_EDGE('',*,*,#2345,.F.);
#1318=ORIENTED_EDGE('',*,*,#2561,.T.);
#1319=ORIENTED_EDGE('',*,*,#2562,.T.);
#1320=ORIENTED_EDGE('',*,*,#2561,.F.);
#1321=ORIENTED_EDGE('',*,*,#2344,.F.);
#1322=ORIENTED_EDGE('',*,*,#2563,.T.);
#1323=ORIENTED_EDGE('',*,*,#2564,.T.);
#1324=ORIENTED_EDGE('',*,*,#2563,.F.);
#1325=ORIENTED_EDGE('',*,*,#2343,.F.);
#1326=ORIENTED_EDGE('',*,*,#2565,.T.);
#1327=ORIENTED_EDGE('',*,*,#2566,.T.);
#1328=ORIENTED_EDGE('',*,*,#2565,.F.);
#1329=ORIENTED_EDGE('',*,*,#2342,.F.);
#1330=ORIENTED_EDGE('',*,*,#2567,.T.);
#1331=ORIENTED_EDGE('',*,*,#2568,.T.);
#1332=ORIENTED_EDGE('',*,*,#2567,.F.);
#1333=ORIENTED_EDGE('',*,*,#2341,.F.);
#1334=ORIENTED_EDGE('',*,*,#2569,.T.);
#1335=ORIENTED_EDGE('',*,*,#2570,.T.);
#1336=ORIENTED_EDGE('',*,*,#2569,.F.);
#1337=ORIENTED_EDGE('',*,*,#2340,.F.);
#1338=ORIENTED_EDGE('',*,*,#2571,.T.);
#1339=ORIENTED_EDGE('',*,*,#2572,.T.);
#1340=ORIENTED_EDGE('',*,*,#2571,.F.);
#1341=ORIENTED_EDGE('',*,*,#2339,.F.);
#1342=ORIENTED_EDGE('',*,*,#2573,.T.);
#1343=ORIENTED_EDGE('',*,*,#2574,.T.);
#1344=ORIENTED_EDGE('',*,*,#2573,.F.);
#1345=ORIENTED_EDGE('',*,*,#2338,.F.);
#1346=ORIENTED_EDGE('',*,*,#2575,.T.);
#1347=ORIENTED_EDGE('',*,*,#2576,.T.);
#1348=ORIENTED_EDGE('',*,*,#2575,.F.);
#1349=ORIENTED_EDGE('',*,*,#2337,.F.);
#1350=ORIENTED_EDGE('',*,*,#2577,.T.);
#1351=ORIENTED_EDGE('',*,*,#2578,.T.);
#1352=ORIENTED_EDGE('',*,*,#2577,.F.);
#1353=ORIENTED_EDGE('',*,*,#2336,.F.);
#1354=ORIENTED_EDGE('',*,*,#2579,.T.);
#1355=ORIENTED_EDGE('',*,*,#2580,.T.);
#1356=ORIENTED_EDGE('',*,*,#2579,.F.);
#1357=ORIENTED_EDGE('',*,*,#2335,.F.);
#1358=ORIENTED_EDGE('',*,*,#2581,.T.);
#1359=ORIENTED_EDGE('',*,*,#2582,.T.);
#1360=ORIENTED_EDGE('',*,*,#2581,.F.);
#1361=ORIENTED_EDGE('',*,*,#2334,.F.);
#1362=ORIENTED_EDGE('',*,*,#2583,.T.);
#1363=ORIENTED_EDGE('',*,*,#2584,.T.);
#1364=ORIENTED_EDGE('',*,*,#2583,.F.);
#1365=ORIENTED_EDGE('',*,*,#2333,.F.);
#1366=ORIENTED_EDGE('',*,*,#2585,.T.);
#1367=ORIENTED_EDGE('',*,*,#2586,.T.);
#1368=ORIENTED_EDGE('',*,*,#2585,.F.);
#1369=ORIENTED_EDGE('',*,*,#2332,.F.);
#1370=ORIENTED_EDGE('',*,*,#2587,.T.);
#1371=ORIENTED_EDGE('',*,*,#2588,.T.);
#1372=ORIENTED_EDGE('',*,*,#2587,.F.);
#1373=ORIENTED_EDGE('',*,*,#2331,.F.);
#1374=ORIENTED_EDGE('',*,*,#2589,.T.);
#1375=ORIENTED_EDGE('',*,*,#2590,.T.);
#1376=ORIENTED_EDGE('',*,*,#2589,.F.);
#1377=ORIENTED_EDGE('',*,*,#2330,.F.);
#1378=ORIENTED_EDGE('',*,*,#2591,.T.);
#1379=ORIENTED_EDGE('',*,*,#2592,.T.);
#1380=ORIENTED_EDGE('',*,*,#2591,.F.);
#1381=ORIENTED_EDGE('',*,*,#2329,.F.);
#1382=ORIENTED_EDGE('',*,*,#2593,.T.);
#1383=ORIENTED_EDGE('',*,*,#2594,.T.);
#1384=ORIENTED_EDGE('',*,*,#2593,.F.);
#1385=ORIENTED_EDGE('',*,*,#2328,.F.);
#1386=ORIENTED_EDGE('',*,*,#2595,.T.);
#1387=ORIENTED_EDGE('',*,*,#2596,.T.);
#1388=ORIENTED_EDGE('',*,*,#2595,.F.);
#1389=ORIENTED_EDGE('',*,*,#2327,.F.);
#1390=ORIENTED_EDGE('',*,*,#2597,.T.);
#1391=ORIENTED_EDGE('',*,*,#2598,.T.);
#1392=ORIENTED_EDGE('',*,*,#2597,.F.);
#1393=ORIENTED_EDGE('',*,*,#2326,.F.);
#1394=ORIENTED_EDGE('',*,*,#2540,.T.);
#1395=ORIENTED_EDGE('',*,*,#2539,.F.);
#1396=ORIENTED_EDGE('',*,*,#2542,.F.);
#1397=ORIENTED_EDGE('',*,*,#2544,.F.);
#1398=ORIENTED_EDGE('',*,*,#2546,.F.);
#1399=ORIENTED_EDGE('',*,*,#2548,.F.);
#1400=ORIENTED_EDGE('',*,*,#2550,.F.);
#1401=ORIENTED_EDGE('',*,*,#2552,.F.);
#1402=ORIENTED_EDGE('',*,*,#2554,.F.);
#1403=ORIENTED_EDGE('',*,*,#2556,.F.);
#1404=ORIENTED_EDGE('',*,*,#2558,.F.);
#1405=ORIENTED_EDGE('',*,*,#2560,.F.);
#1406=ORIENTED_EDGE('',*,*,#2562,.F.);
#1407=ORIENTED_EDGE('',*,*,#2564,.F.);
#1408=ORIENTED_EDGE('',*,*,#2566,.F.);
#1409=ORIENTED_EDGE('',*,*,#2568,.F.);
#1410=ORIENTED_EDGE('',*,*,#2570,.F.);
#1411=ORIENTED_EDGE('',*,*,#2572,.F.);
#1412=ORIENTED_EDGE('',*,*,#2574,.F.);
#1413=ORIENTED_EDGE('',*,*,#2576,.F.);
#1414=ORIENTED_EDGE('',*,*,#2578,.F.);
#1415=ORIENTED_EDGE('',*,*,#2580,.F.);
#1416=ORIENTED_EDGE('',*,*,#2582,.F.);
#1417=ORIENTED_EDGE('',*,*,#2584,.F.);
#1418=ORIENTED_EDGE('',*,*,#2586,.F.);
#1419=ORIENTED_EDGE('',*,*,#2588,.F.);
#1420=ORIENTED_EDGE('',*,*,#2590,.F.);
#1421=ORIENTED_EDGE('',*,*,#2592,.F.);
#1422=ORIENTED_EDGE('',*,*,#2594,.F.);
#1423=ORIENTED_EDGE('',*,*,#2596,.F.);
#1424=ORIENTED_EDGE('',*,*,#2598,.F.);
#1425=ORIENTED_EDGE('',*,*,#2238,.T.);
#1426=ORIENTED_EDGE('',*,*,#2599,.F.);
#1427=ORIENTED_EDGE('',*,*,#2599,.T.);
#1428=ORIENTED_EDGE('',*,*,#2443,.T.);
#1429=ORIENTED_EDGE('',*,*,#2440,.T.);
#1430=ORIENTED_EDGE('',*,*,#2474,.T.);
#1431=ORIENTED_EDGE('',*,*,#2449,.T.);
#1432=ORIENTED_EDGE('',*,*,#2446,.T.);
#1433=ORIENTED_EDGE('',*,*,#2600,.F.);
#1434=ORIENTED_EDGE('',*,*,#2601,.T.);
#1435=ORIENTED_EDGE('',*,*,#2602,.T.);
#1436=ORIENTED_EDGE('',*,*,#2603,.T.);
#1437=ORIENTED_EDGE('',*,*,#2604,.T.);
#1438=ORIENTED_EDGE('',*,*,#2605,.T.);
#1439=ORIENTED_EDGE('',*,*,#2606,.T.);
#1440=ORIENTED_EDGE('',*,*,#2607,.T.);
#1441=ORIENTED_EDGE('',*,*,#2608,.T.);
#1442=ORIENTED_EDGE('',*,*,#2609,.T.);
#1443=ORIENTED_EDGE('',*,*,#2610,.T.);
#1444=ORIENTED_EDGE('',*,*,#2611,.T.);
#1445=ORIENTED_EDGE('',*,*,#2612,.T.);
#1446=ORIENTED_EDGE('',*,*,#2613,.T.);
#1447=ORIENTED_EDGE('',*,*,#2614,.T.);
#1448=ORIENTED_EDGE('',*,*,#2615,.T.);
#1449=ORIENTED_EDGE('',*,*,#2616,.T.);
#1450=ORIENTED_EDGE('',*,*,#2617,.T.);
#1451=ORIENTED_EDGE('',*,*,#2618,.T.);
#1452=ORIENTED_EDGE('',*,*,#2619,.T.);
#1453=ORIENTED_EDGE('',*,*,#2620,.T.);
#1454=ORIENTED_EDGE('',*,*,#2621,.T.);
#1455=ORIENTED_EDGE('',*,*,#2622,.T.);
#1456=ORIENTED_EDGE('',*,*,#2623,.T.);
#1457=ORIENTED_EDGE('',*,*,#2624,.T.);
#1458=ORIENTED_EDGE('',*,*,#2625,.T.);
#1459=ORIENTED_EDGE('',*,*,#2626,.T.);
#1460=ORIENTED_EDGE('',*,*,#2627,.T.);
#1461=ORIENTED_EDGE('',*,*,#2628,.T.);
#1462=ORIENTED_EDGE('',*,*,#2629,.T.);
#1463=ORIENTED_EDGE('',*,*,#2630,.T.);
#1464=ORIENTED_EDGE('',*,*,#2631,.T.);
#1465=ORIENTED_EDGE('',*,*,#2632,.T.);
#1466=ORIENTED_EDGE('',*,*,#2633,.T.);
#1467=ORIENTED_EDGE('',*,*,#2634,.T.);
#1468=ORIENTED_EDGE('',*,*,#2635,.T.);
#1469=ORIENTED_EDGE('',*,*,#2636,.T.);
#1470=ORIENTED_EDGE('',*,*,#2637,.T.);
#1471=ORIENTED_EDGE('',*,*,#2638,.T.);
#1472=ORIENTED_EDGE('',*,*,#2639,.T.);
#1473=ORIENTED_EDGE('',*,*,#2640,.T.);
#1474=ORIENTED_EDGE('',*,*,#2641,.T.);
#1475=ORIENTED_EDGE('',*,*,#2642,.T.);
#1476=ORIENTED_EDGE('',*,*,#2643,.T.);
#1477=ORIENTED_EDGE('',*,*,#2644,.T.);
#1478=ORIENTED_EDGE('',*,*,#2645,.T.);
#1479=ORIENTED_EDGE('',*,*,#2646,.T.);
#1480=ORIENTED_EDGE('',*,*,#2647,.T.);
#1481=ORIENTED_EDGE('',*,*,#2648,.T.);
#1482=ORIENTED_EDGE('',*,*,#2649,.T.);
#1483=ORIENTED_EDGE('',*,*,#2650,.T.);
#1484=ORIENTED_EDGE('',*,*,#2651,.T.);
#1485=ORIENTED_EDGE('',*,*,#2652,.T.);
#1486=ORIENTED_EDGE('',*,*,#2653,.T.);
#1487=ORIENTED_EDGE('',*,*,#2654,.T.);
#1488=ORIENTED_EDGE('',*,*,#2655,.T.);
#1489=ORIENTED_EDGE('',*,*,#2656,.T.);
#1490=ORIENTED_EDGE('',*,*,#2657,.T.);
#1491=ORIENTED_EDGE('',*,*,#2658,.T.);
#1492=ORIENTED_EDGE('',*,*,#2659,.T.);
#1493=ORIENTED_EDGE('',*,*,#2660,.T.);
#1494=ORIENTED_EDGE('',*,*,#2661,.T.);
#1495=ORIENTED_EDGE('',*,*,#2662,.T.);
#1496=ORIENTED_EDGE('',*,*,#2663,.T.);
#1497=ORIENTED_EDGE('',*,*,#2664,.T.);
#1498=ORIENTED_EDGE('',*,*,#2665,.T.);
#1499=ORIENTED_EDGE('',*,*,#2666,.T.);
#1500=ORIENTED_EDGE('',*,*,#2667,.T.);
#1501=ORIENTED_EDGE('',*,*,#2668,.T.);
#1502=ORIENTED_EDGE('',*,*,#2669,.T.);
#1503=ORIENTED_EDGE('',*,*,#2670,.T.);
#1504=ORIENTED_EDGE('',*,*,#2671,.T.);
#1505=ORIENTED_EDGE('',*,*,#2672,.T.);
#1506=ORIENTED_EDGE('',*,*,#2673,.T.);
#1507=ORIENTED_EDGE('',*,*,#2674,.T.);
#1508=ORIENTED_EDGE('',*,*,#2675,.T.);
#1509=ORIENTED_EDGE('',*,*,#2676,.T.);
#1510=ORIENTED_EDGE('',*,*,#2677,.T.);
#1511=ORIENTED_EDGE('',*,*,#2678,.T.);
#1512=ORIENTED_EDGE('',*,*,#2679,.T.);
#1513=ORIENTED_EDGE('',*,*,#2680,.T.);
#1514=ORIENTED_EDGE('',*,*,#2681,.T.);
#1515=ORIENTED_EDGE('',*,*,#2682,.T.);
#1516=ORIENTED_EDGE('',*,*,#2683,.T.);
#1517=ORIENTED_EDGE('',*,*,#2684,.T.);
#1518=ORIENTED_EDGE('',*,*,#2685,.T.);
#1519=ORIENTED_EDGE('',*,*,#2686,.T.);
#1520=ORIENTED_EDGE('',*,*,#2687,.T.);
#1521=ORIENTED_EDGE('',*,*,#2688,.T.);
#1522=ORIENTED_EDGE('',*,*,#2689,.T.);
#1523=ORIENTED_EDGE('',*,*,#2690,.T.);
#1524=ORIENTED_EDGE('',*,*,#2691,.T.);
#1525=ORIENTED_EDGE('',*,*,#2692,.T.);
#1526=ORIENTED_EDGE('',*,*,#2693,.T.);
#1527=ORIENTED_EDGE('',*,*,#2694,.T.);
#1528=ORIENTED_EDGE('',*,*,#2695,.T.);
#1529=ORIENTED_EDGE('',*,*,#2696,.T.);
#1530=ORIENTED_EDGE('',*,*,#2697,.T.);
#1531=ORIENTED_EDGE('',*,*,#2698,.T.);
#1532=ORIENTED_EDGE('',*,*,#2699,.T.);
#1533=ORIENTED_EDGE('',*,*,#2700,.T.);
#1534=ORIENTED_EDGE('',*,*,#2701,.T.);
#1535=ORIENTED_EDGE('',*,*,#2702,.T.);
#1536=ORIENTED_EDGE('',*,*,#2703,.T.);
#1537=ORIENTED_EDGE('',*,*,#2704,.T.);
#1538=ORIENTED_EDGE('',*,*,#2705,.T.);
#1539=ORIENTED_EDGE('',*,*,#2706,.T.);
#1540=ORIENTED_EDGE('',*,*,#2707,.T.);
#1541=ORIENTED_EDGE('',*,*,#2708,.T.);
#1542=ORIENTED_EDGE('',*,*,#2709,.T.);
#1543=ORIENTED_EDGE('',*,*,#2710,.T.);
#1544=ORIENTED_EDGE('',*,*,#2711,.T.);
#1545=ORIENTED_EDGE('',*,*,#2712,.T.);
#1546=ORIENTED_EDGE('',*,*,#2713,.T.);
#1547=ORIENTED_EDGE('',*,*,#2714,.T.);
#1548=ORIENTED_EDGE('',*,*,#2715,.T.);
#1549=ORIENTED_EDGE('',*,*,#2716,.T.);
#1550=ORIENTED_EDGE('',*,*,#2717,.F.);
#1551=ORIENTED_EDGE('',*,*,#2718,.F.);
#1552=ORIENTED_EDGE('',*,*,#2719,.F.);
#1553=ORIENTED_EDGE('',*,*,#2720,.F.);
#1554=ORIENTED_EDGE('',*,*,#2721,.F.);
#1555=ORIENTED_EDGE('',*,*,#2722,.F.);
#1556=ORIENTED_EDGE('',*,*,#2723,.F.);
#1557=ORIENTED_EDGE('',*,*,#2724,.F.);
#1558=ORIENTED_EDGE('',*,*,#2725,.F.);
#1559=ORIENTED_EDGE('',*,*,#2726,.F.);
#1560=ORIENTED_EDGE('',*,*,#2727,.F.);
#1561=ORIENTED_EDGE('',*,*,#2728,.F.);
#1562=ORIENTED_EDGE('',*,*,#2729,.F.);
#1563=ORIENTED_EDGE('',*,*,#2730,.F.);
#1564=ORIENTED_EDGE('',*,*,#2731,.F.);
#1565=ORIENTED_EDGE('',*,*,#2732,.F.);
#1566=ORIENTED_EDGE('',*,*,#2733,.F.);
#1567=ORIENTED_EDGE('',*,*,#2734,.F.);
#1568=ORIENTED_EDGE('',*,*,#2735,.F.);
#1569=ORIENTED_EDGE('',*,*,#2736,.F.);
#1570=ORIENTED_EDGE('',*,*,#2737,.F.);
#1571=ORIENTED_EDGE('',*,*,#2738,.F.);
#1572=ORIENTED_EDGE('',*,*,#2739,.F.);
#1573=ORIENTED_EDGE('',*,*,#2740,.F.);
#1574=ORIENTED_EDGE('',*,*,#2741,.F.);
#1575=ORIENTED_EDGE('',*,*,#2742,.F.);
#1576=ORIENTED_EDGE('',*,*,#2743,.F.);
#1577=ORIENTED_EDGE('',*,*,#2744,.F.);
#1578=ORIENTED_EDGE('',*,*,#2745,.F.);
#1579=ORIENTED_EDGE('',*,*,#2746,.F.);
#1580=ORIENTED_EDGE('',*,*,#2747,.F.);
#1581=ORIENTED_EDGE('',*,*,#2748,.F.);
#1582=ORIENTED_EDGE('',*,*,#2749,.F.);
#1583=ORIENTED_EDGE('',*,*,#2750,.F.);
#1584=ORIENTED_EDGE('',*,*,#2751,.F.);
#1585=ORIENTED_EDGE('',*,*,#2752,.F.);
#1586=ORIENTED_EDGE('',*,*,#2753,.F.);
#1587=ORIENTED_EDGE('',*,*,#2754,.F.);
#1588=ORIENTED_EDGE('',*,*,#2755,.F.);
#1589=ORIENTED_EDGE('',*,*,#2756,.F.);
#1590=ORIENTED_EDGE('',*,*,#2757,.F.);
#1591=ORIENTED_EDGE('',*,*,#2758,.F.);
#1592=ORIENTED_EDGE('',*,*,#2759,.F.);
#1593=ORIENTED_EDGE('',*,*,#2760,.F.);
#1594=ORIENTED_EDGE('',*,*,#2761,.F.);
#1595=ORIENTED_EDGE('',*,*,#2762,.F.);
#1596=ORIENTED_EDGE('',*,*,#2763,.F.);
#1597=ORIENTED_EDGE('',*,*,#2764,.F.);
#1598=ORIENTED_EDGE('',*,*,#2765,.F.);
#1599=ORIENTED_EDGE('',*,*,#2766,.F.);
#1600=ORIENTED_EDGE('',*,*,#2767,.F.);
#1601=ORIENTED_EDGE('',*,*,#2768,.F.);
#1602=ORIENTED_EDGE('',*,*,#2769,.F.);
#1603=ORIENTED_EDGE('',*,*,#2770,.F.);
#1604=ORIENTED_EDGE('',*,*,#2771,.F.);
#1605=ORIENTED_EDGE('',*,*,#2772,.F.);
#1606=ORIENTED_EDGE('',*,*,#2773,.F.);
#1607=ORIENTED_EDGE('',*,*,#2774,.F.);
#1608=ORIENTED_EDGE('',*,*,#2775,.F.);
#1609=ORIENTED_EDGE('',*,*,#2776,.F.);
#1610=ORIENTED_EDGE('',*,*,#2777,.F.);
#1611=ORIENTED_EDGE('',*,*,#2778,.F.);
#1612=ORIENTED_EDGE('',*,*,#2779,.F.);
#1613=ORIENTED_EDGE('',*,*,#2780,.F.);
#1614=ORIENTED_EDGE('',*,*,#2781,.F.);
#1615=ORIENTED_EDGE('',*,*,#2782,.F.);
#1616=ORIENTED_EDGE('',*,*,#2783,.F.);
#1617=ORIENTED_EDGE('',*,*,#2784,.F.);
#1618=ORIENTED_EDGE('',*,*,#2785,.F.);
#1619=ORIENTED_EDGE('',*,*,#2786,.F.);
#1620=ORIENTED_EDGE('',*,*,#2787,.F.);
#1621=ORIENTED_EDGE('',*,*,#2788,.F.);
#1622=ORIENTED_EDGE('',*,*,#2789,.F.);
#1623=ORIENTED_EDGE('',*,*,#2790,.F.);
#1624=ORIENTED_EDGE('',*,*,#2791,.F.);
#1625=ORIENTED_EDGE('',*,*,#2792,.F.);
#1626=ORIENTED_EDGE('',*,*,#2793,.F.);
#1627=ORIENTED_EDGE('',*,*,#2794,.F.);
#1628=ORIENTED_EDGE('',*,*,#2795,.F.);
#1629=ORIENTED_EDGE('',*,*,#2796,.F.);
#1630=ORIENTED_EDGE('',*,*,#2797,.F.);
#1631=ORIENTED_EDGE('',*,*,#2798,.F.);
#1632=ORIENTED_EDGE('',*,*,#2799,.F.);
#1633=ORIENTED_EDGE('',*,*,#2800,.F.);
#1634=ORIENTED_EDGE('',*,*,#2801,.F.);
#1635=ORIENTED_EDGE('',*,*,#2802,.F.);
#1636=ORIENTED_EDGE('',*,*,#2803,.F.);
#1637=ORIENTED_EDGE('',*,*,#2804,.F.);
#1638=ORIENTED_EDGE('',*,*,#2805,.F.);
#1639=ORIENTED_EDGE('',*,*,#2806,.F.);
#1640=ORIENTED_EDGE('',*,*,#2807,.F.);
#1641=ORIENTED_EDGE('',*,*,#2808,.F.);
#1642=ORIENTED_EDGE('',*,*,#2809,.F.);
#1643=ORIENTED_EDGE('',*,*,#2810,.F.);
#1644=ORIENTED_EDGE('',*,*,#2811,.F.);
#1645=ORIENTED_EDGE('',*,*,#2812,.F.);
#1646=ORIENTED_EDGE('',*,*,#2813,.F.);
#1647=ORIENTED_EDGE('',*,*,#2814,.F.);
#1648=ORIENTED_EDGE('',*,*,#2815,.F.);
#1649=ORIENTED_EDGE('',*,*,#2816,.F.);
#1650=ORIENTED_EDGE('',*,*,#2817,.F.);
#1651=ORIENTED_EDGE('',*,*,#2818,.F.);
#1652=ORIENTED_EDGE('',*,*,#2819,.F.);
#1653=ORIENTED_EDGE('',*,*,#2820,.F.);
#1654=ORIENTED_EDGE('',*,*,#2821,.F.);
#1655=ORIENTED_EDGE('',*,*,#2822,.F.);
#1656=ORIENTED_EDGE('',*,*,#2823,.F.);
#1657=ORIENTED_EDGE('',*,*,#2824,.F.);
#1658=ORIENTED_EDGE('',*,*,#2825,.F.);
#1659=ORIENTED_EDGE('',*,*,#2826,.F.);
#1660=ORIENTED_EDGE('',*,*,#2827,.F.);
#1661=ORIENTED_EDGE('',*,*,#2828,.F.);
#1662=ORIENTED_EDGE('',*,*,#2829,.F.);
#1663=ORIENTED_EDGE('',*,*,#2830,.F.);
#1664=ORIENTED_EDGE('',*,*,#2831,.F.);
#1665=ORIENTED_EDGE('',*,*,#2775,.T.);
#1666=ORIENTED_EDGE('',*,*,#2832,.F.);
#1667=ORIENTED_EDGE('',*,*,#2697,.F.);
#1668=ORIENTED_EDGE('',*,*,#2833,.T.);
#1669=ORIENTED_EDGE('',*,*,#2782,.T.);
#1670=ORIENTED_EDGE('',*,*,#2834,.F.);
#1671=ORIENTED_EDGE('',*,*,#2698,.F.);
#1672=ORIENTED_EDGE('',*,*,#2832,.T.);
#1673=ORIENTED_EDGE('',*,*,#2781,.T.);
#1674=ORIENTED_EDGE('',*,*,#2835,.F.);
#1675=ORIENTED_EDGE('',*,*,#2699,.F.);
#1676=ORIENTED_EDGE('',*,*,#2834,.T.);
#1677=ORIENTED_EDGE('',*,*,#2780,.T.);
#1678=ORIENTED_EDGE('',*,*,#2836,.F.);
#1679=ORIENTED_EDGE('',*,*,#2700,.F.);
#1680=ORIENTED_EDGE('',*,*,#2835,.T.);
#1681=ORIENTED_EDGE('',*,*,#2779,.T.);
#1682=ORIENTED_EDGE('',*,*,#2837,.F.);
#1683=ORIENTED_EDGE('',*,*,#2701,.F.);
#1684=ORIENTED_EDGE('',*,*,#2836,.T.);
#1685=ORIENTED_EDGE('',*,*,#2778,.T.);
#1686=ORIENTED_EDGE('',*,*,#2838,.F.);
#1687=ORIENTED_EDGE('',*,*,#2702,.F.);
#1688=ORIENTED_EDGE('',*,*,#2837,.T.);
#1689=ORIENTED_EDGE('',*,*,#2777,.T.);
#1690=ORIENTED_EDGE('',*,*,#2839,.F.);
#1691=ORIENTED_EDGE('',*,*,#2703,.F.);
#1692=ORIENTED_EDGE('',*,*,#2838,.T.);
#1693=ORIENTED_EDGE('',*,*,#2776,.T.);
#1694=ORIENTED_EDGE('',*,*,#2833,.F.);
#1695=ORIENTED_EDGE('',*,*,#2704,.F.);
#1696=ORIENTED_EDGE('',*,*,#2839,.T.);
#1697=ORIENTED_EDGE('',*,*,#2668,.F.);
#1698=ORIENTED_EDGE('',*,*,#2840,.F.);
#1699=ORIENTED_EDGE('',*,*,#2783,.T.);
#1700=ORIENTED_EDGE('',*,*,#2841,.T.);
#1701=ORIENTED_EDGE('',*,*,#2667,.F.);
#1702=ORIENTED_EDGE('',*,*,#2842,.F.);
#1703=ORIENTED_EDGE('',*,*,#2784,.T.);
#1704=ORIENTED_EDGE('',*,*,#2840,.T.);
#1705=ORIENTED_EDGE('',*,*,#2696,.F.);
#1706=ORIENTED_EDGE('',*,*,#2843,.F.);
#1707=ORIENTED_EDGE('',*,*,#2785,.T.);
#1708=ORIENTED_EDGE('',*,*,#2842,.T.);
#1709=ORIENTED_EDGE('',*,*,#2695,.F.);
#1710=ORIENTED_EDGE('',*,*,#2844,.F.);
#1711=ORIENTED_EDGE('',*,*,#2786,.T.);
#1712=ORIENTED_EDGE('',*,*,#2843,.T.);
#1713=ORIENTED_EDGE('',*,*,#2694,.F.);
#1714=ORIENTED_EDGE('',*,*,#2845,.F.);
#1715=ORIENTED_EDGE('',*,*,#2787,.T.);
#1716=ORIENTED_EDGE('',*,*,#2844,.T.);
#1717=ORIENTED_EDGE('',*,*,#2693,.F.);
#1718=ORIENTED_EDGE('',*,*,#2846,.F.);
#1719=ORIENTED_EDGE('',*,*,#2788,.T.);
#1720=ORIENTED_EDGE('',*,*,#2845,.T.);
#1721=ORIENTED_EDGE('',*,*,#2692,.F.);
#1722=ORIENTED_EDGE('',*,*,#2847,.F.);
#1723=ORIENTED_EDGE('',*,*,#2789,.T.);
#1724=ORIENTED_EDGE('',*,*,#2846,.T.);
#1725=ORIENTED_EDGE('',*,*,#2691,.F.);
#1726=ORIENTED_EDGE('',*,*,#2848,.F.);
#1727=ORIENTED_EDGE('',*,*,#2790,.T.);
#1728=ORIENTED_EDGE('',*,*,#2847,.T.);
#1729=ORIENTED_EDGE('',*,*,#2690,.F.);
#1730=ORIENTED_EDGE('',*,*,#2849,.F.);
#1731=ORIENTED_EDGE('',*,*,#2791,.T.);
#1732=ORIENTED_EDGE('',*,*,#2848,.T.);
#1733=ORIENTED_EDGE('',*,*,#2689,.F.);
#1734=ORIENTED_EDGE('',*,*,#2850,.F.);
#1735=ORIENTED_EDGE('',*,*,#2792,.T.);
#1736=ORIENTED_EDGE('',*,*,#2849,.T.);
#1737=ORIENTED_EDGE('',*,*,#2688,.F.);
#1738=ORIENTED_EDGE('',*,*,#2851,.F.);
#1739=ORIENTED_EDGE('',*,*,#2793,.T.);
#1740=ORIENTED_EDGE('',*,*,#2850,.T.);
#1741=ORIENTED_EDGE('',*,*,#2687,.F.);
#1742=ORIENTED_EDGE('',*,*,#2852,.F.);
#1743=ORIENTED_EDGE('',*,*,#2794,.T.);
#1744=ORIENTED_EDGE('',*,*,#2851,.T.);
#1745=ORIENTED_EDGE('',*,*,#2686,.F.);
#1746=ORIENTED_EDGE('',*,*,#2853,.F.);
#1747=ORIENTED_EDGE('',*,*,#2795,.T.);
#1748=ORIENTED_EDGE('',*,*,#2852,.T.);
#1749=ORIENTED_EDGE('',*,*,#2685,.F.);
#1750=ORIENTED_EDGE('',*,*,#2854,.F.);
#1751=ORIENTED_EDGE('',*,*,#2796,.T.);
#1752=ORIENTED_EDGE('',*,*,#2853,.T.);
#1753=ORIENTED_EDGE('',*,*,#2684,.F.);
#1754=ORIENTED_EDGE('',*,*,#2855,.F.);
#1755=ORIENTED_EDGE('',*,*,#2797,.T.);
#1756=ORIENTED_EDGE('',*,*,#2854,.T.);
#1757=ORIENTED_EDGE('',*,*,#2683,.F.);
#1758=ORIENTED_EDGE('',*,*,#2856,.F.);
#1759=ORIENTED_EDGE('',*,*,#2798,.T.);
#1760=ORIENTED_EDGE('',*,*,#2855,.T.);
#1761=ORIENTED_EDGE('',*,*,#2682,.F.);
#1762=ORIENTED_EDGE('',*,*,#2857,.F.);
#1763=ORIENTED_EDGE('',*,*,#2799,.T.);
#1764=ORIENTED_EDGE('',*,*,#2856,.T.);
#1765=ORIENTED_EDGE('',*,*,#2681,.F.);
#1766=ORIENTED_EDGE('',*,*,#2858,.F.);
#1767=ORIENTED_EDGE('',*,*,#2800,.T.);
#1768=ORIENTED_EDGE('',*,*,#2857,.T.);
#1769=ORIENTED_EDGE('',*,*,#2680,.F.);
#1770=ORIENTED_EDGE('',*,*,#2859,.F.);
#1771=ORIENTED_EDGE('',*,*,#2801,.T.);
#1772=ORIENTED_EDGE('',*,*,#2858,.T.);
#1773=ORIENTED_EDGE('',*,*,#2679,.F.);
#1774=ORIENTED_EDGE('',*,*,#2860,.F.);
#1775=ORIENTED_EDGE('',*,*,#2802,.T.);
#1776=ORIENTED_EDGE('',*,*,#2859,.T.);
#1777=ORIENTED_EDGE('',*,*,#2678,.F.);
#1778=ORIENTED_EDGE('',*,*,#2861,.F.);
#1779=ORIENTED_EDGE('',*,*,#2803,.T.);
#1780=ORIENTED_EDGE('',*,*,#2860,.T.);
#1781=ORIENTED_EDGE('',*,*,#2677,.F.);
#1782=ORIENTED_EDGE('',*,*,#2862,.F.);
#1783=ORIENTED_EDGE('',*,*,#2804,.T.);
#1784=ORIENTED_EDGE('',*,*,#2861,.T.);
#1785=ORIENTED_EDGE('',*,*,#2676,.F.);
#1786=ORIENTED_EDGE('',*,*,#2863,.F.);
#1787=ORIENTED_EDGE('',*,*,#2805,.T.);
#1788=ORIENTED_EDGE('',*,*,#2862,.T.);
#1789=ORIENTED_EDGE('',*,*,#2675,.F.);
#1790=ORIENTED_EDGE('',*,*,#2864,.F.);
#1791=ORIENTED_EDGE('',*,*,#2806,.T.);
#1792=ORIENTED_EDGE('',*,*,#2863,.T.);
#1793=ORIENTED_EDGE('',*,*,#2674,.F.);
#1794=ORIENTED_EDGE('',*,*,#2865,.F.);
#1795=ORIENTED_EDGE('',*,*,#2807,.T.);
#1796=ORIENTED_EDGE('',*,*,#2864,.T.);
#1797=ORIENTED_EDGE('',*,*,#2673,.F.);
#1798=ORIENTED_EDGE('',*,*,#2866,.F.);
#1799=ORIENTED_EDGE('',*,*,#2808,.T.);
#1800=ORIENTED_EDGE('',*,*,#2865,.T.);
#1801=ORIENTED_EDGE('',*,*,#2672,.F.);
#1802=ORIENTED_EDGE('',*,*,#2867,.F.);
#1803=ORIENTED_EDGE('',*,*,#2809,.T.);
#1804=ORIENTED_EDGE('',*,*,#2866,.T.);
#1805=ORIENTED_EDGE('',*,*,#2671,.F.);
#1806=ORIENTED_EDGE('',*,*,#2868,.F.);
#1807=ORIENTED_EDGE('',*,*,#2810,.T.);
#1808=ORIENTED_EDGE('',*,*,#2867,.T.);
#1809=ORIENTED_EDGE('',*,*,#2670,.F.);
#1810=ORIENTED_EDGE('',*,*,#2869,.F.);
#1811=ORIENTED_EDGE('',*,*,#2811,.T.);
#1812=ORIENTED_EDGE('',*,*,#2868,.T.);
#1813=ORIENTED_EDGE('',*,*,#2669,.F.);
#1814=ORIENTED_EDGE('',*,*,#2841,.F.);
#1815=ORIENTED_EDGE('',*,*,#2812,.T.);
#1816=ORIENTED_EDGE('',*,*,#2869,.T.);
#1817=ORIENTED_EDGE('',*,*,#2642,.F.);
#1818=ORIENTED_EDGE('',*,*,#2870,.F.);
#1819=ORIENTED_EDGE('',*,*,#2749,.T.);
#1820=ORIENTED_EDGE('',*,*,#2871,.T.);
#1821=ORIENTED_EDGE('',*,*,#2641,.F.);
#1822=ORIENTED_EDGE('',*,*,#2872,.F.);
#1823=ORIENTED_EDGE('',*,*,#2750,.T.);
#1824=ORIENTED_EDGE('',*,*,#2870,.T.);
#1825=ORIENTED_EDGE('',*,*,#2666,.F.);
#1826=ORIENTED_EDGE('',*,*,#2873,.F.);
#1827=ORIENTED_EDGE('',*,*,#2751,.T.);
#1828=ORIENTED_EDGE('',*,*,#2872,.T.);
#1829=ORIENTED_EDGE('',*,*,#2665,.F.);
#1830=ORIENTED_EDGE('',*,*,#2874,.F.);
#1831=ORIENTED_EDGE('',*,*,#2752,.T.);
#1832=ORIENTED_EDGE('',*,*,#2873,.T.);
#1833=ORIENTED_EDGE('',*,*,#2664,.F.);
#1834=ORIENTED_EDGE('',*,*,#2875,.F.);
#1835=ORIENTED_EDGE('',*,*,#2753,.T.);
#1836=ORIENTED_EDGE('',*,*,#2874,.T.);
#1837=ORIENTED_EDGE('',*,*,#2663,.F.);
#1838=ORIENTED_EDGE('',*,*,#2876,.F.);
#1839=ORIENTED_EDGE('',*,*,#2754,.T.);
#1840=ORIENTED_EDGE('',*,*,#2875,.T.);
#1841=ORIENTED_EDGE('',*,*,#2662,.F.);
#1842=ORIENTED_EDGE('',*,*,#2877,.F.);
#1843=ORIENTED_EDGE('',*,*,#2755,.T.);
#1844=ORIENTED_EDGE('',*,*,#2876,.T.);
#1845=ORIENTED_EDGE('',*,*,#2661,.F.);
#1846=ORIENTED_EDGE('',*,*,#2878,.F.);
#1847=ORIENTED_EDGE('',*,*,#2756,.T.);
#1848=ORIENTED_EDGE('',*,*,#2877,.T.);
#1849=ORIENTED_EDGE('',*,*,#2660,.F.);
#1850=ORIENTED_EDGE('',*,*,#2879,.F.);
#1851=ORIENTED_EDGE('',*,*,#2757,.T.);
#1852=ORIENTED_EDGE('',*,*,#2878,.T.);
#1853=ORIENTED_EDGE('',*,*,#2659,.F.);
#1854=ORIENTED_EDGE('',*,*,#2880,.F.);
#1855=ORIENTED_EDGE('',*,*,#2758,.T.);
#1856=ORIENTED_EDGE('',*,*,#2879,.T.);
#1857=ORIENTED_EDGE('',*,*,#2658,.F.);
#1858=ORIENTED_EDGE('',*,*,#2881,.F.);
#1859=ORIENTED_EDGE('',*,*,#2759,.T.);
#1860=ORIENTED_EDGE('',*,*,#2880,.T.);
#1861=ORIENTED_EDGE('',*,*,#2657,.F.);
#1862=ORIENTED_EDGE('',*,*,#2882,.F.);
#1863=ORIENTED_EDGE('',*,*,#2760,.T.);
#1864=ORIENTED_EDGE('',*,*,#2881,.T.);
#1865=ORIENTED_EDGE('',*,*,#2656,.F.);
#1866=ORIENTED_EDGE('',*,*,#2883,.F.);
#1867=ORIENTED_EDGE('',*,*,#2761,.T.);
#1868=ORIENTED_EDGE('',*,*,#2882,.T.);
#1869=ORIENTED_EDGE('',*,*,#2655,.F.);
#1870=ORIENTED_EDGE('',*,*,#2884,.F.);
#1871=ORIENTED_EDGE('',*,*,#2762,.T.);
#1872=ORIENTED_EDGE('',*,*,#2883,.T.);
#1873=ORIENTED_EDGE('',*,*,#2654,.F.);
#1874=ORIENTED_EDGE('',*,*,#2885,.F.);
#1875=ORIENTED_EDGE('',*,*,#2763,.T.);
#1876=ORIENTED_EDGE('',*,*,#2884,.T.);
#1877=ORIENTED_EDGE('',*,*,#2653,.F.);
#1878=ORIENTED_EDGE('',*,*,#2886,.F.);
#1879=ORIENTED_EDGE('',*,*,#2764,.T.);
#1880=ORIENTED_EDGE('',*,*,#2885,.T.);
#1881=ORIENTED_EDGE('',*,*,#2652,.F.);
#1882=ORIENTED_EDGE('',*,*,#2887,.F.);
#1883=ORIENTED_EDGE('',*,*,#2765,.T.);
#1884=ORIENTED_EDGE('',*,*,#2886,.T.);
#1885=ORIENTED_EDGE('',*,*,#2651,.F.);
#1886=ORIENTED_EDGE('',*,*,#2888,.F.);
#1887=ORIENTED_EDGE('',*,*,#2766,.T.);
#1888=ORIENTED_EDGE('',*,*,#2887,.T.);
#1889=ORIENTED_EDGE('',*,*,#2650,.F.);
#1890=ORIENTED_EDGE('',*,*,#2889,.F.);
#1891=ORIENTED_EDGE('',*,*,#2767,.T.);
#1892=ORIENTED_EDGE('',*,*,#2888,.T.);
#1893=ORIENTED_EDGE('',*,*,#2649,.F.);
#1894=ORIENTED_EDGE('',*,*,#2890,.F.);
#1895=ORIENTED_EDGE('',*,*,#2768,.T.);
#1896=ORIENTED_EDGE('',*,*,#2889,.T.);
#1897=ORIENTED_EDGE('',*,*,#2648,.F.);
#1898=ORIENTED_EDGE('',*,*,#2891,.F.);
#1899=ORIENTED_EDGE('',*,*,#2769,.T.);
#1900=ORIENTED_EDGE('',*,*,#2890,.T.);
#1901=ORIENTED_EDGE('',*,*,#2647,.F.);
#1902=ORIENTED_EDGE('',*,*,#2892,.F.);
#1903=ORIENTED_EDGE('',*,*,#2770,.T.);
#1904=ORIENTED_EDGE('',*,*,#2891,.T.);
#1905=ORIENTED_EDGE('',*,*,#2646,.F.);
#1906=ORIENTED_EDGE('',*,*,#2893,.F.);
#1907=ORIENTED_EDGE('',*,*,#2771,.T.);
#1908=ORIENTED_EDGE('',*,*,#2892,.T.);
#1909=ORIENTED_EDGE('',*,*,#2645,.F.);
#1910=ORIENTED_EDGE('',*,*,#2894,.F.);
#1911=ORIENTED_EDGE('',*,*,#2772,.T.);
#1912=ORIENTED_EDGE('',*,*,#2893,.T.);
#1913=ORIENTED_EDGE('',*,*,#2644,.F.);
#1914=ORIENTED_EDGE('',*,*,#2895,.F.);
#1915=ORIENTED_EDGE('',*,*,#2773,.T.);
#1916=ORIENTED_EDGE('',*,*,#2894,.T.);
#1917=ORIENTED_EDGE('',*,*,#2643,.F.);
#1918=ORIENTED_EDGE('',*,*,#2871,.F.);
#1919=ORIENTED_EDGE('',*,*,#2774,.T.);
#1920=ORIENTED_EDGE('',*,*,#2895,.T.);
#1921=ORIENTED_EDGE('',*,*,#2634,.F.);
#1922=ORIENTED_EDGE('',*,*,#2896,.F.);
#1923=ORIENTED_EDGE('',*,*,#2813,.T.);
#1924=ORIENTED_EDGE('',*,*,#2897,.T.);
#1925=ORIENTED_EDGE('',*,*,#2633,.F.);
#1926=ORIENTED_EDGE('',*,*,#2898,.F.);
#1927=ORIENTED_EDGE('',*,*,#2814,.T.);
#1928=ORIENTED_EDGE('',*,*,#2896,.T.);
#1929=ORIENTED_EDGE('',*,*,#2640,.F.);
#1930=ORIENTED_EDGE('',*,*,#2899,.F.);
#1931=ORIENTED_EDGE('',*,*,#2815,.T.);
#1932=ORIENTED_EDGE('',*,*,#2898,.T.);
#1933=ORIENTED_EDGE('',*,*,#2639,.F.);
#1934=ORIENTED_EDGE('',*,*,#2900,.F.);
#1935=ORIENTED_EDGE('',*,*,#2816,.T.);
#1936=ORIENTED_EDGE('',*,*,#2899,.T.);
#1937=ORIENTED_EDGE('',*,*,#2638,.F.);
#1938=ORIENTED_EDGE('',*,*,#2901,.F.);
#1939=ORIENTED_EDGE('',*,*,#2817,.T.);
#1940=ORIENTED_EDGE('',*,*,#2900,.T.);
#1941=ORIENTED_EDGE('',*,*,#2637,.F.);
#1942=ORIENTED_EDGE('',*,*,#2902,.F.);
#1943=ORIENTED_EDGE('',*,*,#2818,.T.);
#1944=ORIENTED_EDGE('',*,*,#2901,.T.);
#1945=ORIENTED_EDGE('',*,*,#2636,.F.);
#1946=ORIENTED_EDGE('',*,*,#2903,.F.);
#1947=ORIENTED_EDGE('',*,*,#2819,.T.);
#1948=ORIENTED_EDGE('',*,*,#2902,.T.);
#1949=ORIENTED_EDGE('',*,*,#2635,.F.);
#1950=ORIENTED_EDGE('',*,*,#2897,.F.);
#1951=ORIENTED_EDGE('',*,*,#2820,.T.);
#1952=ORIENTED_EDGE('',*,*,#2903,.T.);
#1953=ORIENTED_EDGE('',*,*,#2602,.F.);
#1954=ORIENTED_EDGE('',*,*,#2904,.F.);
#1955=ORIENTED_EDGE('',*,*,#2717,.T.);
#1956=ORIENTED_EDGE('',*,*,#2905,.T.);
#1957=ORIENTED_EDGE('',*,*,#2601,.F.);
#1958=ORIENTED_EDGE('',*,*,#2906,.F.);
#1959=ORIENTED_EDGE('',*,*,#2718,.T.);
#1960=ORIENTED_EDGE('',*,*,#2904,.T.);
#1961=ORIENTED_EDGE('',*,*,#2632,.F.);
#1962=ORIENTED_EDGE('',*,*,#2907,.F.);
#1963=ORIENTED_EDGE('',*,*,#2719,.T.);
#1964=ORIENTED_EDGE('',*,*,#2906,.T.);
#1965=ORIENTED_EDGE('',*,*,#2631,.F.);
#1966=ORIENTED_EDGE('',*,*,#2908,.F.);
#1967=ORIENTED_EDGE('',*,*,#2720,.T.);
#1968=ORIENTED_EDGE('',*,*,#2907,.T.);
#1969=ORIENTED_EDGE('',*,*,#2630,.F.);
#1970=ORIENTED_EDGE('',*,*,#2909,.F.);
#1971=ORIENTED_EDGE('',*,*,#2721,.T.);
#1972=ORIENTED_EDGE('',*,*,#2908,.T.);
#1973=ORIENTED_EDGE('',*,*,#2629,.F.);
#1974=ORIENTED_EDGE('',*,*,#2910,.F.);
#1975=ORIENTED_EDGE('',*,*,#2722,.T.);
#1976=ORIENTED_EDGE('',*,*,#2909,.T.);
#1977=ORIENTED_EDGE('',*,*,#2628,.F.);
#1978=ORIENTED_EDGE('',*,*,#2911,.F.);
#1979=ORIENTED_EDGE('',*,*,#2723,.T.);
#1980=ORIENTED_EDGE('',*,*,#2910,.T.);
#1981=ORIENTED_EDGE('',*,*,#2627,.F.);
#1982=ORIENTED_EDGE('',*,*,#2912,.F.);
#1983=ORIENTED_EDGE('',*,*,#2724,.T.);
#1984=ORIENTED_EDGE('',*,*,#2911,.T.);
#1985=ORIENTED_EDGE('',*,*,#2626,.F.);
#1986=ORIENTED_EDGE('',*,*,#2913,.F.);
#1987=ORIENTED_EDGE('',*,*,#2725,.T.);
#1988=ORIENTED_EDGE('',*,*,#2912,.T.);
#1989=ORIENTED_EDGE('',*,*,#2625,.F.);
#1990=ORIENTED_EDGE('',*,*,#2914,.F.);
#1991=ORIENTED_EDGE('',*,*,#2726,.T.);
#1992=ORIENTED_EDGE('',*,*,#2913,.T.);
#1993=ORIENTED_EDGE('',*,*,#2624,.F.);
#1994=ORIENTED_EDGE('',*,*,#2915,.F.);
#1995=ORIENTED_EDGE('',*,*,#2727,.T.);
#1996=ORIENTED_EDGE('',*,*,#2914,.T.);
#1997=ORIENTED_EDGE('',*,*,#2623,.F.);
#1998=ORIENTED_EDGE('',*,*,#2916,.F.);
#1999=ORIENTED_EDGE('',*,*,#2728,.T.);
#2000=ORIENTED_EDGE('',*,*,#2915,.T.);
#2001=ORIENTED_EDGE('',*,*,#2622,.F.);
#2002=ORIENTED_EDGE('',*,*,#2917,.F.);
#2003=ORIENTED_EDGE('',*,*,#2729,.T.);
#2004=ORIENTED_EDGE('',*,*,#2916,.T.);
#2005=ORIENTED_EDGE('',*,*,#2621,.F.);
#2006=ORIENTED_EDGE('',*,*,#2918,.F.);
#2007=ORIENTED_EDGE('',*,*,#2730,.T.);
#2008=ORIENTED_EDGE('',*,*,#2917,.T.);
#2009=ORIENTED_EDGE('',*,*,#2620,.F.);
#2010=ORIENTED_EDGE('',*,*,#2919,.F.);
#2011=ORIENTED_EDGE('',*,*,#2731,.T.);
#2012=ORIENTED_EDGE('',*,*,#2918,.T.);
#2013=ORIENTED_EDGE('',*,*,#2619,.F.);
#2014=ORIENTED_EDGE('',*,*,#2920,.F.);
#2015=ORIENTED_EDGE('',*,*,#2732,.T.);
#2016=ORIENTED_EDGE('',*,*,#2919,.T.);
#2017=ORIENTED_EDGE('',*,*,#2618,.F.);
#2018=ORIENTED_EDGE('',*,*,#2921,.F.);
#2019=ORIENTED_EDGE('',*,*,#2733,.T.);
#2020=ORIENTED_EDGE('',*,*,#2920,.T.);
#2021=ORIENTED_EDGE('',*,*,#2617,.F.);
#2022=ORIENTED_EDGE('',*,*,#2922,.F.);
#2023=ORIENTED_EDGE('',*,*,#2734,.T.);
#2024=ORIENTED_EDGE('',*,*,#2921,.T.);
#2025=ORIENTED_EDGE('',*,*,#2616,.F.);
#2026=ORIENTED_EDGE('',*,*,#2923,.F.);
#2027=ORIENTED_EDGE('',*,*,#2735,.T.);
#2028=ORIENTED_EDGE('',*,*,#2922,.T.);
#2029=ORIENTED_EDGE('',*,*,#2615,.F.);
#2030=ORIENTED_EDGE('',*,*,#2924,.F.);
#2031=ORIENTED_EDGE('',*,*,#2736,.T.);
#2032=ORIENTED_EDGE('',*,*,#2923,.T.);
#2033=ORIENTED_EDGE('',*,*,#2614,.F.);
#2034=ORIENTED_EDGE('',*,*,#2925,.F.);
#2035=ORIENTED_EDGE('',*,*,#2737,.T.);
#2036=ORIENTED_EDGE('',*,*,#2924,.T.);
#2037=ORIENTED_EDGE('',*,*,#2613,.F.);
#2038=ORIENTED_EDGE('',*,*,#2926,.F.);
#2039=ORIENTED_EDGE('',*,*,#2738,.T.);
#2040=ORIENTED_EDGE('',*,*,#2925,.T.);
#2041=ORIENTED_EDGE('',*,*,#2612,.F.);
#2042=ORIENTED_EDGE('',*,*,#2927,.F.);
#2043=ORIENTED_EDGE('',*,*,#2739,.T.);
#2044=ORIENTED_EDGE('',*,*,#2926,.T.);
#2045=ORIENTED_EDGE('',*,*,#2611,.F.);
#2046=ORIENTED_EDGE('',*,*,#2928,.F.);
#2047=ORIENTED_EDGE('',*,*,#2740,.T.);
#2048=ORIENTED_EDGE('',*,*,#2927,.T.);
#2049=ORIENTED_EDGE('',*,*,#2610,.F.);
#2050=ORIENTED_EDGE('',*,*,#2929,.F.);
#2051=ORIENTED_EDGE('',*,*,#2741,.T.);
#2052=ORIENTED_EDGE('',*,*,#2928,.T.);
#2053=ORIENTED_EDGE('',*,*,#2609,.F.);
#2054=ORIENTED_EDGE('',*,*,#2930,.F.);
#2055=ORIENTED_EDGE('',*,*,#2742,.T.);
#2056=ORIENTED_EDGE('',*,*,#2929,.T.);
#2057=ORIENTED_EDGE('',*,*,#2608,.F.);
#2058=ORIENTED_EDGE('',*,*,#2931,.F.);
#2059=ORIENTED_EDGE('',*,*,#2743,.T.);
#2060=ORIENTED_EDGE('',*,*,#2930,.T.);
#2061=ORIENTED_EDGE('',*,*,#2607,.F.);
#2062=ORIENTED_EDGE('',*,*,#2932,.F.);
#2063=ORIENTED_EDGE('',*,*,#2744,.T.);
#2064=ORIENTED_EDGE('',*,*,#2931,.T.);
#2065=ORIENTED_EDGE('',*,*,#2606,.F.);
#2066=ORIENTED_EDGE('',*,*,#2933,.F.);
#2067=ORIENTED_EDGE('',*,*,#2745,.T.);
#2068=ORIENTED_EDGE('',*,*,#2932,.T.);
#2069=ORIENTED_EDGE('',*,*,#2605,.F.);
#2070=ORIENTED_EDGE('',*,*,#2934,.F.);
#2071=ORIENTED_EDGE('',*,*,#2746,.T.);
#2072=ORIENTED_EDGE('',*,*,#2933,.T.);
#2073=ORIENTED_EDGE('',*,*,#2604,.F.);
#2074=ORIENTED_EDGE('',*,*,#2935,.F.);
#2075=ORIENTED_EDGE('',*,*,#2747,.T.);
#2076=ORIENTED_EDGE('',*,*,#2934,.T.);
#2077=ORIENTED_EDGE('',*,*,#2603,.F.);
#2078=ORIENTED_EDGE('',*,*,#2905,.F.);
#2079=ORIENTED_EDGE('',*,*,#2748,.T.);
#2080=ORIENTED_EDGE('',*,*,#2935,.T.);
#2081=ORIENTED_EDGE('',*,*,#2706,.F.);
#2082=ORIENTED_EDGE('',*,*,#2936,.F.);
#2083=ORIENTED_EDGE('',*,*,#2821,.T.);
#2084=ORIENTED_EDGE('',*,*,#2937,.T.);
#2085=ORIENTED_EDGE('',*,*,#2705,.F.);
#2086=ORIENTED_EDGE('',*,*,#2938,.F.);
#2087=ORIENTED_EDGE('',*,*,#2822,.T.);
#2088=ORIENTED_EDGE('',*,*,#2936,.T.);
#2089=ORIENTED_EDGE('',*,*,#2715,.F.);
#2090=ORIENTED_EDGE('',*,*,#2939,.F.);
#2091=ORIENTED_EDGE('',*,*,#2823,.T.);
#2092=ORIENTED_EDGE('',*,*,#2938,.T.);
#2093=ORIENTED_EDGE('',*,*,#2714,.F.);
#2094=ORIENTED_EDGE('',*,*,#2940,.F.);
#2095=ORIENTED_EDGE('',*,*,#2824,.T.);
#2096=ORIENTED_EDGE('',*,*,#2939,.T.);
#2097=ORIENTED_EDGE('',*,*,#2713,.F.);
#2098=ORIENTED_EDGE('',*,*,#2941,.F.);
#2099=ORIENTED_EDGE('',*,*,#2825,.T.);
#2100=ORIENTED_EDGE('',*,*,#2940,.T.);
#2101=ORIENTED_EDGE('',*,*,#2712,.F.);
#2102=ORIENTED_EDGE('',*,*,#2942,.F.);
#2103=ORIENTED_EDGE('',*,*,#2826,.T.);
#2104=ORIENTED_EDGE('',*,*,#2941,.T.);
#2105=ORIENTED_EDGE('',*,*,#2711,.F.);
#2106=ORIENTED_EDGE('',*,*,#2943,.F.);
#2107=ORIENTED_EDGE('',*,*,#2827,.T.);
#2108=ORIENTED_EDGE('',*,*,#2942,.T.);
#2109=ORIENTED_EDGE('',*,*,#2710,.F.);
#2110=ORIENTED_EDGE('',*,*,#2944,.F.);
#2111=ORIENTED_EDGE('',*,*,#2828,.T.);
#2112=ORIENTED_EDGE('',*,*,#2943,.T.);
#2113=ORIENTED_EDGE('',*,*,#2709,.F.);
#2114=ORIENTED_EDGE('',*,*,#2945,.F.);
#2115=ORIENTED_EDGE('',*,*,#2829,.T.);
#2116=ORIENTED_EDGE('',*,*,#2944,.T.);
#2117=ORIENTED_EDGE('',*,*,#2708,.F.);
#2118=ORIENTED_EDGE('',*,*,#2946,.F.);
#2119=ORIENTED_EDGE('',*,*,#2830,.T.);
#2120=ORIENTED_EDGE('',*,*,#2945,.T.);
#2121=ORIENTED_EDGE('',*,*,#2707,.F.);
#2122=ORIENTED_EDGE('',*,*,#2937,.F.);
#2123=ORIENTED_EDGE('',*,*,#2831,.T.);
#2124=ORIENTED_EDGE('',*,*,#2946,.T.);
#2125=ORIENTED_EDGE('',*,*,#2716,.F.);
#2126=ORIENTED_EDGE('',*,*,#2600,.T.);
#2127=EDGE_CURVE('',#2947,#2948,#3495,.T.);
#2128=EDGE_CURVE('',#2949,#2948,#3496,.T.);
#2129=EDGE_CURVE('',#2950,#2949,#3497,.T.);
#2130=EDGE_CURVE('',#2950,#2947,#3498,.T.);
#2131=EDGE_CURVE('',#2948,#2951,#3499,.T.);
#2132=EDGE_CURVE('',#2952,#2951,#3500,.T.);
#2133=EDGE_CURVE('',#2949,#2952,#3501,.T.);
#2134=EDGE_CURVE('',#2951,#2953,#3502,.T.);
#2135=EDGE_CURVE('',#2954,#2953,#3503,.T.);
#2136=EDGE_CURVE('',#2952,#2954,#3504,.T.);
#2137=EDGE_CURVE('',#2953,#2955,#3505,.T.);
#2138=EDGE_CURVE('',#2956,#2955,#3506,.T.);
#2139=EDGE_CURVE('',#2954,#2956,#3507,.T.);
#2140=EDGE_CURVE('',#2957,#2955,#3508,.T.);
#2141=EDGE_CURVE('',#2958,#2957,#3509,.T.);
#2142=EDGE_CURVE('',#2958,#2956,#3510,.T.);
#2143=EDGE_CURVE('',#2959,#2957,#3511,.T.);
#2144=EDGE_CURVE('',#2960,#2959,#3512,.T.);
#2145=EDGE_CURVE('',#2960,#2958,#3513,.T.);
#2146=EDGE_CURVE('',#2961,#2959,#3514,.T.);
#2147=EDGE_CURVE('',#2962,#2961,#3515,.T.);
#2148=EDGE_CURVE('',#2962,#2960,#3516,.T.);
#2149=EDGE_CURVE('',#2961,#2947,#3517,.T.);
#2150=EDGE_CURVE('',#2962,#2950,#3518,.T.);
#2151=EDGE_CURVE('',#2963,#2964,#3519,.T.);
#2152=EDGE_CURVE('',#2965,#2963,#3520,.T.);
#2153=EDGE_CURVE('',#2966,#2965,#3521,.T.);
#2154=EDGE_CURVE('',#2967,#2966,#3522,.T.);
#2155=EDGE_CURVE('',#2964,#2967,#3523,.T.);
#2156=EDGE_CURVE('',#2968,#2969,#3524,.T.);
#2157=EDGE_CURVE('',#2964,#2968,#3525,.T.);
#2158=EDGE_CURVE('',#2967,#2969,#3526,.T.);
#2159=EDGE_CURVE('',#2969,#2970,#3527,.T.);
#2160=EDGE_CURVE('',#2966,#2970,#3528,.T.);
#2161=EDGE_CURVE('',#2970,#2971,#3529,.T.);
#2162=EDGE_CURVE('',#2965,#2971,#3530,.T.);
#2163=EDGE_CURVE('',#2971,#2972,#3531,.T.);
#2164=EDGE_CURVE('',#2963,#2972,#3532,.T.);
#2165=EDGE_CURVE('',#2972,#2968,#3533,.T.);
#2166=EDGE_CURVE('',#2973,#2974,#3534,.T.);
#2167=EDGE_CURVE('',#2975,#2973,#3535,.T.);
#2168=EDGE_CURVE('',#2975,#2976,#3536,.T.);
#2169=EDGE_CURVE('',#2976,#2974,#3537,.T.);
#2170=EDGE_CURVE('',#2973,#2977,#3538,.T.);
#2171=EDGE_CURVE('',#2978,#2977,#3539,.T.);
#2172=EDGE_CURVE('',#2975,#2978,#3540,.T.);
#2173=EDGE_CURVE('',#2977,#2979,#3541,.T.);
#2174=EDGE_CURVE('',#2980,#2979,#3542,.T.);
#2175=EDGE_CURVE('',#2978,#2980,#3543,.T.);
#2176=EDGE_CURVE('',#2979,#2981,#3544,.T.);
#2177=EDGE_CURVE('',#2982,#2981,#3545,.T.);
#2178=EDGE_CURVE('',#2980,#2982,#3546,.T.);
#2179=EDGE_CURVE('',#2981,#2983,#3547,.T.);
#2180=EDGE_CURVE('',#2984,#2983,#3548,.T.);
#2181=EDGE_CURVE('',#2982,#2984,#3549,.T.);
#2182=EDGE_CURVE('',#2983,#2985,#3550,.T.);
#2183=EDGE_CURVE('',#2986,#2985,#3551,.T.);
#2184=EDGE_CURVE('',#2984,#2986,#3552,.T.);
#2185=EDGE_CURVE('',#2987,#2985,#3553,.T.);
#2186=EDGE_CURVE('',#2988,#2987,#3554,.T.);
#2187=EDGE_CURVE('',#2988,#2986,#3555,.T.);
#2188=EDGE_CURVE('',#2974,#2987,#3556,.T.);
#2189=EDGE_CURVE('',#2976,#2988,#3557,.T.);
#2190=EDGE_CURVE('',#2989,#2990,#3558,.T.);
#2191=EDGE_CURVE('',#2991,#2989,#3559,.T.);
#2192=EDGE_CURVE('',#2991,#2992,#3560,.T.);
#2193=EDGE_CURVE('',#2992,#2990,#3561,.T.);
#2194=EDGE_CURVE('',#2989,#2993,#3562,.T.);
#2195=EDGE_CURVE('',#2994,#2993,#3563,.T.);
#2196=EDGE_CURVE('',#2991,#2994,#3564,.T.);
#2197=EDGE_CURVE('',#2993,#2995,#3565,.T.);
#2198=EDGE_CURVE('',#2996,#2995,#3566,.T.);
#2199=EDGE_CURVE('',#2994,#2996,#3567,.T.);
#2200=EDGE_CURVE('',#2995,#2997,#3568,.T.);
#2201=EDGE_CURVE('',#2998,#2997,#3569,.T.);
#2202=EDGE_CURVE('',#2996,#2998,#3570,.T.);
#2203=EDGE_CURVE('',#2997,#2999,#3571,.T.);
#2204=EDGE_CURVE('',#3000,#2999,#3572,.T.);
#2205=EDGE_CURVE('',#2998,#3000,#3573,.T.);
#2206=EDGE_CURVE('',#2999,#3001,#3574,.T.);
#2207=EDGE_CURVE('',#3002,#3001,#3575,.T.);
#2208=EDGE_CURVE('',#3000,#3002,#3576,.T.);
#2209=EDGE_CURVE('',#3001,#3003,#3577,.T.);
#2210=EDGE_CURVE('',#3004,#3003,#3578,.T.);
#2211=EDGE_CURVE('',#3002,#3004,#3579,.T.);
#2212=EDGE_CURVE('',#2990,#3003,#3580,.T.);
#2213=EDGE_CURVE('',#2992,#3004,#3581,.T.);
#2214=EDGE_CURVE('',#3005,#3006,#3582,.T.);
#2215=EDGE_CURVE('',#3007,#3005,#3583,.T.);
#2216=EDGE_CURVE('',#3007,#3008,#3584,.T.);
#2217=EDGE_CURVE('',#3008,#3006,#3585,.T.);
#2218=EDGE_CURVE('',#3005,#3009,#3586,.T.);
#2219=EDGE_CURVE('',#3010,#3009,#3587,.T.);
#2220=EDGE_CURVE('',#3007,#3010,#3588,.T.);
#2221=EDGE_CURVE('',#3009,#3011,#3589,.T.);
#2222=EDGE_CURVE('',#3012,#3011,#3590,.T.);
#2223=EDGE_CURVE('',#3010,#3012,#3591,.T.);
#2224=EDGE_CURVE('',#3011,#3013,#3592,.T.);
#2225=EDGE_CURVE('',#3014,#3013,#3593,.T.);
#2226=EDGE_CURVE('',#3012,#3014,#3594,.T.);
#2227=EDGE_CURVE('',#3013,#3015,#3595,.T.);
#2228=EDGE_CURVE('',#3016,#3015,#3596,.T.);
#2229=EDGE_CURVE('',#3014,#3016,#3597,.T.);
#2230=EDGE_CURVE('',#3015,#3017,#3598,.T.);
#2231=EDGE_CURVE('',#3018,#3017,#3599,.T.);
#2232=EDGE_CURVE('',#3016,#3018,#3600,.T.);
#2233=EDGE_CURVE('',#3017,#3019,#3601,.T.);
#2234=EDGE_CURVE('',#3020,#3019,#3602,.T.);
#2235=EDGE_CURVE('',#3018,#3020,#3603,.T.);
#2236=EDGE_CURVE('',#3006,#3019,#3604,.T.);
#2237=EDGE_CURVE('',#3008,#3020,#3605,.T.);
#2238=EDGE_CURVE('',#3021,#3021,#180,.T.);
#2239=EDGE_CURVE('',#3022,#3023,#3606,.T.);
#2240=EDGE_CURVE('',#3023,#3024,#3607,.T.);
#2241=EDGE_CURVE('',#3024,#3025,#3608,.T.);
#2242=EDGE_CURVE('',#3025,#3026,#3609,.T.);
#2243=EDGE_CURVE('',#3026,#3027,#3610,.T.);
#2244=EDGE_CURVE('',#3027,#3028,#3611,.T.);
#2245=EDGE_CURVE('',#3028,#3029,#3612,.T.);
#2246=EDGE_CURVE('',#3029,#3022,#3613,.T.);
#2247=EDGE_CURVE('',#3030,#3031,#3614,.T.);
#2248=EDGE_CURVE('',#3031,#3032,#3615,.T.);
#2249=EDGE_CURVE('',#3032,#3033,#3616,.T.);
#2250=EDGE_CURVE('',#3033,#3034,#181,.T.);
#2251=EDGE_CURVE('',#3034,#3035,#182,.T.);
#2252=EDGE_CURVE('',#3035,#3036,#183,.T.);
#2253=EDGE_CURVE('',#3036,#3037,#184,.T.);
#2254=EDGE_CURVE('',#3037,#3038,#185,.T.);
#2255=EDGE_CURVE('',#3038,#3039,#186,.T.);
#2256=EDGE_CURVE('',#3039,#3040,#187,.T.);
#2257=EDGE_CURVE('',#3040,#3041,#188,.T.);
#2258=EDGE_CURVE('',#3041,#3042,#189,.T.);
#2259=EDGE_CURVE('',#3042,#3043,#3617,.T.);
#2260=EDGE_CURVE('',#3043,#3044,#190,.F.);
#2261=EDGE_CURVE('',#3044,#3045,#191,.F.);
#2262=EDGE_CURVE('',#3045,#3046,#192,.F.);
#2263=EDGE_CURVE('',#3046,#3047,#193,.F.);
#2264=EDGE_CURVE('',#3047,#3048,#194,.F.);
#2265=EDGE_CURVE('',#3048,#3049,#195,.F.);
#2266=EDGE_CURVE('',#3049,#3050,#196,.F.);
#2267=EDGE_CURVE('',#3050,#3051,#197,.F.);
#2268=EDGE_CURVE('',#3051,#3052,#198,.F.);
#2269=EDGE_CURVE('',#3052,#3053,#3618,.T.);
#2270=EDGE_CURVE('',#3053,#3054,#3619,.T.);
#2271=EDGE_CURVE('',#3054,#3055,#3620,.T.);
#2272=EDGE_CURVE('',#3055,#3030,#3621,.T.);
#2273=EDGE_CURVE('',#3056,#3057,#3622,.T.);
#2274=EDGE_CURVE('',#3057,#3058,#3623,.T.);
#2275=EDGE_CURVE('',#3058,#3059,#3624,.T.);
#2276=EDGE_CURVE('',#3059,#3060,#3625,.T.);
#2277=EDGE_CURVE('',#3060,#3061,#3626,.T.);
#2278=EDGE_CURVE('',#3061,#3062,#3627,.T.);
#2279=EDGE_CURVE('',#3062,#3063,#3628,.T.);
#2280=EDGE_CURVE('',#3063,#3056,#3629,.T.);
#2281=EDGE_CURVE('',#3064,#3065,#3630,.T.);
#2282=EDGE_CURVE('',#3065,#3066,#3631,.T.);
#2283=EDGE_CURVE('',#3066,#3067,#3632,.T.);
#2284=EDGE_CURVE('',#3067,#3068,#3633,.T.);
#2285=EDGE_CURVE('',#3068,#3069,#3634,.T.);
#2286=EDGE_CURVE('',#3069,#3070,#3635,.T.);
#2287=EDGE_CURVE('',#3070,#3071,#3636,.T.);
#2288=EDGE_CURVE('',#3071,#3072,#3637,.T.);
#2289=EDGE_CURVE('',#3072,#3073,#3638,.T.);
#2290=EDGE_CURVE('',#3073,#3074,#3639,.T.);
#2291=EDGE_CURVE('',#3074,#3064,#3640,.T.);
#2292=EDGE_CURVE('',#3075,#3076,#199,.F.);
#2293=EDGE_CURVE('',#3076,#3077,#200,.F.);
#2294=EDGE_CURVE('',#3077,#3078,#201,.F.);
#2295=EDGE_CURVE('',#3078,#3079,#202,.F.);
#2296=EDGE_CURVE('',#3079,#3080,#203,.F.);
#2297=EDGE_CURVE('',#3080,#3081,#204,.F.);
#2298=EDGE_CURVE('',#3081,#3082,#164,.T.);
#2299=EDGE_CURVE('',#3082,#3083,#205,.F.);
#2300=EDGE_CURVE('',#3083,#3084,#206,.F.);
#2301=EDGE_CURVE('',#3084,#3085,#207,.F.);
#2302=EDGE_CURVE('',#3085,#3086,#208,.F.);
#2303=EDGE_CURVE('',#3086,#3087,#209,.F.);
#2304=EDGE_CURVE('',#3087,#3088,#3641,.T.);
#2305=EDGE_CURVE('',#3088,#3089,#210,.F.);
#2306=EDGE_CURVE('',#3089,#3090,#211,.F.);
#2307=EDGE_CURVE('',#3090,#3091,#212,.F.);
#2308=EDGE_CURVE('',#3091,#3092,#213,.F.);
#2309=EDGE_CURVE('',#3092,#3093,#3642,.T.);
#2310=EDGE_CURVE('',#3093,#3094,#165,.T.);
#2311=EDGE_CURVE('',#3094,#3095,#166,.T.);
#2312=EDGE_CURVE('',#3095,#3096,#214,.T.);
#2313=EDGE_CURVE('',#3096,#3097,#215,.T.);
#2314=EDGE_CURVE('',#3097,#3098,#216,.T.);
#2315=EDGE_CURVE('',#3098,#3099,#217,.T.);
#2316=EDGE_CURVE('',#3099,#3100,#218,.T.);
#2317=EDGE_CURVE('',#3100,#3101,#167,.T.);
#2318=EDGE_CURVE('',#3101,#3102,#219,.F.);
#2319=EDGE_CURVE('',#3102,#3103,#220,.F.);
#2320=EDGE_CURVE('',#3103,#3104,#221,.F.);
#2321=EDGE_CURVE('',#3104,#3105,#222,.F.);
#2322=EDGE_CURVE('',#3105,#3106,#223,.F.);
#2323=EDGE_CURVE('',#3106,#3075,#224,.F.);
#2324=EDGE_CURVE('',#3107,#3108,#225,.F.);
#2325=EDGE_CURVE('',#3108,#3109,#3643,.T.);
#2326=EDGE_CURVE('',#3109,#3110,#226,.T.);
#2327=EDGE_CURVE('',#3110,#3111,#227,.T.);
#2328=EDGE_CURVE('',#3111,#3112,#228,.T.);
#2329=EDGE_CURVE('',#3112,#3113,#229,.T.);
#2330=EDGE_CURVE('',#3113,#3114,#230,.T.);
#2331=EDGE_CURVE('',#3114,#3115,#231,.T.);
#2332=EDGE_CURVE('',#3115,#3116,#232,.T.);
#2333=EDGE_CURVE('',#3116,#3117,#233,.T.);
#2334=EDGE_CURVE('',#3117,#3118,#234,.T.);
#2335=EDGE_CURVE('',#3118,#3119,#235,.T.);
#2336=EDGE_CURVE('',#3119,#3120,#236,.T.);
#2337=EDGE_CURVE('',#3120,#3121,#237,.T.);
#2338=EDGE_CURVE('',#3121,#3122,#238,.T.);
#2339=EDGE_CURVE('',#3122,#3123,#239,.T.);
#2340=EDGE_CURVE('',#3123,#3124,#3644,.T.);
#2341=EDGE_CURVE('',#3124,#3125,#240,.F.);
#2342=EDGE_CURVE('',#3125,#3126,#241,.F.);
#2343=EDGE_CURVE('',#3126,#3127,#242,.F.);
#2344=EDGE_CURVE('',#3127,#3128,#243,.F.);
#2345=EDGE_CURVE('',#3128,#3129,#244,.F.);
#2346=EDGE_CURVE('',#3129,#3130,#245,.F.);
#2347=EDGE_CURVE('',#3130,#3131,#246,.F.);
#2348=EDGE_CURVE('',#3131,#3132,#247,.F.);
#2349=EDGE_CURVE('',#3132,#3133,#248,.F.);
#2350=EDGE_CURVE('',#3133,#3134,#249,.F.);
#2351=EDGE_CURVE('',#3134,#3135,#250,.F.);
#2352=EDGE_CURVE('',#3135,#3136,#251,.F.);
#2353=EDGE_CURVE('',#3136,#3107,#252,.F.);
#2354=EDGE_CURVE('',#3137,#3138,#3645,.T.);
#2355=EDGE_CURVE('',#3061,#3138,#3646,.T.);
#2356=EDGE_CURVE('',#3060,#3137,#3647,.T.);
#2357=EDGE_CURVE('',#3139,#3140,#3648,.T.);
#2358=EDGE_CURVE('',#3063,#3140,#3649,.T.);
#2359=EDGE_CURVE('',#3062,#3139,#3650,.T.);
#2360=EDGE_CURVE('',#3141,#3142,#3651,.T.);
#2361=EDGE_CURVE('',#3057,#3142,#3652,.T.);
#2362=EDGE_CURVE('',#3056,#3141,#3653,.T.);
#2363=EDGE_CURVE('',#3143,#3144,#3654,.T.);
#2364=EDGE_CURVE('',#3059,#3144,#3655,.T.);
#2365=EDGE_CURVE('',#3058,#3143,#3656,.T.);
#2366=EDGE_CURVE('',#3138,#3139,#3657,.T.);
#2367=EDGE_CURVE('',#3144,#3137,#3658,.T.);
#2368=EDGE_CURVE('',#3142,#3143,#3659,.T.);
#2369=EDGE_CURVE('',#3140,#3141,#3660,.T.);
#2370=EDGE_CURVE('',#3145,#3146,#3661,.T.);
#2371=EDGE_CURVE('',#3032,#3146,#3662,.T.);
#2372=EDGE_CURVE('',#3031,#3145,#3663,.T.);
#2373=EDGE_CURVE('',#3147,#3145,#3664,.T.);
#2374=EDGE_CURVE('',#3030,#3147,#3665,.T.);
#2375=EDGE_CURVE('',#3148,#3147,#3666,.T.);
#2376=EDGE_CURVE('',#3055,#3148,#3667,.T.);
#2377=EDGE_CURVE('',#3149,#3148,#3668,.T.);
#2378=EDGE_CURVE('',#3054,#3149,#3669,.T.);
#2379=EDGE_CURVE('',#3150,#3149,#3670,.T.);
#2380=EDGE_CURVE('',#3053,#3150,#3671,.T.);
#2381=EDGE_CURVE('',#3151,#3150,#3672,.T.);
#2382=EDGE_CURVE('',#3052,#3151,#3673,.T.);
#2383=EDGE_CURVE('',#3152,#3151,#253,.F.);
#2384=EDGE_CURVE('',#3051,#3152,#3674,.T.);
#2385=EDGE_CURVE('',#3153,#3152,#254,.F.);
#2386=EDGE_CURVE('',#3050,#3153,#3675,.T.);
#2387=EDGE_CURVE('',#3154,#3153,#255,.F.);
#2388=EDGE_CURVE('',#3049,#3154,#3676,.T.);
#2389=EDGE_CURVE('',#3155,#3154,#256,.F.);
#2390=EDGE_CURVE('',#3048,#3155,#3677,.T.);
#2391=EDGE_CURVE('',#3156,#3155,#257,.F.);
#2392=EDGE_CURVE('',#3047,#3156,#3678,.T.);
#2393=EDGE_CURVE('',#3157,#3156,#258,.F.);
#2394=EDGE_CURVE('',#3046,#3157,#3679,.T.);
#2395=EDGE_CURVE('',#3158,#3157,#259,.F.);
#2396=EDGE_CURVE('',#3045,#3158,#3680,.T.);
#2397=EDGE_CURVE('',#3159,#3158,#260,.F.);
#2398=EDGE_CURVE('',#3044,#3159,#3681,.T.);
#2399=EDGE_CURVE('',#3160,#3159,#261,.F.);
#2400=EDGE_CURVE('',#3043,#3160,#3682,.T.);
#2401=EDGE_CURVE('',#3161,#3160,#3683,.T.);
#2402=EDGE_CURVE('',#3042,#3161,#3684,.T.);
#2403=EDGE_CURVE('',#3162,#3161,#262,.T.);
#2404=EDGE_CURVE('',#3041,#3162,#3685,.T.);
#2405=EDGE_CURVE('',#3163,#3162,#263,.T.);
#2406=EDGE_CURVE('',#3040,#3163,#3686,.T.);
#2407=EDGE_CURVE('',#3164,#3163,#264,.T.);
#2408=EDGE_CURVE('',#3039,#3164,#3687,.T.);
#2409=EDGE_CURVE('',#3165,#3164,#265,.T.);
#2410=EDGE_CURVE('',#3038,#3165,#3688,.T.);
#2411=EDGE_CURVE('',#3166,#3165,#266,.T.);
#2412=EDGE_CURVE('',#3037,#3166,#3689,.T.);
#2413=EDGE_CURVE('',#3167,#3166,#267,.T.);
#2414=EDGE_CURVE('',#3036,#3167,#3690,.T.);
#2415=EDGE_CURVE('',#3168,#3167,#268,.T.);
#2416=EDGE_CURVE('',#3035,#3168,#3691,.T.);
#2417=EDGE_CURVE('',#3169,#3168,#269,.T.);
#2418=EDGE_CURVE('',#3034,#3169,#3692,.T.);
#2419=EDGE_CURVE('',#3170,#3169,#270,.T.);
#2420=EDGE_CURVE('',#3033,#3170,#3693,.T.);
#2421=EDGE_CURVE('',#3146,#3170,#3694,.T.);
#2422=EDGE_CURVE('',#3171,#3172,#3695,.T.);
#2423=EDGE_CURVE('',#3024,#3172,#3696,.T.);
#2424=EDGE_CURVE('',#3023,#3171,#3697,.T.);
#2425=EDGE_CURVE('',#3173,#3171,#3698,.T.);
#2426=EDGE_CURVE('',#3022,#3173,#3699,.T.);
#2427=EDGE_CURVE('',#3174,#3173,#3700,.T.);
#2428=EDGE_CURVE('',#3029,#3174,#3701,.T.);
#2429=EDGE_CURVE('',#3175,#3174,#3702,.T.);
#2430=EDGE_CURVE('',#3028,#3175,#3703,.T.);
#2431=EDGE_CURVE('',#3176,#3175,#3704,.T.);
#2432=EDGE_CURVE('',#3027,#3176,#3705,.T.);
#2433=EDGE_CURVE('',#3177,#3176,#3706,.T.);
#2434=EDGE_CURVE('',#3026,#3177,#3707,.T.);
#2435=EDGE_CURVE('',#3178,#3177,#3708,.T.);
#2436=EDGE_CURVE('',#3025,#3178,#3709,.T.);
#2437=EDGE_CURVE('',#3172,#3178,#3710,.T.);
#2438=EDGE_CURVE('',#3179,#3180,#3711,.T.);
#2439=EDGE_CURVE('',#3181,#3180,#3712,.T.);
#2440=EDGE_CURVE('',#3182,#3181,#3713,.T.);
#2441=EDGE_CURVE('',#3182,#3179,#3714,.T.);
#2442=EDGE_CURVE('',#3183,#3179,#3715,.T.);
#2443=EDGE_CURVE('',#3184,#3182,#3716,.T.);
#2444=EDGE_CURVE('',#3184,#3183,#3717,.T.);
#2445=EDGE_CURVE('',#3185,#3183,#3718,.T.);
#2446=EDGE_CURVE('',#3186,#3184,#3719,.T.);
#2447=EDGE_CURVE('',#3186,#3185,#3720,.T.);
#2448=EDGE_CURVE('',#3187,#3185,#3721,.T.);
#2449=EDGE_CURVE('',#3188,#3186,#3722,.T.);
#2450=EDGE_CURVE('',#3188,#3187,#3723,.T.);
#2451=EDGE_CURVE('',#3189,#3190,#3724,.T.);
#2452=EDGE_CURVE('',#3066,#3190,#3725,.T.);
#2453=EDGE_CURVE('',#3065,#3189,#3726,.T.);
#2454=EDGE_CURVE('',#3191,#3189,#3727,.T.);
#2455=EDGE_CURVE('',#3064,#3191,#3728,.T.);
#2456=EDGE_CURVE('',#3192,#3191,#3729,.T.);
#2457=EDGE_CURVE('',#3074,#3192,#3730,.T.);
#2458=EDGE_CURVE('',#3193,#3192,#3731,.T.);
#2459=EDGE_CURVE('',#3073,#3193,#3732,.T.);
#2460=EDGE_CURVE('',#3194,#3193,#3733,.T.);
#2461=EDGE_CURVE('',#3072,#3194,#3734,.T.);
#2462=EDGE_CURVE('',#3195,#3194,#3735,.T.);
#2463=EDGE_CURVE('',#3071,#3195,#3736,.T.);
#2464=EDGE_CURVE('',#3196,#3195,#3737,.T.);
#2465=EDGE_CURVE('',#3070,#3196,#3738,.T.);
#2466=EDGE_CURVE('',#3197,#3196,#3739,.T.);
#2467=EDGE_CURVE('',#3069,#3197,#3740,.T.);
#2468=EDGE_CURVE('',#3198,#3197,#3741,.T.);
#2469=EDGE_CURVE('',#3068,#3198,#3742,.T.);
#2470=EDGE_CURVE('',#3199,#3198,#3743,.T.);
#2471=EDGE_CURVE('',#3067,#3199,#3744,.T.);
#2472=EDGE_CURVE('',#3190,#3199,#3745,.T.);
#2473=EDGE_CURVE('',#3180,#3187,#3746,.T.);
#2474=EDGE_CURVE('',#3181,#3188,#3747,.T.);
#2475=EDGE_CURVE('',#3200,#3201,#271,.F.);
#2476=EDGE_CURVE('',#3077,#3201,#3748,.T.);
#2477=EDGE_CURVE('',#3076,#3200,#3749,.T.);
#2478=EDGE_CURVE('',#3202,#3200,#272,.F.);
#2479=EDGE_CURVE('',#3075,#3202,#3750,.T.);
#2480=EDGE_CURVE('',#3203,#3202,#273,.F.);
#2481=EDGE_CURVE('',#3106,#3203,#3751,.T.);
#2482=EDGE_CURVE('',#3204,#3203,#274,.F.);
#2483=EDGE_CURVE('',#3105,#3204,#3752,.T.);
#2484=EDGE_CURVE('',#3205,#3204,#275,.F.);
#2485=EDGE_CURVE('',#3104,#3205,#3753,.T.);
#2486=EDGE_CURVE('',#3206,#3205,#276,.F.);
#2487=EDGE_CURVE('',#3103,#3206,#3754,.T.);
#2488=EDGE_CURVE('',#3207,#3206,#277,.F.);
#2489=EDGE_CURVE('',#3102,#3207,#3755,.T.);
#2490=EDGE_CURVE('',#3208,#3207,#278,.F.);
#2491=EDGE_CURVE('',#3101,#3208,#3756,.T.);
#2492=EDGE_CURVE('',#3209,#3208,#168,.T.);
#2493=EDGE_CURVE('',#3100,#3209,#3757,.T.);
#2494=EDGE_CURVE('',#3210,#3209,#279,.T.);
#2495=EDGE_CURVE('',#3099,#3210,#3758,.T.);
#2496=EDGE_CURVE('',#3211,#3210,#280,.T.);
#2497=EDGE_CURVE('',#3098,#3211,#3759,.T.);
#2498=EDGE_CURVE('',#3212,#3211,#281,.T.);
#2499=EDGE_CURVE('',#3097,#3212,#3760,.T.);
#2500=EDGE_CURVE('',#3213,#3212,#282,.T.);
#2501=EDGE_CURVE('',#3096,#3213,#3761,.T.);
#2502=EDGE_CURVE('',#3214,#3213,#283,.T.);
#2503=EDGE_CURVE('',#3095,#3214,#3762,.T.);
#2504=EDGE_CURVE('',#3215,#3214,#169,.T.);
#2505=EDGE_CURVE('',#3094,#3215,#3763,.T.);
#2506=EDGE_CURVE('',#3216,#3215,#170,.T.);
#2507=EDGE_CURVE('',#3093,#3216,#3764,.T.);
#2508=EDGE_CURVE('',#3217,#3216,#3765,.T.);
#2509=EDGE_CURVE('',#3092,#3217,#3766,.T.);
#2510=EDGE_CURVE('',#3218,#3217,#284,.F.);
#2511=EDGE_CURVE('',#3091,#3218,#3767,.T.);
#2512=EDGE_CURVE('',#3219,#3218,#285,.F.);
#2513=EDGE_CURVE('',#3090,#3219,#3768,.T.);
#2514=EDGE_CURVE('',#3220,#3219,#286,.F.);
#2515=EDGE_CURVE('',#3089,#3220,#3769,.T.);
#2516=EDGE_CURVE('',#3221,#3220,#287,.F.);
#2517=EDGE_CURVE('',#3088,#3221,#3770,.T.);
#2518=EDGE_CURVE('',#3222,#3221,#3771,.T.);
#2519=EDGE_CURVE('',#3087,#3222,#3772,.T.);
#2520=EDGE_CURVE('',#3223,#3222,#288,.F.);
#2521=EDGE_CURVE('',#3086,#3223,#3773,.T.);
#2522=EDGE_CURVE('',#3224,#3223,#289,.F.);
#2523=EDGE_CURVE('',#3085,#3224,#3774,.T.);
#2524=EDGE_CURVE('',#3225,#3224,#290,.F.);
#2525=EDGE_CURVE('',#3084,#3225,#3775,.T.);
#2526=EDGE_CURVE('',#3226,#3225,#291,.F.);
#2527=EDGE_CURVE('',#3083,#3226,#3776,.T.);
#2528=EDGE_CURVE('',#3227,#3226,#292,.F.);
#2529=EDGE_CURVE('',#3082,#3227,#3777,.T.);
#2530=EDGE_CURVE('',#3228,#3227,#171,.T.);
#2531=EDGE_CURVE('',#3081,#3228,#3778,.T.);
#2532=EDGE_CURVE('',#3229,#3228,#293,.F.);
#2533=EDGE_CURVE('',#3080,#3229,#3779,.T.);
#2534=EDGE_CURVE('',#3230,#3229,#294,.F.);
#2535=EDGE_CURVE('',#3079,#3230,#3780,.T.);
#2536=EDGE_CURVE('',#3231,#3230,#295,.F.);
#2537=EDGE_CURVE('',#3078,#3231,#3781,.T.);
#2538=EDGE_CURVE('',#3201,#3231,#296,.F.);
#2539=EDGE_CURVE('',#3232,#3233,#3782,.T.);
#2540=EDGE_CURVE('',#3109,#3233,#3783,.T.);
#2541=EDGE_CURVE('',#3108,#3232,#3784,.T.);
#2542=EDGE_CURVE('',#3234,#3232,#297,.F.);
#2543=EDGE_CURVE('',#3107,#3234,#3785,.T.);
#2544=EDGE_CURVE('',#3235,#3234,#298,.F.);
#2545=EDGE_CURVE('',#3136,#3235,#3786,.T.);
#2546=EDGE_CURVE('',#3236,#3235,#299,.F.);
#2547=EDGE_CURVE('',#3135,#3236,#3787,.T.);
#2548=EDGE_CURVE('',#3237,#3236,#300,.F.);
#2549=EDGE_CURVE('',#3134,#3237,#3788,.T.);
#2550=EDGE_CURVE('',#3238,#3237,#301,.F.);
#2551=EDGE_CURVE('',#3133,#3238,#3789,.T.);
#2552=EDGE_CURVE('',#3239,#3238,#302,.F.);
#2553=EDGE_CURVE('',#3132,#3239,#3790,.T.);
#2554=EDGE_CURVE('',#3240,#3239,#303,.F.);
#2555=EDGE_CURVE('',#3131,#3240,#3791,.T.);
#2556=EDGE_CURVE('',#3241,#3240,#304,.F.);
#2557=EDGE_CURVE('',#3130,#3241,#3792,.T.);
#2558=EDGE_CURVE('',#3242,#3241,#305,.F.);
#2559=EDGE_CURVE('',#3129,#3242,#3793,.T.);
#2560=EDGE_CURVE('',#3243,#3242,#306,.F.);
#2561=EDGE_CURVE('',#3128,#3243,#3794,.T.);
#2562=EDGE_CURVE('',#3244,#3243,#307,.F.);
#2563=EDGE_CURVE('',#3127,#3244,#3795,.T.);
#2564=EDGE_CURVE('',#3245,#3244,#308,.F.);
#2565=EDGE_CURVE('',#3126,#3245,#3796,.T.);
#2566=EDGE_CURVE('',#3246,#3245,#309,.F.);
#2567=EDGE_CURVE('',#3125,#3246,#3797,.T.);
#2568=EDGE_CURVE('',#3247,#3246,#310,.F.);
#2569=EDGE_CURVE('',#3124,#3247,#3798,.T.);
#2570=EDGE_CURVE('',#3248,#3247,#3799,.T.);
#2571=EDGE_CURVE('',#3123,#3248,#3800,.T.);
#2572=EDGE_CURVE('',#3249,#3248,#311,.T.);
#2573=EDGE_CURVE('',#3122,#3249,#3801,.T.);
#2574=EDGE_CURVE('',#3250,#3249,#312,.T.);
#2575=EDGE_CURVE('',#3121,#3250,#3802,.T.);
#2576=EDGE_CURVE('',#3251,#3250,#313,.T.);
#2577=EDGE_CURVE('',#3120,#3251,#3803,.T.);
#2578=EDGE_CURVE('',#3252,#3251,#314,.T.);
#2579=EDGE_CURVE('',#3119,#3252,#3804,.T.);
#2580=EDGE_CURVE('',#3253,#3252,#315,.T.);
#2581=EDGE_CURVE('',#3118,#3253,#3805,.T.);
#2582=EDGE_CURVE('',#3254,#3253,#316,.T.);
#2583=EDGE_CURVE('',#3117,#3254,#3806,.T.);
#2584=EDGE_CURVE('',#3255,#3254,#317,.T.);
#2585=EDGE_CURVE('',#3116,#3255,#3807,.T.);
#2586=EDGE_CURVE('',#3256,#3255,#318,.T.);
#2587=EDGE_CURVE('',#3115,#3256,#3808,.T.);
#2588=EDGE_CURVE('',#3257,#3256,#319,.T.);
#2589=EDGE_CURVE('',#3114,#3257,#3809,.T.);
#2590=EDGE_CURVE('',#3258,#3257,#320,.T.);
#2591=EDGE_CURVE('',#3113,#3258,#3810,.T.);
#2592=EDGE_CURVE('',#3259,#3258,#321,.T.);
#2593=EDGE_CURVE('',#3112,#3259,#3811,.T.);
#2594=EDGE_CURVE('',#3260,#3259,#322,.T.);
#2595=EDGE_CURVE('',#3111,#3260,#3812,.T.);
#2596=EDGE_CURVE('',#3261,#3260,#323,.T.);
#2597=EDGE_CURVE('',#3110,#3261,#3813,.T.);
#2598=EDGE_CURVE('',#3233,#3261,#324,.T.);
#2599=EDGE_CURVE('',#3262,#3262,#325,.T.);
#2600=EDGE_CURVE('',#3263,#3263,#326,.T.);
#2601=EDGE_CURVE('',#3264,#3265,#327,.F.);
#2602=EDGE_CURVE('',#3265,#3266,#328,.F.);
#2603=EDGE_CURVE('',#3266,#3267,#329,.F.);
#2604=EDGE_CURVE('',#3267,#3268,#330,.F.);
#2605=EDGE_CURVE('',#3268,#3269,#331,.F.);
#2606=EDGE_CURVE('',#3269,#3270,#332,.F.);
#2607=EDGE_CURVE('',#3270,#3271,#172,.T.);
#2608=EDGE_CURVE('',#3271,#3272,#333,.F.);
#2609=EDGE_CURVE('',#3272,#3273,#334,.F.);
#2610=EDGE_CURVE('',#3273,#3274,#335,.F.);
#2611=EDGE_CURVE('',#3274,#3275,#336,.F.);
#2612=EDGE_CURVE('',#3275,#3276,#337,.F.);
#2613=EDGE_CURVE('',#3276,#3277,#3814,.T.);
#2614=EDGE_CURVE('',#3277,#3278,#338,.F.);
#2615=EDGE_CURVE('',#3278,#3279,#339,.F.);
#2616=EDGE_CURVE('',#3279,#3280,#340,.F.);
#2617=EDGE_CURVE('',#3280,#3281,#341,.F.);
#2618=EDGE_CURVE('',#3281,#3282,#3815,.T.);
#2619=EDGE_CURVE('',#3282,#3283,#173,.T.);
#2620=EDGE_CURVE('',#3283,#3284,#174,.T.);
#2621=EDGE_CURVE('',#3284,#3285,#342,.T.);
#2622=EDGE_CURVE('',#3285,#3286,#343,.T.);
#2623=EDGE_CURVE('',#3286,#3287,#344,.T.);
#2624=EDGE_CURVE('',#3287,#3288,#345,.T.);
#2625=EDGE_CURVE('',#3288,#3289,#346,.T.);
#2626=EDGE_CURVE('',#3289,#3290,#175,.T.);
#2627=EDGE_CURVE('',#3290,#3291,#347,.F.);
#2628=EDGE_CURVE('',#3291,#3292,#348,.F.);
#2629=EDGE_CURVE('',#3292,#3293,#349,.F.);
#2630=EDGE_CURVE('',#3293,#3294,#350,.F.);
#2631=EDGE_CURVE('',#3294,#3295,#351,.F.);
#2632=EDGE_CURVE('',#3295,#3264,#352,.F.);
#2633=EDGE_CURVE('',#3296,#3297,#3816,.T.);
#2634=EDGE_CURVE('',#3297,#3298,#3817,.T.);
#2635=EDGE_CURVE('',#3298,#3299,#3818,.T.);
#2636=EDGE_CURVE('',#3299,#3300,#3819,.T.);
#2637=EDGE_CURVE('',#3300,#3301,#3820,.T.);
#2638=EDGE_CURVE('',#3301,#3302,#3821,.T.);
#2639=EDGE_CURVE('',#3302,#3303,#3822,.T.);
#2640=EDGE_CURVE('',#3303,#3296,#3823,.T.);
#2641=EDGE_CURVE('',#3304,#3305,#3824,.T.);
#2642=EDGE_CURVE('',#3305,#3306,#3825,.T.);
#2643=EDGE_CURVE('',#3306,#3307,#3826,.T.);
#2644=EDGE_CURVE('',#3307,#3308,#353,.T.);
#2645=EDGE_CURVE('',#3308,#3309,#354,.T.);
#2646=EDGE_CURVE('',#3309,#3310,#355,.T.);
#2647=EDGE_CURVE('',#3310,#3311,#356,.T.);
#2648=EDGE_CURVE('',#3311,#3312,#357,.T.);
#2649=EDGE_CURVE('',#3312,#3313,#358,.T.);
#2650=EDGE_CURVE('',#3313,#3314,#359,.T.);
#2651=EDGE_CURVE('',#3314,#3315,#360,.T.);
#2652=EDGE_CURVE('',#3315,#3316,#361,.T.);
#2653=EDGE_CURVE('',#3316,#3317,#3827,.T.);
#2654=EDGE_CURVE('',#3317,#3318,#362,.F.);
#2655=EDGE_CURVE('',#3318,#3319,#363,.F.);
#2656=EDGE_CURVE('',#3319,#3320,#364,.F.);
#2657=EDGE_CURVE('',#3320,#3321,#365,.F.);
#2658=EDGE_CURVE('',#3321,#3322,#366,.F.);
#2659=EDGE_CURVE('',#3322,#3323,#367,.F.);
#2660=EDGE_CURVE('',#3323,#3324,#368,.F.);
#2661=EDGE_CURVE('',#3324,#3325,#369,.F.);
#2662=EDGE_CURVE('',#3325,#3326,#370,.F.);
#2663=EDGE_CURVE('',#3326,#3327,#3828,.T.);
#2664=EDGE_CURVE('',#3327,#3328,#3829,.T.);
#2665=EDGE_CURVE('',#3328,#3329,#3830,.T.);
#2666=EDGE_CURVE('',#3329,#3304,#3831,.T.);
#2667=EDGE_CURVE('',#3330,#3331,#371,.F.);
#2668=EDGE_CURVE('',#3331,#3332,#3832,.T.);
#2669=EDGE_CURVE('',#3332,#3333,#372,.T.);
#2670=EDGE_CURVE('',#3333,#3334,#373,.T.);
#2671=EDGE_CURVE('',#3334,#3335,#374,.T.);
#2672=EDGE_CURVE('',#3335,#3336,#375,.T.);
#2673=EDGE_CURVE('',#3336,#3337,#376,.T.);
#2674=EDGE_CURVE('',#3337,#3338,#377,.T.);
#2675=EDGE_CURVE('',#3338,#3339,#378,.T.);
#2676=EDGE_CURVE('',#3339,#3340,#379,.T.);
#2677=EDGE_CURVE('',#3340,#3341,#380,.T.);
#2678=EDGE_CURVE('',#3341,#3342,#381,.T.);
#2679=EDGE_CURVE('',#3342,#3343,#382,.T.);
#2680=EDGE_CURVE('',#3343,#3344,#383,.T.);
#2681=EDGE_CURVE('',#3344,#3345,#384,.T.);
#2682=EDGE_CURVE('',#3345,#3346,#385,.T.);
#2683=EDGE_CURVE('',#3346,#3347,#3833,.T.);
#2684=EDGE_CURVE('',#3347,#3348,#386,.F.);
#2685=EDGE_CURVE('',#3348,#3349,#387,.F.);
#2686=EDGE_CURVE('',#3349,#3350,#388,.F.);
#2687=EDGE_CURVE('',#3350,#3351,#389,.F.);
#2688=EDGE_CURVE('',#3351,#3352,#390,.F.);
#2689=EDGE_CURVE('',#3352,#3353,#391,.F.);
#2690=EDGE_CURVE('',#3353,#3354,#392,.F.);
#2691=EDGE_CURVE('',#3354,#3355,#393,.F.);
#2692=EDGE_CURVE('',#3355,#3356,#394,.F.);
#2693=EDGE_CURVE('',#3356,#3357,#395,.F.);
#2694=EDGE_CURVE('',#3357,#3358,#396,.F.);
#2695=EDGE_CURVE('',#3358,#3359,#397,.F.);
#2696=EDGE_CURVE('',#3359,#3330,#398,.F.);
#2697=EDGE_CURVE('',#3360,#3361,#3834,.T.);
#2698=EDGE_CURVE('',#3361,#3362,#3835,.T.);
#2699=EDGE_CURVE('',#3362,#3363,#3836,.T.);
#2700=EDGE_CURVE('',#3363,#3364,#3837,.T.);
#2701=EDGE_CURVE('',#3364,#3365,#3838,.T.);
#2702=EDGE_CURVE('',#3365,#3366,#3839,.T.);
#2703=EDGE_CURVE('',#3366,#3367,#3840,.T.);
#2704=EDGE_CURVE('',#3367,#3360,#3841,.T.);
#2705=EDGE_CURVE('',#3368,#3369,#3842,.T.);
#2706=EDGE_CURVE('',#3369,#3370,#3843,.T.);
#2707=EDGE_CURVE('',#3370,#3371,#3844,.T.);
#2708=EDGE_CURVE('',#3371,#3372,#3845,.T.);
#2709=EDGE_CURVE('',#3372,#3373,#3846,.T.);
#2710=EDGE_CURVE('',#3373,#3374,#3847,.T.);
#2711=EDGE_CURVE('',#3374,#3375,#3848,.T.);
#2712=EDGE_CURVE('',#3375,#3376,#3849,.T.);
#2713=EDGE_CURVE('',#3376,#3377,#3850,.T.);
#2714=EDGE_CURVE('',#3377,#3378,#3851,.T.);
#2715=EDGE_CURVE('',#3378,#3368,#3852,.T.);
#2716=EDGE_CURVE('',#3379,#3379,#399,.T.);
#2717=EDGE_CURVE('',#3380,#3381,#400,.F.);
#2718=EDGE_CURVE('',#3382,#3380,#401,.F.);
#2719=EDGE_CURVE('',#3383,#3382,#402,.F.);
#2720=EDGE_CURVE('',#3384,#3383,#403,.F.);
#2721=EDGE_CURVE('',#3385,#3384,#404,.F.);
#2722=EDGE_CURVE('',#3386,#3385,#405,.F.);
#2723=EDGE_CURVE('',#3387,#3386,#406,.F.);
#2724=EDGE_CURVE('',#3388,#3387,#407,.F.);
#2725=EDGE_CURVE('',#3389,#3388,#176,.T.);
#2726=EDGE_CURVE('',#3390,#3389,#408,.T.);
#2727=EDGE_CURVE('',#3391,#3390,#409,.T.);
#2728=EDGE_CURVE('',#3392,#3391,#410,.T.);
#2729=EDGE_CURVE('',#3393,#3392,#411,.T.);
#2730=EDGE_CURVE('',#3394,#3393,#412,.T.);
#2731=EDGE_CURVE('',#3395,#3394,#177,.T.);
#2732=EDGE_CURVE('',#3396,#3395,#178,.T.);
#2733=EDGE_CURVE('',#3397,#3396,#3853,.T.);
#2734=EDGE_CURVE('',#3398,#3397,#413,.F.);
#2735=EDGE_CURVE('',#3399,#3398,#414,.F.);
#2736=EDGE_CURVE('',#3400,#3399,#415,.F.);
#2737=EDGE_CURVE('',#3401,#3400,#416,.F.);
#2738=EDGE_CURVE('',#3402,#3401,#3854,.T.);
#2739=EDGE_CURVE('',#3403,#3402,#417,.F.);
#2740=EDGE_CURVE('',#3404,#3403,#418,.F.);
#2741=EDGE_CURVE('',#3405,#3404,#419,.F.);
#2742=EDGE_CURVE('',#3406,#3405,#420,.F.);
#2743=EDGE_CURVE('',#3407,#3406,#421,.F.);
#2744=EDGE_CURVE('',#3408,#3407,#179,.T.);
#2745=EDGE_CURVE('',#3409,#3408,#422,.F.);
#2746=EDGE_CURVE('',#3410,#3409,#423,.F.);
#2747=EDGE_CURVE('',#3411,#3410,#424,.F.);
#2748=EDGE_CURVE('',#3381,#3411,#425,.F.);
#2749=EDGE_CURVE('',#3412,#3413,#3855,.T.);
#2750=EDGE_CURVE('',#3414,#3412,#3856,.T.);
#2751=EDGE_CURVE('',#3415,#3414,#3857,.T.);
#2752=EDGE_CURVE('',#3416,#3415,#3858,.T.);
#2753=EDGE_CURVE('',#3417,#3416,#3859,.T.);
#2754=EDGE_CURVE('',#3418,#3417,#3860,.T.);
#2755=EDGE_CURVE('',#3419,#3418,#426,.F.);
#2756=EDGE_CURVE('',#3420,#3419,#427,.F.);
#2757=EDGE_CURVE('',#3421,#3420,#428,.F.);
#2758=EDGE_CURVE('',#3422,#3421,#429,.F.);
#2759=EDGE_CURVE('',#3423,#3422,#430,.F.);
#2760=EDGE_CURVE('',#3424,#3423,#431,.F.);
#2761=EDGE_CURVE('',#3425,#3424,#432,.F.);
#2762=EDGE_CURVE('',#3426,#3425,#433,.F.);
#2763=EDGE_CURVE('',#3427,#3426,#434,.F.);
#2764=EDGE_CURVE('',#3428,#3427,#3861,.T.);
#2765=EDGE_CURVE('',#3429,#3428,#435,.T.);
#2766=EDGE_CURVE('',#3430,#3429,#436,.T.);
#2767=EDGE_CURVE('',#3431,#3430,#437,.T.);
#2768=EDGE_CURVE('',#3432,#3431,#438,.T.);
#2769=EDGE_CURVE('',#3433,#3432,#439,.T.);
#2770=EDGE_CURVE('',#3434,#3433,#440,.T.);
#2771=EDGE_CURVE('',#3435,#3434,#441,.T.);
#2772=EDGE_CURVE('',#3436,#3435,#442,.T.);
#2773=EDGE_CURVE('',#3437,#3436,#443,.T.);
#2774=EDGE_CURVE('',#3413,#3437,#3862,.T.);
#2775=EDGE_CURVE('',#3438,#3439,#3863,.T.);
#2776=EDGE_CURVE('',#3440,#3438,#3864,.T.);
#2777=EDGE_CURVE('',#3441,#3440,#3865,.T.);
#2778=EDGE_CURVE('',#3442,#3441,#3866,.T.);
#2779=EDGE_CURVE('',#3443,#3442,#3867,.T.);
#2780=EDGE_CURVE('',#3444,#3443,#3868,.T.);
#2781=EDGE_CURVE('',#3445,#3444,#3869,.T.);
#2782=EDGE_CURVE('',#3439,#3445,#3870,.T.);
#2783=EDGE_CURVE('',#3446,#3447,#3871,.T.);
#2784=EDGE_CURVE('',#3448,#3446,#444,.F.);
#2785=EDGE_CURVE('',#3449,#3448,#445,.F.);
#2786=EDGE_CURVE('',#3450,#3449,#446,.F.);
#2787=EDGE_CURVE('',#3451,#3450,#447,.F.);
#2788=EDGE_CURVE('',#3452,#3451,#448,.F.);
#2789=EDGE_CURVE('',#3453,#3452,#449,.F.);
#2790=EDGE_CURVE('',#3454,#3453,#450,.F.);
#2791=EDGE_CURVE('',#3455,#3454,#451,.F.);
#2792=EDGE_CURVE('',#3456,#3455,#452,.F.);
#2793=EDGE_CURVE('',#3457,#3456,#453,.F.);
#2794=EDGE_CURVE('',#3458,#3457,#454,.F.);
#2795=EDGE_CURVE('',#3459,#3458,#455,.F.);
#2796=EDGE_CURVE('',#3460,#3459,#456,.F.);
#2797=EDGE_CURVE('',#3461,#3460,#457,.F.);
#2798=EDGE_CURVE('',#3462,#3461,#3872,.T.);
#2799=EDGE_CURVE('',#3463,#3462,#458,.T.);
#2800=EDGE_CURVE('',#3464,#3463,#459,.T.);
#2801=EDGE_CURVE('',#3465,#3464,#460,.T.);
#2802=EDGE_CURVE('',#3466,#3465,#461,.T.);
#2803=EDGE_CURVE('',#3467,#3466,#462,.T.);
#2804=EDGE_CURVE('',#3468,#3467,#463,.T.);
#2805=EDGE_CURVE('',#3469,#3468,#464,.T.);
#2806=EDGE_CURVE('',#3470,#3469,#465,.T.);
#2807=EDGE_CURVE('',#3471,#3470,#466,.T.);
#2808=EDGE_CURVE('',#3472,#3471,#467,.T.);
#2809=EDGE_CURVE('',#3473,#3472,#468,.T.);
#2810=EDGE_CURVE('',#3474,#3473,#469,.T.);
#2811=EDGE_CURVE('',#3475,#3474,#470,.T.);
#2812=EDGE_CURVE('',#3447,#3475,#471,.T.);
#2813=EDGE_CURVE('',#3476,#3477,#3873,.T.);
#2814=EDGE_CURVE('',#3478,#3476,#3874,.T.);
#2815=EDGE_CURVE('',#3479,#3478,#3875,.T.);
#2816=EDGE_CURVE('',#3480,#3479,#3876,.T.);
#2817=EDGE_CURVE('',#3481,#3480,#3877,.T.);
#2818=EDGE_CURVE('',#3482,#3481,#3878,.T.);
#2819=EDGE_CURVE('',#3483,#3482,#3879,.T.);
#2820=EDGE_CURVE('',#3477,#3483,#3880,.T.);
#2821=EDGE_CURVE('',#3484,#3485,#3881,.T.);
#2822=EDGE_CURVE('',#3486,#3484,#3882,.T.);
#2823=EDGE_CURVE('',#3487,#3486,#3883,.T.);
#2824=EDGE_CURVE('',#3488,#3487,#3884,.T.);
#2825=EDGE_CURVE('',#3489,#3488,#3885,.T.);
#2826=EDGE_CURVE('',#3490,#3489,#3886,.T.);
#2827=EDGE_CURVE('',#3491,#3490,#3887,.T.);
#2828=EDGE_CURVE('',#3492,#3491,#3888,.T.);
#2829=EDGE_CURVE('',#3493,#3492,#3889,.T.);
#2830=EDGE_CURVE('',#3494,#3493,#3890,.T.);
#2831=EDGE_CURVE('',#3485,#3494,#3891,.T.);
#2832=EDGE_CURVE('',#3361,#3439,#3892,.T.);
#2833=EDGE_CURVE('',#3360,#3438,#3893,.T.);
#2834=EDGE_CURVE('',#3362,#3445,#3894,.T.);
#2835=EDGE_CURVE('',#3363,#3444,#3895,.T.);
#2836=EDGE_CURVE('',#3364,#3443,#3896,.T.);
#2837=EDGE_CURVE('',#3365,#3442,#3897,.T.);
#2838=EDGE_CURVE('',#3366,#3441,#3898,.T.);
#2839=EDGE_CURVE('',#3367,#3440,#3899,.T.);
#2840=EDGE_CURVE('',#3446,#3331,#3900,.T.);
#2841=EDGE_CURVE('',#3447,#3332,#3901,.T.);
#2842=EDGE_CURVE('',#3448,#3330,#3902,.T.);
#2843=EDGE_CURVE('',#3449,#3359,#3903,.T.);
#2844=EDGE_CURVE('',#3450,#3358,#3904,.T.);
#2845=EDGE_CURVE('',#3451,#3357,#3905,.T.);
#2846=EDGE_CURVE('',#3452,#3356,#3906,.T.);
#2847=EDGE_CURVE('',#3453,#3355,#3907,.T.);
#2848=EDGE_CURVE('',#3454,#3354,#3908,.T.);
#2849=EDGE_CURVE('',#3455,#3353,#3909,.T.);
#2850=EDGE_CURVE('',#3456,#3352,#3910,.T.);
#2851=EDGE_CURVE('',#3457,#3351,#3911,.T.);
#2852=EDGE_CURVE('',#3458,#3350,#3912,.T.);
#2853=EDGE_CURVE('',#3459,#3349,#3913,.T.);
#2854=EDGE_CURVE('',#3460,#3348,#3914,.T.);
#2855=EDGE_CURVE('',#3461,#3347,#3915,.T.);
#2856=EDGE_CURVE('',#3462,#3346,#3916,.T.);
#2857=EDGE_CURVE('',#3463,#3345,#3917,.T.);
#2858=EDGE_CURVE('',#3464,#3344,#3918,.T.);
#2859=EDGE_CURVE('',#3465,#3343,#3919,.T.);
#2860=EDGE_CURVE('',#3466,#3342,#3920,.T.);
#2861=EDGE_CURVE('',#3467,#3341,#3921,.T.);
#2862=EDGE_CURVE('',#3468,#3340,#3922,.T.);
#2863=EDGE_CURVE('',#3469,#3339,#3923,.T.);
#2864=EDGE_CURVE('',#3470,#3338,#3924,.T.);
#2865=EDGE_CURVE('',#3471,#3337,#3925,.T.);
#2866=EDGE_CURVE('',#3472,#3336,#3926,.T.);
#2867=EDGE_CURVE('',#3473,#3335,#3927,.T.);
#2868=EDGE_CURVE('',#3474,#3334,#3928,.T.);
#2869=EDGE_CURVE('',#3475,#3333,#3929,.T.);
#2870=EDGE_CURVE('',#3412,#3305,#3930,.T.);
#2871=EDGE_CURVE('',#3413,#3306,#3931,.T.);
#2872=EDGE_CURVE('',#3414,#3304,#3932,.T.);
#2873=EDGE_CURVE('',#3415,#3329,#3933,.T.);
#2874=EDGE_CURVE('',#3416,#3328,#3934,.T.);
#2875=EDGE_CURVE('',#3417,#3327,#3935,.T.);
#2876=EDGE_CURVE('',#3418,#3326,#3936,.T.);
#2877=EDGE_CURVE('',#3419,#3325,#3937,.T.);
#2878=EDGE_CURVE('',#3420,#3324,#3938,.T.);
#2879=EDGE_CURVE('',#3421,#3323,#3939,.T.);
#2880=EDGE_CURVE('',#3422,#3322,#3940,.T.);
#2881=EDGE_CURVE('',#3423,#3321,#3941,.T.);
#2882=EDGE_CURVE('',#3424,#3320,#3942,.T.);
#2883=EDGE_CURVE('',#3425,#3319,#3943,.T.);
#2884=EDGE_CURVE('',#3426,#3318,#3944,.T.);
#2885=EDGE_CURVE('',#3427,#3317,#3945,.T.);
#2886=EDGE_CURVE('',#3428,#3316,#3946,.T.);
#2887=EDGE_CURVE('',#3429,#3315,#3947,.T.);
#2888=EDGE_CURVE('',#3430,#3314,#3948,.T.);
#2889=EDGE_CURVE('',#3431,#3313,#3949,.T.);
#2890=EDGE_CURVE('',#3432,#3312,#3950,.T.);
#2891=EDGE_CURVE('',#3433,#3311,#3951,.T.);
#2892=EDGE_CURVE('',#3434,#3310,#3952,.T.);
#2893=EDGE_CURVE('',#3435,#3309,#3953,.T.);
#2894=EDGE_CURVE('',#3436,#3308,#3954,.T.);
#2895=EDGE_CURVE('',#3437,#3307,#3955,.T.);
#2896=EDGE_CURVE('',#3476,#3297,#3956,.T.);
#2897=EDGE_CURVE('',#3477,#3298,#3957,.T.);
#2898=EDGE_CURVE('',#3478,#3296,#3958,.T.);
#2899=EDGE_CURVE('',#3479,#3303,#3959,.T.);
#2900=EDGE_CURVE('',#3480,#3302,#3960,.T.);
#2901=EDGE_CURVE('',#3481,#3301,#3961,.T.);
#2902=EDGE_CURVE('',#3482,#3300,#3962,.T.);
#2903=EDGE_CURVE('',#3483,#3299,#3963,.T.);
#2904=EDGE_CURVE('',#3380,#3265,#3964,.T.);
#2905=EDGE_CURVE('',#3381,#3266,#3965,.T.);
#2906=EDGE_CURVE('',#3382,#3264,#3966,.T.);
#2907=EDGE_CURVE('',#3383,#3295,#3967,.T.);
#2908=EDGE_CURVE('',#3384,#3294,#3968,.T.);
#2909=EDGE_CURVE('',#3385,#3293,#3969,.T.);
#2910=EDGE_CURVE('',#3386,#3292,#3970,.T.);
#2911=EDGE_CURVE('',#3387,#3291,#3971,.T.);
#2912=EDGE_CURVE('',#3388,#3290,#3972,.T.);
#2913=EDGE_CURVE('',#3389,#3289,#3973,.T.);
#2914=EDGE_CURVE('',#3390,#3288,#3974,.T.);
#2915=EDGE_CURVE('',#3391,#3287,#3975,.T.);
#2916=EDGE_CURVE('',#3392,#3286,#3976,.T.);
#2917=EDGE_CURVE('',#3393,#3285,#3977,.T.);
#2918=EDGE_CURVE('',#3394,#3284,#3978,.T.);
#2919=EDGE_CURVE('',#3395,#3283,#3979,.T.);
#2920=EDGE_CURVE('',#3396,#3282,#3980,.T.);
#2921=EDGE_CURVE('',#3397,#3281,#3981,.T.);
#2922=EDGE_CURVE('',#3398,#3280,#3982,.T.);
#2923=EDGE_CURVE('',#3399,#3279,#3983,.T.);
#2924=EDGE_CURVE('',#3400,#3278,#3984,.T.);
#2925=EDGE_CURVE('',#3401,#3277,#3985,.T.);
#2926=EDGE_CURVE('',#3402,#3276,#3986,.T.);
#2927=EDGE_CURVE('',#3403,#3275,#3987,.T.);
#2928=EDGE_CURVE('',#3404,#3274,#3988,.T.);
#2929=EDGE_CURVE('',#3405,#3273,#3989,.T.);
#2930=EDGE_CURVE('',#3406,#3272,#3990,.T.);
#2931=EDGE_CURVE('',#3407,#3271,#3991,.T.);
#2932=EDGE_CURVE('',#3408,#3270,#3992,.T.);
#2933=EDGE_CURVE('',#3409,#3269,#3993,.T.);
#2934=EDGE_CURVE('',#3410,#3268,#3994,.T.);
#2935=EDGE_CURVE('',#3411,#3267,#3995,.T.);
#2936=EDGE_CURVE('',#3484,#3369,#3996,.T.);
#2937=EDGE_CURVE('',#3485,#3370,#3997,.T.);
#2938=EDGE_CURVE('',#3486,#3368,#3998,.T.);
#2939=EDGE_CURVE('',#3487,#3378,#3999,.T.);
#2940=EDGE_CURVE('',#3488,#3377,#4000,.T.);
#2941=EDGE_CURVE('',#3489,#3376,#4001,.T.);
#2942=EDGE_CURVE('',#3490,#3375,#4002,.T.);
#2943=EDGE_CURVE('',#3491,#3374,#4003,.T.);
#2944=EDGE_CURVE('',#3492,#3373,#4004,.T.);
#2945=EDGE_CURVE('',#3493,#3372,#4005,.T.);
#2946=EDGE_CURVE('',#3494,#3371,#4006,.T.);
#2947=VERTEX_POINT('',#7939);
#2948=VERTEX_POINT('',#7940);
#2949=VERTEX_POINT('',#7942);
#2950=VERTEX_POINT('',#7944);
#2951=VERTEX_POINT('',#7948);
#2952=VERTEX_POINT('',#7950);
#2953=VERTEX_POINT('',#7954);
#2954=VERTEX_POINT('',#7956);
#2955=VERTEX_POINT('',#7960);
#2956=VERTEX_POINT('',#7962);
#2957=VERTEX_POINT('',#7966);
#2958=VERTEX_POINT('',#7968);
#2959=VERTEX_POINT('',#7972);
#2960=VERTEX_POINT('',#7974);
#2961=VERTEX_POINT('',#7978);
#2962=VERTEX_POINT('',#7980);
#2963=VERTEX_POINT('',#7990);
#2964=VERTEX_POINT('',#7991);
#2965=VERTEX_POINT('',#7993);
#2966=VERTEX_POINT('',#7995);
#2967=VERTEX_POINT('',#7997);
#2968=VERTEX_POINT('',#8001);
#2969=VERTEX_POINT('',#8002);
#2970=VERTEX_POINT('',#8007);
#2971=VERTEX_POINT('',#8011);
#2972=VERTEX_POINT('',#8015);
#2973=VERTEX_POINT('',#8023);
#2974=VERTEX_POINT('',#8024);
#2975=VERTEX_POINT('',#8026);
#2976=VERTEX_POINT('',#8028);
#2977=VERTEX_POINT('',#8032);
#2978=VERTEX_POINT('',#8034);
#2979=VERTEX_POINT('',#8038);
#2980=VERTEX_POINT('',#8040);
#2981=VERTEX_POINT('',#8044);
#2982=VERTEX_POINT('',#8046);
#2983=VERTEX_POINT('',#8050);
#2984=VERTEX_POINT('',#8052);
#2985=VERTEX_POINT('',#8056);
#2986=VERTEX_POINT('',#8058);
#2987=VERTEX_POINT('',#8062);
#2988=VERTEX_POINT('',#8064);
#2989=VERTEX_POINT('',#8074);
#2990=VERTEX_POINT('',#8075);
#2991=VERTEX_POINT('',#8077);
#2992=VERTEX_POINT('',#8079);
#2993=VERTEX_POINT('',#8083);
#2994=VERTEX_POINT('',#8085);
#2995=VERTEX_POINT('',#8089);
#2996=VERTEX_POINT('',#8091);
#2997=VERTEX_POINT('',#8095);
#2998=VERTEX_POINT('',#8097);
#2999=VERTEX_POINT('',#8101);
#3000=VERTEX_POINT('',#8103);
#3001=VERTEX_POINT('',#8107);
#3002=VERTEX_POINT('',#8109);
#3003=VERTEX_POINT('',#8113);
#3004=VERTEX_POINT('',#8115);
#3005=VERTEX_POINT('',#8125);
#3006=VERTEX_POINT('',#8126);
#3007=VERTEX_POINT('',#8128);
#3008=VERTEX_POINT('',#8130);
#3009=VERTEX_POINT('',#8134);
#3010=VERTEX_POINT('',#8136);
#3011=VERTEX_POINT('',#8140);
#3012=VERTEX_POINT('',#8142);
#3013=VERTEX_POINT('',#8146);
#3014=VERTEX_POINT('',#8148);
#3015=VERTEX_POINT('',#8152);
#3016=VERTEX_POINT('',#8154);
#3017=VERTEX_POINT('',#8158);
#3018=VERTEX_POINT('',#8160);
#3019=VERTEX_POINT('',#8164);
#3020=VERTEX_POINT('',#8166);
#3021=VERTEX_POINT('',#8176);
#3022=VERTEX_POINT('',#8178);
#3023=VERTEX_POINT('',#8179);
#3024=VERTEX_POINT('',#8181);
#3025=VERTEX_POINT('',#8183);
#3026=VERTEX_POINT('',#8185);
#3027=VERTEX_POINT('',#8187);
#3028=VERTEX_POINT('',#8189);
#3029=VERTEX_POINT('',#8191);
#3030=VERTEX_POINT('',#8194);
#3031=VERTEX_POINT('',#8195);
#3032=VERTEX_POINT('',#8197);
#3033=VERTEX_POINT('',#8199);
#3034=VERTEX_POINT('',#8201);
#3035=VERTEX_POINT('',#8203);
#3036=VERTEX_POINT('',#8205);
#3037=VERTEX_POINT('',#8207);
#3038=VERTEX_POINT('',#8209);
#3039=VERTEX_POINT('',#8211);
#3040=VERTEX_POINT('',#8213);
#3041=VERTEX_POINT('',#8215);
#3042=VERTEX_POINT('',#8217);
#3043=VERTEX_POINT('',#8219);
#3044=VERTEX_POINT('',#8221);
#3045=VERTEX_POINT('',#8223);
#3046=VERTEX_POINT('',#8225);
#3047=VERTEX_POINT('',#8227);
#3048=VERTEX_POINT('',#8229);
#3049=VERTEX_POINT('',#8231);
#3050=VERTEX_POINT('',#8233);
#3051=VERTEX_POINT('',#8235);
#3052=VERTEX_POINT('',#8237);
#3053=VERTEX_POINT('',#8239);
#3054=VERTEX_POINT('',#8241);
#3055=VERTEX_POINT('',#8243);
#3056=VERTEX_POINT('',#8246);
#3057=VERTEX_POINT('',#8247);
#3058=VERTEX_POINT('',#8249);
#3059=VERTEX_POINT('',#8251);
#3060=VERTEX_POINT('',#8253);
#3061=VERTEX_POINT('',#8255);
#3062=VERTEX_POINT('',#8257);
#3063=VERTEX_POINT('',#8259);
#3064=VERTEX_POINT('',#8262);
#3065=VERTEX_POINT('',#8263);
#3066=VERTEX_POINT('',#8265);
#3067=VERTEX_POINT('',#8267);
#3068=VERTEX_POINT('',#8269);
#3069=VERTEX_POINT('',#8271);
#3070=VERTEX_POINT('',#8273);
#3071=VERTEX_POINT('',#8275);
#3072=VERTEX_POINT('',#8277);
#3073=VERTEX_POINT('',#8279);
#3074=VERTEX_POINT('',#8281);
#3075=VERTEX_POINT('',#8284);
#3076=VERTEX_POINT('',#8285);
#3077=VERTEX_POINT('',#8287);
#3078=VERTEX_POINT('',#8289);
#3079=VERTEX_POINT('',#8291);
#3080=VERTEX_POINT('',#8293);
#3081=VERTEX_POINT('',#8295);
#3082=VERTEX_POINT('',#8299);
#3083=VERTEX_POINT('',#8301);
#3084=VERTEX_POINT('',#8303);
#3085=VERTEX_POINT('',#8305);
#3086=VERTEX_POINT('',#8307);
#3087=VERTEX_POINT('',#8309);
#3088=VERTEX_POINT('',#8311);
#3089=VERTEX_POINT('',#8313);
#3090=VERTEX_POINT('',#8315);
#3091=VERTEX_POINT('',#8317);
#3092=VERTEX_POINT('',#8319);
#3093=VERTEX_POINT('',#8321);
#3094=VERTEX_POINT('',#8325);
#3095=VERTEX_POINT('',#8329);
#3096=VERTEX_POINT('',#8331);
#3097=VERTEX_POINT('',#8333);
#3098=VERTEX_POINT('',#8335);
#3099=VERTEX_POINT('',#8337);
#3100=VERTEX_POINT('',#8339);
#3101=VERTEX_POINT('',#8343);
#3102=VERTEX_POINT('',#8345);
#3103=VERTEX_POINT('',#8347);
#3104=VERTEX_POINT('',#8349);
#3105=VERTEX_POINT('',#8351);
#3106=VERTEX_POINT('',#8353);
#3107=VERTEX_POINT('',#8356);
#3108=VERTEX_POINT('',#8357);
#3109=VERTEX_POINT('',#8359);
#3110=VERTEX_POINT('',#8361);
#3111=VERTEX_POINT('',#8363);
#3112=VERTEX_POINT('',#8365);
#3113=VERTEX_POINT('',#8367);
#3114=VERTEX_POINT('',#8369);
#3115=VERTEX_POINT('',#8371);
#3116=VERTEX_POINT('',#8373);
#3117=VERTEX_POINT('',#8375);
#3118=VERTEX_POINT('',#8377);
#3119=VERTEX_POINT('',#8379);
#3120=VERTEX_POINT('',#8381);
#3121=VERTEX_POINT('',#8383);
#3122=VERTEX_POINT('',#8385);
#3123=VERTEX_POINT('',#8387);
#3124=VERTEX_POINT('',#8389);
#3125=VERTEX_POINT('',#8391);
#3126=VERTEX_POINT('',#8393);
#3127=VERTEX_POINT('',#8395);
#3128=VERTEX_POINT('',#8397);
#3129=VERTEX_POINT('',#8399);
#3130=VERTEX_POINT('',#8401);
#3131=VERTEX_POINT('',#8403);
#3132=VERTEX_POINT('',#8405);
#3133=VERTEX_POINT('',#8407);
#3134=VERTEX_POINT('',#8409);
#3135=VERTEX_POINT('',#8411);
#3136=VERTEX_POINT('',#8413);
#3137=VERTEX_POINT('',#8417);
#3138=VERTEX_POINT('',#8418);
#3139=VERTEX_POINT('',#8423);
#3140=VERTEX_POINT('',#8424);
#3141=VERTEX_POINT('',#8429);
#3142=VERTEX_POINT('',#8430);
#3143=VERTEX_POINT('',#8435);
#3144=VERTEX_POINT('',#8436);
#3145=VERTEX_POINT('',#8450);
#3146=VERTEX_POINT('',#8451);
#3147=VERTEX_POINT('',#8456);
#3148=VERTEX_POINT('',#8460);
#3149=VERTEX_POINT('',#8464);
#3150=VERTEX_POINT('',#8468);
#3151=VERTEX_POINT('',#8472);
#3152=VERTEX_POINT('',#8476);
#3153=VERTEX_POINT('',#8480);
#3154=VERTEX_POINT('',#8484);
#3155=VERTEX_POINT('',#8488);
#3156=VERTEX_POINT('',#8492);
#3157=VERTEX_POINT('',#8496);
#3158=VERTEX_POINT('',#8500);
#3159=VERTEX_POINT('',#8504);
#3160=VERTEX_POINT('',#8508);
#3161=VERTEX_POINT('',#8512);
#3162=VERTEX_POINT('',#8516);
#3163=VERTEX_POINT('',#8520);
#3164=VERTEX_POINT('',#8524);
#3165=VERTEX_POINT('',#8528);
#3166=VERTEX_POINT('',#8532);
#3167=VERTEX_POINT('',#8536);
#3168=VERTEX_POINT('',#8540);
#3169=VERTEX_POINT('',#8544);
#3170=VERTEX_POINT('',#8548);
#3171=VERTEX_POINT('',#8555);
#3172=VERTEX_POINT('',#8556);
#3173=VERTEX_POINT('',#8561);
#3174=VERTEX_POINT('',#8565);
#3175=VERTEX_POINT('',#8569);
#3176=VERTEX_POINT('',#8573);
#3177=VERTEX_POINT('',#8577);
#3178=VERTEX_POINT('',#8581);
#3179=VERTEX_POINT('',#8588);
#3180=VERTEX_POINT('',#8589);
#3181=VERTEX_POINT('',#8591);
#3182=VERTEX_POINT('',#8593);
#3183=VERTEX_POINT('',#8597);
#3184=VERTEX_POINT('',#8599);
#3185=VERTEX_POINT('',#8603);
#3186=VERTEX_POINT('',#8605);
#3187=VERTEX_POINT('',#8609);
#3188=VERTEX_POINT('',#8611);
#3189=VERTEX_POINT('',#8615);
#3190=VERTEX_POINT('',#8616);
#3191=VERTEX_POINT('',#8621);
#3192=VERTEX_POINT('',#8625);
#3193=VERTEX_POINT('',#8629);
#3194=VERTEX_POINT('',#8633);
#3195=VERTEX_POINT('',#8637);
#3196=VERTEX_POINT('',#8641);
#3197=VERTEX_POINT('',#8645);
#3198=VERTEX_POINT('',#8649);
#3199=VERTEX_POINT('',#8653);
#3200=VERTEX_POINT('',#8663);
#3201=VERTEX_POINT('',#8664);
#3202=VERTEX_POINT('',#8669);
#3203=VERTEX_POINT('',#8673);
#3204=VERTEX_POINT('',#8677);
#3205=VERTEX_POINT('',#8681);
#3206=VERTEX_POINT('',#8685);
#3207=VERTEX_POINT('',#8689);
#3208=VERTEX_POINT('',#8693);
#3209=VERTEX_POINT('',#8706);
#3210=VERTEX_POINT('',#8710);
#3211=VERTEX_POINT('',#8714);
#3212=VERTEX_POINT('',#8718);
#3213=VERTEX_POINT('',#8722);
#3214=VERTEX_POINT('',#8726);
#3215=VERTEX_POINT('',#8739);
#3216=VERTEX_POINT('',#8752);
#3217=VERTEX_POINT('',#8756);
#3218=VERTEX_POINT('',#8760);
#3219=VERTEX_POINT('',#8764);
#3220=VERTEX_POINT('',#8768);
#3221=VERTEX_POINT('',#8772);
#3222=VERTEX_POINT('',#8776);
#3223=VERTEX_POINT('',#8780);
#3224=VERTEX_POINT('',#8784);
#3225=VERTEX_POINT('',#8788);
#3226=VERTEX_POINT('',#8792);
#3227=VERTEX_POINT('',#8796);
#3228=VERTEX_POINT('',#8809);
#3229=VERTEX_POINT('',#8813);
#3230=VERTEX_POINT('',#8817);
#3231=VERTEX_POINT('',#8821);
#3232=VERTEX_POINT('',#8828);
#3233=VERTEX_POINT('',#8829);
#3234=VERTEX_POINT('',#8834);
#3235=VERTEX_POINT('',#8838);
#3236=VERTEX_POINT('',#8842);
#3237=VERTEX_POINT('',#8846);
#3238=VERTEX_POINT('',#8850);
#3239=VERTEX_POINT('',#8854);
#3240=VERTEX_POINT('',#8858);
#3241=VERTEX_POINT('',#8862);
#3242=VERTEX_POINT('',#8866);
#3243=VERTEX_POINT('',#8870);
#3244=VERTEX_POINT('',#8874);
#3245=VERTEX_POINT('',#8878);
#3246=VERTEX_POINT('',#8882);
#3247=VERTEX_POINT('',#8886);
#3248=VERTEX_POINT('',#8890);
#3249=VERTEX_POINT('',#8894);
#3250=VERTEX_POINT('',#8898);
#3251=VERTEX_POINT('',#8902);
#3252=VERTEX_POINT('',#8906);
#3253=VERTEX_POINT('',#8910);
#3254=VERTEX_POINT('',#8914);
#3255=VERTEX_POINT('',#8918);
#3256=VERTEX_POINT('',#8922);
#3257=VERTEX_POINT('',#8926);
#3258=VERTEX_POINT('',#8930);
#3259=VERTEX_POINT('',#8934);
#3260=VERTEX_POINT('',#8938);
#3261=VERTEX_POINT('',#8942);
#3262=VERTEX_POINT('',#8949);
#3263=VERTEX_POINT('',#8955);
#3264=VERTEX_POINT('',#8957);
#3265=VERTEX_POINT('',#8958);
#3266=VERTEX_POINT('',#8960);
#3267=VERTEX_POINT('',#8962);
#3268=VERTEX_POINT('',#8964);
#3269=VERTEX_POINT('',#8966);
#3270=VERTEX_POINT('',#8968);
#3271=VERTEX_POINT('',#8972);
#3272=VERTEX_POINT('',#8974);
#3273=VERTEX_POINT('',#8976);
#3274=VERTEX_POINT('',#8978);
#3275=VERTEX_POINT('',#8980);
#3276=VERTEX_POINT('',#8982);
#3277=VERTEX_POINT('',#8984);
#3278=VERTEX_POINT('',#8986);
#3279=VERTEX_POINT('',#8988);
#3280=VERTEX_POINT('',#8990);
#3281=VERTEX_POINT('',#8992);
#3282=VERTEX_POINT('',#8994);
#3283=VERTEX_POINT('',#8998);
#3284=VERTEX_POINT('',#9002);
#3285=VERTEX_POINT('',#9004);
#3286=VERTEX_POINT('',#9006);
#3287=VERTEX_POINT('',#9008);
#3288=VERTEX_POINT('',#9010);
#3289=VERTEX_POINT('',#9012);
#3290=VERTEX_POINT('',#9016);
#3291=VERTEX_POINT('',#9018);
#3292=VERTEX_POINT('',#9020);
#3293=VERTEX_POINT('',#9022);
#3294=VERTEX_POINT('',#9024);
#3295=VERTEX_POINT('',#9026);
#3296=VERTEX_POINT('',#9029);
#3297=VERTEX_POINT('',#9030);
#3298=VERTEX_POINT('',#9032);
#3299=VERTEX_POINT('',#9034);
#3300=VERTEX_POINT('',#9036);
#3301=VERTEX_POINT('',#9038);
#3302=VERTEX_POINT('',#9040);
#3303=VERTEX_POINT('',#9042);
#3304=VERTEX_POINT('',#9045);
#3305=VERTEX_POINT('',#9046);
#3306=VERTEX_POINT('',#9048);
#3307=VERTEX_POINT('',#9050);
#3308=VERTEX_POINT('',#9052);
#3309=VERTEX_POINT('',#9054);
#3310=VERTEX_POINT('',#9056);
#3311=VERTEX_POINT('',#9058);
#3312=VERTEX_POINT('',#9060);
#3313=VERTEX_POINT('',#9062);
#3314=VERTEX_POINT('',#9064);
#3315=VERTEX_POINT('',#9066);
#3316=VERTEX_POINT('',#9068);
#3317=VERTEX_POINT('',#9070);
#3318=VERTEX_POINT('',#9072);
#3319=VERTEX_POINT('',#9074);
#3320=VERTEX_POINT('',#9076);
#3321=VERTEX_POINT('',#9078);
#3322=VERTEX_POINT('',#9080);
#3323=VERTEX_POINT('',#9082);
#3324=VERTEX_POINT('',#9084);
#3325=VERTEX_POINT('',#9086);
#3326=VERTEX_POINT('',#9088);
#3327=VERTEX_POINT('',#9090);
#3328=VERTEX_POINT('',#9092);
#3329=VERTEX_POINT('',#9094);
#3330=VERTEX_POINT('',#9097);
#3331=VERTEX_POINT('',#9098);
#3332=VERTEX_POINT('',#9100);
#3333=VERTEX_POINT('',#9102);
#3334=VERTEX_POINT('',#9104);
#3335=VERTEX_POINT('',#9106);
#3336=VERTEX_POINT('',#9108);
#3337=VERTEX_POINT('',#9110);
#3338=VERTEX_POINT('',#9112);
#3339=VERTEX_POINT('',#9114);
#3340=VERTEX_POINT('',#9116);
#3341=VERTEX_POINT('',#9118);
#3342=VERTEX_POINT('',#9120);
#3343=VERTEX_POINT('',#9122);
#3344=VERTEX_POINT('',#9124);
#3345=VERTEX_POINT('',#9126);
#3346=VERTEX_POINT('',#9128);
#3347=VERTEX_POINT('',#9130);
#3348=VERTEX_POINT('',#9132);
#3349=VERTEX_POINT('',#9134);
#3350=VERTEX_POINT('',#9136);
#3351=VERTEX_POINT('',#9138);
#3352=VERTEX_POINT('',#9140);
#3353=VERTEX_POINT('',#9142);
#3354=VERTEX_POINT('',#9144);
#3355=VERTEX_POINT('',#9146);
#3356=VERTEX_POINT('',#9148);
#3357=VERTEX_POINT('',#9150);
#3358=VERTEX_POINT('',#9152);
#3359=VERTEX_POINT('',#9154);
#3360=VERTEX_POINT('',#9157);
#3361=VERTEX_POINT('',#9158);
#3362=VERTEX_POINT('',#9160);
#3363=VERTEX_POINT('',#9162);
#3364=VERTEX_POINT('',#9164);
#3365=VERTEX_POINT('',#9166);
#3366=VERTEX_POINT('',#9168);
#3367=VERTEX_POINT('',#9170);
#3368=VERTEX_POINT('',#9173);
#3369=VERTEX_POINT('',#9174);
#3370=VERTEX_POINT('',#9176);
#3371=VERTEX_POINT('',#9178);
#3372=VERTEX_POINT('',#9180);
#3373=VERTEX_POINT('',#9182);
#3374=VERTEX_POINT('',#9184);
#3375=VERTEX_POINT('',#9186);
#3376=VERTEX_POINT('',#9188);
#3377=VERTEX_POINT('',#9190);
#3378=VERTEX_POINT('',#9192);
#3379=VERTEX_POINT('',#9196);
#3380=VERTEX_POINT('',#9198);
#3381=VERTEX_POINT('',#9199);
#3382=VERTEX_POINT('',#9201);
#3383=VERTEX_POINT('',#9203);
#3384=VERTEX_POINT('',#9205);
#3385=VERTEX_POINT('',#9207);
#3386=VERTEX_POINT('',#9209);
#3387=VERTEX_POINT('',#9211);
#3388=VERTEX_POINT('',#9213);
#3389=VERTEX_POINT('',#9217);
#3390=VERTEX_POINT('',#9219);
#3391=VERTEX_POINT('',#9221);
#3392=VERTEX_POINT('',#9223);
#3393=VERTEX_POINT('',#9225);
#3394=VERTEX_POINT('',#9227);
#3395=VERTEX_POINT('',#9231);
#3396=VERTEX_POINT('',#9235);
#3397=VERTEX_POINT('',#9237);
#3398=VERTEX_POINT('',#9239);
#3399=VERTEX_POINT('',#9241);
#3400=VERTEX_POINT('',#9243);
#3401=VERTEX_POINT('',#9245);
#3402=VERTEX_POINT('',#9247);
#3403=VERTEX_POINT('',#9249);
#3404=VERTEX_POINT('',#9251);
#3405=VERTEX_POINT('',#9253);
#3406=VERTEX_POINT('',#9255);
#3407=VERTEX_POINT('',#9257);
#3408=VERTEX_POINT('',#9261);
#3409=VERTEX_POINT('',#9263);
#3410=VERTEX_POINT('',#9265);
#3411=VERTEX_POINT('',#9267);
#3412=VERTEX_POINT('',#9270);
#3413=VERTEX_POINT('',#9271);
#3414=VERTEX_POINT('',#9273);
#3415=VERTEX_POINT('',#9275);
#3416=VERTEX_POINT('',#9277);
#3417=VERTEX_POINT('',#9279);
#3418=VERTEX_POINT('',#9281);
#3419=VERTEX_POINT('',#9283);
#3420=VERTEX_POINT('',#9285);
#3421=VERTEX_POINT('',#9287);
#3422=VERTEX_POINT('',#9289);
#3423=VERTEX_POINT('',#9291);
#3424=VERTEX_POINT('',#9293);
#3425=VERTEX_POINT('',#9295);
#3426=VERTEX_POINT('',#9297);
#3427=VERTEX_POINT('',#9299);
#3428=VERTEX_POINT('',#9301);
#3429=VERTEX_POINT('',#9303);
#3430=VERTEX_POINT('',#9305);
#3431=VERTEX_POINT('',#9307);
#3432=VERTEX_POINT('',#9309);
#3433=VERTEX_POINT('',#9311);
#3434=VERTEX_POINT('',#9313);
#3435=VERTEX_POINT('',#9315);
#3436=VERTEX_POINT('',#9317);
#3437=VERTEX_POINT('',#9319);
#3438=VERTEX_POINT('',#9322);
#3439=VERTEX_POINT('',#9323);
#3440=VERTEX_POINT('',#9325);
#3441=VERTEX_POINT('',#9327);
#3442=VERTEX_POINT('',#9329);
#3443=VERTEX_POINT('',#9331);
#3444=VERTEX_POINT('',#9333);
#3445=VERTEX_POINT('',#9335);
#3446=VERTEX_POINT('',#9338);
#3447=VERTEX_POINT('',#9339);
#3448=VERTEX_POINT('',#9341);
#3449=VERTEX_POINT('',#9343);
#3450=VERTEX_POINT('',#9345);
#3451=VERTEX_POINT('',#9347);
#3452=VERTEX_POINT('',#9349);
#3453=VERTEX_POINT('',#9351);
#3454=VERTEX_POINT('',#9353);
#3455=VERTEX_POINT('',#9355);
#3456=VERTEX_POINT('',#9357);
#3457=VERTEX_POINT('',#9359);
#3458=VERTEX_POINT('',#9361);
#3459=VERTEX_POINT('',#9363);
#3460=VERTEX_POINT('',#9365);
#3461=VERTEX_POINT('',#9367);
#3462=VERTEX_POINT('',#9369);
#3463=VERTEX_POINT('',#9371);
#3464=VERTEX_POINT('',#9373);
#3465=VERTEX_POINT('',#9375);
#3466=VERTEX_POINT('',#9377);
#3467=VERTEX_POINT('',#9379);
#3468=VERTEX_POINT('',#9381);
#3469=VERTEX_POINT('',#9383);
#3470=VERTEX_POINT('',#9385);
#3471=VERTEX_POINT('',#9387);
#3472=VERTEX_POINT('',#9389);
#3473=VERTEX_POINT('',#9391);
#3474=VERTEX_POINT('',#9393);
#3475=VERTEX_POINT('',#9395);
#3476=VERTEX_POINT('',#9398);
#3477=VERTEX_POINT('',#9399);
#3478=VERTEX_POINT('',#9401);
#3479=VERTEX_POINT('',#9403);
#3480=VERTEX_POINT('',#9405);
#3481=VERTEX_POINT('',#9407);
#3482=VERTEX_POINT('',#9409);
#3483=VERTEX_POINT('',#9411);
#3484=VERTEX_POINT('',#9414);
#3485=VERTEX_POINT('',#9415);
#3486=VERTEX_POINT('',#9417);
#3487=VERTEX_POINT('',#9419);
#3488=VERTEX_POINT('',#9421);
#3489=VERTEX_POINT('',#9423);
#3490=VERTEX_POINT('',#9425);
#3491=VERTEX_POINT('',#9427);
#3492=VERTEX_POINT('',#9429);
#3493=VERTEX_POINT('',#9431);
#3494=VERTEX_POINT('',#9433);
#3495=LINE('',#7938,#4007);
#3496=LINE('',#7941,#4008);
#3497=LINE('',#7943,#4009);
#3498=LINE('',#7945,#4010);
#3499=LINE('',#7947,#4011);
#3500=LINE('',#7949,#4012);
#3501=LINE('',#7951,#4013);
#3502=LINE('',#7953,#4014);
#3503=LINE('',#7955,#4015);
#3504=LINE('',#7957,#4016);
#3505=LINE('',#7959,#4017);
#3506=LINE('',#7961,#4018);
#3507=LINE('',#7963,#4019);
#3508=LINE('',#7965,#4020);
#3509=LINE('',#7967,#4021);
#3510=LINE('',#7969,#4022);
#3511=LINE('',#7971,#4023);
#3512=LINE('',#7973,#4024);
#3513=LINE('',#7975,#4025);
#3514=LINE('',#7977,#4026);
#3515=LINE('',#7979,#4027);
#3516=LINE('',#7981,#4028);
#3517=LINE('',#7983,#4029);
#3518=LINE('',#7984,#4030);
#3519=LINE('',#7989,#4031);
#3520=LINE('',#7992,#4032);
#3521=LINE('',#7994,#4033);
#3522=LINE('',#7996,#4034);
#3523=LINE('',#7998,#4035);
#3524=LINE('',#8000,#4036);
#3525=LINE('',#8003,#4037);
#3526=LINE('',#8004,#4038);
#3527=LINE('',#8006,#4039);
#3528=LINE('',#8008,#4040);
#3529=LINE('',#8010,#4041);
#3530=LINE('',#8012,#4042);
#3531=LINE('',#8014,#4043);
#3532=LINE('',#8016,#4044);
#3533=LINE('',#8018,#4045);
#3534=LINE('',#8022,#4046);
#3535=LINE('',#8025,#4047);
#3536=LINE('',#8027,#4048);
#3537=LINE('',#8029,#4049);
#3538=LINE('',#8031,#4050);
#3539=LINE('',#8033,#4051);
#3540=LINE('',#8035,#4052);
#3541=LINE('',#8037,#4053);
#3542=LINE('',#8039,#4054);
#3543=LINE('',#8041,#4055);
#3544=LINE('',#8043,#4056);
#3545=LINE('',#8045,#4057);
#3546=LINE('',#8047,#4058);
#3547=LINE('',#8049,#4059);
#3548=LINE('',#8051,#4060);
#3549=LINE('',#8053,#4061);
#3550=LINE('',#8055,#4062);
#3551=LINE('',#8057,#4063);
#3552=LINE('',#8059,#4064);
#3553=LINE('',#8061,#4065);
#3554=LINE('',#8063,#4066);
#3555=LINE('',#8065,#4067);
#3556=LINE('',#8067,#4068);
#3557=LINE('',#8068,#4069);
#3558=LINE('',#8073,#4070);
#3559=LINE('',#8076,#4071);
#3560=LINE('',#8078,#4072);
#3561=LINE('',#8080,#4073);
#3562=LINE('',#8082,#4074);
#3563=LINE('',#8084,#4075);
#3564=LINE('',#8086,#4076);
#3565=LINE('',#8088,#4077);
#3566=LINE('',#8090,#4078);
#3567=LINE('',#8092,#4079);
#3568=LINE('',#8094,#4080);
#3569=LINE('',#8096,#4081);
#3570=LINE('',#8098,#4082);
#3571=LINE('',#8100,#4083);
#3572=LINE('',#8102,#4084);
#3573=LINE('',#8104,#4085);
#3574=LINE('',#8106,#4086);
#3575=LINE('',#8108,#4087);
#3576=LINE('',#8110,#4088);
#3577=LINE('',#8112,#4089);
#3578=LINE('',#8114,#4090);
#3579=LINE('',#8116,#4091);
#3580=LINE('',#8118,#4092);
#3581=LINE('',#8119,#4093);
#3582=LINE('',#8124,#4094);
#3583=LINE('',#8127,#4095);
#3584=LINE('',#8129,#4096);
#3585=LINE('',#8131,#4097);
#3586=LINE('',#8133,#4098);
#3587=LINE('',#8135,#4099);
#3588=LINE('',#8137,#4100);
#3589=LINE('',#8139,#4101);
#3590=LINE('',#8141,#4102);
#3591=LINE('',#8143,#4103);
#3592=LINE('',#8145,#4104);
#3593=LINE('',#8147,#4105);
#3594=LINE('',#8149,#4106);
#3595=LINE('',#8151,#4107);
#3596=LINE('',#8153,#4108);
#3597=LINE('',#8155,#4109);
#3598=LINE('',#8157,#4110);
#3599=LINE('',#8159,#4111);
#3600=LINE('',#8161,#4112);
#3601=LINE('',#8163,#4113);
#3602=LINE('',#8165,#4114);
#3603=LINE('',#8167,#4115);
#3604=LINE('',#8169,#4116);
#3605=LINE('',#8170,#4117);
#3606=LINE('',#8177,#4118);
#3607=LINE('',#8180,#4119);
#3608=LINE('',#8182,#4120);
#3609=LINE('',#8184,#4121);
#3610=LINE('',#8186,#4122);
#3611=LINE('',#8188,#4123);
#3612=LINE('',#8190,#4124);
#3613=LINE('',#8192,#4125);
#3614=LINE('',#8193,#4126);
#3615=LINE('',#8196,#4127);
#3616=LINE('',#8198,#4128);
#3617=LINE('',#8218,#4129);
#3618=LINE('',#8238,#4130);
#3619=LINE('',#8240,#4131);
#3620=LINE('',#8242,#4132);
#3621=LINE('',#8244,#4133);
#3622=LINE('',#8245,#4134);
#3623=LINE('',#8248,#4135);
#3624=LINE('',#8250,#4136);
#3625=LINE('',#8252,#4137);
#3626=LINE('',#8254,#4138);
#3627=LINE('',#8256,#4139);
#3628=LINE('',#8258,#4140);
#3629=LINE('',#8260,#4141);
#3630=LINE('',#8261,#4142);
#3631=LINE('',#8264,#4143);
#3632=LINE('',#8266,#4144);
#3633=LINE('',#8268,#4145);
#3634=LINE('',#8270,#4146);
#3635=LINE('',#8272,#4147);
#3636=LINE('',#8274,#4148);
#3637=LINE('',#8276,#4149);
#3638=LINE('',#8278,#4150);
#3639=LINE('',#8280,#4151);
#3640=LINE('',#8282,#4152);
#3641=LINE('',#8310,#4153);
#3642=LINE('',#8320,#4154);
#3643=LINE('',#8358,#4155);
#3644=LINE('',#8388,#4156);
#3645=LINE('',#8416,#4157);
#3646=LINE('',#8419,#4158);
#3647=LINE('',#8420,#4159);
#3648=LINE('',#8422,#4160);
#3649=LINE('',#8425,#4161);
#3650=LINE('',#8426,#4162);
#3651=LINE('',#8428,#4163);
#3652=LINE('',#8431,#4164);
#3653=LINE('',#8432,#4165);
#3654=LINE('',#8434,#4166);
#3655=LINE('',#8437,#4167);
#3656=LINE('',#8438,#4168);
#3657=LINE('',#8440,#4169);
#3658=LINE('',#8441,#4170);
#3659=LINE('',#8442,#4171);
#3660=LINE('',#8443,#4172);
#3661=LINE('',#8449,#4173);
#3662=LINE('',#8452,#4174);
#3663=LINE('',#8453,#4175);
#3664=LINE('',#8455,#4176);
#3665=LINE('',#8457,#4177);
#3666=LINE('',#8459,#4178);
#3667=LINE('',#8461,#4179);
#3668=LINE('',#8463,#4180);
#3669=LINE('',#8465,#4181);
#3670=LINE('',#8467,#4182);
#3671=LINE('',#8469,#4183);
#3672=LINE('',#8471,#4184);
#3673=LINE('',#8473,#4185);
#3674=LINE('',#8477,#4186);
#3675=LINE('',#8481,#4187);
#3676=LINE('',#8485,#4188);
#3677=LINE('',#8489,#4189);
#3678=LINE('',#8493,#4190);
#3679=LINE('',#8497,#4191);
#3680=LINE('',#8501,#4192);
#3681=LINE('',#8505,#4193);
#3682=LINE('',#8509,#4194);
#3683=LINE('',#8511,#4195);
#3684=LINE('',#8513,#4196);
#3685=LINE('',#8517,#4197);
#3686=LINE('',#8521,#4198);
#3687=LINE('',#8525,#4199);
#3688=LINE('',#8529,#4200);
#3689=LINE('',#8533,#4201);
#3690=LINE('',#8537,#4202);
#3691=LINE('',#8541,#4203);
#3692=LINE('',#8545,#4204);
#3693=LINE('',#8549,#4205);
#3694=LINE('',#8551,#4206);
#3695=LINE('',#8554,#4207);
#3696=LINE('',#8557,#4208);
#3697=LINE('',#8558,#4209);
#3698=LINE('',#8560,#4210);
#3699=LINE('',#8562,#4211);
#3700=LINE('',#8564,#4212);
#3701=LINE('',#8566,#4213);
#3702=LINE('',#8568,#4214);
#3703=LINE('',#8570,#4215);
#3704=LINE('',#8572,#4216);
#3705=LINE('',#8574,#4217);
#3706=LINE('',#8576,#4218);
#3707=LINE('',#8578,#4219);
#3708=LINE('',#8580,#4220);
#3709=LINE('',#8582,#4221);
#3710=LINE('',#8584,#4222);
#3711=LINE('',#8587,#4223);
#3712=LINE('',#8590,#4224);
#3713=LINE('',#8592,#4225);
#3714=LINE('',#8594,#4226);
#3715=LINE('',#8596,#4227);
#3716=LINE('',#8598,#4228);
#3717=LINE('',#8600,#4229);
#3718=LINE('',#8602,#4230);
#3719=LINE('',#8604,#4231);
#3720=LINE('',#8606,#4232);
#3721=LINE('',#8608,#4233);
#3722=LINE('',#8610,#4234);
#3723=LINE('',#8612,#4235);
#3724=LINE('',#8614,#4236);
#3725=LINE('',#8617,#4237);
#3726=LINE('',#8618,#4238);
#3727=LINE('',#8620,#4239);
#3728=LINE('',#8622,#4240);
#3729=LINE('',#8624,#4241);
#3730=LINE('',#8626,#4242);
#3731=LINE('',#8628,#4243);
#3732=LINE('',#8630,#4244);
#3733=LINE('',#8632,#4245);
#3734=LINE('',#8634,#4246);
#3735=LINE('',#8636,#4247);
#3736=LINE('',#8638,#4248);
#3737=LINE('',#8640,#4249);
#3738=LINE('',#8642,#4250);
#3739=LINE('',#8644,#4251);
#3740=LINE('',#8646,#4252);
#3741=LINE('',#8648,#4253);
#3742=LINE('',#8650,#4254);
#3743=LINE('',#8652,#4255);
#3744=LINE('',#8654,#4256);
#3745=LINE('',#8656,#4257);
#3746=LINE('',#8658,#4258);
#3747=LINE('',#8659,#4259);
#3748=LINE('',#8665,#4260);
#3749=LINE('',#8666,#4261);
#3750=LINE('',#8670,#4262);
#3751=LINE('',#8674,#4263);
#3752=LINE('',#8678,#4264);
#3753=LINE('',#8682,#4265);
#3754=LINE('',#8686,#4266);
#3755=LINE('',#8690,#4267);
#3756=LINE('',#8694,#4268);
#3757=LINE('',#8707,#4269);
#3758=LINE('',#8711,#4270);
#3759=LINE('',#8715,#4271);
#3760=LINE('',#8719,#4272);
#3761=LINE('',#8723,#4273);
#3762=LINE('',#8727,#4274);
#3763=LINE('',#8740,#4275);
#3764=LINE('',#8753,#4276);
#3765=LINE('',#8755,#4277);
#3766=LINE('',#8757,#4278);
#3767=LINE('',#8761,#4279);
#3768=LINE('',#8765,#4280);
#3769=LINE('',#8769,#4281);
#3770=LINE('',#8773,#4282);
#3771=LINE('',#8775,#4283);
#3772=LINE('',#8777,#4284);
#3773=LINE('',#8781,#4285);
#3774=LINE('',#8785,#4286);
#3775=LINE('',#8789,#4287);
#3776=LINE('',#8793,#4288);
#3777=LINE('',#8797,#4289);
#3778=LINE('',#8810,#4290);
#3779=LINE('',#8814,#4291);
#3780=LINE('',#8818,#4292);
#3781=LINE('',#8822,#4293);
#3782=LINE('',#8827,#4294);
#3783=LINE('',#8830,#4295);
#3784=LINE('',#8831,#4296);
#3785=LINE('',#8835,#4297);
#3786=LINE('',#8839,#4298);
#3787=LINE('',#8843,#4299);
#3788=LINE('',#8847,#4300);
#3789=LINE('',#8851,#4301);
#3790=LINE('',#8855,#4302);
#3791=LINE('',#8859,#4303);
#3792=LINE('',#8863,#4304);
#3793=LINE('',#8867,#4305);
#3794=LINE('',#8871,#4306);
#3795=LINE('',#8875,#4307);
#3796=LINE('',#8879,#4308);
#3797=LINE('',#8883,#4309);
#3798=LINE('',#8887,#4310);
#3799=LINE('',#8889,#4311);
#3800=LINE('',#8891,#4312);
#3801=LINE('',#8895,#4313);
#3802=LINE('',#8899,#4314);
#3803=LINE('',#8903,#4315);
#3804=LINE('',#8907,#4316);
#3805=LINE('',#8911,#4317);
#3806=LINE('',#8915,#4318);
#3807=LINE('',#8919,#4319);
#3808=LINE('',#8923,#4320);
#3809=LINE('',#8927,#4321);
#3810=LINE('',#8931,#4322);
#3811=LINE('',#8935,#4323);
#3812=LINE('',#8939,#4324);
#3813=LINE('',#8943,#4325);
#3814=LINE('',#8983,#4326);
#3815=LINE('',#8993,#4327);
#3816=LINE('',#9028,#4328);
#3817=LINE('',#9031,#4329);
#3818=LINE('',#9033,#4330);
#3819=LINE('',#9035,#4331);
#3820=LINE('',#9037,#4332);
#3821=LINE('',#9039,#4333);
#3822=LINE('',#9041,#4334);
#3823=LINE('',#9043,#4335);
#3824=LINE('',#9044,#4336);
#3825=LINE('',#9047,#4337);
#3826=LINE('',#9049,#4338);
#3827=LINE('',#9069,#4339);
#3828=LINE('',#9089,#4340);
#3829=LINE('',#9091,#4341);
#3830=LINE('',#9093,#4342);
#3831=LINE('',#9095,#4343);
#3832=LINE('',#9099,#4344);
#3833=LINE('',#9129,#4345);
#3834=LINE('',#9156,#4346);
#3835=LINE('',#9159,#4347);
#3836=LINE('',#9161,#4348);
#3837=LINE('',#9163,#4349);
#3838=LINE('',#9165,#4350);
#3839=LINE('',#9167,#4351);
#3840=LINE('',#9169,#4352);
#3841=LINE('',#9171,#4353);
#3842=LINE('',#9172,#4354);
#3843=LINE('',#9175,#4355);
#3844=LINE('',#9177,#4356);
#3845=LINE('',#9179,#4357);
#3846=LINE('',#9181,#4358);
#3847=LINE('',#9183,#4359);
#3848=LINE('',#9185,#4360);
#3849=LINE('',#9187,#4361);
#3850=LINE('',#9189,#4362);
#3851=LINE('',#9191,#4363);
#3852=LINE('',#9193,#4364);
#3853=LINE('',#9236,#4365);
#3854=LINE('',#9246,#4366);
#3855=LINE('',#9269,#4367);
#3856=LINE('',#9272,#4368);
#3857=LINE('',#9274,#4369);
#3858=LINE('',#9276,#4370);
#3859=LINE('',#9278,#4371);
#3860=LINE('',#9280,#4372);
#3861=LINE('',#9300,#4373);
#3862=LINE('',#9320,#4374);
#3863=LINE('',#9321,#4375);
#3864=LINE('',#9324,#4376);
#3865=LINE('',#9326,#4377);
#3866=LINE('',#9328,#4378);
#3867=LINE('',#9330,#4379);
#3868=LINE('',#9332,#4380);
#3869=LINE('',#9334,#4381);
#3870=LINE('',#9336,#4382);
#3871=LINE('',#9337,#4383);
#3872=LINE('',#9368,#4384);
#3873=LINE('',#9397,#4385);
#3874=LINE('',#9400,#4386);
#3875=LINE('',#9402,#4387);
#3876=LINE('',#9404,#4388);
#3877=LINE('',#9406,#4389);
#3878=LINE('',#9408,#4390);
#3879=LINE('',#9410,#4391);
#3880=LINE('',#9412,#4392);
#3881=LINE('',#9413,#4393);
#3882=LINE('',#9416,#4394);
#3883=LINE('',#9418,#4395);
#3884=LINE('',#9420,#4396);
#3885=LINE('',#9422,#4397);
#3886=LINE('',#9424,#4398);
#3887=LINE('',#9426,#4399);
#3888=LINE('',#9428,#4400);
#3889=LINE('',#9430,#4401);
#3890=LINE('',#9432,#4402);
#3891=LINE('',#9434,#4403);
#3892=LINE('',#9436,#4404);
#3893=LINE('',#9437,#4405);
#3894=LINE('',#9439,#4406);
#3895=LINE('',#9441,#4407);
#3896=LINE('',#9443,#4408);
#3897=LINE('',#9445,#4409);
#3898=LINE('',#9447,#4410);
#3899=LINE('',#9449,#4411);
#3900=LINE('',#9452,#4412);
#3901=LINE('',#9453,#4413);
#3902=LINE('',#9455,#4414);
#3903=LINE('',#9457,#4415);
#3904=LINE('',#9459,#4416);
#3905=LINE('',#9461,#4417);
#3906=LINE('',#9463,#4418);
#3907=LINE('',#9465,#4419);
#3908=LINE('',#9467,#4420);
#3909=LINE('',#9469,#4421);
#3910=LINE('',#9471,#4422);
#3911=LINE('',#9473,#4423);
#3912=LINE('',#9475,#4424);
#3913=LINE('',#9477,#4425);
#3914=LINE('',#9479,#4426);
#3915=LINE('',#9481,#4427);
#3916=LINE('',#9483,#4428);
#3917=LINE('',#9485,#4429);
#3918=LINE('',#9487,#4430);
#3919=LINE('',#9489,#4431);
#3920=LINE('',#9491,#4432);
#3921=LINE('',#9493,#4433);
#3922=LINE('',#9495,#4434);
#3923=LINE('',#9497,#4435);
#3924=LINE('',#9499,#4436);
#3925=LINE('',#9501,#4437);
#3926=LINE('',#9503,#4438);
#3927=LINE('',#9505,#4439);
#3928=LINE('',#9507,#4440);
#3929=LINE('',#9509,#4441);
#3930=LINE('',#9512,#4442);
#3931=LINE('',#9513,#4443);
#3932=LINE('',#9515,#4444);
#3933=LINE('',#9517,#4445);
#3934=LINE('',#9519,#4446);
#3935=LINE('',#9521,#4447);
#3936=LINE('',#9523,#4448);
#3937=LINE('',#9525,#4449);
#3938=LINE('',#9527,#4450);
#3939=LINE('',#9529,#4451);
#3940=LINE('',#9531,#4452);
#3941=LINE('',#9533,#4453);
#3942=LINE('',#9535,#4454);
#3943=LINE('',#9537,#4455);
#3944=LINE('',#9539,#4456);
#3945=LINE('',#9541,#4457);
#3946=LINE('',#9543,#4458);
#3947=LINE('',#9545,#4459);
#3948=LINE('',#9547,#4460);
#3949=LINE('',#9549,#4461);
#3950=LINE('',#9551,#4462);
#3951=LINE('',#9553,#4463);
#3952=LINE('',#9555,#4464);
#3953=LINE('',#9557,#4465);
#3954=LINE('',#9559,#4466);
#3955=LINE('',#9561,#4467);
#3956=LINE('',#9564,#4468);
#3957=LINE('',#9565,#4469);
#3958=LINE('',#9567,#4470);
#3959=LINE('',#9569,#4471);
#3960=LINE('',#9571,#4472);
#3961=LINE('',#9573,#4473);
#3962=LINE('',#9575,#4474);
#3963=LINE('',#9577,#4475);
#3964=LINE('',#9580,#4476);
#3965=LINE('',#9581,#4477);
#3966=LINE('',#9583,#4478);
#3967=LINE('',#9585,#4479);
#3968=LINE('',#9587,#4480);
#3969=LINE('',#9589,#4481);
#3970=LINE('',#9591,#4482);
#3971=LINE('',#9593,#4483);
#3972=LINE('',#9595,#4484);
#3973=LINE('',#9604,#4485);
#3974=LINE('',#9606,#4486);
#3975=LINE('',#9608,#4487);
#3976=LINE('',#9610,#4488);
#3977=LINE('',#9612,#4489);
#3978=LINE('',#9614,#4490);
#3979=LINE('',#9623,#4491);
#3980=LINE('',#9632,#4492);
#3981=LINE('',#9634,#4493);
#3982=LINE('',#9636,#4494);
#3983=LINE('',#9638,#4495);
#3984=LINE('',#9640,#4496);
#3985=LINE('',#9642,#4497);
#3986=LINE('',#9644,#4498);
#3987=LINE('',#9646,#4499);
#3988=LINE('',#9648,#4500);
#3989=LINE('',#9650,#4501);
#3990=LINE('',#9652,#4502);
#3991=LINE('',#9654,#4503);
#3992=LINE('',#9663,#4504);
#3993=LINE('',#9665,#4505);
#3994=LINE('',#9667,#4506);
#3995=LINE('',#9669,#4507);
#3996=LINE('',#9672,#4508);
#3997=LINE('',#9673,#4509);
#3998=LINE('',#9675,#4510);
#3999=LINE('',#9677,#4511);
#4000=LINE('',#9679,#4512);
#4001=LINE('',#9681,#4513);
#4002=LINE('',#9683,#4514);
#4003=LINE('',#9685,#4515);
#4004=LINE('',#9687,#4516);
#4005=LINE('',#9689,#4517);
#4006=LINE('',#9691,#4518);
#4007=VECTOR('',#6256,1.);
#4008=VECTOR('',#6257,1.);
#4009=VECTOR('',#6258,1.);
#4010=VECTOR('',#6259,1.);
#4011=VECTOR('',#6262,1.);
#4012=VECTOR('',#6263,1.);
#4013=VECTOR('',#6264,1.);
#4014=VECTOR('',#6267,1.);
#4015=VECTOR('',#6268,1.);
#4016=VECTOR('',#6269,1.);
#4017=VECTOR('',#6272,1.);
#4018=VECTOR('',#6273,1.);
#4019=VECTOR('',#6274,1.);
#4020=VECTOR('',#6277,1.);
#4021=VECTOR('',#6278,1.);
#4022=VECTOR('',#6279,1.);
#4023=VECTOR('',#6282,1.);
#4024=VECTOR('',#6283,1.);
#4025=VECTOR('',#6284,1.);
#4026=VECTOR('',#6287,1.);
#4027=VECTOR('',#6288,1.);
#4028=VECTOR('',#6289,1.);
#4029=VECTOR('',#6292,1.);
#4030=VECTOR('',#6293,1.);
#4031=VECTOR('',#6302,1.);
#4032=VECTOR('',#6303,1.);
#4033=VECTOR('',#6304,1.);
#4034=VECTOR('',#6305,1.);
#4035=VECTOR('',#6306,1.);
#4036=VECTOR('',#6309,1.);
#4037=VECTOR('',#6310,1.);
#4038=VECTOR('',#6311,1.);
#4039=VECTOR('',#6314,1.);
#4040=VECTOR('',#6315,1.);
#4041=VECTOR('',#6318,1.);
#4042=VECTOR('',#6319,1.);
#4043=VECTOR('',#6322,1.);
#4044=VECTOR('',#6323,1.);
#4045=VECTOR('',#6326,1.);
#4046=VECTOR('',#6333,1.);
#4047=VECTOR('',#6334,1.);
#4048=VECTOR('',#6335,1.);
#4049=VECTOR('',#6336,1.);
#4050=VECTOR('',#6339,1.);
#4051=VECTOR('',#6340,1.);
#4052=VECTOR('',#6341,1.);
#4053=VECTOR('',#6344,1.);
#4054=VECTOR('',#6345,1.);
#4055=VECTOR('',#6346,1.);
#4056=VECTOR('',#6349,1.);
#4057=VECTOR('',#6350,1.);
#4058=VECTOR('',#6351,1.);
#4059=VECTOR('',#6354,1.);
#4060=VECTOR('',#6355,1.);
#4061=VECTOR('',#6356,1.);
#4062=VECTOR('',#6359,1.);
#4063=VECTOR('',#6360,1.);
#4064=VECTOR('',#6361,1.);
#4065=VECTOR('',#6364,1.);
#4066=VECTOR('',#6365,1.);
#4067=VECTOR('',#6366,1.);
#4068=VECTOR('',#6369,1.);
#4069=VECTOR('',#6370,1.);
#4070=VECTOR('',#6379,1.);
#4071=VECTOR('',#6380,1.);
#4072=VECTOR('',#6381,1.);
#4073=VECTOR('',#6382,1.);
#4074=VECTOR('',#6385,1.);
#4075=VECTOR('',#6386,1.);
#4076=VECTOR('',#6387,1.);
#4077=VECTOR('',#6390,1.);
#4078=VECTOR('',#6391,1.);
#4079=VECTOR('',#6392,1.);
#4080=VECTOR('',#6395,1.);
#4081=VECTOR('',#6396,1.);
#4082=VECTOR('',#6397,1.);
#4083=VECTOR('',#6400,1.);
#4084=VECTOR('',#6401,1.);
#4085=VECTOR('',#6402,1.);
#4086=VECTOR('',#6405,1.);
#4087=VECTOR('',#6406,1.);
#4088=VECTOR('',#6407,1.);
#4089=VECTOR('',#6410,1.);
#4090=VECTOR('',#6411,1.);
#4091=VECTOR('',#6412,1.);
#4092=VECTOR('',#6415,1.);
#4093=VECTOR('',#6416,1.);
#4094=VECTOR('',#6425,1.);
#4095=VECTOR('',#6426,1.);
#4096=VECTOR('',#6427,1.);
#4097=VECTOR('',#6428,1.);
#4098=VECTOR('',#6431,1.);
#4099=VECTOR('',#6432,1.);
#4100=VECTOR('',#6433,1.);
#4101=VECTOR('',#6436,1.);
#4102=VECTOR('',#6437,1.);
#4103=VECTOR('',#6438,1.);
#4104=VECTOR('',#6441,1.);
#4105=VECTOR('',#6442,1.);
#4106=VECTOR('',#6443,1.);
#4107=VECTOR('',#6446,1.);
#4108=VECTOR('',#6447,1.);
#4109=VECTOR('',#6448,1.);
#4110=VECTOR('',#6451,1.);
#4111=VECTOR('',#6452,1.);
#4112=VECTOR('',#6453,1.);
#4113=VECTOR('',#6456,1.);
#4114=VECTOR('',#6457,1.);
#4115=VECTOR('',#6458,1.);
#4116=VECTOR('',#6461,1.);
#4117=VECTOR('',#6462,1.);
#4118=VECTOR('',#6473,1.);
#4119=VECTOR('',#6474,1.);
#4120=VECTOR('',#6475,1.);
#4121=VECTOR('',#6476,1.);
#4122=VECTOR('',#6477,1.);
#4123=VECTOR('',#6478,1.);
#4124=VECTOR('',#6479,1.);
#4125=VECTOR('',#6480,1.);
#4126=VECTOR('',#6481,1.);
#4127=VECTOR('',#6482,1.);
#4128=VECTOR('',#6483,1.);
#4129=VECTOR('',#6502,1.);
#4130=VECTOR('',#6521,1.);
#4131=VECTOR('',#6522,1.);
#4132=VECTOR('',#6523,1.);
#4133=VECTOR('',#6524,1.);
#4134=VECTOR('',#6525,1.);
#4135=VECTOR('',#6526,1.);
#4136=VECTOR('',#6527,1.);
#4137=VECTOR('',#6528,1.);
#4138=VECTOR('',#6529,1.);
#4139=VECTOR('',#6530,1.);
#4140=VECTOR('',#6531,1.);
#4141=VECTOR('',#6532,1.);
#4142=VECTOR('',#6533,1.);
#4143=VECTOR('',#6534,1.);
#4144=VECTOR('',#6535,1.);
#4145=VECTOR('',#6536,1.);
#4146=VECTOR('',#6537,1.);
#4147=VECTOR('',#6538,1.);
#4148=VECTOR('',#6539,1.);
#4149=VECTOR('',#6540,1.);
#4150=VECTOR('',#6541,1.);
#4151=VECTOR('',#6542,1.);
#4152=VECTOR('',#6543,1.);
#4153=VECTOR('',#6566,1.);
#4154=VECTOR('',#6575,1.);
#4155=VECTOR('',#6600,1.);
#4156=VECTOR('',#6629,1.);
#4157=VECTOR('',#6658,1.);
#4158=VECTOR('',#6659,1.);
#4159=VECTOR('',#6660,1.);
#4160=VECTOR('',#6663,1.);
#4161=VECTOR('',#6664,1.);
#4162=VECTOR('',#6665,1.);
#4163=VECTOR('',#6668,1.);
#4164=VECTOR('',#6669,1.);
#4165=VECTOR('',#6670,1.);
#4166=VECTOR('',#6673,1.);
#4167=VECTOR('',#6674,1.);
#4168=VECTOR('',#6675,1.);
#4169=VECTOR('',#6678,1.);
#4170=VECTOR('',#6679,1.);
#4171=VECTOR('',#6680,1.);
#4172=VECTOR('',#6681,1.);
#4173=VECTOR('',#6692,1.);
#4174=VECTOR('',#6693,1.);
#4175=VECTOR('',#6694,1.);
#4176=VECTOR('',#6697,1.);
#4177=VECTOR('',#6698,1.);
#4178=VECTOR('',#6701,1.);
#4179=VECTOR('',#6702,1.);
#4180=VECTOR('',#6705,1.);
#4181=VECTOR('',#6706,1.);
#4182=VECTOR('',#6709,1.);
#4183=VECTOR('',#6710,1.);
#4184=VECTOR('',#6713,1.);
#4185=VECTOR('',#6714,1.);
#4186=VECTOR('',#6719,1.);
#4187=VECTOR('',#6724,1.);
#4188=VECTOR('',#6729,1.);
#4189=VECTOR('',#6734,1.);
#4190=VECTOR('',#6739,1.);
#4191=VECTOR('',#6744,1.);
#4192=VECTOR('',#6749,1.);
#4193=VECTOR('',#6754,1.);
#4194=VECTOR('',#6759,1.);
#4195=VECTOR('',#6762,1.);
#4196=VECTOR('',#6763,1.);
#4197=VECTOR('',#6768,1.);
#4198=VECTOR('',#6773,1.);
#4199=VECTOR('',#6778,1.);
#4200=VECTOR('',#6783,1.);
#4201=VECTOR('',#6788,1.);
#4202=VECTOR('',#6793,1.);
#4203=VECTOR('',#6798,1.);
#4204=VECTOR('',#6803,1.);
#4205=VECTOR('',#6808,1.);
#4206=VECTOR('',#6811,1.);
#4207=VECTOR('',#6816,1.);
#4208=VECTOR('',#6817,1.);
#4209=VECTOR('',#6818,1.);
#4210=VECTOR('',#6821,1.);
#4211=VECTOR('',#6822,1.);
#4212=VECTOR('',#6825,1.);
#4213=VECTOR('',#6826,1.);
#4214=VECTOR('',#6829,1.);
#4215=VECTOR('',#6830,1.);
#4216=VECTOR('',#6833,1.);
#4217=VECTOR('',#6834,1.);
#4218=VECTOR('',#6837,1.);
#4219=VECTOR('',#6838,1.);
#4220=VECTOR('',#6841,1.);
#4221=VECTOR('',#6842,1.);
#4222=VECTOR('',#6845,1.);
#4223=VECTOR('',#6850,1.);
#4224=VECTOR('',#6851,1.);
#4225=VECTOR('',#6852,1.);
#4226=VECTOR('',#6853,1.);
#4227=VECTOR('',#6856,1.);
#4228=VECTOR('',#6857,1.);
#4229=VECTOR('',#6858,1.);
#4230=VECTOR('',#6861,1.);
#4231=VECTOR('',#6862,1.);
#4232=VECTOR('',#6863,1.);
#4233=VECTOR('',#6866,1.);
#4234=VECTOR('',#6867,1.);
#4235=VECTOR('',#6868,1.);
#4236=VECTOR('',#6871,1.);
#4237=VECTOR('',#6872,1.);
#4238=VECTOR('',#6873,1.);
#4239=VECTOR('',#6876,1.);
#4240=VECTOR('',#6877,1.);
#4241=VECTOR('',#6880,1.);
#4242=VECTOR('',#6881,1.);
#4243=VECTOR('',#6884,1.);
#4244=VECTOR('',#6885,1.);
#4245=VECTOR('',#6888,1.);
#4246=VECTOR('',#6889,1.);
#4247=VECTOR('',#6892,1.);
#4248=VECTOR('',#6893,1.);
#4249=VECTOR('',#6896,1.);
#4250=VECTOR('',#6897,1.);
#4251=VECTOR('',#6900,1.);
#4252=VECTOR('',#6901,1.);
#4253=VECTOR('',#6904,1.);
#4254=VECTOR('',#6905,1.);
#4255=VECTOR('',#6908,1.);
#4256=VECTOR('',#6909,1.);
#4257=VECTOR('',#6912,1.);
#4258=VECTOR('',#6915,1.);
#4259=VECTOR('',#6916,1.);
#4260=VECTOR('',#6923,1.);
#4261=VECTOR('',#6924,1.);
#4262=VECTOR('',#6929,1.);
#4263=VECTOR('',#6934,1.);
#4264=VECTOR('',#6939,1.);
#4265=VECTOR('',#6944,1.);
#4266=VECTOR('',#6949,1.);
#4267=VECTOR('',#6954,1.);
#4268=VECTOR('',#6959,1.);
#4269=VECTOR('',#6960,1.);
#4270=VECTOR('',#6965,1.);
#4271=VECTOR('',#6970,1.);
#4272=VECTOR('',#6975,1.);
#4273=VECTOR('',#6980,1.);
#4274=VECTOR('',#6985,1.);
#4275=VECTOR('',#6986,1.);
#4276=VECTOR('',#6987,1.);
#4277=VECTOR('',#6990,1.);
#4278=VECTOR('',#6991,1.);
#4279=VECTOR('',#6996,1.);
#4280=VECTOR('',#7001,1.);
#4281=VECTOR('',#7006,1.);
#4282=VECTOR('',#7011,1.);
#4283=VECTOR('',#7014,1.);
#4284=VECTOR('',#7015,1.);
#4285=VECTOR('',#7020,1.);
#4286=VECTOR('',#7025,1.);
#4287=VECTOR('',#7030,1.);
#4288=VECTOR('',#7035,1.);
#4289=VECTOR('',#7040,1.);
#4290=VECTOR('',#7041,1.);
#4291=VECTOR('',#7046,1.);
#4292=VECTOR('',#7051,1.);
#4293=VECTOR('',#7056,1.);
#4294=VECTOR('',#7065,1.);
#4295=VECTOR('',#7066,1.);
#4296=VECTOR('',#7067,1.);
#4297=VECTOR('',#7072,1.);
#4298=VECTOR('',#7077,1.);
#4299=VECTOR('',#7082,1.);
#4300=VECTOR('',#7087,1.);
#4301=VECTOR('',#7092,1.);
#4302=VECTOR('',#7097,1.);
#4303=VECTOR('',#7102,1.);
#4304=VECTOR('',#7107,1.);
#4305=VECTOR('',#7112,1.);
#4306=VECTOR('',#7117,1.);
#4307=VECTOR('',#7122,1.);
#4308=VECTOR('',#7127,1.);
#4309=VECTOR('',#7132,1.);
#4310=VECTOR('',#7137,1.);
#4311=VECTOR('',#7140,1.);
#4312=VECTOR('',#7141,1.);
#4313=VECTOR('',#7146,1.);
#4314=VECTOR('',#7151,1.);
#4315=VECTOR('',#7156,1.);
#4316=VECTOR('',#7161,1.);
#4317=VECTOR('',#7166,1.);
#4318=VECTOR('',#7171,1.);
#4319=VECTOR('',#7176,1.);
#4320=VECTOR('',#7181,1.);
#4321=VECTOR('',#7186,1.);
#4322=VECTOR('',#7191,1.);
#4323=VECTOR('',#7196,1.);
#4324=VECTOR('',#7201,1.);
#4325=VECTOR('',#7206,1.);
#4326=VECTOR('',#7249,1.);
#4327=VECTOR('',#7258,1.);
#4328=VECTOR('',#7281,1.);
#4329=VECTOR('',#7282,1.);
#4330=VECTOR('',#7283,1.);
#4331=VECTOR('',#7284,1.);
#4332=VECTOR('',#7285,1.);
#4333=VECTOR('',#7286,1.);
#4334=VECTOR('',#7287,1.);
#4335=VECTOR('',#7288,1.);
#4336=VECTOR('',#7289,1.);
#4337=VECTOR('',#7290,1.);
#4338=VECTOR('',#7291,1.);
#4339=VECTOR('',#7310,1.);
#4340=VECTOR('',#7329,1.);
#4341=VECTOR('',#7330,1.);
#4342=VECTOR('',#7331,1.);
#4343=VECTOR('',#7332,1.);
#4344=VECTOR('',#7335,1.);
#4345=VECTOR('',#7364,1.);
#4346=VECTOR('',#7391,1.);
#4347=VECTOR('',#7392,1.);
#4348=VECTOR('',#7393,1.);
#4349=VECTOR('',#7394,1.);
#4350=VECTOR('',#7395,1.);
#4351=VECTOR('',#7396,1.);
#4352=VECTOR('',#7397,1.);
#4353=VECTOR('',#7398,1.);
#4354=VECTOR('',#7399,1.);
#4355=VECTOR('',#7400,1.);
#4356=VECTOR('',#7401,1.);
#4357=VECTOR('',#7402,1.);
#4358=VECTOR('',#7403,1.);
#4359=VECTOR('',#7404,1.);
#4360=VECTOR('',#7405,1.);
#4361=VECTOR('',#7406,1.);
#4362=VECTOR('',#7407,1.);
#4363=VECTOR('',#7408,1.);
#4364=VECTOR('',#7409,1.);
#4365=VECTOR('',#7440,1.);
#4366=VECTOR('',#7449,1.);
#4367=VECTOR('',#7468,1.);
#4368=VECTOR('',#7469,1.);
#4369=VECTOR('',#7470,1.);
#4370=VECTOR('',#7471,1.);
#4371=VECTOR('',#7472,1.);
#4372=VECTOR('',#7473,1.);
#4373=VECTOR('',#7492,1.);
#4374=VECTOR('',#7511,1.);
#4375=VECTOR('',#7512,1.);
#4376=VECTOR('',#7513,1.);
#4377=VECTOR('',#7514,1.);
#4378=VECTOR('',#7515,1.);
#4379=VECTOR('',#7516,1.);
#4380=VECTOR('',#7517,1.);
#4381=VECTOR('',#7518,1.);
#4382=VECTOR('',#7519,1.);
#4383=VECTOR('',#7520,1.);
#4384=VECTOR('',#7549,1.);
#4385=VECTOR('',#7578,1.);
#4386=VECTOR('',#7579,1.);
#4387=VECTOR('',#7580,1.);
#4388=VECTOR('',#7581,1.);
#4389=VECTOR('',#7582,1.);
#4390=VECTOR('',#7583,1.);
#4391=VECTOR('',#7584,1.);
#4392=VECTOR('',#7585,1.);
#4393=VECTOR('',#7586,1.);
#4394=VECTOR('',#7587,1.);
#4395=VECTOR('',#7588,1.);
#4396=VECTOR('',#7589,1.);
#4397=VECTOR('',#7590,1.);
#4398=VECTOR('',#7591,1.);
#4399=VECTOR('',#7592,1.);
#4400=VECTOR('',#7593,1.);
#4401=VECTOR('',#7594,1.);
#4402=VECTOR('',#7595,1.);
#4403=VECTOR('',#7596,1.);
#4404=VECTOR('',#7599,1.);
#4405=VECTOR('',#7600,1.);
#4406=VECTOR('',#7603,1.);
#4407=VECTOR('',#7606,1.);
#4408=VECTOR('',#7609,1.);
#4409=VECTOR('',#7612,1.);
#4410=VECTOR('',#7615,1.);
#4411=VECTOR('',#7618,1.);
#4412=VECTOR('',#7623,1.);
#4413=VECTOR('',#7624,1.);
#4414=VECTOR('',#7627,1.);
#4415=VECTOR('',#7630,1.);
#4416=VECTOR('',#7633,1.);
#4417=VECTOR('',#7636,1.);
#4418=VECTOR('',#7639,1.);
#4419=VECTOR('',#7642,1.);
#4420=VECTOR('',#7645,1.);
#4421=VECTOR('',#7648,1.);
#4422=VECTOR('',#7651,1.);
#4423=VECTOR('',#7654,1.);
#4424=VECTOR('',#7657,1.);
#4425=VECTOR('',#7660,1.);
#4426=VECTOR('',#7663,1.);
#4427=VECTOR('',#7666,1.);
#4428=VECTOR('',#7669,1.);
#4429=VECTOR('',#7672,1.);
#4430=VECTOR('',#7675,1.);
#4431=VECTOR('',#7678,1.);
#4432=VECTOR('',#7681,1.);
#4433=VECTOR('',#7684,1.);
#4434=VECTOR('',#7687,1.);
#4435=VECTOR('',#7690,1.);
#4436=VECTOR('',#7693,1.);
#4437=VECTOR('',#7696,1.);
#4438=VECTOR('',#7699,1.);
#4439=VECTOR('',#7702,1.);
#4440=VECTOR('',#7705,1.);
#4441=VECTOR('',#7708,1.);
#4442=VECTOR('',#7713,1.);
#4443=VECTOR('',#7714,1.);
#4444=VECTOR('',#7717,1.);
#4445=VECTOR('',#7720,1.);
#4446=VECTOR('',#7723,1.);
#4447=VECTOR('',#7726,1.);
#4448=VECTOR('',#7729,1.);
#4449=VECTOR('',#7732,1.);
#4450=VECTOR('',#7735,1.);
#4451=VECTOR('',#7738,1.);
#4452=VECTOR('',#7741,1.);
#4453=VECTOR('',#7744,1.);
#4454=VECTOR('',#7747,1.);
#4455=VECTOR('',#7750,1.);
#4456=VECTOR('',#7753,1.);
#4457=VECTOR('',#7756,1.);
#4458=VECTOR('',#7759,1.);
#4459=VECTOR('',#7762,1.);
#4460=VECTOR('',#7765,1.);
#4461=VECTOR('',#7768,1.);
#4462=VECTOR('',#7771,1.);
#4463=VECTOR('',#7774,1.);
#4464=VECTOR('',#7777,1.);
#4465=VECTOR('',#7780,1.);
#4466=VECTOR('',#7783,1.);
#4467=VECTOR('',#7786,1.);
#4468=VECTOR('',#7791,1.);
#4469=VECTOR('',#7792,1.);
#4470=VECTOR('',#7795,1.);
#4471=VECTOR('',#7798,1.);
#4472=VECTOR('',#7801,1.);
#4473=VECTOR('',#7804,1.);
#4474=VECTOR('',#7807,1.);
#4475=VECTOR('',#7810,1.);
#4476=VECTOR('',#7815,1.);
#4477=VECTOR('',#7816,1.);
#4478=VECTOR('',#7819,1.);
#4479=VECTOR('',#7822,1.);
#4480=VECTOR('',#7825,1.);
#4481=VECTOR('',#7828,1.);
#4482=VECTOR('',#7831,1.);
#4483=VECTOR('',#7834,1.);
#4484=VECTOR('',#7837,1.);
#4485=VECTOR('',#7838,1.);
#4486=VECTOR('',#7841,1.);
#4487=VECTOR('',#7844,1.);
#4488=VECTOR('',#7847,1.);
#4489=VECTOR('',#7850,1.);
#4490=VECTOR('',#7853,1.);
#4491=VECTOR('',#7854,1.);
#4492=VECTOR('',#7855,1.);
#4493=VECTOR('',#7858,1.);
#4494=VECTOR('',#7861,1.);
#4495=VECTOR('',#7864,1.);
#4496=VECTOR('',#7867,1.);
#4497=VECTOR('',#7870,1.);
#4498=VECTOR('',#7873,1.);
#4499=VECTOR('',#7876,1.);
#4500=VECTOR('',#7879,1.);
#4501=VECTOR('',#7882,1.);
#4502=VECTOR('',#7885,1.);
#4503=VECTOR('',#7888,1.);
#4504=VECTOR('',#7889,1.);
#4505=VECTOR('',#7892,1.);
#4506=VECTOR('',#7895,1.);
#4507=VECTOR('',#7898,1.);
#4508=VECTOR('',#7903,1.);
#4509=VECTOR('',#7904,1.);
#4510=VECTOR('',#7907,1.);
#4511=VECTOR('',#7910,1.);
#4512=VECTOR('',#7913,1.);
#4513=VECTOR('',#7916,1.);
#4514=VECTOR('',#7919,1.);
#4515=VECTOR('',#7922,1.);
#4516=VECTOR('',#7925,1.);
#4517=VECTOR('',#7928,1.);
#4518=VECTOR('',#7931,1.);
#4519=EDGE_LOOP('',(#487,#488,#489,#490));
#4520=EDGE_LOOP('',(#491,#492,#493,#494));
#4521=EDGE_LOOP('',(#495,#496,#497,#498));
#4522=EDGE_LOOP('',(#499,#500,#501,#502));
#4523=EDGE_LOOP('',(#503,#504,#505,#506));
#4524=EDGE_LOOP('',(#507,#508,#509,#510));
#4525=EDGE_LOOP('',(#511,#512,#513,#514));
#4526=EDGE_LOOP('',(#515,#516,#517,#518));
#4527=EDGE_LOOP('',(#519,#520,#521,#522,#523,#524,#525,#526));
#4528=EDGE_LOOP('',(#527,#528,#529,#530,#531,#532,#533,#534));
#4529=EDGE_LOOP('',(#535,#536,#537,#538,#539));
#4530=EDGE_LOOP('',(#540,#541,#542,#543));
#4531=EDGE_LOOP('',(#544,#545,#546,#547));
#4532=EDGE_LOOP('',(#548,#549,#550,#551));
#4533=EDGE_LOOP('',(#552,#553,#554,#555));
#4534=EDGE_LOOP('',(#556,#557,#558,#559));
#4535=EDGE_LOOP('',(#560,#561,#562,#563,#564));
#4536=EDGE_LOOP('',(#565,#566,#567,#568));
#4537=EDGE_LOOP('',(#569,#570,#571,#572));
#4538=EDGE_LOOP('',(#573,#574,#575,#576));
#4539=EDGE_LOOP('',(#577,#578,#579,#580));
#4540=EDGE_LOOP('',(#581,#582,#583,#584));
#4541=EDGE_LOOP('',(#585,#586,#587,#588));
#4542=EDGE_LOOP('',(#589,#590,#591,#592));
#4543=EDGE_LOOP('',(#593,#594,#595,#596));
#4544=EDGE_LOOP('',(#597,#598,#599,#600,#601,#602,#603,#604));
#4545=EDGE_LOOP('',(#605,#606,#607,#608,#609,#610,#611,#612));
#4546=EDGE_LOOP('',(#613,#614,#615,#616));
#4547=EDGE_LOOP('',(#617,#618,#619,#620));
#4548=EDGE_LOOP('',(#621,#622,#623,#624));
#4549=EDGE_LOOP('',(#625,#626,#627,#628));
#4550=EDGE_LOOP('',(#629,#630,#631,#632));
#4551=EDGE_LOOP('',(#633,#634,#635,#636));
#4552=EDGE_LOOP('',(#637,#638,#639,#640));
#4553=EDGE_LOOP('',(#641,#642,#643,#644));
#4554=EDGE_LOOP('',(#645,#646,#647,#648,#649,#650,#651,#652));
#4555=EDGE_LOOP('',(#653,#654,#655,#656,#657,#658,#659,#660));
#4556=EDGE_LOOP('',(#661,#662,#663,#664));
#4557=EDGE_LOOP('',(#665,#666,#667,#668));
#4558=EDGE_LOOP('',(#669,#670,#671,#672));
#4559=EDGE_LOOP('',(#673,#674,#675,#676));
#4560=EDGE_LOOP('',(#677,#678,#679,#680));
#4561=EDGE_LOOP('',(#681,#682,#683,#684));
#4562=EDGE_LOOP('',(#685,#686,#687,#688));
#4563=EDGE_LOOP('',(#689,#690,#691,#692));
#4564=EDGE_LOOP('',(#693,#694,#695,#696,#697,#698,#699,#700));
#4565=EDGE_LOOP('',(#701,#702,#703,#704,#705,#706,#707,#708));
#4566=EDGE_LOOP('',(#709));
#4567=EDGE_LOOP('',(#710,#711,#712,#713,#714,#715,#716,#717));
#4568=EDGE_LOOP('',(#718,#719,#720,#721,#722,#723,#724,#725,#726,#727,#728,#729,#730,#731,#732,#733,#734,#735,#736,#737,#738,#739,#740,#741,#742,#743));
#4569=EDGE_LOOP('',(#744,#745,#746,#747,#748,#749,#750,#751));
#4570=EDGE_LOOP('',(#752,#753,#754,#755,#756,#757,#758,#759,#760,#761,#762));
#4571=EDGE_LOOP('',(#763,#764,#765,#766,#767,#768,#769,#770,#771,#772,#773,#774,#775,#776,#777,#778,#779,#780,#781,#782,#783,#784,#785,#786,#787,#788,#789,#790,#791,#792,#793,#794));
#4572=EDGE_LOOP('',(#795,#796,#797,#798,#799,#800,#801,#802,#803,#804,#805,#806,#807,#808,#809,#810,#811,#812,#813,#814,#815,#816,#817,#818,#819,#820,#821,#822,#823,#824));
#4573=EDGE_LOOP('',(#825,#826,#827,#828));
#4574=EDGE_LOOP('',(#829,#830,#831,#832));
#4575=EDGE_LOOP('',(#833,#834,#835,#836));
#4576=EDGE_LOOP('',(#837,#838,#839,#840));
#4577=EDGE_LOOP('',(#841,#842,#843,#844,#845,#846,#847,#848));
#4578=EDGE_LOOP('',(#849,#850,#851,#852));
#4579=EDGE_LOOP('',(#853,#854,#855,#856));
#4580=EDGE_LOOP('',(#857,#858,#859,#860));
#4581=EDGE_LOOP('',(#861,#862,#863,#864));
#4582=EDGE_LOOP('',(#865,#866,#867,#868));
#4583=EDGE_LOOP('',(#869,#870,#871,#872));
#4584=EDGE_LOOP('',(#873,#874,#875,#876));
#4585=EDGE_LOOP('',(#877,#878,#879,#880));
#4586=EDGE_LOOP('',(#881,#882,#883,#884));
#4587=EDGE_LOOP('',(#885,#886,#887,#888));
#4588=EDGE_LOOP('',(#889,#890,#891,#892));
#4589=EDGE_LOOP('',(#893,#894,#895,#896));
#4590=EDGE_LOOP('',(#897,#898,#899,#900));
#4591=EDGE_LOOP('',(#901,#902,#903,#904));
#4592=EDGE_LOOP('',(#905,#906,#907,#908));
#4593=EDGE_LOOP('',(#909,#910,#911,#912));
#4594=EDGE_LOOP('',(#913,#914,#915,#916));
#4595=EDGE_LOOP('',(#917,#918,#919,#920));
#4596=EDGE_LOOP('',(#921,#922,#923,#924));
#4597=EDGE_LOOP('',(#925,#926,#927,#928));
#4598=EDGE_LOOP('',(#929,#930,#931,#932));
#4599=EDGE_LOOP('',(#933,#934,#935,#936));
#4600=EDGE_LOOP('',(#937,#938,#939,#940));
#4601=EDGE_LOOP('',(#941,#942,#943,#944));
#4602=EDGE_LOOP('',(#945,#946,#947,#948));
#4603=EDGE_LOOP('',(#949,#950,#951,#952));
#4604=EDGE_LOOP('',(#953,#954,#955,#956));
#4605=EDGE_LOOP('',(#957,#958,#959,#960));
#4606=EDGE_LOOP('',(#961,#962,#963,#964));
#4607=EDGE_LOOP('',(#965,#966,#967,#968));
#4608=EDGE_LOOP('',(#969,#970,#971,#972,#973,#974,#975,#976,#977,#978,#979,#980,#981,#982,#983,#984,#985,#986,#987,#988,#989,#990,#991,#992,#993,#994));
#4609=EDGE_LOOP('',(#995,#996,#997,#998));
#4610=EDGE_LOOP('',(#999,#1000,#1001,#1002));
#4611=EDGE_LOOP('',(#1003,#1004,#1005,#1006));
#4612=EDGE_LOOP('',(#1007,#1008,#1009,#1010));
#4613=EDGE_LOOP('',(#1011,#1012,#1013,#1014));
#4614=EDGE_LOOP('',(#1015,#1016,#1017,#1018));
#4615=EDGE_LOOP('',(#1019,#1020,#1021,#1022));
#4616=EDGE_LOOP('',(#1023,#1024,#1025,#1026));
#4617=EDGE_LOOP('',(#1027,#1028,#1029,#1030,#1031,#1032,#1033,#1034));
#4618=EDGE_LOOP('',(#1035,#1036,#1037,#1038));
#4619=EDGE_LOOP('',(#1039,#1040,#1041,#1042));
#4620=EDGE_LOOP('',(#1043,#1044,#1045,#1046));
#4621=EDGE_LOOP('',(#1047,#1048,#1049,#1050));
#4622=EDGE_LOOP('',(#1051,#1052,#1053,#1054));
#4623=EDGE_LOOP('',(#1055,#1056,#1057,#1058));
#4624=EDGE_LOOP('',(#1059,#1060,#1061,#1062));
#4625=EDGE_LOOP('',(#1063,#1064,#1065,#1066));
#4626=EDGE_LOOP('',(#1067,#1068,#1069,#1070));
#4627=EDGE_LOOP('',(#1071,#1072,#1073,#1074));
#4628=EDGE_LOOP('',(#1075,#1076,#1077,#1078));
#4629=EDGE_LOOP('',(#1079,#1080,#1081,#1082));
#4630=EDGE_LOOP('',(#1083,#1084,#1085,#1086));
#4631=EDGE_LOOP('',(#1087,#1088,#1089,#1090));
#4632=EDGE_LOOP('',(#1091,#1092,#1093,#1094));
#4633=EDGE_LOOP('',(#1095,#1096,#1097,#1098));
#4634=EDGE_LOOP('',(#1099,#1100,#1101,#1102,#1103,#1104,#1105,#1106,#1107,#1108,#1109));
#4635=EDGE_LOOP('',(#1110,#1111,#1112,#1113,#1114));
#4636=EDGE_LOOP('',(#1115,#1116,#1117,#1118));
#4637=EDGE_LOOP('',(#1119,#1120,#1121,#1122));
#4638=EDGE_LOOP('',(#1123,#1124,#1125,#1126));
#4639=EDGE_LOOP('',(#1127,#1128,#1129,#1130));
#4640=EDGE_LOOP('',(#1131,#1132,#1133,#1134));
#4641=EDGE_LOOP('',(#1135,#1136,#1137,#1138));
#4642=EDGE_LOOP('',(#1139,#1140,#1141,#1142));
#4643=EDGE_LOOP('',(#1143,#1144,#1145,#1146));
#4644=EDGE_LOOP('',(#1147,#1148,#1149,#1150));
#4645=EDGE_LOOP('',(#1151,#1152,#1153,#1154));
#4646=EDGE_LOOP('',(#1155,#1156,#1157,#1158));
#4647=EDGE_LOOP('',(#1159,#1160,#1161,#1162));
#4648=EDGE_LOOP('',(#1163,#1164,#1165,#1166));
#4649=EDGE_LOOP('',(#1167,#1168,#1169,#1170));
#4650=EDGE_LOOP('',(#1171,#1172,#1173,#1174));
#4651=EDGE_LOOP('',(#1175,#1176,#1177,#1178));
#4652=EDGE_LOOP('',(#1179,#1180,#1181,#1182));
#4653=EDGE_LOOP('',(#1183,#1184,#1185,#1186));
#4654=EDGE_LOOP('',(#1187,#1188,#1189,#1190));
#4655=EDGE_LOOP('',(#1191,#1192,#1193,#1194));
#4656=EDGE_LOOP('',(#1195,#1196,#1197,#1198));
#4657=EDGE_LOOP('',(#1199,#1200,#1201,#1202));
#4658=EDGE_LOOP('',(#1203,#1204,#1205,#1206));
#4659=EDGE_LOOP('',(#1207,#1208,#1209,#1210));
#4660=EDGE_LOOP('',(#1211,#1212,#1213,#1214));
#4661=EDGE_LOOP('',(#1215,#1216,#1217,#1218));
#4662=EDGE_LOOP('',(#1219,#1220,#1221,#1222));
#4663=EDGE_LOOP('',(#1223,#1224,#1225,#1226));
#4664=EDGE_LOOP('',(#1227,#1228,#1229,#1230));
#4665=EDGE_LOOP('',(#1231,#1232,#1233,#1234));
#4666=EDGE_LOOP('',(#1235,#1236,#1237,#1238));
#4667=EDGE_LOOP('',(#1239,#1240,#1241,#1242));
#4668=EDGE_LOOP('',(#1243,#1244,#1245,#1246,#1247,#1248,#1249,#1250,#1251,#1252,#1253,#1254,#1255,#1256,#1257,#1258,#1259,#1260,#1261,#1262,#1263,#1264,#1265,#1266,#1267,#1268,#1269,#1270,#1271,#1272,#1273,#1274));
#4669=EDGE_LOOP('',(#1275,#1276,#1277,#1278));
#4670=EDGE_LOOP('',(#1279,#1280,#1281,#1282));
#4671=EDGE_LOOP('',(#1283,#1284,#1285,#1286));
#4672=EDGE_LOOP('',(#1287,#1288,#1289,#1290));
#4673=EDGE_LOOP('',(#1291,#1292,#1293,#1294));
#4674=EDGE_LOOP('',(#1295,#1296,#1297,#1298));
#4675=EDGE_LOOP('',(#1299,#1300,#1301,#1302));
#4676=EDGE_LOOP('',(#1303,#1304,#1305,#1306));
#4677=EDGE_LOOP('',(#1307,#1308,#1309,#1310));
#4678=EDGE_LOOP('',(#1311,#1312,#1313,#1314));
#4679=EDGE_LOOP('',(#1315,#1316,#1317,#1318));
#4680=EDGE_LOOP('',(#1319,#1320,#1321,#1322));
#4681=EDGE_LOOP('',(#1323,#1324,#1325,#1326));
#4682=EDGE_LOOP('',(#1327,#1328,#1329,#1330));
#4683=EDGE_LOOP('',(#1331,#1332,#1333,#1334));
#4684=EDGE_LOOP('',(#1335,#1336,#1337,#1338));
#4685=EDGE_LOOP('',(#1339,#1340,#1341,#1342));
#4686=EDGE_LOOP('',(#1343,#1344,#1345,#1346));
#4687=EDGE_LOOP('',(#1347,#1348,#1349,#1350));
#4688=EDGE_LOOP('',(#1351,#1352,#1353,#1354));
#4689=EDGE_LOOP('',(#1355,#1356,#1357,#1358));
#4690=EDGE_LOOP('',(#1359,#1360,#1361,#1362));
#4691=EDGE_LOOP('',(#1363,#1364,#1365,#1366));
#4692=EDGE_LOOP('',(#1367,#1368,#1369,#1370));
#4693=EDGE_LOOP('',(#1371,#1372,#1373,#1374));
#4694=EDGE_LOOP('',(#1375,#1376,#1377,#1378));
#4695=EDGE_LOOP('',(#1379,#1380,#1381,#1382));
#4696=EDGE_LOOP('',(#1383,#1384,#1385,#1386));
#4697=EDGE_LOOP('',(#1387,#1388,#1389,#1390));
#4698=EDGE_LOOP('',(#1391,#1392,#1393,#1394));
#4699=EDGE_LOOP('',(#1395,#1396,#1397,#1398,#1399,#1400,#1401,#1402,#1403,#1404,#1405,#1406,#1407,#1408,#1409,#1410,#1411,#1412,#1413,#1414,#1415,#1416,#1417,#1418,#1419,#1420,#1421,#1422,#1423,#1424));
#4700=EDGE_LOOP('',(#1425));
#4701=EDGE_LOOP('',(#1426));
#4702=EDGE_LOOP('',(#1427));
#4703=EDGE_LOOP('',(#1428,#1429,#1430,#1431,#1432));
#4704=EDGE_LOOP('',(#1433));
#4705=EDGE_LOOP('',(#1434,#1435,#1436,#1437,#1438,#1439,#1440,#1441,#1442,#1443,#1444,#1445,#1446,#1447,#1448,#1449,#1450,#1451,#1452,#1453,#1454,#1455,#1456,#1457,#1458,#1459,#1460,#1461,#1462,#1463,#1464,#1465));
#4706=EDGE_LOOP('',(#1466,#1467,#1468,#1469,#1470,#1471,#1472,#1473));
#4707=EDGE_LOOP('',(#1474,#1475,#1476,#1477,#1478,#1479,#1480,#1481,#1482,#1483,#1484,#1485,#1486,#1487,#1488,#1489,#1490,#1491,#1492,#1493,#1494,#1495,#1496,#1497,#1498,#1499));
#4708=EDGE_LOOP('',(#1500,#1501,#1502,#1503,#1504,#1505,#1506,#1507,#1508,#1509,#1510,#1511,#1512,#1513,#1514,#1515,#1516,#1517,#1518,#1519,#1520,#1521,#1522,#1523,#1524,#1525,#1526,#1527,#1528,#1529));
#4709=EDGE_LOOP('',(#1530,#1531,#1532,#1533,#1534,#1535,#1536,#1537));
#4710=EDGE_LOOP('',(#1538,#1539,#1540,#1541,#1542,#1543,#1544,#1545,#1546,#1547,#1548));
#4711=EDGE_LOOP('',(#1549));
#4712=EDGE_LOOP('',(#1550,#1551,#1552,#1553,#1554,#1555,#1556,#1557,#1558,#1559,#1560,#1561,#1562,#1563,#1564,#1565,#1566,#1567,#1568,#1569,#1570,#1571,#1572,#1573,#1574,#1575,#1576,#1577,#1578,#1579,#1580,#1581));
#4713=EDGE_LOOP('',(#1582,#1583,#1584,#1585,#1586,#1587,#1588,#1589,#1590,#1591,#1592,#1593,#1594,#1595,#1596,#1597,#1598,#1599,#1600,#1601,#1602,#1603,#1604,#1605,#1606,#1607));
#4714=EDGE_LOOP('',(#1608,#1609,#1610,#1611,#1612,#1613,#1614,#1615));
#4715=EDGE_LOOP('',(#1616,#1617,#1618,#1619,#1620,#1621,#1622,#1623,#1624,#1625,#1626,#1627,#1628,#1629,#1630,#1631,#1632,#1633,#1634,#1635,#1636,#1637,#1638,#1639,#1640,#1641,#1642,#1643,#1644,#1645));
#4716=EDGE_LOOP('',(#1646,#1647,#1648,#1649,#1650,#1651,#1652,#1653));
#4717=EDGE_LOOP('',(#1654,#1655,#1656,#1657,#1658,#1659,#1660,#1661,#1662,#1663,#1664));
#4718=EDGE_LOOP('',(#1665,#1666,#1667,#1668));
#4719=EDGE_LOOP('',(#1669,#1670,#1671,#1672));
#4720=EDGE_LOOP('',(#1673,#1674,#1675,#1676));
#4721=EDGE_LOOP('',(#1677,#1678,#1679,#1680));
#4722=EDGE_LOOP('',(#1681,#1682,#1683,#1684));
#4723=EDGE_LOOP('',(#1685,#1686,#1687,#1688));
#4724=EDGE_LOOP('',(#1689,#1690,#1691,#1692));
#4725=EDGE_LOOP('',(#1693,#1694,#1695,#1696));
#4726=EDGE_LOOP('',(#1697,#1698,#1699,#1700));
#4727=EDGE_LOOP('',(#1701,#1702,#1703,#1704));
#4728=EDGE_LOOP('',(#1705,#1706,#1707,#1708));
#4729=EDGE_LOOP('',(#1709,#1710,#1711,#1712));
#4730=EDGE_LOOP('',(#1713,#1714,#1715,#1716));
#4731=EDGE_LOOP('',(#1717,#1718,#1719,#1720));
#4732=EDGE_LOOP('',(#1721,#1722,#1723,#1724));
#4733=EDGE_LOOP('',(#1725,#1726,#1727,#1728));
#4734=EDGE_LOOP('',(#1729,#1730,#1731,#1732));
#4735=EDGE_LOOP('',(#1733,#1734,#1735,#1736));
#4736=EDGE_LOOP('',(#1737,#1738,#1739,#1740));
#4737=EDGE_LOOP('',(#1741,#1742,#1743,#1744));
#4738=EDGE_LOOP('',(#1745,#1746,#1747,#1748));
#4739=EDGE_LOOP('',(#1749,#1750,#1751,#1752));
#4740=EDGE_LOOP('',(#1753,#1754,#1755,#1756));
#4741=EDGE_LOOP('',(#1757,#1758,#1759,#1760));
#4742=EDGE_LOOP('',(#1761,#1762,#1763,#1764));
#4743=EDGE_LOOP('',(#1765,#1766,#1767,#1768));
#4744=EDGE_LOOP('',(#1769,#1770,#1771,#1772));
#4745=EDGE_LOOP('',(#1773,#1774,#1775,#1776));
#4746=EDGE_LOOP('',(#1777,#1778,#1779,#1780));
#4747=EDGE_LOOP('',(#1781,#1782,#1783,#1784));
#4748=EDGE_LOOP('',(#1785,#1786,#1787,#1788));
#4749=EDGE_LOOP('',(#1789,#1790,#1791,#1792));
#4750=EDGE_LOOP('',(#1793,#1794,#1795,#1796));
#4751=EDGE_LOOP('',(#1797,#1798,#1799,#1800));
#4752=EDGE_LOOP('',(#1801,#1802,#1803,#1804));
#4753=EDGE_LOOP('',(#1805,#1806,#1807,#1808));
#4754=EDGE_LOOP('',(#1809,#1810,#1811,#1812));
#4755=EDGE_LOOP('',(#1813,#1814,#1815,#1816));
#4756=EDGE_LOOP('',(#1817,#1818,#1819,#1820));
#4757=EDGE_LOOP('',(#1821,#1822,#1823,#1824));
#4758=EDGE_LOOP('',(#1825,#1826,#1827,#1828));
#4759=EDGE_LOOP('',(#1829,#1830,#1831,#1832));
#4760=EDGE_LOOP('',(#1833,#1834,#1835,#1836));
#4761=EDGE_LOOP('',(#1837,#1838,#1839,#1840));
#4762=EDGE_LOOP('',(#1841,#1842,#1843,#1844));
#4763=EDGE_LOOP('',(#1845,#1846,#1847,#1848));
#4764=EDGE_LOOP('',(#1849,#1850,#1851,#1852));
#4765=EDGE_LOOP('',(#1853,#1854,#1855,#1856));
#4766=EDGE_LOOP('',(#1857,#1858,#1859,#1860));
#4767=EDGE_LOOP('',(#1861,#1862,#1863,#1864));
#4768=EDGE_LOOP('',(#1865,#1866,#1867,#1868));
#4769=EDGE_LOOP('',(#1869,#1870,#1871,#1872));
#4770=EDGE_LOOP('',(#1873,#1874,#1875,#1876));
#4771=EDGE_LOOP('',(#1877,#1878,#1879,#1880));
#4772=EDGE_LOOP('',(#1881,#1882,#1883,#1884));
#4773=EDGE_LOOP('',(#1885,#1886,#1887,#1888));
#4774=EDGE_LOOP('',(#1889,#1890,#1891,#1892));
#4775=EDGE_LOOP('',(#1893,#1894,#1895,#1896));
#4776=EDGE_LOOP('',(#1897,#1898,#1899,#1900));
#4777=EDGE_LOOP('',(#1901,#1902,#1903,#1904));
#4778=EDGE_LOOP('',(#1905,#1906,#1907,#1908));
#4779=EDGE_LOOP('',(#1909,#1910,#1911,#1912));
#4780=EDGE_LOOP('',(#1913,#1914,#1915,#1916));
#4781=EDGE_LOOP('',(#1917,#1918,#1919,#1920));
#4782=EDGE_LOOP('',(#1921,#1922,#1923,#1924));
#4783=EDGE_LOOP('',(#1925,#1926,#1927,#1928));
#4784=EDGE_LOOP('',(#1929,#1930,#1931,#1932));
#4785=EDGE_LOOP('',(#1933,#1934,#1935,#1936));
#4786=EDGE_LOOP('',(#1937,#1938,#1939,#1940));
#4787=EDGE_LOOP('',(#1941,#1942,#1943,#1944));
#4788=EDGE_LOOP('',(#1945,#1946,#1947,#1948));
#4789=EDGE_LOOP('',(#1949,#1950,#1951,#1952));
#4790=EDGE_LOOP('',(#1953,#1954,#1955,#1956));
#4791=EDGE_LOOP('',(#1957,#1958,#1959,#1960));
#4792=EDGE_LOOP('',(#1961,#1962,#1963,#1964));
#4793=EDGE_LOOP('',(#1965,#1966,#1967,#1968));
#4794=EDGE_LOOP('',(#1969,#1970,#1971,#1972));
#4795=EDGE_LOOP('',(#1973,#1974,#1975,#1976));
#4796=EDGE_LOOP('',(#1977,#1978,#1979,#1980));
#4797=EDGE_LOOP('',(#1981,#1982,#1983,#1984));
#4798=EDGE_LOOP('',(#1985,#1986,#1987,#1988));
#4799=EDGE_LOOP('',(#1989,#1990,#1991,#1992));
#4800=EDGE_LOOP('',(#1993,#1994,#1995,#1996));
#4801=EDGE_LOOP('',(#1997,#1998,#1999,#2000));
#4802=EDGE_LOOP('',(#2001,#2002,#2003,#2004));
#4803=EDGE_LOOP('',(#2005,#2006,#2007,#2008));
#4804=EDGE_LOOP('',(#2009,#2010,#2011,#2012));
#4805=EDGE_LOOP('',(#2013,#2014,#2015,#2016));
#4806=EDGE_LOOP('',(#2017,#2018,#2019,#2020));
#4807=EDGE_LOOP('',(#2021,#2022,#2023,#2024));
#4808=EDGE_LOOP('',(#2025,#2026,#2027,#2028));
#4809=EDGE_LOOP('',(#2029,#2030,#2031,#2032));
#4810=EDGE_LOOP('',(#2033,#2034,#2035,#2036));
#4811=EDGE_LOOP('',(#2037,#2038,#2039,#2040));
#4812=EDGE_LOOP('',(#2041,#2042,#2043,#2044));
#4813=EDGE_LOOP('',(#2045,#2046,#2047,#2048));
#4814=EDGE_LOOP('',(#2049,#2050,#2051,#2052));
#4815=EDGE_LOOP('',(#2053,#2054,#2055,#2056));
#4816=EDGE_LOOP('',(#2057,#2058,#2059,#2060));
#4817=EDGE_LOOP('',(#2061,#2062,#2063,#2064));
#4818=EDGE_LOOP('',(#2065,#2066,#2067,#2068));
#4819=EDGE_LOOP('',(#2069,#2070,#2071,#2072));
#4820=EDGE_LOOP('',(#2073,#2074,#2075,#2076));
#4821=EDGE_LOOP('',(#2077,#2078,#2079,#2080));
#4822=EDGE_LOOP('',(#2081,#2082,#2083,#2084));
#4823=EDGE_LOOP('',(#2085,#2086,#2087,#2088));
#4824=EDGE_LOOP('',(#2089,#2090,#2091,#2092));
#4825=EDGE_LOOP('',(#2093,#2094,#2095,#2096));
#4826=EDGE_LOOP('',(#2097,#2098,#2099,#2100));
#4827=EDGE_LOOP('',(#2101,#2102,#2103,#2104));
#4828=EDGE_LOOP('',(#2105,#2106,#2107,#2108));
#4829=EDGE_LOOP('',(#2109,#2110,#2111,#2112));
#4830=EDGE_LOOP('',(#2113,#2114,#2115,#2116));
#4831=EDGE_LOOP('',(#2117,#2118,#2119,#2120));
#4832=EDGE_LOOP('',(#2121,#2122,#2123,#2124));
#4833=EDGE_LOOP('',(#2125));
#4834=EDGE_LOOP('',(#2126));
#4835=FACE_BOUND('',#4519,.T.);
#4836=FACE_BOUND('',#4520,.T.);
#4837=FACE_BOUND('',#4521,.T.);
#4838=FACE_BOUND('',#4522,.T.);
#4839=FACE_BOUND('',#4523,.T.);
#4840=FACE_BOUND('',#4524,.T.);
#4841=FACE_BOUND('',#4525,.T.);
#4842=FACE_BOUND('',#4526,.T.);
#4843=FACE_BOUND('',#4527,.T.);
#4844=FACE_BOUND('',#4528,.T.);
#4845=FACE_BOUND('',#4529,.T.);
#4846=FACE_BOUND('',#4530,.T.);
#4847=FACE_BOUND('',#4531,.T.);
#4848=FACE_BOUND('',#4532,.T.);
#4849=FACE_BOUND('',#4533,.T.);
#4850=FACE_BOUND('',#4534,.T.);
#4851=FACE_BOUND('',#4535,.T.);
#4852=FACE_BOUND('',#4536,.T.);
#4853=FACE_BOUND('',#4537,.T.);
#4854=FACE_BOUND('',#4538,.T.);
#4855=FACE_BOUND('',#4539,.T.);
#4856=FACE_BOUND('',#4540,.T.);
#4857=FACE_BOUND('',#4541,.T.);
#4858=FACE_BOUND('',#4542,.T.);
#4859=FACE_BOUND('',#4543,.T.);
#4860=FACE_BOUND('',#4544,.T.);
#4861=FACE_BOUND('',#4545,.T.);
#4862=FACE_BOUND('',#4546,.T.);
#4863=FACE_BOUND('',#4547,.T.);
#4864=FACE_BOUND('',#4548,.T.);
#4865=FACE_BOUND('',#4549,.T.);
#4866=FACE_BOUND('',#4550,.T.);
#4867=FACE_BOUND('',#4551,.T.);
#4868=FACE_BOUND('',#4552,.T.);
#4869=FACE_BOUND('',#4553,.T.);
#4870=FACE_BOUND('',#4554,.T.);
#4871=FACE_BOUND('',#4555,.T.);
#4872=FACE_BOUND('',#4556,.T.);
#4873=FACE_BOUND('',#4557,.T.);
#4874=FACE_BOUND('',#4558,.T.);
#4875=FACE_BOUND('',#4559,.T.);
#4876=FACE_BOUND('',#4560,.T.);
#4877=FACE_BOUND('',#4561,.T.);
#4878=FACE_BOUND('',#4562,.T.);
#4879=FACE_BOUND('',#4563,.T.);
#4880=FACE_BOUND('',#4564,.T.);
#4881=FACE_BOUND('',#4565,.T.);
#4882=FACE_BOUND('',#4566,.T.);
#4883=FACE_BOUND('',#4567,.T.);
#4884=FACE_BOUND('',#4568,.T.);
#4885=FACE_BOUND('',#4569,.T.);
#4886=FACE_BOUND('',#4570,.T.);
#4887=FACE_BOUND('',#4571,.T.);
#4888=FACE_BOUND('',#4572,.T.);
#4889=FACE_BOUND('',#4573,.T.);
#4890=FACE_BOUND('',#4574,.T.);
#4891=FACE_BOUND('',#4575,.T.);
#4892=FACE_BOUND('',#4576,.T.);
#4893=FACE_BOUND('',#4577,.T.);
#4894=FACE_BOUND('',#4578,.T.);
#4895=FACE_BOUND('',#4579,.T.);
#4896=FACE_BOUND('',#4580,.T.);
#4897=FACE_BOUND('',#4581,.T.);
#4898=FACE_BOUND('',#4582,.T.);
#4899=FACE_BOUND('',#4583,.T.);
#4900=FACE_BOUND('',#4584,.T.);
#4901=FACE_BOUND('',#4585,.T.);
#4902=FACE_BOUND('',#4586,.T.);
#4903=FACE_BOUND('',#4587,.T.);
#4904=FACE_BOUND('',#4588,.T.);
#4905=FACE_BOUND('',#4589,.T.);
#4906=FACE_BOUND('',#4590,.T.);
#4907=FACE_BOUND('',#4591,.T.);
#4908=FACE_BOUND('',#4592,.T.);
#4909=FACE_BOUND('',#4593,.T.);
#4910=FACE_BOUND('',#4594,.T.);
#4911=FACE_BOUND('',#4595,.T.);
#4912=FACE_BOUND('',#4596,.T.);
#4913=FACE_BOUND('',#4597,.T.);
#4914=FACE_BOUND('',#4598,.T.);
#4915=FACE_BOUND('',#4599,.T.);
#4916=FACE_BOUND('',#4600,.T.);
#4917=FACE_BOUND('',#4601,.T.);
#4918=FACE_BOUND('',#4602,.T.);
#4919=FACE_BOUND('',#4603,.T.);
#4920=FACE_BOUND('',#4604,.T.);
#4921=FACE_BOUND('',#4605,.T.);
#4922=FACE_BOUND('',#4606,.T.);
#4923=FACE_BOUND('',#4607,.T.);
#4924=FACE_BOUND('',#4608,.T.);
#4925=FACE_BOUND('',#4609,.T.);
#4926=FACE_BOUND('',#4610,.T.);
#4927=FACE_BOUND('',#4611,.T.);
#4928=FACE_BOUND('',#4612,.T.);
#4929=FACE_BOUND('',#4613,.T.);
#4930=FACE_BOUND('',#4614,.T.);
#4931=FACE_BOUND('',#4615,.T.);
#4932=FACE_BOUND('',#4616,.T.);
#4933=FACE_BOUND('',#4617,.T.);
#4934=FACE_BOUND('',#4618,.T.);
#4935=FACE_BOUND('',#4619,.T.);
#4936=FACE_BOUND('',#4620,.T.);
#4937=FACE_BOUND('',#4621,.T.);
#4938=FACE_BOUND('',#4622,.T.);
#4939=FACE_BOUND('',#4623,.T.);
#4940=FACE_BOUND('',#4624,.T.);
#4941=FACE_BOUND('',#4625,.T.);
#4942=FACE_BOUND('',#4626,.T.);
#4943=FACE_BOUND('',#4627,.T.);
#4944=FACE_BOUND('',#4628,.T.);
#4945=FACE_BOUND('',#4629,.T.);
#4946=FACE_BOUND('',#4630,.T.);
#4947=FACE_BOUND('',#4631,.T.);
#4948=FACE_BOUND('',#4632,.T.);
#4949=FACE_BOUND('',#4633,.T.);
#4950=FACE_BOUND('',#4634,.T.);
#4951=FACE_BOUND('',#4635,.T.);
#4952=FACE_BOUND('',#4636,.T.);
#4953=FACE_BOUND('',#4637,.T.);
#4954=FACE_BOUND('',#4638,.T.);
#4955=FACE_BOUND('',#4639,.T.);
#4956=FACE_BOUND('',#4640,.T.);
#4957=FACE_BOUND('',#4641,.T.);
#4958=FACE_BOUND('',#4642,.T.);
#4959=FACE_BOUND('',#4643,.T.);
#4960=FACE_BOUND('',#4644,.T.);
#4961=FACE_BOUND('',#4645,.T.);
#4962=FACE_BOUND('',#4646,.T.);
#4963=FACE_BOUND('',#4647,.T.);
#4964=FACE_BOUND('',#4648,.T.);
#4965=FACE_BOUND('',#4649,.T.);
#4966=FACE_BOUND('',#4650,.T.);
#4967=FACE_BOUND('',#4651,.T.);
#4968=FACE_BOUND('',#4652,.T.);
#4969=FACE_BOUND('',#4653,.T.);
#4970=FACE_BOUND('',#4654,.T.);
#4971=FACE_BOUND('',#4655,.T.);
#4972=FACE_BOUND('',#4656,.T.);
#4973=FACE_BOUND('',#4657,.T.);
#4974=FACE_BOUND('',#4658,.T.);
#4975=FACE_BOUND('',#4659,.T.);
#4976=FACE_BOUND('',#4660,.T.);
#4977=FACE_BOUND('',#4661,.T.);
#4978=FACE_BOUND('',#4662,.T.);
#4979=FACE_BOUND('',#4663,.T.);
#4980=FACE_BOUND('',#4664,.T.);
#4981=FACE_BOUND('',#4665,.T.);
#4982=FACE_BOUND('',#4666,.T.);
#4983=FACE_BOUND('',#4667,.T.);
#4984=FACE_BOUND('',#4668,.T.);
#4985=FACE_BOUND('',#4669,.T.);
#4986=FACE_BOUND('',#4670,.T.);
#4987=FACE_BOUND('',#4671,.T.);
#4988=FACE_BOUND('',#4672,.T.);
#4989=FACE_BOUND('',#4673,.T.);
#4990=FACE_BOUND('',#4674,.T.);
#4991=FACE_BOUND('',#4675,.T.);
#4992=FACE_BOUND('',#4676,.T.);
#4993=FACE_BOUND('',#4677,.T.);
#4994=FACE_BOUND('',#4678,.T.);
#4995=FACE_BOUND('',#4679,.T.);
#4996=FACE_BOUND('',#4680,.T.);
#4997=FACE_BOUND('',#4681,.T.);
#4998=FACE_BOUND('',#4682,.T.);
#4999=FACE_BOUND('',#4683,.T.);
#5000=FACE_BOUND('',#4684,.T.);
#5001=FACE_BOUND('',#4685,.T.);
#5002=FACE_BOUND('',#4686,.T.);
#5003=FACE_BOUND('',#4687,.T.);
#5004=FACE_BOUND('',#4688,.T.);
#5005=FACE_BOUND('',#4689,.T.);
#5006=FACE_BOUND('',#4690,.T.);
#5007=FACE_BOUND('',#4691,.T.);
#5008=FACE_BOUND('',#4692,.T.);
#5009=FACE_BOUND('',#4693,.T.);
#5010=FACE_BOUND('',#4694,.T.);
#5011=FACE_BOUND('',#4695,.T.);
#5012=FACE_BOUND('',#4696,.T.);
#5013=FACE_BOUND('',#4697,.T.);
#5014=FACE_BOUND('',#4698,.T.);
#5015=FACE_BOUND('',#4699,.T.);
#5016=FACE_BOUND('',#4700,.T.);
#5017=FACE_BOUND('',#4701,.T.);
#5018=FACE_BOUND('',#4702,.T.);
#5019=FACE_BOUND('',#4703,.T.);
#5020=FACE_BOUND('',#4704,.T.);
#5021=FACE_BOUND('',#4705,.T.);
#5022=FACE_BOUND('',#4706,.T.);
#5023=FACE_BOUND('',#4707,.T.);
#5024=FACE_BOUND('',#4708,.T.);
#5025=FACE_BOUND('',#4709,.T.);
#5026=FACE_BOUND('',#4710,.T.);
#5027=FACE_BOUND('',#4711,.T.);
#5028=FACE_BOUND('',#4712,.T.);
#5029=FACE_BOUND('',#4713,.T.);
#5030=FACE_BOUND('',#4714,.T.);
#5031=FACE_BOUND('',#4715,.T.);
#5032=FACE_BOUND('',#4716,.T.);
#5033=FACE_BOUND('',#4717,.T.);
#5034=FACE_BOUND('',#4718,.T.);
#5035=FACE_BOUND('',#4719,.T.);
#5036=FACE_BOUND('',#4720,.T.);
#5037=FACE_BOUND('',#4721,.T.);
#5038=FACE_BOUND('',#4722,.T.);
#5039=FACE_BOUND('',#4723,.T.);
#5040=FACE_BOUND('',#4724,.T.);
#5041=FACE_BOUND('',#4725,.T.);
#5042=FACE_BOUND('',#4726,.T.);
#5043=FACE_BOUND('',#4727,.T.);
#5044=FACE_BOUND('',#4728,.T.);
#5045=FACE_BOUND('',#4729,.T.);
#5046=FACE_BOUND('',#4730,.T.);
#5047=FACE_BOUND('',#4731,.T.);
#5048=FACE_BOUND('',#4732,.T.);
#5049=FACE_BOUND('',#4733,.T.);
#5050=FACE_BOUND('',#4734,.T.);
#5051=FACE_BOUND('',#4735,.T.);
#5052=FACE_BOUND('',#4736,.T.);
#5053=FACE_BOUND('',#4737,.T.);
#5054=FACE_BOUND('',#4738,.T.);
#5055=FACE_BOUND('',#4739,.T.);
#5056=FACE_BOUND('',#4740,.T.);
#5057=FACE_BOUND('',#4741,.T.);
#5058=FACE_BOUND('',#4742,.T.);
#5059=FACE_BOUND('',#4743,.T.);
#5060=FACE_BOUND('',#4744,.T.);
#5061=FACE_BOUND('',#4745,.T.);
#5062=FACE_BOUND('',#4746,.T.);
#5063=FACE_BOUND('',#4747,.T.);
#5064=FACE_BOUND('',#4748,.T.);
#5065=FACE_BOUND('',#4749,.T.);
#5066=FACE_BOUND('',#4750,.T.);
#5067=FACE_BOUND('',#4751,.T.);
#5068=FACE_BOUND('',#4752,.T.);
#5069=FACE_BOUND('',#4753,.T.);
#5070=FACE_BOUND('',#4754,.T.);
#5071=FACE_BOUND('',#4755,.T.);
#5072=FACE_BOUND('',#4756,.T.);
#5073=FACE_BOUND('',#4757,.T.);
#5074=FACE_BOUND('',#4758,.T.);
#5075=FACE_BOUND('',#4759,.T.);
#5076=FACE_BOUND('',#4760,.T.);
#5077=FACE_BOUND('',#4761,.T.);
#5078=FACE_BOUND('',#4762,.T.);
#5079=FACE_BOUND('',#4763,.T.);
#5080=FACE_BOUND('',#4764,.T.);
#5081=FACE_BOUND('',#4765,.T.);
#5082=FACE_BOUND('',#4766,.T.);
#5083=FACE_BOUND('',#4767,.T.);
#5084=FACE_BOUND('',#4768,.T.);
#5085=FACE_BOUND('',#4769,.T.);
#5086=FACE_BOUND('',#4770,.T.);
#5087=FACE_BOUND('',#4771,.T.);
#5088=FACE_BOUND('',#4772,.T.);
#5089=FACE_BOUND('',#4773,.T.);
#5090=FACE_BOUND('',#4774,.T.);
#5091=FACE_BOUND('',#4775,.T.);
#5092=FACE_BOUND('',#4776,.T.);
#5093=FACE_BOUND('',#4777,.T.);
#5094=FACE_BOUND('',#4778,.T.);
#5095=FACE_BOUND('',#4779,.T.);
#5096=FACE_BOUND('',#4780,.T.);
#5097=FACE_BOUND('',#4781,.T.);
#5098=FACE_BOUND('',#4782,.T.);
#5099=FACE_BOUND('',#4783,.T.);
#5100=FACE_BOUND('',#4784,.T.);
#5101=FACE_BOUND('',#4785,.T.);
#5102=FACE_BOUND('',#4786,.T.);
#5103=FACE_BOUND('',#4787,.T.);
#5104=FACE_BOUND('',#4788,.T.);
#5105=FACE_BOUND('',#4789,.T.);
#5106=FACE_BOUND('',#4790,.T.);
#5107=FACE_BOUND('',#4791,.T.);
#5108=FACE_BOUND('',#4792,.T.);
#5109=FACE_BOUND('',#4793,.T.);
#5110=FACE_BOUND('',#4794,.T.);
#5111=FACE_BOUND('',#4795,.T.);
#5112=FACE_BOUND('',#4796,.T.);
#5113=FACE_BOUND('',#4797,.T.);
#5114=FACE_BOUND('',#4798,.T.);
#5115=FACE_BOUND('',#4799,.T.);
#5116=FACE_BOUND('',#4800,.T.);
#5117=FACE_BOUND('',#4801,.T.);
#5118=FACE_BOUND('',#4802,.T.);
#5119=FACE_BOUND('',#4803,.T.);
#5120=FACE_BOUND('',#4804,.T.);
#5121=FACE_BOUND('',#4805,.T.);
#5122=FACE_BOUND('',#4806,.T.);
#5123=FACE_BOUND('',#4807,.T.);
#5124=FACE_BOUND('',#4808,.T.);
#5125=FACE_BOUND('',#4809,.T.);
#5126=FACE_BOUND('',#4810,.T.);
#5127=FACE_BOUND('',#4811,.T.);
#5128=FACE_BOUND('',#4812,.T.);
#5129=FACE_BOUND('',#4813,.T.);
#5130=FACE_BOUND('',#4814,.T.);
#5131=FACE_BOUND('',#4815,.T.);
#5132=FACE_BOUND('',#4816,.T.);
#5133=FACE_BOUND('',#4817,.T.);
#5134=FACE_BOUND('',#4818,.T.);
#5135=FACE_BOUND('',#4819,.T.);
#5136=FACE_BOUND('',#4820,.T.);
#5137=FACE_BOUND('',#4821,.T.);
#5138=FACE_BOUND('',#4822,.T.);
#5139=FACE_BOUND('',#4823,.T.);
#5140=FACE_BOUND('',#4824,.T.);
#5141=FACE_BOUND('',#4825,.T.);
#5142=FACE_BOUND('',#4826,.T.);
#5143=FACE_BOUND('',#4827,.T.);
#5144=FACE_BOUND('',#4828,.T.);
#5145=FACE_BOUND('',#4829,.T.);
#5146=FACE_BOUND('',#4830,.T.);
#5147=FACE_BOUND('',#4831,.T.);
#5148=FACE_BOUND('',#4832,.T.);
#5149=FACE_BOUND('',#4833,.T.);
#5150=FACE_BOUND('',#4834,.T.);
#5151=PLANE('',#5667);
#5152=PLANE('',#5668);
#5153=PLANE('',#5669);
#5154=PLANE('',#5670);
#5155=PLANE('',#5671);
#5156=PLANE('',#5672);
#5157=PLANE('',#5673);
#5158=PLANE('',#5674);
#5159=PLANE('',#5675);
#5160=PLANE('',#5676);
#5161=PLANE('',#5678);
#5162=PLANE('',#5679);
#5163=PLANE('',#5680);
#5164=PLANE('',#5681);
#5165=PLANE('',#5682);
#5166=PLANE('',#5683);
#5167=PLANE('',#5684);
#5168=PLANE('',#5686);
#5169=PLANE('',#5687);
#5170=PLANE('',#5688);
#5171=PLANE('',#5689);
#5172=PLANE('',#5690);
#5173=PLANE('',#5691);
#5174=PLANE('',#5692);
#5175=PLANE('',#5693);
#5176=PLANE('',#5694);
#5177=PLANE('',#5695);
#5178=PLANE('',#5697);
#5179=PLANE('',#5698);
#5180=PLANE('',#5699);
#5181=PLANE('',#5700);
#5182=PLANE('',#5701);
#5183=PLANE('',#5702);
#5184=PLANE('',#5703);
#5185=PLANE('',#5704);
#5186=PLANE('',#5705);
#5187=PLANE('',#5706);
#5188=PLANE('',#5708);
#5189=PLANE('',#5709);
#5190=PLANE('',#5710);
#5191=PLANE('',#5711);
#5192=PLANE('',#5712);
#5193=PLANE('',#5713);
#5194=PLANE('',#5714);
#5195=PLANE('',#5715);
#5196=PLANE('',#5716);
#5197=PLANE('',#5717);
#5198=PLANE('',#5719);
#5199=PLANE('',#5793);
#5200=PLANE('',#5794);
#5201=PLANE('',#5795);
#5202=PLANE('',#5796);
#5203=PLANE('',#5797);
#5204=PLANE('',#5798);
#5205=PLANE('',#5799);
#5206=PLANE('',#5800);
#5207=PLANE('',#5801);
#5208=PLANE('',#5802);
#5209=PLANE('',#5803);
#5210=PLANE('',#5804);
#5211=PLANE('',#5805);
#5212=PLANE('',#5806);
#5213=PLANE('',#5807);
#5214=PLANE('',#5826);
#5215=PLANE('',#5845);
#5216=PLANE('',#5846);
#5217=PLANE('',#5847);
#5218=PLANE('',#5848);
#5219=PLANE('',#5849);
#5220=PLANE('',#5850);
#5221=PLANE('',#5851);
#5222=PLANE('',#5852);
#5223=PLANE('',#5853);
#5224=PLANE('',#5854);
#5225=PLANE('',#5855);
#5226=PLANE('',#5856);
#5227=PLANE('',#5857);
#5228=PLANE('',#5858);
#5229=PLANE('',#5859);
#5230=PLANE('',#5860);
#5231=PLANE('',#5861);
#5232=PLANE('',#5862);
#5233=PLANE('',#5863);
#5234=PLANE('',#5864);
#5235=PLANE('',#5865);
#5236=PLANE('',#5866);
#5237=PLANE('',#5867);
#5238=PLANE('',#5868);
#5239=PLANE('',#5869);
#5240=PLANE('',#5870);
#5241=PLANE('',#5871);
#5242=PLANE('',#5872);
#5243=PLANE('',#5899);
#5244=PLANE('',#5908);
#5245=PLANE('',#5927);
#5246=PLANE('',#5928);
#5247=PLANE('',#5957);
#5248=PLANE('',#5986);
#5249=PLANE('',#5989);
#5250=PLANE('',#5990);
#5251=PLANE('',#5992);
#5252=PLANE('',#6066);
#5253=PLANE('',#6140);
#5254=PLANE('',#6141);
#5255=PLANE('',#6142);
#5256=PLANE('',#6143);
#5257=PLANE('',#6144);
#5258=PLANE('',#6145);
#5259=PLANE('',#6146);
#5260=PLANE('',#6147);
#5261=PLANE('',#6148);
#5262=PLANE('',#6163);
#5263=PLANE('',#6178);
#5264=PLANE('',#6179);
#5265=PLANE('',#6180);
#5266=PLANE('',#6181);
#5267=PLANE('',#6182);
#5268=PLANE('',#6183);
#5269=PLANE('',#6193);
#5270=PLANE('',#6203);
#5271=PLANE('',#6204);
#5272=PLANE('',#6205);
#5273=PLANE('',#6206);
#5274=PLANE('',#6207);
#5275=PLANE('',#6208);
#5276=PLANE('',#6209);
#5277=PLANE('',#6210);
#5278=PLANE('',#6211);
#5279=PLANE('',#6225);
#5280=PLANE('',#6230);
#5281=PLANE('',#6240);
#5282=PLANE('',#6241);
#5283=PLANE('',#6242);
#5284=PLANE('',#6243);
#5285=PLANE('',#6244);
#5286=PLANE('',#6245);
#5287=PLANE('',#6246);
#5288=PLANE('',#6247);
#5289=PLANE('',#6248);
#5290=PLANE('',#6249);
#5291=PLANE('',#6250);
#5292=ADVANCED_FACE('',(#4835),#5151,.F.);
#5293=ADVANCED_FACE('',(#4836),#5152,.F.);
#5294=ADVANCED_FACE('',(#4837),#5153,.F.);
#5295=ADVANCED_FACE('',(#4838),#5154,.F.);
#5296=ADVANCED_FACE('',(#4839),#5155,.T.);
#5297=ADVANCED_FACE('',(#4840),#5156,.T.);
#5298=ADVANCED_FACE('',(#4841),#5157,.T.);
#5299=ADVANCED_FACE('',(#4842),#5158,.F.);
#5300=ADVANCED_FACE('',(#4843),#5159,.T.);
#5301=ADVANCED_FACE('',(#4844),#5160,.F.);
#5302=ADVANCED_FACE('',(#4845),#5161,.F.);
#5303=ADVANCED_FACE('',(#4846),#5162,.T.);
#5304=ADVANCED_FACE('',(#4847),#5163,.T.);
#5305=ADVANCED_FACE('',(#4848),#5164,.T.);
#5306=ADVANCED_FACE('',(#4849),#5165,.T.);
#5307=ADVANCED_FACE('',(#4850),#5166,.T.);
#5308=ADVANCED_FACE('',(#4851),#5167,.T.);
#5309=ADVANCED_FACE('',(#4852),#5168,.T.);
#5310=ADVANCED_FACE('',(#4853),#5169,.F.);
#5311=ADVANCED_FACE('',(#4854),#5170,.F.);
#5312=ADVANCED_FACE('',(#4855),#5171,.F.);
#5313=ADVANCED_FACE('',(#4856),#5172,.F.);
#5314=ADVANCED_FACE('',(#4857),#5173,.F.);
#5315=ADVANCED_FACE('',(#4858),#5174,.T.);
#5316=ADVANCED_FACE('',(#4859),#5175,.T.);
#5317=ADVANCED_FACE('',(#4860),#5176,.T.);
#5318=ADVANCED_FACE('',(#4861),#5177,.F.);
#5319=ADVANCED_FACE('',(#4862),#5178,.T.);
#5320=ADVANCED_FACE('',(#4863),#5179,.F.);
#5321=ADVANCED_FACE('',(#4864),#5180,.F.);
#5322=ADVANCED_FACE('',(#4865),#5181,.F.);
#5323=ADVANCED_FACE('',(#4866),#5182,.F.);
#5324=ADVANCED_FACE('',(#4867),#5183,.F.);
#5325=ADVANCED_FACE('',(#4868),#5184,.F.);
#5326=ADVANCED_FACE('',(#4869),#5185,.T.);
#5327=ADVANCED_FACE('',(#4870),#5186,.T.);
#5328=ADVANCED_FACE('',(#4871),#5187,.F.);
#5329=ADVANCED_FACE('',(#4872),#5188,.T.);
#5330=ADVANCED_FACE('',(#4873),#5189,.F.);
#5331=ADVANCED_FACE('',(#4874),#5190,.F.);
#5332=ADVANCED_FACE('',(#4875),#5191,.F.);
#5333=ADVANCED_FACE('',(#4876),#5192,.F.);
#5334=ADVANCED_FACE('',(#4877),#5193,.F.);
#5335=ADVANCED_FACE('',(#4878),#5194,.F.);
#5336=ADVANCED_FACE('',(#4879),#5195,.T.);
#5337=ADVANCED_FACE('',(#4880),#5196,.T.);
#5338=ADVANCED_FACE('',(#4881),#5197,.F.);
#5339=ADVANCED_FACE('',(#4882,#4883,#4884,#4885,#4886,#4887,#4888),#5198,.T.);
#5340=ADVANCED_FACE('',(#4889),#5199,.F.);
#5341=ADVANCED_FACE('',(#4890),#5200,.F.);
#5342=ADVANCED_FACE('',(#4891),#5201,.F.);
#5343=ADVANCED_FACE('',(#4892),#5202,.F.);
#5344=ADVANCED_FACE('',(#4893),#5203,.F.);
#5345=ADVANCED_FACE('',(#4894),#5204,.F.);
#5346=ADVANCED_FACE('',(#4895),#5205,.F.);
#5347=ADVANCED_FACE('',(#4896),#5206,.F.);
#5348=ADVANCED_FACE('',(#4897),#5207,.F.);
#5349=ADVANCED_FACE('',(#4898),#5208,.F.);
#5350=ADVANCED_FACE('',(#4899),#5209,.F.);
#5351=ADVANCED_FACE('',(#4900),#5210,.F.);
#5352=ADVANCED_FACE('',(#4901),#5211,.F.);
#5353=ADVANCED_FACE('',(#4902),#5212,.F.);
#5354=ADVANCED_FACE('',(#4903),#5213,.F.);
#5355=ADVANCED_FACE('',(#4904),#18,.T.);
#5356=ADVANCED_FACE('',(#4905),#19,.T.);
#5357=ADVANCED_FACE('',(#4906),#20,.T.);
#5358=ADVANCED_FACE('',(#4907),#21,.T.);
#5359=ADVANCED_FACE('',(#4908),#22,.T.);
#5360=ADVANCED_FACE('',(#4909),#23,.T.);
#5361=ADVANCED_FACE('',(#4910),#24,.T.);
#5362=ADVANCED_FACE('',(#4911),#25,.T.);
#5363=ADVANCED_FACE('',(#4912),#26,.T.);
#5364=ADVANCED_FACE('',(#4913),#5214,.F.);
#5365=ADVANCED_FACE('',(#4914),#27,.F.);
#5366=ADVANCED_FACE('',(#4915),#28,.F.);
#5367=ADVANCED_FACE('',(#4916),#29,.F.);
#5368=ADVANCED_FACE('',(#4917),#30,.F.);
#5369=ADVANCED_FACE('',(#4918),#31,.F.);
#5370=ADVANCED_FACE('',(#4919),#32,.F.);
#5371=ADVANCED_FACE('',(#4920),#33,.F.);
#5372=ADVANCED_FACE('',(#4921),#34,.F.);
#5373=ADVANCED_FACE('',(#4922),#35,.F.);
#5374=ADVANCED_FACE('',(#4923),#5215,.F.);
#5375=ADVANCED_FACE('',(#4924),#5216,.T.);
#5376=ADVANCED_FACE('',(#4925),#5217,.F.);
#5377=ADVANCED_FACE('',(#4926),#5218,.F.);
#5378=ADVANCED_FACE('',(#4927),#5219,.F.);
#5379=ADVANCED_FACE('',(#4928),#5220,.F.);
#5380=ADVANCED_FACE('',(#4929),#5221,.F.);
#5381=ADVANCED_FACE('',(#4930),#5222,.F.);
#5382=ADVANCED_FACE('',(#4931),#5223,.F.);
#5383=ADVANCED_FACE('',(#4932),#5224,.F.);
#5384=ADVANCED_FACE('',(#4933),#5225,.T.);
#5385=ADVANCED_FACE('',(#4934),#5226,.F.);
#5386=ADVANCED_FACE('',(#4935),#5227,.F.);
#5387=ADVANCED_FACE('',(#4936),#5228,.F.);
#5388=ADVANCED_FACE('',(#4937),#5229,.F.);
#5389=ADVANCED_FACE('',(#4938),#5230,.F.);
#5390=ADVANCED_FACE('',(#4939),#5231,.F.);
#5391=ADVANCED_FACE('',(#4940),#5232,.F.);
#5392=ADVANCED_FACE('',(#4941),#5233,.F.);
#5393=ADVANCED_FACE('',(#4942),#5234,.F.);
#5394=ADVANCED_FACE('',(#4943),#5235,.F.);
#5395=ADVANCED_FACE('',(#4944),#5236,.F.);
#5396=ADVANCED_FACE('',(#4945),#5237,.F.);
#5397=ADVANCED_FACE('',(#4946),#5238,.F.);
#5398=ADVANCED_FACE('',(#4947),#5239,.F.);
#5399=ADVANCED_FACE('',(#4948),#5240,.F.);
#5400=ADVANCED_FACE('',(#4949),#5241,.F.);
#5401=ADVANCED_FACE('',(#4950,#4951),#5242,.T.);
#5402=ADVANCED_FACE('',(#4952),#36,.T.);
#5403=ADVANCED_FACE('',(#4953),#37,.T.);
#5404=ADVANCED_FACE('',(#4954),#38,.T.);
#5405=ADVANCED_FACE('',(#4955),#39,.T.);
#5406=ADVANCED_FACE('',(#4956),#40,.T.);
#5407=ADVANCED_FACE('',(#4957),#41,.T.);
#5408=ADVANCED_FACE('',(#4958),#42,.T.);
#5409=ADVANCED_FACE('',(#4959),#43,.T.);
#5410=ADVANCED_FACE('',(#4960),#10,.F.);
#5411=ADVANCED_FACE('',(#4961),#44,.F.);
#5412=ADVANCED_FACE('',(#4962),#45,.F.);
#5413=ADVANCED_FACE('',(#4963),#46,.F.);
#5414=ADVANCED_FACE('',(#4964),#47,.F.);
#5415=ADVANCED_FACE('',(#4965),#48,.F.);
#5416=ADVANCED_FACE('',(#4966),#11,.F.);
#5417=ADVANCED_FACE('',(#4967),#12,.F.);
#5418=ADVANCED_FACE('',(#4968),#5243,.F.);
#5419=ADVANCED_FACE('',(#4969),#49,.T.);
#5420=ADVANCED_FACE('',(#4970),#50,.T.);
#5421=ADVANCED_FACE('',(#4971),#51,.T.);
#5422=ADVANCED_FACE('',(#4972),#52,.T.);
#5423=ADVANCED_FACE('',(#4973),#5244,.F.);
#5424=ADVANCED_FACE('',(#4974),#53,.T.);
#5425=ADVANCED_FACE('',(#4975),#54,.T.);
#5426=ADVANCED_FACE('',(#4976),#55,.T.);
#5427=ADVANCED_FACE('',(#4977),#56,.T.);
#5428=ADVANCED_FACE('',(#4978),#57,.T.);
#5429=ADVANCED_FACE('',(#4979),#13,.F.);
#5430=ADVANCED_FACE('',(#4980),#58,.T.);
#5431=ADVANCED_FACE('',(#4981),#59,.T.);
#5432=ADVANCED_FACE('',(#4982),#60,.T.);
#5433=ADVANCED_FACE('',(#4983),#61,.T.);
#5434=ADVANCED_FACE('',(#4984),#5245,.T.);
#5435=ADVANCED_FACE('',(#4985),#5246,.F.);
#5436=ADVANCED_FACE('',(#4986),#62,.T.);
#5437=ADVANCED_FACE('',(#4987),#63,.T.);
#5438=ADVANCED_FACE('',(#4988),#64,.T.);
#5439=ADVANCED_FACE('',(#4989),#65,.T.);
#5440=ADVANCED_FACE('',(#4990),#66,.T.);
#5441=ADVANCED_FACE('',(#4991),#67,.T.);
#5442=ADVANCED_FACE('',(#4992),#68,.T.);
#5443=ADVANCED_FACE('',(#4993),#69,.T.);
#5444=ADVANCED_FACE('',(#4994),#70,.T.);
#5445=ADVANCED_FACE('',(#4995),#71,.T.);
#5446=ADVANCED_FACE('',(#4996),#72,.T.);
#5447=ADVANCED_FACE('',(#4997),#73,.T.);
#5448=ADVANCED_FACE('',(#4998),#74,.T.);
#5449=ADVANCED_FACE('',(#4999),#75,.T.);
#5450=ADVANCED_FACE('',(#5000),#5247,.F.);
#5451=ADVANCED_FACE('',(#5001),#76,.F.);
#5452=ADVANCED_FACE('',(#5002),#77,.F.);
#5453=ADVANCED_FACE('',(#5003),#78,.F.);
#5454=ADVANCED_FACE('',(#5004),#79,.F.);
#5455=ADVANCED_FACE('',(#5005),#80,.F.);
#5456=ADVANCED_FACE('',(#5006),#81,.F.);
#5457=ADVANCED_FACE('',(#5007),#82,.F.);
#5458=ADVANCED_FACE('',(#5008),#83,.F.);
#5459=ADVANCED_FACE('',(#5009),#84,.F.);
#5460=ADVANCED_FACE('',(#5010),#85,.F.);
#5461=ADVANCED_FACE('',(#5011),#86,.F.);
#5462=ADVANCED_FACE('',(#5012),#87,.F.);
#5463=ADVANCED_FACE('',(#5013),#88,.F.);
#5464=ADVANCED_FACE('',(#5014),#89,.F.);
#5465=ADVANCED_FACE('',(#5015),#5248,.T.);
#5466=ADVANCED_FACE('',(#5016,#5017),#90,.T.);
#5467=ADVANCED_FACE('',(#5018),#5249,.T.);
#5468=ADVANCED_FACE('',(#5019),#5250,.T.);
#5469=ADVANCED_FACE('',(#5020,#5021,#5022,#5023,#5024,#5025,#5026),#5251,.T.);
#5470=ADVANCED_FACE('',(#5027,#5028,#5029,#5030,#5031,#5032,#5033),#5252,.F.);
#5471=ADVANCED_FACE('',(#5034),#5253,.F.);
#5472=ADVANCED_FACE('',(#5035),#5254,.F.);
#5473=ADVANCED_FACE('',(#5036),#5255,.F.);
#5474=ADVANCED_FACE('',(#5037),#5256,.F.);
#5475=ADVANCED_FACE('',(#5038),#5257,.F.);
#5476=ADVANCED_FACE('',(#5039),#5258,.F.);
#5477=ADVANCED_FACE('',(#5040),#5259,.F.);
#5478=ADVANCED_FACE('',(#5041),#5260,.F.);
#5479=ADVANCED_FACE('',(#5042),#5261,.T.);
#5480=ADVANCED_FACE('',(#5043),#91,.F.);
#5481=ADVANCED_FACE('',(#5044),#92,.F.);
#5482=ADVANCED_FACE('',(#5045),#93,.F.);
#5483=ADVANCED_FACE('',(#5046),#94,.F.);
#5484=ADVANCED_FACE('',(#5047),#95,.F.);
#5485=ADVANCED_FACE('',(#5048),#96,.F.);
#5486=ADVANCED_FACE('',(#5049),#97,.F.);
#5487=ADVANCED_FACE('',(#5050),#98,.F.);
#5488=ADVANCED_FACE('',(#5051),#99,.F.);
#5489=ADVANCED_FACE('',(#5052),#100,.F.);
#5490=ADVANCED_FACE('',(#5053),#101,.F.);
#5491=ADVANCED_FACE('',(#5054),#102,.F.);
#5492=ADVANCED_FACE('',(#5055),#103,.F.);
#5493=ADVANCED_FACE('',(#5056),#104,.F.);
#5494=ADVANCED_FACE('',(#5057),#5262,.T.);
#5495=ADVANCED_FACE('',(#5058),#105,.T.);
#5496=ADVANCED_FACE('',(#5059),#106,.T.);
#5497=ADVANCED_FACE('',(#5060),#107,.T.);
#5498=ADVANCED_FACE('',(#5061),#108,.T.);
#5499=ADVANCED_FACE('',(#5062),#109,.T.);
#5500=ADVANCED_FACE('',(#5063),#110,.T.);
#5501=ADVANCED_FACE('',(#5064),#111,.T.);
#5502=ADVANCED_FACE('',(#5065),#112,.T.);
#5503=ADVANCED_FACE('',(#5066),#113,.T.);
#5504=ADVANCED_FACE('',(#5067),#114,.T.);
#5505=ADVANCED_FACE('',(#5068),#115,.T.);
#5506=ADVANCED_FACE('',(#5069),#116,.T.);
#5507=ADVANCED_FACE('',(#5070),#117,.T.);
#5508=ADVANCED_FACE('',(#5071),#118,.T.);
#5509=ADVANCED_FACE('',(#5072),#5263,.T.);
#5510=ADVANCED_FACE('',(#5073),#5264,.T.);
#5511=ADVANCED_FACE('',(#5074),#5265,.T.);
#5512=ADVANCED_FACE('',(#5075),#5266,.T.);
#5513=ADVANCED_FACE('',(#5076),#5267,.T.);
#5514=ADVANCED_FACE('',(#5077),#5268,.T.);
#5515=ADVANCED_FACE('',(#5078),#119,.F.);
#5516=ADVANCED_FACE('',(#5079),#120,.F.);
#5517=ADVANCED_FACE('',(#5080),#121,.F.);
#5518=ADVANCED_FACE('',(#5081),#122,.F.);
#5519=ADVANCED_FACE('',(#5082),#123,.F.);
#5520=ADVANCED_FACE('',(#5083),#124,.F.);
#5521=ADVANCED_FACE('',(#5084),#125,.F.);
#5522=ADVANCED_FACE('',(#5085),#126,.F.);
#5523=ADVANCED_FACE('',(#5086),#127,.F.);
#5524=ADVANCED_FACE('',(#5087),#5269,.T.);
#5525=ADVANCED_FACE('',(#5088),#128,.T.);
#5526=ADVANCED_FACE('',(#5089),#129,.T.);
#5527=ADVANCED_FACE('',(#5090),#130,.T.);
#5528=ADVANCED_FACE('',(#5091),#131,.T.);
#5529=ADVANCED_FACE('',(#5092),#132,.T.);
#5530=ADVANCED_FACE('',(#5093),#133,.T.);
#5531=ADVANCED_FACE('',(#5094),#134,.T.);
#5532=ADVANCED_FACE('',(#5095),#135,.T.);
#5533=ADVANCED_FACE('',(#5096),#136,.T.);
#5534=ADVANCED_FACE('',(#5097),#5270,.T.);
#5535=ADVANCED_FACE('',(#5098),#5271,.T.);
#5536=ADVANCED_FACE('',(#5099),#5272,.T.);
#5537=ADVANCED_FACE('',(#5100),#5273,.T.);
#5538=ADVANCED_FACE('',(#5101),#5274,.T.);
#5539=ADVANCED_FACE('',(#5102),#5275,.T.);
#5540=ADVANCED_FACE('',(#5103),#5276,.T.);
#5541=ADVANCED_FACE('',(#5104),#5277,.T.);
#5542=ADVANCED_FACE('',(#5105),#5278,.T.);
#5543=ADVANCED_FACE('',(#5106),#137,.F.);
#5544=ADVANCED_FACE('',(#5107),#138,.F.);
#5545=ADVANCED_FACE('',(#5108),#139,.F.);
#5546=ADVANCED_FACE('',(#5109),#140,.F.);
#5547=ADVANCED_FACE('',(#5110),#141,.F.);
#5548=ADVANCED_FACE('',(#5111),#142,.F.);
#5549=ADVANCED_FACE('',(#5112),#143,.F.);
#5550=ADVANCED_FACE('',(#5113),#144,.F.);
#5551=ADVANCED_FACE('',(#5114),#14,.T.);
#5552=ADVANCED_FACE('',(#5115),#145,.T.);
#5553=ADVANCED_FACE('',(#5116),#146,.T.);
#5554=ADVANCED_FACE('',(#5117),#147,.T.);
#5555=ADVANCED_FACE('',(#5118),#148,.T.);
#5556=ADVANCED_FACE('',(#5119),#149,.T.);
#5557=ADVANCED_FACE('',(#5120),#15,.T.);
#5558=ADVANCED_FACE('',(#5121),#16,.T.);
#5559=ADVANCED_FACE('',(#5122),#5279,.T.);
#5560=ADVANCED_FACE('',(#5123),#150,.F.);
#5561=ADVANCED_FACE('',(#5124),#151,.F.);
#5562=ADVANCED_FACE('',(#5125),#152,.F.);
#5563=ADVANCED_FACE('',(#5126),#153,.F.);
#5564=ADVANCED_FACE('',(#5127),#5280,.T.);
#5565=ADVANCED_FACE('',(#5128),#154,.F.);
#5566=ADVANCED_FACE('',(#5129),#155,.F.);
#5567=ADVANCED_FACE('',(#5130),#156,.F.);
#5568=ADVANCED_FACE('',(#5131),#157,.F.);
#5569=ADVANCED_FACE('',(#5132),#158,.F.);
#5570=ADVANCED_FACE('',(#5133),#17,.T.);
#5571=ADVANCED_FACE('',(#5134),#159,.F.);
#5572=ADVANCED_FACE('',(#5135),#160,.F.);
#5573=ADVANCED_FACE('',(#5136),#161,.F.);
#5574=ADVANCED_FACE('',(#5137),#162,.F.);
#5575=ADVANCED_FACE('',(#5138),#5281,.T.);
#5576=ADVANCED_FACE('',(#5139),#5282,.T.);
#5577=ADVANCED_FACE('',(#5140),#5283,.T.);
#5578=ADVANCED_FACE('',(#5141),#5284,.T.);
#5579=ADVANCED_FACE('',(#5142),#5285,.T.);
#5580=ADVANCED_FACE('',(#5143),#5286,.T.);
#5581=ADVANCED_FACE('',(#5144),#5287,.T.);
#5582=ADVANCED_FACE('',(#5145),#5288,.T.);
#5583=ADVANCED_FACE('',(#5146),#5289,.T.);
#5584=ADVANCED_FACE('',(#5147),#5290,.T.);
#5585=ADVANCED_FACE('',(#5148),#5291,.T.);
#5586=ADVANCED_FACE('',(#5149,#5150),#163,.F.);
#5587=CLOSED_SHELL('',(#5292,#5293,#5294,#5295,#5296,#5297,#5298,#5299,#5300,#5301));
#5588=CLOSED_SHELL('',(#5302,#5303,#5304,#5305,#5306,#5307,#5308));
#5589=CLOSED_SHELL('',(#5309,#5310,#5311,#5312,#5313,#5314,#5315,#5316,#5317,#5318));
#5590=CLOSED_SHELL('',(#5319,#5320,#5321,#5322,#5323,#5324,#5325,#5326,#5327,#5328));
#5591=CLOSED_SHELL('',(#5329,#5330,#5331,#5332,#5333,#5334,#5335,#5336,#5337,#5338));
#5592=CLOSED_SHELL('',(#5339,#5340,#5341,#5342,#5343,#5344,#5345,#5346,#5347,#5348,#5349,#5350,#5351,#5352,#5353,#5354,#5355,#5356,#5357,#5358,#5359,#5360,#5361,#5362,#5363,#5364,#5365,#5366,#5367,#5368,#5369,#5370,#5371,#5372,#5373,#5374,#5375,#5376,#5377,#5378,#5379,#5380,#5381,#5382,#5383,#5384,#5385,#5386,#5387,#5388,#5389,#5390,#5391,#5392,#5393,#5394,#5395,#5396,#5397,#5398,#5399,#5400,#5401,#5402,#5403,#5404,#5405,#5406,#5407,#5408,#5409,#5410,#5411,#5412,#5413,#5414,#5415,#5416,#5417,#5418,#5419,#5420,#5421,#5422,#5423,#5424,#5425,#5426,#5427,#5428,#5429,#5430,#5431,#5432,#5433,#5434,#5435,#5436,#5437,#5438,#5439,#5440,#5441,#5442,#5443,#5444,#5445,#5446,#5447,#5448,#5449,#5450,#5451,#5452,#5453,#5454,#5455,#5456,#5457,#5458,#5459,#5460,#5461,#5462,#5463,#5464,#5465,#5466,#5467,#5468));
#5593=CLOSED_SHELL('',(#5469,#5470,#5471,#5472,#5473,#5474,#5475,#5476,#5477,#5478,#5479,#5480,#5481,#5482,#5483,#5484,#5485,#5486,#5487,#5488,#5489,#5490,#5491,#5492,#5493,#5494,#5495,#5496,#5497,#5498,#5499,#5500,#5501,#5502,#5503,#5504,#5505,#5506,#5507,#5508,#5509,#5510,#5511,#5512,#5513,#5514,#5515,#5516,#5517,#5518,#5519,#5520,#5521,#5522,#5523,#5524,#5525,#5526,#5527,#5528,#5529,#5530,#5531,#5532,#5533,#5534,#5535,#5536,#5537,#5538,#5539,#5540,#5541,#5542,#5543,#5544,#5545,#5546,#5547,#5548,#5549,#5550,#5551,#5552,#5553,#5554,#5555,#5556,#5557,#5558,#5559,#5560,#5561,#5562,#5563,#5564,#5565,#5566,#5567,#5568,#5569,#5570,#5571,#5572,#5573,#5574,#5575,#5576,#5577,#5578,#5579,#5580,#5581,#5582,#5583,#5584,#5585,#5586));
#5594=STYLED_ITEM('',(#5601),#5645);
#5595=STYLED_ITEM('',(#5602),#5646);
#5596=STYLED_ITEM('',(#5603),#5647);
#5597=STYLED_ITEM('',(#5604),#5648);
#5598=STYLED_ITEM('',(#5605),#5649);
#5599=STYLED_ITEM('',(#5606),#5650);
#5600=STYLED_ITEM('',(#5607),#5651);
#5601=PRESENTATION_STYLE_ASSIGNMENT((#5608));
#5602=PRESENTATION_STYLE_ASSIGNMENT((#5609));
#5603=PRESENTATION_STYLE_ASSIGNMENT((#5610));
#5604=PRESENTATION_STYLE_ASSIGNMENT((#5611));
#5605=PRESENTATION_STYLE_ASSIGNMENT((#5612));
#5606=PRESENTATION_STYLE_ASSIGNMENT((#5613));
#5607=PRESENTATION_STYLE_ASSIGNMENT((#5614));
#5608=SURFACE_STYLE_USAGE(.BOTH.,#5615);
#5609=SURFACE_STYLE_USAGE(.BOTH.,#5616);
#5610=SURFACE_STYLE_USAGE(.BOTH.,#5617);
#5611=SURFACE_STYLE_USAGE(.BOTH.,#5618);
#5612=SURFACE_STYLE_USAGE(.BOTH.,#5619);
#5613=SURFACE_STYLE_USAGE(.BOTH.,#5620);
#5614=SURFACE_STYLE_USAGE(.BOTH.,#5621);
#5615=SURFACE_SIDE_STYLE('',(#5622));
#5616=SURFACE_SIDE_STYLE('',(#5623));
#5617=SURFACE_SIDE_STYLE('',(#5624));
#5618=SURFACE_SIDE_STYLE('',(#5625));
#5619=SURFACE_SIDE_STYLE('',(#5626));
#5620=SURFACE_SIDE_STYLE('',(#5627));
#5621=SURFACE_SIDE_STYLE('',(#5628));
#5622=SURFACE_STYLE_FILL_AREA(#5629);
#5623=SURFACE_STYLE_FILL_AREA(#5630);
#5624=SURFACE_STYLE_FILL_AREA(#5631);
#5625=SURFACE_STYLE_FILL_AREA(#5632);
#5626=SURFACE_STYLE_FILL_AREA(#5633);
#5627=SURFACE_STYLE_FILL_AREA(#5634);
#5628=SURFACE_STYLE_FILL_AREA(#5635);
#5629=FILL_AREA_STYLE('',(#5636));
#5630=FILL_AREA_STYLE('',(#5637));
#5631=FILL_AREA_STYLE('',(#5638));
#5632=FILL_AREA_STYLE('',(#5639));
#5633=FILL_AREA_STYLE('',(#5640));
#5634=FILL_AREA_STYLE('',(#5641));
#5635=FILL_AREA_STYLE('',(#5642));
#5636=FILL_AREA_STYLE_COLOUR('',#5643);
#5637=FILL_AREA_STYLE_COLOUR('',#472);
#5638=FILL_AREA_STYLE_COLOUR('',#5643);
#5639=FILL_AREA_STYLE_COLOUR('',#5643);
#5640=FILL_AREA_STYLE_COLOUR('',#5643);
#5641=FILL_AREA_STYLE_COLOUR('',#5644);
#5642=FILL_AREA_STYLE_COLOUR('',#472);
#5643=COLOUR_RGB('',0.8,0.8,0.8);
#5644=COLOUR_RGB('',0.196078431372549,0.196078431372549,0.196078431372549);
#5645=MANIFOLD_SOLID_BREP('Part 1',#5587);
#5646=MANIFOLD_SOLID_BREP('Part 7',#5588);
#5647=MANIFOLD_SOLID_BREP('Part 4',#5589);
#5648=MANIFOLD_SOLID_BREP('Part 3',#5590);
#5649=MANIFOLD_SOLID_BREP('Part 2',#5591);
#5650=MANIFOLD_SOLID_BREP('Part 5',#5592);
#5651=MANIFOLD_SOLID_BREP('Part 6',#5593);
#5652=SHAPE_DEFINITION_REPRESENTATION(#9736,#5659);
#5653=SHAPE_DEFINITION_REPRESENTATION(#9737,#5660);
#5654=SHAPE_DEFINITION_REPRESENTATION(#9738,#5661);
#5655=SHAPE_DEFINITION_REPRESENTATION(#9739,#5662);
#5656=SHAPE_DEFINITION_REPRESENTATION(#9740,#5663);
#5657=SHAPE_DEFINITION_REPRESENTATION(#9741,#5664);
#5658=SHAPE_DEFINITION_REPRESENTATION(#9742,#5665);
#5659=SHAPE_REPRESENTATION('Part 1',(#5666),#9701);
#5660=SHAPE_REPRESENTATION('Part 7',(#5677),#9702);
#5661=SHAPE_REPRESENTATION('Part 4',(#5685),#9703);
#5662=SHAPE_REPRESENTATION('Part 3',(#5696),#9704);
#5663=SHAPE_REPRESENTATION('Part 2',(#5707),#9705);
#5664=SHAPE_REPRESENTATION('Part 5',(#5718),#9706);
#5665=SHAPE_REPRESENTATION('Part 6',(#5991),#9707);
#5666=AXIS2_PLACEMENT_3D('',#7936,#6252,#6253);
#5667=AXIS2_PLACEMENT_3D('',#7937,#6254,#6255);
#5668=AXIS2_PLACEMENT_3D('',#7946,#6260,#6261);
#5669=AXIS2_PLACEMENT_3D('',#7952,#6265,#6266);
#5670=AXIS2_PLACEMENT_3D('',#7958,#6270,#6271);
#5671=AXIS2_PLACEMENT_3D('',#7964,#6275,#6276);
#5672=AXIS2_PLACEMENT_3D('',#7970,#6280,#6281);
#5673=AXIS2_PLACEMENT_3D('',#7976,#6285,#6286);
#5674=AXIS2_PLACEMENT_3D('',#7982,#6290,#6291);
#5675=AXIS2_PLACEMENT_3D('',#7985,#6294,#6295);
#5676=AXIS2_PLACEMENT_3D('',#7986,#6296,#6297);
#5677=AXIS2_PLACEMENT_3D('',#7987,#6298,#6299);
#5678=AXIS2_PLACEMENT_3D('',#7988,#6300,#6301);
#5679=AXIS2_PLACEMENT_3D('',#7999,#6307,#6308);
#5680=AXIS2_PLACEMENT_3D('',#8005,#6312,#6313);
#5681=AXIS2_PLACEMENT_3D('',#8009,#6316,#6317);
#5682=AXIS2_PLACEMENT_3D('',#8013,#6320,#6321);
#5683=AXIS2_PLACEMENT_3D('',#8017,#6324,#6325);
#5684=AXIS2_PLACEMENT_3D('',#8019,#6327,#6328);
#5685=AXIS2_PLACEMENT_3D('',#8020,#6329,#6330);
#5686=AXIS2_PLACEMENT_3D('',#8021,#6331,#6332);
#5687=AXIS2_PLACEMENT_3D('',#8030,#6337,#6338);
#5688=AXIS2_PLACEMENT_3D('',#8036,#6342,#6343);
#5689=AXIS2_PLACEMENT_3D('',#8042,#6347,#6348);
#5690=AXIS2_PLACEMENT_3D('',#8048,#6352,#6353);
#5691=AXIS2_PLACEMENT_3D('',#8054,#6357,#6358);
#5692=AXIS2_PLACEMENT_3D('',#8060,#6362,#6363);
#5693=AXIS2_PLACEMENT_3D('',#8066,#6367,#6368);
#5694=AXIS2_PLACEMENT_3D('',#8069,#6371,#6372);
#5695=AXIS2_PLACEMENT_3D('',#8070,#6373,#6374);
#5696=AXIS2_PLACEMENT_3D('',#8071,#6375,#6376);
#5697=AXIS2_PLACEMENT_3D('',#8072,#6377,#6378);
#5698=AXIS2_PLACEMENT_3D('',#8081,#6383,#6384);
#5699=AXIS2_PLACEMENT_3D('',#8087,#6388,#6389);
#5700=AXIS2_PLACEMENT_3D('',#8093,#6393,#6394);
#5701=AXIS2_PLACEMENT_3D('',#8099,#6398,#6399);
#5702=AXIS2_PLACEMENT_3D('',#8105,#6403,#6404);
#5703=AXIS2_PLACEMENT_3D('',#8111,#6408,#6409);
#5704=AXIS2_PLACEMENT_3D('',#8117,#6413,#6414);
#5705=AXIS2_PLACEMENT_3D('',#8120,#6417,#6418);
#5706=AXIS2_PLACEMENT_3D('',#8121,#6419,#6420);
#5707=AXIS2_PLACEMENT_3D('',#8122,#6421,#6422);
#5708=AXIS2_PLACEMENT_3D('',#8123,#6423,#6424);
#5709=AXIS2_PLACEMENT_3D('',#8132,#6429,#6430);
#5710=AXIS2_PLACEMENT_3D('',#8138,#6434,#6435);
#5711=AXIS2_PLACEMENT_3D('',#8144,#6439,#6440);
#5712=AXIS2_PLACEMENT_3D('',#8150,#6444,#6445);
#5713=AXIS2_PLACEMENT_3D('',#8156,#6449,#6450);
#5714=AXIS2_PLACEMENT_3D('',#8162,#6454,#6455);
#5715=AXIS2_PLACEMENT_3D('',#8168,#6459,#6460);
#5716=AXIS2_PLACEMENT_3D('',#8171,#6463,#6464);
#5717=AXIS2_PLACEMENT_3D('',#8172,#6465,#6466);
#5718=AXIS2_PLACEMENT_3D('',#8173,#6467,#6468);
#5719=AXIS2_PLACEMENT_3D('',#8174,#6469,#6470);
#5720=AXIS2_PLACEMENT_3D('',#8175,#6471,#6472);
#5721=AXIS2_PLACEMENT_3D('',#8200,#6484,#6485);
#5722=AXIS2_PLACEMENT_3D('',#8202,#6486,#6487);
#5723=AXIS2_PLACEMENT_3D('',#8204,#6488,#6489);
#5724=AXIS2_PLACEMENT_3D('',#8206,#6490,#6491);
#5725=AXIS2_PLACEMENT_3D('',#8208,#6492,#6493);
#5726=AXIS2_PLACEMENT_3D('',#8210,#6494,#6495);
#5727=AXIS2_PLACEMENT_3D('',#8212,#6496,#6497);
#5728=AXIS2_PLACEMENT_3D('',#8214,#6498,#6499);
#5729=AXIS2_PLACEMENT_3D('',#8216,#6500,#6501);
#5730=AXIS2_PLACEMENT_3D('',#8220,#6503,#6504);
#5731=AXIS2_PLACEMENT_3D('',#8222,#6505,#6506);
#5732=AXIS2_PLACEMENT_3D('',#8224,#6507,#6508);
#5733=AXIS2_PLACEMENT_3D('',#8226,#6509,#6510);
#5734=AXIS2_PLACEMENT_3D('',#8228,#6511,#6512);
#5735=AXIS2_PLACEMENT_3D('',#8230,#6513,#6514);
#5736=AXIS2_PLACEMENT_3D('',#8232,#6515,#6516);
#5737=AXIS2_PLACEMENT_3D('',#8234,#6517,#6518);
#5738=AXIS2_PLACEMENT_3D('',#8236,#6519,#6520);
#5739=AXIS2_PLACEMENT_3D('',#8283,#6544,#6545);
#5740=AXIS2_PLACEMENT_3D('',#8286,#6546,#6547);
#5741=AXIS2_PLACEMENT_3D('',#8288,#6548,#6549);
#5742=AXIS2_PLACEMENT_3D('',#8290,#6550,#6551);
#5743=AXIS2_PLACEMENT_3D('',#8292,#6552,#6553);
#5744=AXIS2_PLACEMENT_3D('',#8294,#6554,#6555);
#5745=AXIS2_PLACEMENT_3D('',#8300,#6556,#6557);
#5746=AXIS2_PLACEMENT_3D('',#8302,#6558,#6559);
#5747=AXIS2_PLACEMENT_3D('',#8304,#6560,#6561);
#5748=AXIS2_PLACEMENT_3D('',#8306,#6562,#6563);
#5749=AXIS2_PLACEMENT_3D('',#8308,#6564,#6565);
#5750=AXIS2_PLACEMENT_3D('',#8312,#6567,#6568);
#5751=AXIS2_PLACEMENT_3D('',#8314,#6569,#6570);
#5752=AXIS2_PLACEMENT_3D('',#8316,#6571,#6572);
#5753=AXIS2_PLACEMENT_3D('',#8318,#6573,#6574);
#5754=AXIS2_PLACEMENT_3D('',#8330,#6576,#6577);
#5755=AXIS2_PLACEMENT_3D('',#8332,#6578,#6579);
#5756=AXIS2_PLACEMENT_3D('',#8334,#6580,#6581);
#5757=AXIS2_PLACEMENT_3D('',#8336,#6582,#6583);
#5758=AXIS2_PLACEMENT_3D('',#8338,#6584,#6585);
#5759=AXIS2_PLACEMENT_3D('',#8344,#6586,#6587);
#5760=AXIS2_PLACEMENT_3D('',#8346,#6588,#6589);
#5761=AXIS2_PLACEMENT_3D('',#8348,#6590,#6591);
#5762=AXIS2_PLACEMENT_3D('',#8350,#6592,#6593);
#5763=AXIS2_PLACEMENT_3D('',#8352,#6594,#6595);
#5764=AXIS2_PLACEMENT_3D('',#8354,#6596,#6597);
#5765=AXIS2_PLACEMENT_3D('',#8355,#6598,#6599);
#5766=AXIS2_PLACEMENT_3D('',#8360,#6601,#6602);
#5767=AXIS2_PLACEMENT_3D('',#8362,#6603,#6604);
#5768=AXIS2_PLACEMENT_3D('',#8364,#6605,#6606);
#5769=AXIS2_PLACEMENT_3D('',#8366,#6607,#6608);
#5770=AXIS2_PLACEMENT_3D('',#8368,#6609,#6610);
#5771=AXIS2_PLACEMENT_3D('',#8370,#6611,#6612);
#5772=AXIS2_PLACEMENT_3D('',#8372,#6613,#6614);
#5773=AXIS2_PLACEMENT_3D('',#8374,#6615,#6616);
#5774=AXIS2_PLACEMENT_3D('',#8376,#6617,#6618);
#5775=AXIS2_PLACEMENT_3D('',#8378,#6619,#6620);
#5776=AXIS2_PLACEMENT_3D('',#8380,#6621,#6622);
#5777=AXIS2_PLACEMENT_3D('',#8382,#6623,#6624);
#5778=AXIS2_PLACEMENT_3D('',#8384,#6625,#6626);
#5779=AXIS2_PLACEMENT_3D('',#8386,#6627,#6628);
#5780=AXIS2_PLACEMENT_3D('',#8390,#6630,#6631);
#5781=AXIS2_PLACEMENT_3D('',#8392,#6632,#6633);
#5782=AXIS2_PLACEMENT_3D('',#8394,#6634,#6635);
#5783=AXIS2_PLACEMENT_3D('',#8396,#6636,#6637);
#5784=AXIS2_PLACEMENT_3D('',#8398,#6638,#6639);
#5785=AXIS2_PLACEMENT_3D('',#8400,#6640,#6641);
#5786=AXIS2_PLACEMENT_3D('',#8402,#6642,#6643);
#5787=AXIS2_PLACEMENT_3D('',#8404,#6644,#6645);
#5788=AXIS2_PLACEMENT_3D('',#8406,#6646,#6647);
#5789=AXIS2_PLACEMENT_3D('',#8408,#6648,#6649);
#5790=AXIS2_PLACEMENT_3D('',#8410,#6650,#6651);
#5791=AXIS2_PLACEMENT_3D('',#8412,#6652,#6653);
#5792=AXIS2_PLACEMENT_3D('',#8414,#6654,#6655);
#5793=AXIS2_PLACEMENT_3D('',#8415,#6656,#6657);
#5794=AXIS2_PLACEMENT_3D('',#8421,#6661,#6662);
#5795=AXIS2_PLACEMENT_3D('',#8427,#6666,#6667);
#5796=AXIS2_PLACEMENT_3D('',#8433,#6671,#6672);
#5797=AXIS2_PLACEMENT_3D('',#8439,#6676,#6677);
#5798=AXIS2_PLACEMENT_3D('',#8444,#6682,#6683);
#5799=AXIS2_PLACEMENT_3D('',#8445,#6684,#6685);
#5800=AXIS2_PLACEMENT_3D('',#8446,#6686,#6687);
#5801=AXIS2_PLACEMENT_3D('',#8447,#6688,#6689);
#5802=AXIS2_PLACEMENT_3D('',#8448,#6690,#6691);
#5803=AXIS2_PLACEMENT_3D('',#8454,#6695,#6696);
#5804=AXIS2_PLACEMENT_3D('',#8458,#6699,#6700);
#5805=AXIS2_PLACEMENT_3D('',#8462,#6703,#6704);
#5806=AXIS2_PLACEMENT_3D('',#8466,#6707,#6708);
#5807=AXIS2_PLACEMENT_3D('',#8470,#6711,#6712);
#5808=AXIS2_PLACEMENT_3D('',#8474,#6715,#6716);
#5809=AXIS2_PLACEMENT_3D('',#8475,#6717,#6718);
#5810=AXIS2_PLACEMENT_3D('',#8478,#6720,#6721);
#5811=AXIS2_PLACEMENT_3D('',#8479,#6722,#6723);
#5812=AXIS2_PLACEMENT_3D('',#8482,#6725,#6726);
#5813=AXIS2_PLACEMENT_3D('',#8483,#6727,#6728);
#5814=AXIS2_PLACEMENT_3D('',#8486,#6730,#6731);
#5815=AXIS2_PLACEMENT_3D('',#8487,#6732,#6733);
#5816=AXIS2_PLACEMENT_3D('',#8490,#6735,#6736);
#5817=AXIS2_PLACEMENT_3D('',#8491,#6737,#6738);
#5818=AXIS2_PLACEMENT_3D('',#8494,#6740,#6741);
#5819=AXIS2_PLACEMENT_3D('',#8495,#6742,#6743);
#5820=AXIS2_PLACEMENT_3D('',#8498,#6745,#6746);
#5821=AXIS2_PLACEMENT_3D('',#8499,#6747,#6748);
#5822=AXIS2_PLACEMENT_3D('',#8502,#6750,#6751);
#5823=AXIS2_PLACEMENT_3D('',#8503,#6752,#6753);
#5824=AXIS2_PLACEMENT_3D('',#8506,#6755,#6756);
#5825=AXIS2_PLACEMENT_3D('',#8507,#6757,#6758);
#5826=AXIS2_PLACEMENT_3D('',#8510,#6760,#6761);
#5827=AXIS2_PLACEMENT_3D('',#8514,#6764,#6765);
#5828=AXIS2_PLACEMENT_3D('',#8515,#6766,#6767);
#5829=AXIS2_PLACEMENT_3D('',#8518,#6769,#6770);
#5830=AXIS2_PLACEMENT_3D('',#8519,#6771,#6772);
#5831=AXIS2_PLACEMENT_3D('',#8522,#6774,#6775);
#5832=AXIS2_PLACEMENT_3D('',#8523,#6776,#6777);
#5833=AXIS2_PLACEMENT_3D('',#8526,#6779,#6780);
#5834=AXIS2_PLACEMENT_3D('',#8527,#6781,#6782);
#5835=AXIS2_PLACEMENT_3D('',#8530,#6784,#6785);
#5836=AXIS2_PLACEMENT_3D('',#8531,#6786,#6787);
#5837=AXIS2_PLACEMENT_3D('',#8534,#6789,#6790);
#5838=AXIS2_PLACEMENT_3D('',#8535,#6791,#6792);
#5839=AXIS2_PLACEMENT_3D('',#8538,#6794,#6795);
#5840=AXIS2_PLACEMENT_3D('',#8539,#6796,#6797);
#5841=AXIS2_PLACEMENT_3D('',#8542,#6799,#6800);
#5842=AXIS2_PLACEMENT_3D('',#8543,#6801,#6802);
#5843=AXIS2_PLACEMENT_3D('',#8546,#6804,#6805);
#5844=AXIS2_PLACEMENT_3D('',#8547,#6806,#6807);
#5845=AXIS2_PLACEMENT_3D('',#8550,#6809,#6810);
#5846=AXIS2_PLACEMENT_3D('',#8552,#6812,#6813);
#5847=AXIS2_PLACEMENT_3D('',#8553,#6814,#6815);
#5848=AXIS2_PLACEMENT_3D('',#8559,#6819,#6820);
#5849=AXIS2_PLACEMENT_3D('',#8563,#6823,#6824);
#5850=AXIS2_PLACEMENT_3D('',#8567,#6827,#6828);
#5851=AXIS2_PLACEMENT_3D('',#8571,#6831,#6832);
#5852=AXIS2_PLACEMENT_3D('',#8575,#6835,#6836);
#5853=AXIS2_PLACEMENT_3D('',#8579,#6839,#6840);
#5854=AXIS2_PLACEMENT_3D('',#8583,#6843,#6844);
#5855=AXIS2_PLACEMENT_3D('',#8585,#6846,#6847);
#5856=AXIS2_PLACEMENT_3D('',#8586,#6848,#6849);
#5857=AXIS2_PLACEMENT_3D('',#8595,#6854,#6855);
#5858=AXIS2_PLACEMENT_3D('',#8601,#6859,#6860);
#5859=AXIS2_PLACEMENT_3D('',#8607,#6864,#6865);
#5860=AXIS2_PLACEMENT_3D('',#8613,#6869,#6870);
#5861=AXIS2_PLACEMENT_3D('',#8619,#6874,#6875);
#5862=AXIS2_PLACEMENT_3D('',#8623,#6878,#6879);
#5863=AXIS2_PLACEMENT_3D('',#8627,#6882,#6883);
#5864=AXIS2_PLACEMENT_3D('',#8631,#6886,#6887);
#5865=AXIS2_PLACEMENT_3D('',#8635,#6890,#6891);
#5866=AXIS2_PLACEMENT_3D('',#8639,#6894,#6895);
#5867=AXIS2_PLACEMENT_3D('',#8643,#6898,#6899);
#5868=AXIS2_PLACEMENT_3D('',#8647,#6902,#6903);
#5869=AXIS2_PLACEMENT_3D('',#8651,#6906,#6907);
#5870=AXIS2_PLACEMENT_3D('',#8655,#6910,#6911);
#5871=AXIS2_PLACEMENT_3D('',#8657,#6913,#6914);
#5872=AXIS2_PLACEMENT_3D('',#8660,#6917,#6918);
#5873=AXIS2_PLACEMENT_3D('',#8661,#6919,#6920);
#5874=AXIS2_PLACEMENT_3D('',#8662,#6921,#6922);
#5875=AXIS2_PLACEMENT_3D('',#8667,#6925,#6926);
#5876=AXIS2_PLACEMENT_3D('',#8668,#6927,#6928);
#5877=AXIS2_PLACEMENT_3D('',#8671,#6930,#6931);
#5878=AXIS2_PLACEMENT_3D('',#8672,#6932,#6933);
#5879=AXIS2_PLACEMENT_3D('',#8675,#6935,#6936);
#5880=AXIS2_PLACEMENT_3D('',#8676,#6937,#6938);
#5881=AXIS2_PLACEMENT_3D('',#8679,#6940,#6941);
#5882=AXIS2_PLACEMENT_3D('',#8680,#6942,#6943);
#5883=AXIS2_PLACEMENT_3D('',#8683,#6945,#6946);
#5884=AXIS2_PLACEMENT_3D('',#8684,#6947,#6948);
#5885=AXIS2_PLACEMENT_3D('',#8687,#6950,#6951);
#5886=AXIS2_PLACEMENT_3D('',#8688,#6952,#6953);
#5887=AXIS2_PLACEMENT_3D('',#8691,#6955,#6956);
#5888=AXIS2_PLACEMENT_3D('',#8692,#6957,#6958);
#5889=AXIS2_PLACEMENT_3D('',#8708,#6961,#6962);
#5890=AXIS2_PLACEMENT_3D('',#8709,#6963,#6964);
#5891=AXIS2_PLACEMENT_3D('',#8712,#6966,#6967);
#5892=AXIS2_PLACEMENT_3D('',#8713,#6968,#6969);
#5893=AXIS2_PLACEMENT_3D('',#8716,#6971,#6972);
#5894=AXIS2_PLACEMENT_3D('',#8717,#6973,#6974);
#5895=AXIS2_PLACEMENT_3D('',#8720,#6976,#6977);
#5896=AXIS2_PLACEMENT_3D('',#8721,#6978,#6979);
#5897=AXIS2_PLACEMENT_3D('',#8724,#6981,#6982);
#5898=AXIS2_PLACEMENT_3D('',#8725,#6983,#6984);
#5899=AXIS2_PLACEMENT_3D('',#8754,#6988,#6989);
#5900=AXIS2_PLACEMENT_3D('',#8758,#6992,#6993);
#5901=AXIS2_PLACEMENT_3D('',#8759,#6994,#6995);
#5902=AXIS2_PLACEMENT_3D('',#8762,#6997,#6998);
#5903=AXIS2_PLACEMENT_3D('',#8763,#6999,#7000);
#5904=AXIS2_PLACEMENT_3D('',#8766,#7002,#7003);
#5905=AXIS2_PLACEMENT_3D('',#8767,#7004,#7005);
#5906=AXIS2_PLACEMENT_3D('',#8770,#7007,#7008);
#5907=AXIS2_PLACEMENT_3D('',#8771,#7009,#7010);
#5908=AXIS2_PLACEMENT_3D('',#8774,#7012,#7013);
#5909=AXIS2_PLACEMENT_3D('',#8778,#7016,#7017);
#5910=AXIS2_PLACEMENT_3D('',#8779,#7018,#7019);
#5911=AXIS2_PLACEMENT_3D('',#8782,#7021,#7022);
#5912=AXIS2_PLACEMENT_3D('',#8783,#7023,#7024);
#5913=AXIS2_PLACEMENT_3D('',#8786,#7026,#7027);
#5914=AXIS2_PLACEMENT_3D('',#8787,#7028,#7029);
#5915=AXIS2_PLACEMENT_3D('',#8790,#7031,#7032);
#5916=AXIS2_PLACEMENT_3D('',#8791,#7033,#7034);
#5917=AXIS2_PLACEMENT_3D('',#8794,#7036,#7037);
#5918=AXIS2_PLACEMENT_3D('',#8795,#7038,#7039);
#5919=AXIS2_PLACEMENT_3D('',#8811,#7042,#7043);
#5920=AXIS2_PLACEMENT_3D('',#8812,#7044,#7045);
#5921=AXIS2_PLACEMENT_3D('',#8815,#7047,#7048);
#5922=AXIS2_PLACEMENT_3D('',#8816,#7049,#7050);
#5923=AXIS2_PLACEMENT_3D('',#8819,#7052,#7053);
#5924=AXIS2_PLACEMENT_3D('',#8820,#7054,#7055);
#5925=AXIS2_PLACEMENT_3D('',#8823,#7057,#7058);
#5926=AXIS2_PLACEMENT_3D('',#8824,#7059,#7060);
#5927=AXIS2_PLACEMENT_3D('',#8825,#7061,#7062);
#5928=AXIS2_PLACEMENT_3D('',#8826,#7063,#7064);
#5929=AXIS2_PLACEMENT_3D('',#8832,#7068,#7069);
#5930=AXIS2_PLACEMENT_3D('',#8833,#7070,#7071);
#5931=AXIS2_PLACEMENT_3D('',#8836,#7073,#7074);
#5932=AXIS2_PLACEMENT_3D('',#8837,#7075,#7076);
#5933=AXIS2_PLACEMENT_3D('',#8840,#7078,#7079);
#5934=AXIS2_PLACEMENT_3D('',#8841,#7080,#7081);
#5935=AXIS2_PLACEMENT_3D('',#8844,#7083,#7084);
#5936=AXIS2_PLACEMENT_3D('',#8845,#7085,#7086);
#5937=AXIS2_PLACEMENT_3D('',#8848,#7088,#7089);
#5938=AXIS2_PLACEMENT_3D('',#8849,#7090,#7091);
#5939=AXIS2_PLACEMENT_3D('',#8852,#7093,#7094);
#5940=AXIS2_PLACEMENT_3D('',#8853,#7095,#7096);
#5941=AXIS2_PLACEMENT_3D('',#8856,#7098,#7099);
#5942=AXIS2_PLACEMENT_3D('',#8857,#7100,#7101);
#5943=AXIS2_PLACEMENT_3D('',#8860,#7103,#7104);
#5944=AXIS2_PLACEMENT_3D('',#8861,#7105,#7106);
#5945=AXIS2_PLACEMENT_3D('',#8864,#7108,#7109);
#5946=AXIS2_PLACEMENT_3D('',#8865,#7110,#7111);
#5947=AXIS2_PLACEMENT_3D('',#8868,#7113,#7114);
#5948=AXIS2_PLACEMENT_3D('',#8869,#7115,#7116);
#5949=AXIS2_PLACEMENT_3D('',#8872,#7118,#7119);
#5950=AXIS2_PLACEMENT_3D('',#8873,#7120,#7121);
#5951=AXIS2_PLACEMENT_3D('',#8876,#7123,#7124);
#5952=AXIS2_PLACEMENT_3D('',#8877,#7125,#7126);
#5953=AXIS2_PLACEMENT_3D('',#8880,#7128,#7129);
#5954=AXIS2_PLACEMENT_3D('',#8881,#7130,#7131);
#5955=AXIS2_PLACEMENT_3D('',#8884,#7133,#7134);
#5956=AXIS2_PLACEMENT_3D('',#8885,#7135,#7136);
#5957=AXIS2_PLACEMENT_3D('',#8888,#7138,#7139);
#5958=AXIS2_PLACEMENT_3D('',#8892,#7142,#7143);
#5959=AXIS2_PLACEMENT_3D('',#8893,#7144,#7145);
#5960=AXIS2_PLACEMENT_3D('',#8896,#7147,#7148);
#5961=AXIS2_PLACEMENT_3D('',#8897,#7149,#7150);
#5962=AXIS2_PLACEMENT_3D('',#8900,#7152,#7153);
#5963=AXIS2_PLACEMENT_3D('',#8901,#7154,#7155);
#5964=AXIS2_PLACEMENT_3D('',#8904,#7157,#7158);
#5965=AXIS2_PLACEMENT_3D('',#8905,#7159,#7160);
#5966=AXIS2_PLACEMENT_3D('',#8908,#7162,#7163);
#5967=AXIS2_PLACEMENT_3D('',#8909,#7164,#7165);
#5968=AXIS2_PLACEMENT_3D('',#8912,#7167,#7168);
#5969=AXIS2_PLACEMENT_3D('',#8913,#7169,#7170);
#5970=AXIS2_PLACEMENT_3D('',#8916,#7172,#7173);
#5971=AXIS2_PLACEMENT_3D('',#8917,#7174,#7175);
#5972=AXIS2_PLACEMENT_3D('',#8920,#7177,#7178);
#5973=AXIS2_PLACEMENT_3D('',#8921,#7179,#7180);
#5974=AXIS2_PLACEMENT_3D('',#8924,#7182,#7183);
#5975=AXIS2_PLACEMENT_3D('',#8925,#7184,#7185);
#5976=AXIS2_PLACEMENT_3D('',#8928,#7187,#7188);
#5977=AXIS2_PLACEMENT_3D('',#8929,#7189,#7190);
#5978=AXIS2_PLACEMENT_3D('',#8932,#7192,#7193);
#5979=AXIS2_PLACEMENT_3D('',#8933,#7194,#7195);
#5980=AXIS2_PLACEMENT_3D('',#8936,#7197,#7198);
#5981=AXIS2_PLACEMENT_3D('',#8937,#7199,#7200);
#5982=AXIS2_PLACEMENT_3D('',#8940,#7202,#7203);
#5983=AXIS2_PLACEMENT_3D('',#8941,#7204,#7205);
#5984=AXIS2_PLACEMENT_3D('',#8944,#7207,#7208);
#5985=AXIS2_PLACEMENT_3D('',#8945,#7209,#7210);
#5986=AXIS2_PLACEMENT_3D('',#8946,#7211,#7212);
#5987=AXIS2_PLACEMENT_3D('',#8947,#7213,#7214);
#5988=AXIS2_PLACEMENT_3D('',#8948,#7215,#7216);
#5989=AXIS2_PLACEMENT_3D('',#8950,#7217,#7218);
#5990=AXIS2_PLACEMENT_3D('',#8951,#7219,#7220);
#5991=AXIS2_PLACEMENT_3D('',#8952,#7221,#7222);
#5992=AXIS2_PLACEMENT_3D('',#8953,#7223,#7224);
#5993=AXIS2_PLACEMENT_3D('',#8954,#7225,#7226);
#5994=AXIS2_PLACEMENT_3D('',#8956,#7227,#7228);
#5995=AXIS2_PLACEMENT_3D('',#8959,#7229,#7230);
#5996=AXIS2_PLACEMENT_3D('',#8961,#7231,#7232);
#5997=AXIS2_PLACEMENT_3D('',#8963,#7233,#7234);
#5998=AXIS2_PLACEMENT_3D('',#8965,#7235,#7236);
#5999=AXIS2_PLACEMENT_3D('',#8967,#7237,#7238);
#6000=AXIS2_PLACEMENT_3D('',#8973,#7239,#7240);
#6001=AXIS2_PLACEMENT_3D('',#8975,#7241,#7242);
#6002=AXIS2_PLACEMENT_3D('',#8977,#7243,#7244);
#6003=AXIS2_PLACEMENT_3D('',#8979,#7245,#7246);
#6004=AXIS2_PLACEMENT_3D('',#8981,#7247,#7248);
#6005=AXIS2_PLACEMENT_3D('',#8985,#7250,#7251);
#6006=AXIS2_PLACEMENT_3D('',#8987,#7252,#7253);
#6007=AXIS2_PLACEMENT_3D('',#8989,#7254,#7255);
#6008=AXIS2_PLACEMENT_3D('',#8991,#7256,#7257);
#6009=AXIS2_PLACEMENT_3D('',#9003,#7259,#7260);
#6010=AXIS2_PLACEMENT_3D('',#9005,#7261,#7262);
#6011=AXIS2_PLACEMENT_3D('',#9007,#7263,#7264);
#6012=AXIS2_PLACEMENT_3D('',#9009,#7265,#7266);
#6013=AXIS2_PLACEMENT_3D('',#9011,#7267,#7268);
#6014=AXIS2_PLACEMENT_3D('',#9017,#7269,#7270);
#6015=AXIS2_PLACEMENT_3D('',#9019,#7271,#7272);
#6016=AXIS2_PLACEMENT_3D('',#9021,#7273,#7274);
#6017=AXIS2_PLACEMENT_3D('',#9023,#7275,#7276);
#6018=AXIS2_PLACEMENT_3D('',#9025,#7277,#7278);
#6019=AXIS2_PLACEMENT_3D('',#9027,#7279,#7280);
#6020=AXIS2_PLACEMENT_3D('',#9051,#7292,#7293);
#6021=AXIS2_PLACEMENT_3D('',#9053,#7294,#7295);
#6022=AXIS2_PLACEMENT_3D('',#9055,#7296,#7297);
#6023=AXIS2_PLACEMENT_3D('',#9057,#7298,#7299);
#6024=AXIS2_PLACEMENT_3D('',#9059,#7300,#7301);
#6025=AXIS2_PLACEMENT_3D('',#9061,#7302,#7303);
#6026=AXIS2_PLACEMENT_3D('',#9063,#7304,#7305);
#6027=AXIS2_PLACEMENT_3D('',#9065,#7306,#7307);
#6028=AXIS2_PLACEMENT_3D('',#9067,#7308,#7309);
#6029=AXIS2_PLACEMENT_3D('',#9071,#7311,#7312);
#6030=AXIS2_PLACEMENT_3D('',#9073,#7313,#7314);
#6031=AXIS2_PLACEMENT_3D('',#9075,#7315,#7316);
#6032=AXIS2_PLACEMENT_3D('',#9077,#7317,#7318);
#6033=AXIS2_PLACEMENT_3D('',#9079,#7319,#7320);
#6034=AXIS2_PLACEMENT_3D('',#9081,#7321,#7322);
#6035=AXIS2_PLACEMENT_3D('',#9083,#7323,#7324);
#6036=AXIS2_PLACEMENT_3D('',#9085,#7325,#7326);
#6037=AXIS2_PLACEMENT_3D('',#9087,#7327,#7328);
#6038=AXIS2_PLACEMENT_3D('',#9096,#7333,#7334);
#6039=AXIS2_PLACEMENT_3D('',#9101,#7336,#7337);
#6040=AXIS2_PLACEMENT_3D('',#9103,#7338,#7339);
#6041=AXIS2_PLACEMENT_3D('',#9105,#7340,#7341);
#6042=AXIS2_PLACEMENT_3D('',#9107,#7342,#7343);
#6043=AXIS2_PLACEMENT_3D('',#9109,#7344,#7345);
#6044=AXIS2_PLACEMENT_3D('',#9111,#7346,#7347);
#6045=AXIS2_PLACEMENT_3D('',#9113,#7348,#7349);
#6046=AXIS2_PLACEMENT_3D('',#9115,#7350,#7351);
#6047=AXIS2_PLACEMENT_3D('',#9117,#7352,#7353);
#6048=AXIS2_PLACEMENT_3D('',#9119,#7354,#7355);
#6049=AXIS2_PLACEMENT_3D('',#9121,#7356,#7357);
#6050=AXIS2_PLACEMENT_3D('',#9123,#7358,#7359);
#6051=AXIS2_PLACEMENT_3D('',#9125,#7360,#7361);
#6052=AXIS2_PLACEMENT_3D('',#9127,#7362,#7363);
#6053=AXIS2_PLACEMENT_3D('',#9131,#7365,#7366);
#6054=AXIS2_PLACEMENT_3D('',#9133,#7367,#7368);
#6055=AXIS2_PLACEMENT_3D('',#9135,#7369,#7370);
#6056=AXIS2_PLACEMENT_3D('',#9137,#7371,#7372);
#6057=AXIS2_PLACEMENT_3D('',#9139,#7373,#7374);
#6058=AXIS2_PLACEMENT_3D('',#9141,#7375,#7376);
#6059=AXIS2_PLACEMENT_3D('',#9143,#7377,#7378);
#6060=AXIS2_PLACEMENT_3D('',#9145,#7379,#7380);
#6061=AXIS2_PLACEMENT_3D('',#9147,#7381,#7382);
#6062=AXIS2_PLACEMENT_3D('',#9149,#7383,#7384);
#6063=AXIS2_PLACEMENT_3D('',#9151,#7385,#7386);
#6064=AXIS2_PLACEMENT_3D('',#9153,#7387,#7388);
#6065=AXIS2_PLACEMENT_3D('',#9155,#7389,#7390);
#6066=AXIS2_PLACEMENT_3D('',#9194,#7410,#7411);
#6067=AXIS2_PLACEMENT_3D('',#9195,#7412,#7413);
#6068=AXIS2_PLACEMENT_3D('',#9197,#7414,#7415);
#6069=AXIS2_PLACEMENT_3D('',#9200,#7416,#7417);
#6070=AXIS2_PLACEMENT_3D('',#9202,#7418,#7419);
#6071=AXIS2_PLACEMENT_3D('',#9204,#7420,#7421);
#6072=AXIS2_PLACEMENT_3D('',#9206,#7422,#7423);
#6073=AXIS2_PLACEMENT_3D('',#9208,#7424,#7425);
#6074=AXIS2_PLACEMENT_3D('',#9210,#7426,#7427);
#6075=AXIS2_PLACEMENT_3D('',#9212,#7428,#7429);
#6076=AXIS2_PLACEMENT_3D('',#9218,#7430,#7431);
#6077=AXIS2_PLACEMENT_3D('',#9220,#7432,#7433);
#6078=AXIS2_PLACEMENT_3D('',#9222,#7434,#7435);
#6079=AXIS2_PLACEMENT_3D('',#9224,#7436,#7437);
#6080=AXIS2_PLACEMENT_3D('',#9226,#7438,#7439);
#6081=AXIS2_PLACEMENT_3D('',#9238,#7441,#7442);
#6082=AXIS2_PLACEMENT_3D('',#9240,#7443,#7444);
#6083=AXIS2_PLACEMENT_3D('',#9242,#7445,#7446);
#6084=AXIS2_PLACEMENT_3D('',#9244,#7447,#7448);
#6085=AXIS2_PLACEMENT_3D('',#9248,#7450,#7451);
#6086=AXIS2_PLACEMENT_3D('',#9250,#7452,#7453);
#6087=AXIS2_PLACEMENT_3D('',#9252,#7454,#7455);
#6088=AXIS2_PLACEMENT_3D('',#9254,#7456,#7457);
#6089=AXIS2_PLACEMENT_3D('',#9256,#7458,#7459);
#6090=AXIS2_PLACEMENT_3D('',#9262,#7460,#7461);
#6091=AXIS2_PLACEMENT_3D('',#9264,#7462,#7463);
#6092=AXIS2_PLACEMENT_3D('',#9266,#7464,#7465);
#6093=AXIS2_PLACEMENT_3D('',#9268,#7466,#7467);
#6094=AXIS2_PLACEMENT_3D('',#9282,#7474,#7475);
#6095=AXIS2_PLACEMENT_3D('',#9284,#7476,#7477);
#6096=AXIS2_PLACEMENT_3D('',#9286,#7478,#7479);
#6097=AXIS2_PLACEMENT_3D('',#9288,#7480,#7481);
#6098=AXIS2_PLACEMENT_3D('',#9290,#7482,#7483);
#6099=AXIS2_PLACEMENT_3D('',#9292,#7484,#7485);
#6100=AXIS2_PLACEMENT_3D('',#9294,#7486,#7487);
#6101=AXIS2_PLACEMENT_3D('',#9296,#7488,#7489);
#6102=AXIS2_PLACEMENT_3D('',#9298,#7490,#7491);
#6103=AXIS2_PLACEMENT_3D('',#9302,#7493,#7494);
#6104=AXIS2_PLACEMENT_3D('',#9304,#7495,#7496);
#6105=AXIS2_PLACEMENT_3D('',#9306,#7497,#7498);
#6106=AXIS2_PLACEMENT_3D('',#9308,#7499,#7500);
#6107=AXIS2_PLACEMENT_3D('',#9310,#7501,#7502);
#6108=AXIS2_PLACEMENT_3D('',#9312,#7503,#7504);
#6109=AXIS2_PLACEMENT_3D('',#9314,#7505,#7506);
#6110=AXIS2_PLACEMENT_3D('',#9316,#7507,#7508);
#6111=AXIS2_PLACEMENT_3D('',#9318,#7509,#7510);
#6112=AXIS2_PLACEMENT_3D('',#9340,#7521,#7522);
#6113=AXIS2_PLACEMENT_3D('',#9342,#7523,#7524);
#6114=AXIS2_PLACEMENT_3D('',#9344,#7525,#7526);
#6115=AXIS2_PLACEMENT_3D('',#9346,#7527,#7528);
#6116=AXIS2_PLACEMENT_3D('',#9348,#7529,#7530);
#6117=AXIS2_PLACEMENT_3D('',#9350,#7531,#7532);
#6118=AXIS2_PLACEMENT_3D('',#9352,#7533,#7534);
#6119=AXIS2_PLACEMENT_3D('',#9354,#7535,#7536);
#6120=AXIS2_PLACEMENT_3D('',#9356,#7537,#7538);
#6121=AXIS2_PLACEMENT_3D('',#9358,#7539,#7540);
#6122=AXIS2_PLACEMENT_3D('',#9360,#7541,#7542);
#6123=AXIS2_PLACEMENT_3D('',#9362,#7543,#7544);
#6124=AXIS2_PLACEMENT_3D('',#9364,#7545,#7546);
#6125=AXIS2_PLACEMENT_3D('',#9366,#7547,#7548);
#6126=AXIS2_PLACEMENT_3D('',#9370,#7550,#7551);
#6127=AXIS2_PLACEMENT_3D('',#9372,#7552,#7553);
#6128=AXIS2_PLACEMENT_3D('',#9374,#7554,#7555);
#6129=AXIS2_PLACEMENT_3D('',#9376,#7556,#7557);
#6130=AXIS2_PLACEMENT_3D('',#9378,#7558,#7559);
#6131=AXIS2_PLACEMENT_3D('',#9380,#7560,#7561);
#6132=AXIS2_PLACEMENT_3D('',#9382,#7562,#7563);
#6133=AXIS2_PLACEMENT_3D('',#9384,#7564,#7565);
#6134=AXIS2_PLACEMENT_3D('',#9386,#7566,#7567);
#6135=AXIS2_PLACEMENT_3D('',#9388,#7568,#7569);
#6136=AXIS2_PLACEMENT_3D('',#9390,#7570,#7571);
#6137=AXIS2_PLACEMENT_3D('',#9392,#7572,#7573);
#6138=AXIS2_PLACEMENT_3D('',#9394,#7574,#7575);
#6139=AXIS2_PLACEMENT_3D('',#9396,#7576,#7577);
#6140=AXIS2_PLACEMENT_3D('',#9435,#7597,#7598);
#6141=AXIS2_PLACEMENT_3D('',#9438,#7601,#7602);
#6142=AXIS2_PLACEMENT_3D('',#9440,#7604,#7605);
#6143=AXIS2_PLACEMENT_3D('',#9442,#7607,#7608);
#6144=AXIS2_PLACEMENT_3D('',#9444,#7610,#7611);
#6145=AXIS2_PLACEMENT_3D('',#9446,#7613,#7614);
#6146=AXIS2_PLACEMENT_3D('',#9448,#7616,#7617);
#6147=AXIS2_PLACEMENT_3D('',#9450,#7619,#7620);
#6148=AXIS2_PLACEMENT_3D('',#9451,#7621,#7622);
#6149=AXIS2_PLACEMENT_3D('',#9454,#7625,#7626);
#6150=AXIS2_PLACEMENT_3D('',#9456,#7628,#7629);
#6151=AXIS2_PLACEMENT_3D('',#9458,#7631,#7632);
#6152=AXIS2_PLACEMENT_3D('',#9460,#7634,#7635);
#6153=AXIS2_PLACEMENT_3D('',#9462,#7637,#7638);
#6154=AXIS2_PLACEMENT_3D('',#9464,#7640,#7641);
#6155=AXIS2_PLACEMENT_3D('',#9466,#7643,#7644);
#6156=AXIS2_PLACEMENT_3D('',#9468,#7646,#7647);
#6157=AXIS2_PLACEMENT_3D('',#9470,#7649,#7650);
#6158=AXIS2_PLACEMENT_3D('',#9472,#7652,#7653);
#6159=AXIS2_PLACEMENT_3D('',#9474,#7655,#7656);
#6160=AXIS2_PLACEMENT_3D('',#9476,#7658,#7659);
#6161=AXIS2_PLACEMENT_3D('',#9478,#7661,#7662);
#6162=AXIS2_PLACEMENT_3D('',#9480,#7664,#7665);
#6163=AXIS2_PLACEMENT_3D('',#9482,#7667,#7668);
#6164=AXIS2_PLACEMENT_3D('',#9484,#7670,#7671);
#6165=AXIS2_PLACEMENT_3D('',#9486,#7673,#7674);
#6166=AXIS2_PLACEMENT_3D('',#9488,#7676,#7677);
#6167=AXIS2_PLACEMENT_3D('',#9490,#7679,#7680);
#6168=AXIS2_PLACEMENT_3D('',#9492,#7682,#7683);
#6169=AXIS2_PLACEMENT_3D('',#9494,#7685,#7686);
#6170=AXIS2_PLACEMENT_3D('',#9496,#7688,#7689);
#6171=AXIS2_PLACEMENT_3D('',#9498,#7691,#7692);
#6172=AXIS2_PLACEMENT_3D('',#9500,#7694,#7695);
#6173=AXIS2_PLACEMENT_3D('',#9502,#7697,#7698);
#6174=AXIS2_PLACEMENT_3D('',#9504,#7700,#7701);
#6175=AXIS2_PLACEMENT_3D('',#9506,#7703,#7704);
#6176=AXIS2_PLACEMENT_3D('',#9508,#7706,#7707);
#6177=AXIS2_PLACEMENT_3D('',#9510,#7709,#7710);
#6178=AXIS2_PLACEMENT_3D('',#9511,#7711,#7712);
#6179=AXIS2_PLACEMENT_3D('',#9514,#7715,#7716);
#6180=AXIS2_PLACEMENT_3D('',#9516,#7718,#7719);
#6181=AXIS2_PLACEMENT_3D('',#9518,#7721,#7722);
#6182=AXIS2_PLACEMENT_3D('',#9520,#7724,#7725);
#6183=AXIS2_PLACEMENT_3D('',#9522,#7727,#7728);
#6184=AXIS2_PLACEMENT_3D('',#9524,#7730,#7731);
#6185=AXIS2_PLACEMENT_3D('',#9526,#7733,#7734);
#6186=AXIS2_PLACEMENT_3D('',#9528,#7736,#7737);
#6187=AXIS2_PLACEMENT_3D('',#9530,#7739,#7740);
#6188=AXIS2_PLACEMENT_3D('',#9532,#7742,#7743);
#6189=AXIS2_PLACEMENT_3D('',#9534,#7745,#7746);
#6190=AXIS2_PLACEMENT_3D('',#9536,#7748,#7749);
#6191=AXIS2_PLACEMENT_3D('',#9538,#7751,#7752);
#6192=AXIS2_PLACEMENT_3D('',#9540,#7754,#7755);
#6193=AXIS2_PLACEMENT_3D('',#9542,#7757,#7758);
#6194=AXIS2_PLACEMENT_3D('',#9544,#7760,#7761);
#6195=AXIS2_PLACEMENT_3D('',#9546,#7763,#7764);
#6196=AXIS2_PLACEMENT_3D('',#9548,#7766,#7767);
#6197=AXIS2_PLACEMENT_3D('',#9550,#7769,#7770);
#6198=AXIS2_PLACEMENT_3D('',#9552,#7772,#7773);
#6199=AXIS2_PLACEMENT_3D('',#9554,#7775,#7776);
#6200=AXIS2_PLACEMENT_3D('',#9556,#7778,#7779);
#6201=AXIS2_PLACEMENT_3D('',#9558,#7781,#7782);
#6202=AXIS2_PLACEMENT_3D('',#9560,#7784,#7785);
#6203=AXIS2_PLACEMENT_3D('',#9562,#7787,#7788);
#6204=AXIS2_PLACEMENT_3D('',#9563,#7789,#7790);
#6205=AXIS2_PLACEMENT_3D('',#9566,#7793,#7794);
#6206=AXIS2_PLACEMENT_3D('',#9568,#7796,#7797);
#6207=AXIS2_PLACEMENT_3D('',#9570,#7799,#7800);
#6208=AXIS2_PLACEMENT_3D('',#9572,#7802,#7803);
#6209=AXIS2_PLACEMENT_3D('',#9574,#7805,#7806);
#6210=AXIS2_PLACEMENT_3D('',#9576,#7808,#7809);
#6211=AXIS2_PLACEMENT_3D('',#9578,#7811,#7812);
#6212=AXIS2_PLACEMENT_3D('',#9579,#7813,#7814);
#6213=AXIS2_PLACEMENT_3D('',#9582,#7817,#7818);
#6214=AXIS2_PLACEMENT_3D('',#9584,#7820,#7821);
#6215=AXIS2_PLACEMENT_3D('',#9586,#7823,#7824);
#6216=AXIS2_PLACEMENT_3D('',#9588,#7826,#7827);
#6217=AXIS2_PLACEMENT_3D('',#9590,#7829,#7830);
#6218=AXIS2_PLACEMENT_3D('',#9592,#7832,#7833);
#6219=AXIS2_PLACEMENT_3D('',#9594,#7835,#7836);
#6220=AXIS2_PLACEMENT_3D('',#9605,#7839,#7840);
#6221=AXIS2_PLACEMENT_3D('',#9607,#7842,#7843);
#6222=AXIS2_PLACEMENT_3D('',#9609,#7845,#7846);
#6223=AXIS2_PLACEMENT_3D('',#9611,#7848,#7849);
#6224=AXIS2_PLACEMENT_3D('',#9613,#7851,#7852);
#6225=AXIS2_PLACEMENT_3D('',#9633,#7856,#7857);
#6226=AXIS2_PLACEMENT_3D('',#9635,#7859,#7860);
#6227=AXIS2_PLACEMENT_3D('',#9637,#7862,#7863);
#6228=AXIS2_PLACEMENT_3D('',#9639,#7865,#7866);
#6229=AXIS2_PLACEMENT_3D('',#9641,#7868,#7869);
#6230=AXIS2_PLACEMENT_3D('',#9643,#7871,#7872);
#6231=AXIS2_PLACEMENT_3D('',#9645,#7874,#7875);
#6232=AXIS2_PLACEMENT_3D('',#9647,#7877,#7878);
#6233=AXIS2_PLACEMENT_3D('',#9649,#7880,#7881);
#6234=AXIS2_PLACEMENT_3D('',#9651,#7883,#7884);
#6235=AXIS2_PLACEMENT_3D('',#9653,#7886,#7887);
#6236=AXIS2_PLACEMENT_3D('',#9664,#7890,#7891);
#6237=AXIS2_PLACEMENT_3D('',#9666,#7893,#7894);
#6238=AXIS2_PLACEMENT_3D('',#9668,#7896,#7897);
#6239=AXIS2_PLACEMENT_3D('',#9670,#7899,#7900);
#6240=AXIS2_PLACEMENT_3D('',#9671,#7901,#7902);
#6241=AXIS2_PLACEMENT_3D('',#9674,#7905,#7906);
#6242=AXIS2_PLACEMENT_3D('',#9676,#7908,#7909);
#6243=AXIS2_PLACEMENT_3D('',#9678,#7911,#7912);
#6244=AXIS2_PLACEMENT_3D('',#9680,#7914,#7915);
#6245=AXIS2_PLACEMENT_3D('',#9682,#7917,#7918);
#6246=AXIS2_PLACEMENT_3D('',#9684,#7920,#7921);
#6247=AXIS2_PLACEMENT_3D('',#9686,#7923,#7924);
#6248=AXIS2_PLACEMENT_3D('',#9688,#7926,#7927);
#6249=AXIS2_PLACEMENT_3D('',#9690,#7929,#7930);
#6250=AXIS2_PLACEMENT_3D('',#9692,#7932,#7933);
#6251=AXIS2_PLACEMENT_3D('',#9693,#7934,#7935);
#6252=DIRECTION('',(0.,0.,1.));
#6253=DIRECTION('',(1.,0.,0.));
#6254=DIRECTION('',(0.707106781186548,0.707106781186548,0.));
#6255=DIRECTION('',(-0.707106781186548,0.707106781186548,0.));
#6256=DIRECTION('',(0.707106781186548,-0.707106781186548,0.));
#6257=DIRECTION('',(0.,0.,-1.));
#6258=DIRECTION('',(0.707106781186548,-0.707106781186548,0.));
#6259=DIRECTION('',(0.,0.,-1.));
#6260=DIRECTION('',(0.,1.,0.));
#6261=DIRECTION('',(0.,0.,1.));
#6262=DIRECTION('',(1.,0.,0.));
#6263=DIRECTION('',(0.,0.,-1.));
#6264=DIRECTION('',(1.,0.,0.));
#6265=DIRECTION('',(-1.,0.,0.));
#6266=DIRECTION('',(0.,0.,1.));
#6267=DIRECTION('',(0.,1.,0.));
#6268=DIRECTION('',(0.,0.,-1.));
#6269=DIRECTION('',(0.,1.,0.));
#6270=DIRECTION('',(0.,-1.,0.));
#6271=DIRECTION('',(0.,0.,-1.));
#6272=DIRECTION('',(-1.,0.,0.));
#6273=DIRECTION('',(0.,0.,-1.));
#6274=DIRECTION('',(-1.,0.,0.));
#6275=DIRECTION('',(0.707106781186548,0.707106781186548,0.));
#6276=DIRECTION('',(-0.707106781186548,0.707106781186548,0.));
#6277=DIRECTION('',(0.707106781186548,-0.707106781186548,0.));
#6278=DIRECTION('',(0.,0.,-1.));
#6279=DIRECTION('',(0.707106781186548,-0.707106781186548,0.));
#6280=DIRECTION('',(1.,0.,0.));
#6281=DIRECTION('',(0.,0.,-1.));
#6282=DIRECTION('',(0.,-1.,0.));
#6283=DIRECTION('',(0.,0.,-1.));
#6284=DIRECTION('',(0.,-1.,0.));
#6285=DIRECTION('',(0.,1.,0.));
#6286=DIRECTION('',(0.,0.,1.));
#6287=DIRECTION('',(1.,0.,0.));
#6288=DIRECTION('',(0.,0.,-1.));
#6289=DIRECTION('',(1.,0.,0.));
#6290=DIRECTION('',(1.,0.,0.));
#6291=DIRECTION('',(0.,0.,-1.));
#6292=DIRECTION('',(0.,-1.,0.));
#6293=DIRECTION('',(0.,-1.,0.));
#6294=DIRECTION('',(0.,0.,1.));
#6295=DIRECTION('',(1.,0.,0.));
#6296=DIRECTION('',(0.,0.,1.));
#6297=DIRECTION('',(1.,0.,0.));
#6298=DIRECTION('',(0.,0.,1.));
#6299=DIRECTION('',(1.,0.,0.));
#6300=DIRECTION('',(0.,0.,1.));
#6301=DIRECTION('',(1.,0.,0.));
#6302=DIRECTION('',(0.,1.,0.));
#6303=DIRECTION('',(1.,0.,0.));
#6304=DIRECTION('',(0.,-1.,0.));
#6305=DIRECTION('',(-0.53418810499546,-0.845365641886018,0.));
#6306=DIRECTION('',(-1.,0.,0.));
#6307=DIRECTION('',(0.,1.,0.));
#6308=DIRECTION('',(0.,0.,1.));
#6309=DIRECTION('',(-1.,0.,0.));
#6310=DIRECTION('',(0.,0.,1.));
#6311=DIRECTION('',(0.,0.,1.));
#6312=DIRECTION('',(-0.845365641886018,0.53418810499546,0.));
#6313=DIRECTION('',(-0.53418810499546,-0.845365641886018,0.));
#6314=DIRECTION('',(-0.53418810499546,-0.845365641886018,0.));
#6315=DIRECTION('',(0.,0.,1.));
#6316=DIRECTION('',(-1.,0.,0.));
#6317=DIRECTION('',(0.,0.,1.));
#6318=DIRECTION('',(0.,-1.,0.));
#6319=DIRECTION('',(0.,0.,1.));
#6320=DIRECTION('',(0.,-1.,0.));
#6321=DIRECTION('',(0.,0.,-1.));
#6322=DIRECTION('',(1.,0.,0.));
#6323=DIRECTION('',(0.,0.,1.));
#6324=DIRECTION('',(1.,0.,0.));
#6325=DIRECTION('',(0.,0.,-1.));
#6326=DIRECTION('',(0.,1.,0.));
#6327=DIRECTION('',(0.,0.,1.));
#6328=DIRECTION('',(1.,0.,0.));
#6329=DIRECTION('',(0.,0.,1.));
#6330=DIRECTION('',(1.,0.,0.));
#6331=DIRECTION('',(1.,0.,0.));
#6332=DIRECTION('',(0.,0.,-1.));
#6333=DIRECTION('',(0.,-1.,0.));
#6334=DIRECTION('',(0.,0.,-1.));
#6335=DIRECTION('',(0.,-1.,0.));
#6336=DIRECTION('',(0.,0.,-1.));
#6337=DIRECTION('',(0.,-1.,0.));
#6338=DIRECTION('',(0.,0.,-1.));
#6339=DIRECTION('',(-1.,0.,0.));
#6340=DIRECTION('',(0.,0.,-1.));
#6341=DIRECTION('',(-1.,0.,0.));
#6342=DIRECTION('',(0.707106781186548,-0.707106781186548,0.));
#6343=DIRECTION('',(0.707106781186548,0.707106781186548,0.));
#6344=DIRECTION('',(-0.707106781186548,-0.707106781186548,0.));
#6345=DIRECTION('',(0.,0.,-1.));
#6346=DIRECTION('',(-0.707106781186548,-0.707106781186548,0.));
#6347=DIRECTION('',(1.,0.,0.));
#6348=DIRECTION('',(0.,0.,-1.));
#6349=DIRECTION('',(0.,-1.,0.));
#6350=DIRECTION('',(0.,0.,-1.));
#6351=DIRECTION('',(0.,-1.,0.));
#6352=DIRECTION('',(0.,1.,0.));
#6353=DIRECTION('',(0.,0.,1.));
#6354=DIRECTION('',(1.,0.,0.));
#6355=DIRECTION('',(0.,0.,-1.));
#6356=DIRECTION('',(1.,0.,0.));
#6357=DIRECTION('',(-1.,0.,0.));
#6358=DIRECTION('',(0.,0.,1.));
#6359=DIRECTION('',(0.,1.,0.));
#6360=DIRECTION('',(0.,0.,-1.));
#6361=DIRECTION('',(0.,1.,0.));
#6362=DIRECTION('',(0.707106781186548,-0.707106781186548,0.));
#6363=DIRECTION('',(0.707106781186548,0.707106781186548,0.));
#6364=DIRECTION('',(-0.707106781186548,-0.707106781186548,0.));
#6365=DIRECTION('',(0.,0.,-1.));
#6366=DIRECTION('',(-0.707106781186548,-0.707106781186548,0.));
#6367=DIRECTION('',(-1.0842021724855E-15,-1.,0.));
#6368=DIRECTION('',(1.,-1.0842021724855E-15,0.));
#6369=DIRECTION('',(-1.,1.0842021724855E-15,0.));
#6370=DIRECTION('',(-1.,1.0842021724855E-15,0.));
#6371=DIRECTION('',(0.,0.,1.));
#6372=DIRECTION('',(1.,0.,0.));
#6373=DIRECTION('',(0.,0.,1.));
#6374=DIRECTION('',(1.,0.,0.));
#6375=DIRECTION('',(0.,0.,1.));
#6376=DIRECTION('',(1.,0.,0.));
#6377=DIRECTION('',(0.,-1.,0.));
#6378=DIRECTION('',(0.,0.,-1.));
#6379=DIRECTION('',(-1.,0.,0.));
#6380=DIRECTION('',(0.,0.,-1.));
#6381=DIRECTION('',(-1.,0.,0.));
#6382=DIRECTION('',(0.,0.,-1.));
#6383=DIRECTION('',(-1.,0.,0.));
#6384=DIRECTION('',(0.,0.,1.));
#6385=DIRECTION('',(0.,1.,0.));
#6386=DIRECTION('',(0.,0.,-1.));
#6387=DIRECTION('',(0.,1.,0.));
#6388=DIRECTION('',(-0.707106781186547,-0.707106781186549,0.));
#6389=DIRECTION('',(0.707106781186549,-0.707106781186547,0.));
#6390=DIRECTION('',(-0.707106781186549,0.707106781186547,0.));
#6391=DIRECTION('',(0.,0.,-1.));
#6392=DIRECTION('',(-0.707106781186549,0.707106781186547,0.));
#6393=DIRECTION('',(0.,-1.,0.));
#6394=DIRECTION('',(0.,0.,-1.));
#6395=DIRECTION('',(-1.,0.,0.));
#6396=DIRECTION('',(0.,0.,-1.));
#6397=DIRECTION('',(-1.,0.,0.));
#6398=DIRECTION('',(1.,0.,0.));
#6399=DIRECTION('',(0.,0.,-1.));
#6400=DIRECTION('',(0.,-1.,0.));
#6401=DIRECTION('',(0.,0.,-1.));
#6402=DIRECTION('',(0.,-1.,0.));
#6403=DIRECTION('',(1.0842021724855E-15,1.,0.));
#6404=DIRECTION('',(-1.,1.0842021724855E-15,0.));
#6405=DIRECTION('',(1.,-1.0842021724855E-15,0.));
#6406=DIRECTION('',(0.,0.,-1.));
#6407=DIRECTION('',(1.,-1.0842021724855E-15,0.));
#6408=DIRECTION('',(0.707106781186548,0.707106781186547,0.));
#6409=DIRECTION('',(-0.707106781186547,0.707106781186548,0.));
#6410=DIRECTION('',(0.707106781186547,-0.707106781186548,0.));
#6411=DIRECTION('',(0.,0.,-1.));
#6412=DIRECTION('',(0.707106781186547,-0.707106781186548,0.));
#6413=DIRECTION('',(-1.,0.,0.));
#6414=DIRECTION('',(0.,0.,1.));
#6415=DIRECTION('',(0.,1.,0.));
#6416=DIRECTION('',(0.,1.,0.));
#6417=DIRECTION('',(0.,0.,1.));
#6418=DIRECTION('',(1.,0.,0.));
#6419=DIRECTION('',(0.,0.,1.));
#6420=DIRECTION('',(1.,0.,0.));
#6421=DIRECTION('',(0.,0.,1.));
#6422=DIRECTION('',(1.,0.,0.));
#6423=DIRECTION('',(-1.,0.,0.));
#6424=DIRECTION('',(0.,0.,1.));
#6425=DIRECTION('',(0.,1.,0.));
#6426=DIRECTION('',(0.,0.,-1.));
#6427=DIRECTION('',(0.,1.,0.));
#6428=DIRECTION('',(0.,0.,-1.));
#6429=DIRECTION('',(0.,1.,0.));
#6430=DIRECTION('',(0.,0.,1.));
#6431=DIRECTION('',(1.,0.,0.));
#6432=DIRECTION('',(0.,0.,-1.));
#6433=DIRECTION('',(1.,0.,0.));
#6434=DIRECTION('',(-0.707106781186548,0.707106781186548,0.));
#6435=DIRECTION('',(-0.707106781186548,-0.707106781186548,0.));
#6436=DIRECTION('',(0.707106781186548,0.707106781186548,0.));
#6437=DIRECTION('',(0.,0.,-1.));
#6438=DIRECTION('',(0.707106781186548,0.707106781186548,0.));
#6439=DIRECTION('',(-1.,0.,0.));
#6440=DIRECTION('',(0.,0.,1.));
#6441=DIRECTION('',(0.,1.,0.));
#6442=DIRECTION('',(0.,0.,-1.));
#6443=DIRECTION('',(0.,1.,0.));
#6444=DIRECTION('',(-1.01192202765314E-15,-1.,0.));
#6445=DIRECTION('',(1.,-1.01192202765314E-15,0.));
#6446=DIRECTION('',(-1.,1.01192202765314E-15,0.));
#6447=DIRECTION('',(0.,0.,-1.));
#6448=DIRECTION('',(-1.,1.01192202765314E-15,0.));
#6449=DIRECTION('',(1.,0.,0.));
#6450=DIRECTION('',(0.,0.,-1.));
#6451=DIRECTION('',(0.,-1.,0.));
#6452=DIRECTION('',(0.,0.,-1.));
#6453=DIRECTION('',(0.,-1.,0.));
#6454=DIRECTION('',(0.707106781186547,-0.707106781186548,0.));
#6455=DIRECTION('',(0.707106781186548,0.707106781186547,0.));
#6456=DIRECTION('',(-0.707106781186548,-0.707106781186547,0.));
#6457=DIRECTION('',(0.,0.,-1.));
#6458=DIRECTION('',(-0.707106781186548,-0.707106781186547,0.));
#6459=DIRECTION('',(0.,1.,0.));
#6460=DIRECTION('',(0.,0.,1.));
#6461=DIRECTION('',(1.,0.,0.));
#6462=DIRECTION('',(1.,0.,0.));
#6463=DIRECTION('',(0.,0.,1.));
#6464=DIRECTION('',(1.,0.,0.));
#6465=DIRECTION('',(0.,0.,1.));
#6466=DIRECTION('',(1.,0.,0.));
#6467=DIRECTION('',(0.,0.,1.));
#6468=DIRECTION('',(1.,0.,0.));
#6469=DIRECTION('',(0.,0.,1.));
#6470=DIRECTION('',(1.,0.,0.));
#6471=DIRECTION('',(0.,0.,1.));
#6472=DIRECTION('',(1.,0.,0.));
#6473=DIRECTION('',(-1.,0.,0.));
#6474=DIRECTION('',(0.451196672224779,0.892424541893199,0.));
#6475=DIRECTION('',(0.,1.,0.));
#6476=DIRECTION('',(-1.,0.,0.));
#6477=DIRECTION('',(0.,1.,0.));
#6478=DIRECTION('',(1.,0.,0.));
#6479=DIRECTION('',(0.,-1.,0.));
#6480=DIRECTION('',(-0.448858436333101,-0.893602878314861,0.));
#6481=DIRECTION('',(-1.,0.,0.));
#6482=DIRECTION('',(0.,1.,0.));
#6483=DIRECTION('',(0.674331819856612,0.738428464191941,0.));
#6484=DIRECTION('',(0.,0.,1.));
#6485=DIRECTION('',(1.,0.,0.));
#6486=DIRECTION('',(0.,0.,1.));
#6487=DIRECTION('',(1.,0.,0.));
#6488=DIRECTION('',(-4.62262705160685E-15,9.74213678928302E-16,1.));
#6489=DIRECTION('',(0.914058963509388,-0.405581325048556,5.28227214252901E-15));
#6490=DIRECTION('',(0.,0.,1.));
#6491=DIRECTION('',(1.,0.,0.));
#6492=DIRECTION('',(0.,0.,1.));
#6493=DIRECTION('',(1.,0.,0.));
#6494=DIRECTION('',(0.,0.,1.));
#6495=DIRECTION('',(1.,0.,0.));
#6496=DIRECTION('',(0.,0.,1.));
#6497=DIRECTION('',(1.,0.,0.));
#6498=DIRECTION('',(0.,0.,1.));
#6499=DIRECTION('',(1.,0.,0.));
#6500=DIRECTION('',(0.,0.,1.));
#6501=DIRECTION('',(1.,0.,0.));
#6502=DIRECTION('',(-1.,0.,0.));
#6503=DIRECTION('',(0.,0.,1.));
#6504=DIRECTION('',(1.,0.,0.));
#6505=DIRECTION('',(0.,0.,1.));
#6506=DIRECTION('',(1.,0.,0.));
#6507=DIRECTION('',(0.,0.,1.));
#6508=DIRECTION('',(1.,0.,0.));
#6509=DIRECTION('',(0.,0.,1.));
#6510=DIRECTION('',(1.,0.,0.));
#6511=DIRECTION('',(0.,0.,1.));
#6512=DIRECTION('',(1.,0.,0.));
#6513=DIRECTION('',(0.,0.,1.));
#6514=DIRECTION('',(1.,0.,0.));
#6515=DIRECTION('',(0.,0.,1.));
#6516=DIRECTION('',(1.,0.,0.));
#6517=DIRECTION('',(0.,0.,1.));
#6518=DIRECTION('',(1.,0.,0.));
#6519=DIRECTION('',(0.,0.,1.));
#6520=DIRECTION('',(1.,0.,0.));
#6521=DIRECTION('',(-0.682527660434953,-0.730859762704987,0.));
#6522=DIRECTION('',(0.,-1.,0.));
#6523=DIRECTION('',(1.,0.,0.));
#6524=DIRECTION('',(0.,-1.,0.));
#6525=DIRECTION('',(1.,0.,0.));
#6526=DIRECTION('',(0.707106781186548,0.707106781186548,0.));
#6527=DIRECTION('',(0.,1.,0.));
#6528=DIRECTION('',(-0.707106781186549,0.707106781186547,0.));
#6529=DIRECTION('',(-1.,0.,0.));
#6530=DIRECTION('',(-0.707106781186548,-0.707106781186548,0.));
#6531=DIRECTION('',(0.,-1.,0.));
#6532=DIRECTION('',(0.707106781186548,-0.707106781186548,0.));
#6533=DIRECTION('',(0.,-1.,0.));
#6534=DIRECTION('',(1.,0.,0.));
#6535=DIRECTION('',(0.,-1.,0.));
#6536=DIRECTION('',(-1.,0.,0.));
#6537=DIRECTION('',(0.,-1.,0.));
#6538=DIRECTION('',(-1.,0.,0.));
#6539=DIRECTION('',(0.,1.,0.));
#6540=DIRECTION('',(-1.,0.,0.));
#6541=DIRECTION('',(0.,1.,0.));
#6542=DIRECTION('',(0.534101076907864,0.845420628826775,0.));
#6543=DIRECTION('',(1.,0.,0.));
#6544=DIRECTION('',(0.,0.,1.));
#6545=DIRECTION('',(1.,0.,0.));
#6546=DIRECTION('',(0.,0.,1.));
#6547=DIRECTION('',(1.,0.,0.));
#6548=DIRECTION('',(0.,0.,1.));
#6549=DIRECTION('',(1.,0.,0.));
#6550=DIRECTION('',(0.,0.,1.));
#6551=DIRECTION('',(1.,0.,0.));
#6552=DIRECTION('',(0.,0.,1.));
#6553=DIRECTION('',(1.,0.,0.));
#6554=DIRECTION('',(0.,0.,1.));
#6555=DIRECTION('',(1.,0.,0.));
#6556=DIRECTION('',(0.,0.,1.));
#6557=DIRECTION('',(1.,0.,0.));
#6558=DIRECTION('',(0.,0.,1.));
#6559=DIRECTION('',(1.,0.,0.));
#6560=DIRECTION('',(0.,0.,1.));
#6561=DIRECTION('',(1.,0.,0.));
#6562=DIRECTION('',(0.,0.,1.));
#6563=DIRECTION('',(1.,0.,0.));
#6564=DIRECTION('',(0.,0.,1.));
#6565=DIRECTION('',(1.,0.,0.));
#6566=DIRECTION('',(0.,-1.,0.));
#6567=DIRECTION('',(0.,0.,1.));
#6568=DIRECTION('',(1.,0.,0.));
#6569=DIRECTION('',(0.,0.,1.));
#6570=DIRECTION('',(1.,0.,0.));
#6571=DIRECTION('',(0.,0.,1.));
#6572=DIRECTION('',(1.,0.,0.));
#6573=DIRECTION('',(0.,0.,1.));
#6574=DIRECTION('',(1.,0.,0.));
#6575=DIRECTION('',(0.,1.,0.));
#6576=DIRECTION('',(0.,0.,1.));
#6577=DIRECTION('',(1.,0.,0.));
#6578=DIRECTION('',(0.,0.,1.));
#6579=DIRECTION('',(1.,0.,0.));
#6580=DIRECTION('',(0.,0.,1.));
#6581=DIRECTION('',(1.,0.,0.));
#6582=DIRECTION('',(0.,0.,1.));
#6583=DIRECTION('',(1.,0.,0.));
#6584=DIRECTION('',(0.,0.,1.));
#6585=DIRECTION('',(1.,0.,0.));
#6586=DIRECTION('',(0.,0.,1.));
#6587=DIRECTION('',(1.,0.,0.));
#6588=DIRECTION('',(0.,0.,1.));
#6589=DIRECTION('',(1.,0.,0.));
#6590=DIRECTION('',(0.,0.,1.));
#6591=DIRECTION('',(1.,0.,0.));
#6592=DIRECTION('',(0.,0.,1.));
#6593=DIRECTION('',(1.,0.,0.));
#6594=DIRECTION('',(0.,0.,1.));
#6595=DIRECTION('',(1.,0.,0.));
#6596=DIRECTION('',(0.,0.,1.));
#6597=DIRECTION('',(1.,0.,0.));
#6598=DIRECTION('',(0.,0.,1.));
#6599=DIRECTION('',(1.,0.,0.));
#6600=DIRECTION('',(-1.,0.,0.));
#6601=DIRECTION('',(0.,0.,1.));
#6602=DIRECTION('',(1.,0.,0.));
#6603=DIRECTION('',(0.,0.,1.));
#6604=DIRECTION('',(1.,0.,0.));
#6605=DIRECTION('',(0.,0.,1.));
#6606=DIRECTION('',(1.,0.,0.));
#6607=DIRECTION('',(0.,0.,1.));
#6608=DIRECTION('',(1.,0.,0.));
#6609=DIRECTION('',(0.,0.,1.));
#6610=DIRECTION('',(1.,0.,0.));
#6611=DIRECTION('',(0.,0.,1.));
#6612=DIRECTION('',(1.,0.,0.));
#6613=DIRECTION('',(0.,0.,1.));
#6614=DIRECTION('',(1.,0.,0.));
#6615=DIRECTION('',(0.,0.,1.));
#6616=DIRECTION('',(1.,0.,0.));
#6617=DIRECTION('',(0.,0.,1.));
#6618=DIRECTION('',(1.,0.,0.));
#6619=DIRECTION('',(0.,0.,1.));
#6620=DIRECTION('',(1.,0.,0.));
#6621=DIRECTION('',(0.,0.,1.));
#6622=DIRECTION('',(1.,0.,0.));
#6623=DIRECTION('',(0.,0.,1.));
#6624=DIRECTION('',(1.,0.,0.));
#6625=DIRECTION('',(0.,0.,1.));
#6626=DIRECTION('',(1.,0.,0.));
#6627=DIRECTION('',(0.,0.,1.));
#6628=DIRECTION('',(1.,0.,0.));
#6629=DIRECTION('',(1.,0.,0.));
#6630=DIRECTION('',(0.,0.,1.));
#6631=DIRECTION('',(1.,0.,0.));
#6632=DIRECTION('',(0.,0.,1.));
#6633=DIRECTION('',(1.,0.,0.));
#6634=DIRECTION('',(0.,0.,1.));
#6635=DIRECTION('',(1.,0.,0.));
#6636=DIRECTION('',(0.,0.,1.));
#6637=DIRECTION('',(1.,0.,0.));
#6638=DIRECTION('',(0.,0.,1.));
#6639=DIRECTION('',(1.,0.,0.));
#6640=DIRECTION('',(0.,0.,1.));
#6641=DIRECTION('',(1.,0.,0.));
#6642=DIRECTION('',(0.,0.,1.));
#6643=DIRECTION('',(1.,0.,0.));
#6644=DIRECTION('',(0.,0.,1.));
#6645=DIRECTION('',(1.,0.,0.));
#6646=DIRECTION('',(0.,0.,1.));
#6647=DIRECTION('',(1.,0.,0.));
#6648=DIRECTION('',(0.,0.,1.));
#6649=DIRECTION('',(1.,0.,0.));
#6650=DIRECTION('',(0.,0.,1.));
#6651=DIRECTION('',(1.,0.,0.));
#6652=DIRECTION('',(0.,0.,1.));
#6653=DIRECTION('',(1.,0.,0.));
#6654=DIRECTION('',(0.,0.,1.));
#6655=DIRECTION('',(1.,0.,0.));
#6656=DIRECTION('',(0.,-1.,0.));
#6657=DIRECTION('',(0.,0.,-1.));
#6658=DIRECTION('',(-1.,0.,0.));
#6659=DIRECTION('',(0.,0.,-1.));
#6660=DIRECTION('',(0.,0.,-1.));
#6661=DIRECTION('',(1.,0.,0.));
#6662=DIRECTION('',(0.,0.,-1.));
#6663=DIRECTION('',(0.,-1.,0.));
#6664=DIRECTION('',(0.,0.,-1.));
#6665=DIRECTION('',(0.,0.,-1.));
#6666=DIRECTION('',(0.,1.,0.));
#6667=DIRECTION('',(0.,0.,1.));
#6668=DIRECTION('',(1.,0.,0.));
#6669=DIRECTION('',(0.,0.,-1.));
#6670=DIRECTION('',(0.,0.,-1.));
#6671=DIRECTION('',(-1.,0.,0.));
#6672=DIRECTION('',(0.,0.,1.));
#6673=DIRECTION('',(0.,1.,0.));
#6674=DIRECTION('',(0.,0.,-1.));
#6675=DIRECTION('',(0.,0.,-1.));
#6676=DIRECTION('',(0.,0.,1.));
#6677=DIRECTION('',(1.,0.,0.));
#6678=DIRECTION('',(-0.707106781186548,-0.707106781186548,0.));
#6679=DIRECTION('',(-0.707106781186549,0.707106781186547,0.));
#6680=DIRECTION('',(0.707106781186548,0.707106781186548,0.));
#6681=DIRECTION('',(0.707106781186548,-0.707106781186548,0.));
#6682=DIRECTION('',(0.707106781186548,0.707106781186548,0.));
#6683=DIRECTION('',(-0.707106781186548,0.707106781186548,0.));
#6684=DIRECTION('',(-0.707106781186547,0.707106781186548,0.));
#6685=DIRECTION('',(-0.707106781186548,-0.707106781186547,0.));
#6686=DIRECTION('',(-0.707106781186547,-0.707106781186549,0.));
#6687=DIRECTION('',(0.707106781186549,-0.707106781186547,0.));
#6688=DIRECTION('',(0.707106781186548,-0.707106781186548,0.));
#6689=DIRECTION('',(0.707106781186548,0.707106781186548,0.));
#6690=DIRECTION('',(1.,0.,0.));
#6691=DIRECTION('',(0.,0.,-1.));
#6692=DIRECTION('',(0.,1.,0.));
#6693=DIRECTION('',(0.,0.,1.));
#6694=DIRECTION('',(0.,0.,1.));
#6695=DIRECTION('',(0.,1.,0.));
#6696=DIRECTION('',(0.,0.,1.));
#6697=DIRECTION('',(-1.,0.,0.));
#6698=DIRECTION('',(0.,0.,1.));
#6699=DIRECTION('',(-1.,0.,0.));
#6700=DIRECTION('',(0.,0.,1.));
#6701=DIRECTION('',(0.,-1.,0.));
#6702=DIRECTION('',(0.,0.,1.));
#6703=DIRECTION('',(0.,-1.,0.));
#6704=DIRECTION('',(0.,0.,-1.));
#6705=DIRECTION('',(1.,0.,0.));
#6706=DIRECTION('',(0.,0.,1.));
#6707=DIRECTION('',(-1.,0.,0.));
#6708=DIRECTION('',(0.,0.,1.));
#6709=DIRECTION('',(0.,-1.,0.));
#6710=DIRECTION('',(0.,0.,1.));
#6711=DIRECTION('',(-0.730859762704987,0.682527660434953,0.));
#6712=DIRECTION('',(-0.682527660434953,-0.730859762704987,0.));
#6713=DIRECTION('',(-0.682527660434953,-0.730859762704987,0.));
#6714=DIRECTION('',(0.,0.,1.));
#6715=DIRECTION('',(0.,0.,1.));
#6716=DIRECTION('',(0.760530019385793,-0.649302771912338,0.));
#6717=DIRECTION('',(0.,0.,1.));
#6718=DIRECTION('',(1.,0.,0.));
#6719=DIRECTION('',(0.,0.,1.));
#6720=DIRECTION('',(0.,0.,1.));
#6721=DIRECTION('',(0.867096102723881,-0.498140892359839,0.));
#6722=DIRECTION('',(0.,0.,1.));
#6723=DIRECTION('',(1.,0.,0.));
#6724=DIRECTION('',(0.,0.,1.));
#6725=DIRECTION('',(0.,0.,1.));
#6726=DIRECTION('',(0.983635345068987,-0.180170774353154,0.));
#6727=DIRECTION('',(0.,0.,1.));
#6728=DIRECTION('',(1.,0.,0.));
#6729=DIRECTION('',(0.,0.,1.));
#6730=DIRECTION('',(0.,0.,1.));
#6731=DIRECTION('',(0.963623588854538,0.267263126905115,0.));
#6732=DIRECTION('',(0.,0.,1.));
#6733=DIRECTION('',(1.,0.,0.));
#6734=DIRECTION('',(0.,0.,1.));
#6735=DIRECTION('',(0.,0.,1.));
#6736=DIRECTION('',(0.686625098282755,0.727011674189759,0.));
#6737=DIRECTION('',(0.,0.,1.));
#6738=DIRECTION('',(1.,0.,0.));
#6739=DIRECTION('',(0.,0.,1.));
#6740=DIRECTION('',(0.,0.,1.));
#6741=DIRECTION('',(0.236916849705145,0.971529930741091,0.));
#6742=DIRECTION('',(0.,0.,1.));
#6743=DIRECTION('',(1.,0.,0.));
#6744=DIRECTION('',(0.,0.,1.));
#6745=DIRECTION('',(0.,0.,1.));
#6746=DIRECTION('',(-0.233164175096043,0.972437384848907,0.));
#6747=DIRECTION('',(0.,0.,1.));
#6748=DIRECTION('',(1.,0.,0.));
#6749=DIRECTION('',(0.,0.,1.));
#6750=DIRECTION('',(0.,0.,1.));
#6751=DIRECTION('',(-0.683650956351845,0.729809132499181,0.));
#6752=DIRECTION('',(0.,0.,1.));
#6753=DIRECTION('',(1.,0.,0.));
#6754=DIRECTION('',(0.,0.,1.));
#6755=DIRECTION('',(0.,0.,1.));
#6756=DIRECTION('',(-0.96574775840521,0.259482691398312,0.));
#6757=DIRECTION('',(0.,0.,1.));
#6758=DIRECTION('',(1.,0.,0.));
#6759=DIRECTION('',(0.,0.,1.));
#6760=DIRECTION('',(0.,1.,0.));
#6761=DIRECTION('',(0.,0.,1.));
#6762=DIRECTION('',(-1.,0.,0.));
#6763=DIRECTION('',(0.,0.,1.));
#6764=DIRECTION('',(0.,0.,1.));
#6765=DIRECTION('',(-0.972305380192824,0.233714029634699,0.));
#6766=DIRECTION('',(0.,0.,1.));
#6767=DIRECTION('',(1.,0.,0.));
#6768=DIRECTION('',(0.,0.,1.));
#6769=DIRECTION('',(0.,0.,1.));
#6770=DIRECTION('',(-0.708548782525149,0.705661833162407,0.));
#6771=DIRECTION('',(0.,0.,1.));
#6772=DIRECTION('',(1.,0.,0.));
#6773=DIRECTION('',(0.,0.,1.));
#6774=DIRECTION('',(0.,0.,1.));
#6775=DIRECTION('',(-0.236345809106891,0.971669006667193,0.));
#6776=DIRECTION('',(0.,0.,1.));
#6777=DIRECTION('',(1.,0.,0.));
#6778=DIRECTION('',(0.,0.,1.));
#6779=DIRECTION('',(0.,0.,1.));
#6780=DIRECTION('',(0.214108617363709,0.976809858657559,0.));
#6781=DIRECTION('',(0.,0.,1.));
#6782=DIRECTION('',(1.,0.,0.));
#6783=DIRECTION('',(0.,0.,1.));
#6784=DIRECTION('',(0.,0.,1.));
#6785=DIRECTION('',(0.65682441072577,0.754043562053775,0.));
#6786=DIRECTION('',(0.,0.,1.));
#6787=DIRECTION('',(1.,0.,0.));
#6788=DIRECTION('',(0.,0.,1.));
#6789=DIRECTION('',(0.,0.,1.));
#6790=DIRECTION('',(0.962286976204902,0.272036349457984,0.));
#6791=DIRECTION('',(0.,0.,1.));
#6792=DIRECTION('',(1.,0.,0.));
#6793=DIRECTION('',(0.,0.,1.));
#6794=DIRECTION('',(0.,0.,1.));
#6795=DIRECTION('',(0.978905146599572,-0.204315231837647,0.));
#6796=DIRECTION('',(-5.99162029387113E-17,1.2627275322167E-17,1.));
#6797=DIRECTION('',(0.914058963509388,-0.405581325048556,0.));
#6798=DIRECTION('',(0.,0.,1.));
#6799=DIRECTION('',(0.,0.,1.));
#6800=DIRECTION('',(0.849998816792422,-0.526784596824435,0.));
#6801=DIRECTION('',(0.,0.,1.));
#6802=DIRECTION('',(1.,0.,0.));
#6803=DIRECTION('',(0.,0.,1.));
#6804=DIRECTION('',(0.,0.,1.));
#6805=DIRECTION('',(0.756897448693212,-0.653533665668194,0.));
#6806=DIRECTION('',(0.,0.,1.));
#6807=DIRECTION('',(1.,0.,0.));
#6808=DIRECTION('',(0.,0.,1.));
#6809=DIRECTION('',(0.738428464191941,-0.674331819856612,0.));
#6810=DIRECTION('',(0.674331819856612,0.738428464191941,0.));
#6811=DIRECTION('',(0.674331819856612,0.738428464191941,0.));
#6812=DIRECTION('',(0.,0.,1.));
#6813=DIRECTION('',(1.,0.,0.));
#6814=DIRECTION('',(0.892424541893199,-0.451196672224779,0.));
#6815=DIRECTION('',(0.451196672224779,0.892424541893199,0.));
#6816=DIRECTION('',(0.451196672224779,0.892424541893199,0.));
#6817=DIRECTION('',(0.,0.,1.));
#6818=DIRECTION('',(0.,0.,1.));
#6819=DIRECTION('',(0.,1.,0.));
#6820=DIRECTION('',(0.,0.,1.));
#6821=DIRECTION('',(-1.,0.,0.));
#6822=DIRECTION('',(0.,0.,1.));
#6823=DIRECTION('',(-0.893602878314861,0.448858436333101,0.));
#6824=DIRECTION('',(-0.448858436333101,-0.893602878314861,0.));
#6825=DIRECTION('',(-0.448858436333101,-0.893602878314861,0.));
#6826=DIRECTION('',(0.,0.,1.));
#6827=DIRECTION('',(-1.,0.,0.));
#6828=DIRECTION('',(0.,0.,1.));
#6829=DIRECTION('',(0.,-1.,0.));
#6830=DIRECTION('',(0.,0.,1.));
#6831=DIRECTION('',(0.,-1.,0.));
#6832=DIRECTION('',(0.,0.,-1.));
#6833=DIRECTION('',(1.,0.,0.));
#6834=DIRECTION('',(0.,0.,1.));
#6835=DIRECTION('',(1.,0.,0.));
#6836=DIRECTION('',(0.,0.,-1.));
#6837=DIRECTION('',(0.,1.,0.));
#6838=DIRECTION('',(0.,0.,1.));
#6839=DIRECTION('',(0.,1.,0.));
#6840=DIRECTION('',(0.,0.,1.));
#6841=DIRECTION('',(-1.,0.,0.));
#6842=DIRECTION('',(0.,0.,1.));
#6843=DIRECTION('',(1.,0.,0.));
#6844=DIRECTION('',(0.,0.,-1.));
#6845=DIRECTION('',(0.,1.,0.));
#6846=DIRECTION('',(0.,0.,1.));
#6847=DIRECTION('',(1.,0.,0.));
#6848=DIRECTION('',(1.,0.,0.));
#6849=DIRECTION('',(0.,0.,-1.));
#6850=DIRECTION('',(0.,1.,0.));
#6851=DIRECTION('',(0.,0.,1.));
#6852=DIRECTION('',(0.,1.,0.));
#6853=DIRECTION('',(0.,0.,1.));
#6854=DIRECTION('',(0.,-1.,0.));
#6855=DIRECTION('',(0.,0.,-1.));
#6856=DIRECTION('',(1.,0.,0.));
#6857=DIRECTION('',(1.,0.,0.));
#6858=DIRECTION('',(0.,0.,1.));
#6859=DIRECTION('',(-1.,0.,0.));
#6860=DIRECTION('',(0.,0.,1.));
#6861=DIRECTION('',(0.,-1.,0.));
#6862=DIRECTION('',(0.,-1.,0.));
#6863=DIRECTION('',(0.,0.,1.));
#6864=DIRECTION('',(-0.845365641886018,0.53418810499546,0.));
#6865=DIRECTION('',(-0.53418810499546,-0.845365641886018,0.));
#6866=DIRECTION('',(-0.53418810499546,-0.845365641886018,0.));
#6867=DIRECTION('',(-0.53418810499546,-0.845365641886018,0.));
#6868=DIRECTION('',(0.,0.,1.));
#6869=DIRECTION('',(0.,-1.,0.));
#6870=DIRECTION('',(0.,0.,-1.));
#6871=DIRECTION('',(1.,0.,0.));
#6872=DIRECTION('',(0.,0.,1.));
#6873=DIRECTION('',(0.,0.,1.));
#6874=DIRECTION('',(-1.,0.,0.));
#6875=DIRECTION('',(0.,0.,1.));
#6876=DIRECTION('',(0.,-1.,0.));
#6877=DIRECTION('',(0.,0.,1.));
#6878=DIRECTION('',(0.,-1.,0.));
#6879=DIRECTION('',(0.,0.,-1.));
#6880=DIRECTION('',(1.,0.,0.));
#6881=DIRECTION('',(0.,0.,1.));
#6882=DIRECTION('',(0.845420628826775,-0.534101076907864,0.));
#6883=DIRECTION('',(0.534101076907864,0.845420628826775,0.));
#6884=DIRECTION('',(0.534101076907864,0.845420628826775,0.));
#6885=DIRECTION('',(0.,0.,1.));
#6886=DIRECTION('',(1.,0.,0.));
#6887=DIRECTION('',(0.,0.,-1.));
#6888=DIRECTION('',(0.,1.,0.));
#6889=DIRECTION('',(0.,0.,1.));
#6890=DIRECTION('',(0.,1.,0.));
#6891=DIRECTION('',(0.,0.,1.));
#6892=DIRECTION('',(-1.,0.,0.));
#6893=DIRECTION('',(0.,0.,1.));
#6894=DIRECTION('',(1.,0.,0.));
#6895=DIRECTION('',(0.,0.,-1.));
#6896=DIRECTION('',(0.,1.,0.));
#6897=DIRECTION('',(0.,0.,1.));
#6898=DIRECTION('',(0.,1.,0.));
#6899=DIRECTION('',(0.,0.,1.));
#6900=DIRECTION('',(-1.,0.,0.));
#6901=DIRECTION('',(0.,0.,1.));
#6902=DIRECTION('',(-1.,0.,0.));
#6903=DIRECTION('',(0.,0.,1.));
#6904=DIRECTION('',(0.,-1.,0.));
#6905=DIRECTION('',(0.,0.,1.));
#6906=DIRECTION('',(0.,1.,0.));
#6907=DIRECTION('',(0.,0.,1.));
#6908=DIRECTION('',(-1.,0.,0.));
#6909=DIRECTION('',(0.,0.,1.));
#6910=DIRECTION('',(-1.,0.,0.));
#6911=DIRECTION('',(0.,0.,1.));
#6912=DIRECTION('',(0.,-1.,0.));
#6913=DIRECTION('',(0.,1.,0.));
#6914=DIRECTION('',(0.,0.,1.));
#6915=DIRECTION('',(-1.,0.,0.));
#6916=DIRECTION('',(-1.,0.,0.));
#6917=DIRECTION('',(0.,0.,1.));
#6918=DIRECTION('',(1.,0.,0.));
#6919=DIRECTION('',(0.,0.,1.));
#6920=DIRECTION('',(-0.239562805128559,-0.970880869313499,0.));
#6921=DIRECTION('',(0.,0.,1.));
#6922=DIRECTION('',(1.,0.,0.));
#6923=DIRECTION('',(0.,0.,1.));
#6924=DIRECTION('',(0.,0.,1.));
#6925=DIRECTION('',(0.,0.,1.));
#6926=DIRECTION('',(0.220353454877529,-0.975420091511107,0.));
#6927=DIRECTION('',(0.,0.,1.));
#6928=DIRECTION('',(1.,0.,0.));
#6929=DIRECTION('',(0.,0.,1.));
#6930=DIRECTION('',(0.,0.,1.));
#6931=DIRECTION('',(0.648546924202005,-0.761174675818973,0.));
#6932=DIRECTION('',(0.,0.,1.));
#6933=DIRECTION('',(1.,0.,0.));
#6934=DIRECTION('',(0.,0.,1.));
#6935=DIRECTION('',(0.,0.,1.));
#6936=DIRECTION('',(0.957400461921544,-0.288763494078485,0.));
#6937=DIRECTION('',(0.,0.,1.));
#6938=DIRECTION('',(1.,0.,0.));
#6939=DIRECTION('',(0.,0.,1.));
#6940=DIRECTION('',(0.,0.,1.));
#6941=DIRECTION('',(0.925209599901263,0.379456448423986,0.));
#6942=DIRECTION('',(0.,0.,1.));
#6943=DIRECTION('',(1.,0.,0.));
#6944=DIRECTION('',(0.,0.,1.));
#6945=DIRECTION('',(0.,0.,1.));
#6946=DIRECTION('',(0.35972715412634,0.933057540875247,0.));
#6947=DIRECTION('',(0.,0.,1.));
#6948=DIRECTION('',(1.,0.,0.));
#6949=DIRECTION('',(0.,0.,1.));
#6950=DIRECTION('',(0.,0.,1.));
#6951=DIRECTION('',(-0.214298938905348,0.976768122321793,0.));
#6952=DIRECTION('',(0.,0.,1.));
#6953=DIRECTION('',(1.,0.,0.));
#6954=DIRECTION('',(0.,0.,1.));
#6955=DIRECTION('',(0.,0.,1.));
#6956=DIRECTION('',(-0.644841226430935,0.764316552676342,0.));
#6957=DIRECTION('',(0.,0.,1.));
#6958=DIRECTION('',(1.,0.,0.));
#6959=DIRECTION('',(0.,0.,1.));
#6960=DIRECTION('',(0.,0.,1.));
#6961=DIRECTION('',(0.,0.,1.));
#6962=DIRECTION('',(-0.248997117624799,-0.968504225811401,0.));
#6963=DIRECTION('',(0.,0.,1.));
#6964=DIRECTION('',(1.,0.,0.));
#6965=DIRECTION('',(0.,0.,1.));
#6966=DIRECTION('',(0.,0.,1.));
#6967=DIRECTION('',(-0.712327452390546,-0.701847277241135,0.));
#6968=DIRECTION('',(0.,0.,1.));
#6969=DIRECTION('',(1.,0.,0.));
#6970=DIRECTION('',(0.,0.,1.));
#6971=DIRECTION('',(0.,0.,1.));
#6972=DIRECTION('',(-0.971136742746769,-0.238523430478425,0.));
#6973=DIRECTION('',(0.,0.,1.));
#6974=DIRECTION('',(1.,0.,0.));
#6975=DIRECTION('',(0.,0.,1.));
#6976=DIRECTION('',(0.,0.,1.));
#6977=DIRECTION('',(-0.977680482625843,0.210097296252232,0.));
#6978=DIRECTION('',(0.,0.,1.));
#6979=DIRECTION('',(1.,0.,0.));
#6980=DIRECTION('',(0.,0.,1.));
#6981=DIRECTION('',(0.,0.,1.));
#6982=DIRECTION('',(-0.80550341524605,0.592591130567232,0.));
#6983=DIRECTION('',(0.,0.,1.));
#6984=DIRECTION('',(1.,0.,0.));
#6985=DIRECTION('',(0.,0.,1.));
#6986=DIRECTION('',(0.,0.,1.));
#6987=DIRECTION('',(0.,0.,1.));
#6988=DIRECTION('',(1.,0.,0.));
#6989=DIRECTION('',(0.,0.,-1.));
#6990=DIRECTION('',(0.,1.,0.));
#6991=DIRECTION('',(0.,0.,1.));
#6992=DIRECTION('',(0.,0.,1.));
#6993=DIRECTION('',(-0.904987769600245,-0.425437582817943,0.));
#6994=DIRECTION('',(0.,0.,1.));
#6995=DIRECTION('',(1.,0.,0.));
#6996=DIRECTION('',(0.,0.,1.));
#6997=DIRECTION('',(0.,0.,1.));
#6998=DIRECTION('',(-0.344384944704273,-0.938828530595995,0.));
#6999=DIRECTION('',(0.,0.,1.));
#7000=DIRECTION('',(1.,0.,0.));
#7001=DIRECTION('',(0.,0.,1.));
#7002=DIRECTION('',(0.,0.,1.));
#7003=DIRECTION('',(0.389702367904672,-0.920940858279994,0.));
#7004=DIRECTION('',(0.,0.,1.));
#7005=DIRECTION('',(1.,0.,0.));
#7006=DIRECTION('',(0.,0.,1.));
#7007=DIRECTION('',(0.,0.,1.));
#7008=DIRECTION('',(0.925446052390333,-0.378879405768048,0.));
#7009=DIRECTION('',(0.,0.,1.));
#7010=DIRECTION('',(1.,0.,0.));
#7011=DIRECTION('',(0.,0.,1.));
#7012=DIRECTION('',(-1.,0.,0.));
#7013=DIRECTION('',(0.,0.,1.));
#7014=DIRECTION('',(0.,-1.,0.));
#7015=DIRECTION('',(0.,0.,1.));
#7016=DIRECTION('',(0.,0.,1.));
#7017=DIRECTION('',(0.928219755684749,0.372032371113784,0.));
#7018=DIRECTION('',(0.,0.,1.));
#7019=DIRECTION('',(1.,0.,0.));
#7020=DIRECTION('',(0.,0.,1.));
#7021=DIRECTION('',(0.,0.,1.));
#7022=DIRECTION('',(0.384140070058434,0.923274827218582,0.));
#7023=DIRECTION('',(0.,0.,1.));
#7024=DIRECTION('',(1.,0.,0.));
#7025=DIRECTION('',(0.,0.,1.));
#7026=DIRECTION('',(0.,0.,1.));
#7027=DIRECTION('',(-0.376116159082853,0.926572520031089,0.));
#7028=DIRECTION('',(0.,0.,1.));
#7029=DIRECTION('',(1.,0.,0.));
#7030=DIRECTION('',(0.,0.,1.));
#7031=DIRECTION('',(0.,0.,1.));
#7032=DIRECTION('',(0.40694566594854,0.913452366008047,0.));
#7033=DIRECTION('',(0.,0.,1.));
#7034=DIRECTION('',(1.,0.,0.));
#7035=DIRECTION('',(0.,0.,1.));
#7036=DIRECTION('',(0.,0.,1.));
#7037=DIRECTION('',(0.154731718646612,0.987956524977018,0.));
#7038=DIRECTION('',(0.,0.,1.));
#7039=DIRECTION('',(1.,0.,0.));
#7040=DIRECTION('',(0.,0.,1.));
#7041=DIRECTION('',(0.,0.,1.));
#7042=DIRECTION('',(0.,0.,1.));
#7043=DIRECTION('',(-0.766517593366431,0.642223309340088,0.));
#7044=DIRECTION('',(0.,0.,1.));
#7045=DIRECTION('',(1.,0.,0.));
#7046=DIRECTION('',(0.,0.,1.));
#7047=DIRECTION('',(0.,0.,1.));
#7048=DIRECTION('',(-0.971512549727232,0.23698811304049,0.));
#7049=DIRECTION('',(0.,0.,1.));
#7050=DIRECTION('',(1.,0.,0.));
#7051=DIRECTION('',(0.,0.,1.));
#7052=DIRECTION('',(0.,0.,1.));
#7053=DIRECTION('',(-0.970073055458312,-0.24281323496419,0.));
#7054=DIRECTION('',(0.,0.,1.));
#7055=DIRECTION('',(1.,0.,0.));
#7056=DIRECTION('',(0.,0.,1.));
#7057=DIRECTION('',(0.,0.,1.));
#7058=DIRECTION('',(-0.700546783209858,-0.713606477362923,0.));
#7059=DIRECTION('',(0.,0.,1.));
#7060=DIRECTION('',(1.,0.,0.));
#7061=DIRECTION('',(0.,0.,1.));
#7062=DIRECTION('',(1.,0.,0.));
#7063=DIRECTION('',(0.,1.,0.));
#7064=DIRECTION('',(0.,0.,1.));
#7065=DIRECTION('',(-1.,0.,0.));
#7066=DIRECTION('',(0.,0.,1.));
#7067=DIRECTION('',(0.,0.,1.));
#7068=DIRECTION('',(0.,0.,1.));
#7069=DIRECTION('',(0.93889289683167,0.344209425029349,0.));
#7070=DIRECTION('',(0.,0.,1.));
#7071=DIRECTION('',(1.,0.,0.));
#7072=DIRECTION('',(0.,0.,1.));
#7073=DIRECTION('',(0.,0.,1.));
#7074=DIRECTION('',(0.75187829354353,0.659301927570419,0.));
#7075=DIRECTION('',(0.,0.,1.));
#7076=DIRECTION('',(1.,0.,0.));
#7077=DIRECTION('',(0.,0.,1.));
#7078=DIRECTION('',(0.,0.,1.));
#7079=DIRECTION('',(0.471655365150941,0.881782975864432,0.));
#7080=DIRECTION('',(0.,0.,1.));
#7081=DIRECTION('',(1.,0.,0.));
#7082=DIRECTION('',(0.,0.,1.));
#7083=DIRECTION('',(0.,0.,1.));
#7084=DIRECTION('',(0.154146650584203,0.988047979661753,0.));
#7085=DIRECTION('',(0.,0.,1.));
#7086=DIRECTION('',(1.,0.,0.));
#7087=DIRECTION('',(0.,0.,1.));
#7088=DIRECTION('',(0.,0.,1.));
#7089=DIRECTION('',(-0.26914069578764,0.963100870039554,0.));
#7090=DIRECTION('',(0.,0.,1.));
#7091=DIRECTION('',(1.,0.,0.));
#7092=DIRECTION('',(0.,0.,1.));
#7093=DIRECTION('',(0.,0.,1.));
#7094=DIRECTION('',(-0.747019166767249,0.664802500358087,0.));
#7095=DIRECTION('',(0.,0.,1.));
#7096=DIRECTION('',(1.,0.,0.));
#7097=DIRECTION('',(0.,0.,1.));
#7098=DIRECTION('',(0.,0.,1.));
#7099=DIRECTION('',(-0.977136408299471,0.21261335700188,0.));
#7100=DIRECTION('',(0.,0.,1.));
#7101=DIRECTION('',(1.,0.,0.));
#7102=DIRECTION('',(0.,0.,1.));
#7103=DIRECTION('',(0.,0.,1.));
#7104=DIRECTION('',(-0.977138357012936,-0.212604400834178,0.));
#7105=DIRECTION('',(0.,0.,1.));
#7106=DIRECTION('',(1.,0.,0.));
#7107=DIRECTION('',(0.,0.,1.));
#7108=DIRECTION('',(0.,0.,1.));
#7109=DIRECTION('',(-0.747191852713784,-0.664608407438654,0.));
#7110=DIRECTION('',(0.,0.,1.));
#7111=DIRECTION('',(1.,0.,0.));
#7112=DIRECTION('',(0.,0.,1.));
#7113=DIRECTION('',(0.,0.,1.));
#7114=DIRECTION('',(-0.26914069578764,-0.963100870039554,0.));
#7115=DIRECTION('',(0.,0.,1.));
#7116=DIRECTION('',(1.,0.,0.));
#7117=DIRECTION('',(0.,0.,1.));
#7118=DIRECTION('',(0.,0.,1.));
#7119=DIRECTION('',(0.154871760372844,-0.987934581760866,0.));
#7120=DIRECTION('',(0.,0.,1.));
#7121=DIRECTION('',(1.,0.,0.));
#7122=DIRECTION('',(0.,0.,1.));
#7123=DIRECTION('',(0.,0.,1.));
#7124=DIRECTION('',(0.471687846590701,-0.881765601154086,0.));
#7125=DIRECTION('',(0.,0.,1.));
#7126=DIRECTION('',(1.,0.,0.));
#7127=DIRECTION('',(0.,0.,1.));
#7128=DIRECTION('',(0.,0.,1.));
#7129=DIRECTION('',(0.7524539387444,-0.658644874016369,0.));
#7130=DIRECTION('',(0.,0.,1.));
#7131=DIRECTION('',(1.,0.,0.));
#7132=DIRECTION('',(0.,0.,1.));
#7133=DIRECTION('',(0.,0.,1.));
#7134=DIRECTION('',(0.938915722496622,-0.344147157548405,0.));
#7135=DIRECTION('',(0.,0.,1.));
#7136=DIRECTION('',(1.,0.,0.));
#7137=DIRECTION('',(0.,0.,1.));
#7138=DIRECTION('',(0.,-1.,0.));
#7139=DIRECTION('',(0.,0.,-1.));
#7140=DIRECTION('',(1.,0.,0.));
#7141=DIRECTION('',(0.,0.,1.));
#7142=DIRECTION('',(0.,0.,1.));
#7143=DIRECTION('',(0.925056067017784,-0.379830584436783,0.));
#7144=DIRECTION('',(0.,0.,1.));
#7145=DIRECTION('',(1.,0.,0.));
#7146=DIRECTION('',(0.,0.,1.));
#7147=DIRECTION('',(0.,0.,1.));
#7148=DIRECTION('',(0.719688714172738,-0.694296877922111,0.));
#7149=DIRECTION('',(0.,0.,1.));
#7150=DIRECTION('',(1.,0.,0.));
#7151=DIRECTION('',(0.,0.,1.));
#7152=DIRECTION('',(0.,0.,1.));
#7153=DIRECTION('',(0.437715229054507,-0.899113662588752,0.));
#7154=DIRECTION('',(0.,0.,1.));
#7155=DIRECTION('',(1.,0.,0.));
#7156=DIRECTION('',(0.,0.,1.));
#7157=DIRECTION('',(0.,0.,1.));
#7158=DIRECTION('',(0.142094690429549,-0.989853069375314,0.));
#7159=DIRECTION('',(0.,0.,1.));
#7160=DIRECTION('',(1.,0.,0.));
#7161=DIRECTION('',(0.,0.,1.));
#7162=DIRECTION('',(0.,0.,1.));
#7163=DIRECTION('',(-0.271345478506311,-0.962482016088706,0.));
#7164=DIRECTION('',(0.,0.,1.));
#7165=DIRECTION('',(1.,0.,0.));
#7166=DIRECTION('',(0.,0.,1.));
#7167=DIRECTION('',(0.,0.,1.));
#7168=DIRECTION('',(-0.752412603059735,-0.65869209404461,0.));
#7169=DIRECTION('',(0.,0.,1.));
#7170=DIRECTION('',(1.,0.,0.));
#7171=DIRECTION('',(0.,0.,1.));
#7172=DIRECTION('',(0.,0.,1.));
#7173=DIRECTION('',(-0.979005362661401,-0.203834491389998,0.));
#7174=DIRECTION('',(0.,0.,1.));
#7175=DIRECTION('',(1.,0.,0.));
#7176=DIRECTION('',(0.,0.,1.));
#7177=DIRECTION('',(0.,0.,1.));
#7178=DIRECTION('',(-0.979031183910867,0.203710434023608,0.));
#7179=DIRECTION('',(0.,0.,1.));
#7180=DIRECTION('',(1.,0.,0.));
#7181=DIRECTION('',(0.,0.,1.));
#7182=DIRECTION('',(0.,0.,1.));
#7183=DIRECTION('',(-0.7524126030599,0.658692094044422,0.));
#7184=DIRECTION('',(0.,0.,1.));
#7185=DIRECTION('',(1.,0.,0.));
#7186=DIRECTION('',(0.,0.,1.));
#7187=DIRECTION('',(0.,0.,1.));
#7188=DIRECTION('',(-0.27134547850602,0.962482016088789,0.));
#7189=DIRECTION('',(0.,0.,1.));
#7190=DIRECTION('',(1.,0.,0.));
#7191=DIRECTION('',(0.,0.,1.));
#7192=DIRECTION('',(0.,0.,1.));
#7193=DIRECTION('',(0.142094690429578,0.98985306937531,0.));
#7194=DIRECTION('',(0.,0.,1.));
#7195=DIRECTION('',(1.,0.,0.));
#7196=DIRECTION('',(0.,0.,1.));
#7197=DIRECTION('',(0.,0.,1.));
#7198=DIRECTION('',(0.438617020073131,0.898674084249772,0.));
#7199=DIRECTION('',(0.,0.,1.));
#7200=DIRECTION('',(1.,0.,0.));
#7201=DIRECTION('',(0.,0.,1.));
#7202=DIRECTION('',(0.,0.,1.));
#7203=DIRECTION('',(0.718729987603908,0.695289295846618,0.));
#7204=DIRECTION('',(0.,0.,1.));
#7205=DIRECTION('',(1.,0.,0.));
#7206=DIRECTION('',(0.,0.,1.));
#7207=DIRECTION('',(0.,0.,1.));
#7208=DIRECTION('',(0.925022942172875,0.379911248127557,0.));
#7209=DIRECTION('',(0.,0.,1.));
#7210=DIRECTION('',(1.,0.,0.));
#7211=DIRECTION('',(0.,0.,1.));
#7212=DIRECTION('',(1.,0.,0.));
#7213=DIRECTION('',(0.,0.,1.));
#7214=DIRECTION('',(1.,0.,0.));
#7215=DIRECTION('',(0.,0.,1.));
#7216=DIRECTION('',(1.,0.,0.));
#7217=DIRECTION('',(0.,0.,1.));
#7218=DIRECTION('',(1.,0.,0.));
#7219=DIRECTION('',(0.,0.,1.));
#7220=DIRECTION('',(1.,0.,0.));
#7221=DIRECTION('',(0.,0.,1.));
#7222=DIRECTION('',(1.,0.,0.));
#7223=DIRECTION('',(0.,0.,1.));
#7224=DIRECTION('',(1.,0.,0.));
#7225=DIRECTION('',(0.,0.,1.));
#7226=DIRECTION('',(1.,0.,0.));
#7227=DIRECTION('',(0.,0.,1.));
#7228=DIRECTION('',(1.,0.,0.));
#7229=DIRECTION('',(0.,0.,1.));
#7230=DIRECTION('',(1.,0.,0.));
#7231=DIRECTION('',(0.,0.,1.));
#7232=DIRECTION('',(1.,0.,0.));
#7233=DIRECTION('',(0.,0.,1.));
#7234=DIRECTION('',(1.,0.,0.));
#7235=DIRECTION('',(0.,0.,1.));
#7236=DIRECTION('',(1.,0.,0.));
#7237=DIRECTION('',(0.,0.,1.));
#7238=DIRECTION('',(1.,0.,0.));
#7239=DIRECTION('',(0.,0.,1.));
#7240=DIRECTION('',(1.,0.,0.));
#7241=DIRECTION('',(0.,0.,1.));
#7242=DIRECTION('',(1.,0.,0.));
#7243=DIRECTION('',(0.,0.,1.));
#7244=DIRECTION('',(1.,0.,0.));
#7245=DIRECTION('',(0.,0.,1.));
#7246=DIRECTION('',(1.,0.,0.));
#7247=DIRECTION('',(0.,0.,1.));
#7248=DIRECTION('',(1.,0.,0.));
#7249=DIRECTION('',(0.,-1.,0.));
#7250=DIRECTION('',(0.,0.,1.));
#7251=DIRECTION('',(1.,0.,0.));
#7252=DIRECTION('',(0.,0.,1.));
#7253=DIRECTION('',(1.,0.,0.));
#7254=DIRECTION('',(0.,0.,1.));
#7255=DIRECTION('',(1.,0.,0.));
#7256=DIRECTION('',(0.,0.,1.));
#7257=DIRECTION('',(1.,0.,0.));
#7258=DIRECTION('',(0.,1.,0.));
#7259=DIRECTION('',(0.,0.,1.));
#7260=DIRECTION('',(1.,0.,0.));
#7261=DIRECTION('',(0.,0.,1.));
#7262=DIRECTION('',(1.,0.,0.));
#7263=DIRECTION('',(0.,0.,1.));
#7264=DIRECTION('',(1.,0.,0.));
#7265=DIRECTION('',(0.,0.,1.));
#7266=DIRECTION('',(1.,0.,0.));
#7267=DIRECTION('',(0.,0.,1.));
#7268=DIRECTION('',(1.,0.,0.));
#7269=DIRECTION('',(0.,0.,1.));
#7270=DIRECTION('',(1.,0.,0.));
#7271=DIRECTION('',(0.,0.,1.));
#7272=DIRECTION('',(1.,0.,0.));
#7273=DIRECTION('',(0.,0.,1.));
#7274=DIRECTION('',(1.,0.,0.));
#7275=DIRECTION('',(0.,0.,1.));
#7276=DIRECTION('',(1.,0.,0.));
#7277=DIRECTION('',(0.,0.,1.));
#7278=DIRECTION('',(1.,0.,0.));
#7279=DIRECTION('',(0.,0.,1.));
#7280=DIRECTION('',(1.,0.,0.));
#7281=DIRECTION('',(-1.,0.,0.));
#7282=DIRECTION('',(0.451196672224779,0.892424541893199,0.));
#7283=DIRECTION('',(0.,1.,0.));
#7284=DIRECTION('',(-1.,0.,0.));
#7285=DIRECTION('',(0.,1.,0.));
#7286=DIRECTION('',(1.,0.,0.));
#7287=DIRECTION('',(0.,-1.,0.));
#7288=DIRECTION('',(-0.448858436333101,-0.893602878314861,0.));
#7289=DIRECTION('',(-1.,0.,0.));
#7290=DIRECTION('',(0.,1.,0.));
#7291=DIRECTION('',(0.674331819856612,0.738428464191941,0.));
#7292=DIRECTION('',(0.,0.,1.));
#7293=DIRECTION('',(1.,0.,0.));
#7294=DIRECTION('',(0.,0.,1.));
#7295=DIRECTION('',(1.,0.,0.));
#7296=DIRECTION('',(-5.99162029387113E-17,1.2627275322167E-17,1.));
#7297=DIRECTION('',(0.914058963509388,-0.405581325048556,0.));
#7298=DIRECTION('',(0.,0.,1.));
#7299=DIRECTION('',(1.,0.,0.));
#7300=DIRECTION('',(0.,0.,1.));
#7301=DIRECTION('',(1.,0.,0.));
#7302=DIRECTION('',(0.,0.,1.));
#7303=DIRECTION('',(1.,0.,0.));
#7304=DIRECTION('',(0.,0.,1.));
#7305=DIRECTION('',(1.,0.,0.));
#7306=DIRECTION('',(0.,0.,1.));
#7307=DIRECTION('',(1.,0.,0.));
#7308=DIRECTION('',(0.,0.,1.));
#7309=DIRECTION('',(1.,0.,0.));
#7310=DIRECTION('',(-1.,0.,0.));
#7311=DIRECTION('',(0.,0.,1.));
#7312=DIRECTION('',(1.,0.,0.));
#7313=DIRECTION('',(0.,0.,1.));
#7314=DIRECTION('',(1.,0.,0.));
#7315=DIRECTION('',(0.,0.,1.));
#7316=DIRECTION('',(1.,0.,0.));
#7317=DIRECTION('',(0.,0.,1.));
#7318=DIRECTION('',(1.,0.,0.));
#7319=DIRECTION('',(0.,0.,1.));
#7320=DIRECTION('',(1.,0.,0.));
#7321=DIRECTION('',(0.,0.,1.));
#7322=DIRECTION('',(1.,0.,0.));
#7323=DIRECTION('',(0.,0.,1.));
#7324=DIRECTION('',(1.,0.,0.));
#7325=DIRECTION('',(0.,0.,1.));
#7326=DIRECTION('',(1.,0.,0.));
#7327=DIRECTION('',(0.,0.,1.));
#7328=DIRECTION('',(1.,0.,0.));
#7329=DIRECTION('',(-0.682527660434953,-0.730859762704987,0.));
#7330=DIRECTION('',(0.,-1.,0.));
#7331=DIRECTION('',(1.,0.,0.));
#7332=DIRECTION('',(0.,-1.,0.));
#7333=DIRECTION('',(0.,0.,1.));
#7334=DIRECTION('',(1.,0.,0.));
#7335=DIRECTION('',(-1.,0.,0.));
#7336=DIRECTION('',(0.,0.,1.));
#7337=DIRECTION('',(1.,0.,0.));
#7338=DIRECTION('',(0.,0.,1.));
#7339=DIRECTION('',(1.,0.,0.));
#7340=DIRECTION('',(0.,0.,1.));
#7341=DIRECTION('',(1.,0.,0.));
#7342=DIRECTION('',(0.,0.,1.));
#7343=DIRECTION('',(1.,0.,0.));
#7344=DIRECTION('',(0.,0.,1.));
#7345=DIRECTION('',(1.,0.,0.));
#7346=DIRECTION('',(0.,0.,1.));
#7347=DIRECTION('',(1.,0.,0.));
#7348=DIRECTION('',(0.,0.,1.));
#7349=DIRECTION('',(1.,0.,0.));
#7350=DIRECTION('',(0.,0.,1.));
#7351=DIRECTION('',(1.,0.,0.));
#7352=DIRECTION('',(0.,0.,1.));
#7353=DIRECTION('',(1.,0.,0.));
#7354=DIRECTION('',(0.,0.,1.));
#7355=DIRECTION('',(1.,0.,0.));
#7356=DIRECTION('',(0.,0.,1.));
#7357=DIRECTION('',(1.,0.,0.));
#7358=DIRECTION('',(0.,0.,1.));
#7359=DIRECTION('',(1.,0.,0.));
#7360=DIRECTION('',(0.,0.,1.));
#7361=DIRECTION('',(1.,0.,0.));
#7362=DIRECTION('',(0.,0.,1.));
#7363=DIRECTION('',(1.,0.,0.));
#7364=DIRECTION('',(1.,0.,0.));
#7365=DIRECTION('',(0.,0.,1.));
#7366=DIRECTION('',(1.,0.,0.));
#7367=DIRECTION('',(0.,0.,1.));
#7368=DIRECTION('',(1.,0.,0.));
#7369=DIRECTION('',(0.,0.,1.));
#7370=DIRECTION('',(1.,0.,0.));
#7371=DIRECTION('',(0.,0.,1.));
#7372=DIRECTION('',(1.,0.,0.));
#7373=DIRECTION('',(0.,0.,1.));
#7374=DIRECTION('',(1.,0.,0.));
#7375=DIRECTION('',(0.,0.,1.));
#7376=DIRECTION('',(1.,0.,0.));
#7377=DIRECTION('',(0.,0.,1.));
#7378=DIRECTION('',(1.,0.,0.));
#7379=DIRECTION('',(0.,0.,1.));
#7380=DIRECTION('',(1.,0.,0.));
#7381=DIRECTION('',(0.,0.,1.));
#7382=DIRECTION('',(1.,0.,0.));
#7383=DIRECTION('',(0.,0.,1.));
#7384=DIRECTION('',(1.,0.,0.));
#7385=DIRECTION('',(0.,0.,1.));
#7386=DIRECTION('',(1.,0.,0.));
#7387=DIRECTION('',(0.,0.,1.));
#7388=DIRECTION('',(1.,0.,0.));
#7389=DIRECTION('',(0.,0.,1.));
#7390=DIRECTION('',(1.,0.,0.));
#7391=DIRECTION('',(1.,0.,0.));
#7392=DIRECTION('',(0.707106781186548,0.707106781186548,0.));
#7393=DIRECTION('',(0.,1.,0.));
#7394=DIRECTION('',(-0.707106781186549,0.707106781186547,0.));
#7395=DIRECTION('',(-1.,0.,0.));
#7396=DIRECTION('',(-0.707106781186548,-0.707106781186548,0.));
#7397=DIRECTION('',(0.,-1.,0.));
#7398=DIRECTION('',(0.707106781186548,-0.707106781186548,0.));
#7399=DIRECTION('',(0.,-1.,0.));
#7400=DIRECTION('',(1.,0.,0.));
#7401=DIRECTION('',(0.,-1.,0.));
#7402=DIRECTION('',(-1.,0.,0.));
#7403=DIRECTION('',(0.,-1.,0.));
#7404=DIRECTION('',(-1.,0.,0.));
#7405=DIRECTION('',(0.,1.,0.));
#7406=DIRECTION('',(-1.,0.,0.));
#7407=DIRECTION('',(0.,1.,0.));
#7408=DIRECTION('',(0.534101076907864,0.845420628826775,0.));
#7409=DIRECTION('',(1.,0.,0.));
#7410=DIRECTION('',(0.,0.,1.));
#7411=DIRECTION('',(1.,0.,0.));
#7412=DIRECTION('',(0.,0.,1.));
#7413=DIRECTION('',(1.,0.,0.));
#7414=DIRECTION('',(0.,0.,1.));
#7415=DIRECTION('',(1.,0.,0.));
#7416=DIRECTION('',(0.,0.,1.));
#7417=DIRECTION('',(1.,0.,0.));
#7418=DIRECTION('',(0.,0.,1.));
#7419=DIRECTION('',(1.,0.,0.));
#7420=DIRECTION('',(0.,0.,1.));
#7421=DIRECTION('',(1.,0.,0.));
#7422=DIRECTION('',(0.,0.,1.));
#7423=DIRECTION('',(1.,0.,0.));
#7424=DIRECTION('',(0.,0.,1.));
#7425=DIRECTION('',(1.,0.,0.));
#7426=DIRECTION('',(0.,0.,1.));
#7427=DIRECTION('',(1.,0.,0.));
#7428=DIRECTION('',(0.,0.,1.));
#7429=DIRECTION('',(1.,0.,0.));
#7430=DIRECTION('',(0.,0.,1.));
#7431=DIRECTION('',(1.,0.,0.));
#7432=DIRECTION('',(0.,0.,1.));
#7433=DIRECTION('',(1.,0.,0.));
#7434=DIRECTION('',(0.,0.,1.));
#7435=DIRECTION('',(1.,0.,0.));
#7436=DIRECTION('',(0.,0.,1.));
#7437=DIRECTION('',(1.,0.,0.));
#7438=DIRECTION('',(0.,0.,1.));
#7439=DIRECTION('',(1.,0.,0.));
#7440=DIRECTION('',(0.,1.,0.));
#7441=DIRECTION('',(0.,0.,1.));
#7442=DIRECTION('',(1.,0.,0.));
#7443=DIRECTION('',(0.,0.,1.));
#7444=DIRECTION('',(1.,0.,0.));
#7445=DIRECTION('',(0.,0.,1.));
#7446=DIRECTION('',(1.,0.,0.));
#7447=DIRECTION('',(0.,0.,1.));
#7448=DIRECTION('',(1.,0.,0.));
#7449=DIRECTION('',(0.,-1.,0.));
#7450=DIRECTION('',(0.,0.,1.));
#7451=DIRECTION('',(1.,0.,0.));
#7452=DIRECTION('',(0.,0.,1.));
#7453=DIRECTION('',(1.,0.,0.));
#7454=DIRECTION('',(0.,0.,1.));
#7455=DIRECTION('',(1.,0.,0.));
#7456=DIRECTION('',(0.,0.,1.));
#7457=DIRECTION('',(1.,0.,0.));
#7458=DIRECTION('',(0.,0.,1.));
#7459=DIRECTION('',(1.,0.,0.));
#7460=DIRECTION('',(0.,0.,1.));
#7461=DIRECTION('',(1.,0.,0.));
#7462=DIRECTION('',(0.,0.,1.));
#7463=DIRECTION('',(1.,0.,0.));
#7464=DIRECTION('',(0.,0.,1.));
#7465=DIRECTION('',(1.,0.,0.));
#7466=DIRECTION('',(0.,0.,1.));
#7467=DIRECTION('',(1.,0.,0.));
#7468=DIRECTION('',(0.,1.,0.));
#7469=DIRECTION('',(-1.,0.,0.));
#7470=DIRECTION('',(0.,-1.,0.));
#7471=DIRECTION('',(1.,0.,0.));
#7472=DIRECTION('',(0.,-1.,0.));
#7473=DIRECTION('',(-0.682527660434953,-0.730859762704987,0.));
#7474=DIRECTION('',(0.,0.,1.));
#7475=DIRECTION('',(1.,0.,0.));
#7476=DIRECTION('',(0.,0.,1.));
#7477=DIRECTION('',(1.,0.,0.));
#7478=DIRECTION('',(0.,0.,1.));
#7479=DIRECTION('',(1.,0.,0.));
#7480=DIRECTION('',(0.,0.,1.));
#7481=DIRECTION('',(1.,0.,0.));
#7482=DIRECTION('',(0.,0.,1.));
#7483=DIRECTION('',(1.,0.,0.));
#7484=DIRECTION('',(0.,0.,1.));
#7485=DIRECTION('',(1.,0.,0.));
#7486=DIRECTION('',(0.,0.,1.));
#7487=DIRECTION('',(1.,0.,0.));
#7488=DIRECTION('',(0.,0.,1.));
#7489=DIRECTION('',(1.,0.,0.));
#7490=DIRECTION('',(0.,0.,1.));
#7491=DIRECTION('',(1.,0.,0.));
#7492=DIRECTION('',(-1.,0.,0.));
#7493=DIRECTION('',(0.,0.,1.));
#7494=DIRECTION('',(1.,0.,0.));
#7495=DIRECTION('',(0.,0.,1.));
#7496=DIRECTION('',(1.,0.,0.));
#7497=DIRECTION('',(0.,0.,1.));
#7498=DIRECTION('',(1.,0.,0.));
#7499=DIRECTION('',(0.,0.,1.));
#7500=DIRECTION('',(1.,0.,0.));
#7501=DIRECTION('',(0.,0.,1.));
#7502=DIRECTION('',(1.,0.,0.));
#7503=DIRECTION('',(0.,0.,1.));
#7504=DIRECTION('',(1.,0.,0.));
#7505=DIRECTION('',(-4.62262705160685E-15,9.74213678928302E-16,1.));
#7506=DIRECTION('',(0.914058963509388,-0.405581325048556,5.28227214252901E-15));
#7507=DIRECTION('',(0.,0.,1.));
#7508=DIRECTION('',(1.,0.,0.));
#7509=DIRECTION('',(0.,0.,1.));
#7510=DIRECTION('',(1.,0.,0.));
#7511=DIRECTION('',(0.674331819856612,0.738428464191941,0.));
#7512=DIRECTION('',(1.,0.,0.));
#7513=DIRECTION('',(0.707106781186548,-0.707106781186548,0.));
#7514=DIRECTION('',(0.,-1.,0.));
#7515=DIRECTION('',(-0.707106781186548,-0.707106781186548,0.));
#7516=DIRECTION('',(-1.,0.,0.));
#7517=DIRECTION('',(-0.707106781186549,0.707106781186547,0.));
#7518=DIRECTION('',(0.,1.,0.));
#7519=DIRECTION('',(0.707106781186548,0.707106781186548,0.));
#7520=DIRECTION('',(-1.,0.,0.));
#7521=DIRECTION('',(0.,0.,1.));
#7522=DIRECTION('',(1.,0.,0.));
#7523=DIRECTION('',(0.,0.,1.));
#7524=DIRECTION('',(1.,0.,0.));
#7525=DIRECTION('',(0.,0.,1.));
#7526=DIRECTION('',(1.,0.,0.));
#7527=DIRECTION('',(0.,0.,1.));
#7528=DIRECTION('',(1.,0.,0.));
#7529=DIRECTION('',(0.,0.,1.));
#7530=DIRECTION('',(1.,0.,0.));
#7531=DIRECTION('',(0.,0.,1.));
#7532=DIRECTION('',(1.,0.,0.));
#7533=DIRECTION('',(0.,0.,1.));
#7534=DIRECTION('',(1.,0.,0.));
#7535=DIRECTION('',(0.,0.,1.));
#7536=DIRECTION('',(1.,0.,0.));
#7537=DIRECTION('',(0.,0.,1.));
#7538=DIRECTION('',(1.,0.,0.));
#7539=DIRECTION('',(0.,0.,1.));
#7540=DIRECTION('',(1.,0.,0.));
#7541=DIRECTION('',(0.,0.,1.));
#7542=DIRECTION('',(1.,0.,0.));
#7543=DIRECTION('',(0.,0.,1.));
#7544=DIRECTION('',(1.,0.,0.));
#7545=DIRECTION('',(0.,0.,1.));
#7546=DIRECTION('',(1.,0.,0.));
#7547=DIRECTION('',(0.,0.,1.));
#7548=DIRECTION('',(1.,0.,0.));
#7549=DIRECTION('',(1.,0.,0.));
#7550=DIRECTION('',(0.,0.,1.));
#7551=DIRECTION('',(1.,0.,0.));
#7552=DIRECTION('',(0.,0.,1.));
#7553=DIRECTION('',(1.,0.,0.));
#7554=DIRECTION('',(0.,0.,1.));
#7555=DIRECTION('',(1.,0.,0.));
#7556=DIRECTION('',(0.,0.,1.));
#7557=DIRECTION('',(1.,0.,0.));
#7558=DIRECTION('',(0.,0.,1.));
#7559=DIRECTION('',(1.,0.,0.));
#7560=DIRECTION('',(0.,0.,1.));
#7561=DIRECTION('',(1.,0.,0.));
#7562=DIRECTION('',(0.,0.,1.));
#7563=DIRECTION('',(1.,0.,0.));
#7564=DIRECTION('',(0.,0.,1.));
#7565=DIRECTION('',(1.,0.,0.));
#7566=DIRECTION('',(0.,0.,1.));
#7567=DIRECTION('',(1.,0.,0.));
#7568=DIRECTION('',(0.,0.,1.));
#7569=DIRECTION('',(1.,0.,0.));
#7570=DIRECTION('',(0.,0.,1.));
#7571=DIRECTION('',(1.,0.,0.));
#7572=DIRECTION('',(0.,0.,1.));
#7573=DIRECTION('',(1.,0.,0.));
#7574=DIRECTION('',(0.,0.,1.));
#7575=DIRECTION('',(1.,0.,0.));
#7576=DIRECTION('',(0.,0.,1.));
#7577=DIRECTION('',(1.,0.,0.));
#7578=DIRECTION('',(0.451196672224779,0.892424541893199,0.));
#7579=DIRECTION('',(-1.,0.,0.));
#7580=DIRECTION('',(-0.448858436333101,-0.893602878314861,0.));
#7581=DIRECTION('',(0.,-1.,0.));
#7582=DIRECTION('',(1.,0.,0.));
#7583=DIRECTION('',(0.,1.,0.));
#7584=DIRECTION('',(-1.,0.,0.));
#7585=DIRECTION('',(0.,1.,0.));
#7586=DIRECTION('',(1.,0.,0.));
#7587=DIRECTION('',(0.,-1.,0.));
#7588=DIRECTION('',(1.,0.,0.));
#7589=DIRECTION('',(0.534101076907864,0.845420628826775,0.));
#7590=DIRECTION('',(0.,1.,0.));
#7591=DIRECTION('',(-1.,0.,0.));
#7592=DIRECTION('',(0.,1.,0.));
#7593=DIRECTION('',(-1.,0.,0.));
#7594=DIRECTION('',(0.,-1.,0.));
#7595=DIRECTION('',(-1.,0.,0.));
#7596=DIRECTION('',(0.,-1.,0.));
#7597=DIRECTION('',(0.,1.,0.));
#7598=DIRECTION('',(0.,0.,1.));
#7599=DIRECTION('',(0.,0.,-1.));
#7600=DIRECTION('',(0.,0.,-1.));
#7601=DIRECTION('',(-0.707106781186548,0.707106781186548,0.));
#7602=DIRECTION('',(-0.707106781186548,-0.707106781186548,0.));
#7603=DIRECTION('',(0.,0.,-1.));
#7604=DIRECTION('',(-1.,0.,0.));
#7605=DIRECTION('',(0.,0.,1.));
#7606=DIRECTION('',(0.,0.,-1.));
#7607=DIRECTION('',(-0.707106781186547,-0.707106781186549,0.));
#7608=DIRECTION('',(0.707106781186549,-0.707106781186547,0.));
#7609=DIRECTION('',(0.,0.,-1.));
#7610=DIRECTION('',(0.,-1.,0.));
#7611=DIRECTION('',(0.,0.,-1.));
#7612=DIRECTION('',(0.,0.,-1.));
#7613=DIRECTION('',(0.707106781186548,-0.707106781186548,0.));
#7614=DIRECTION('',(0.707106781186548,0.707106781186548,0.));
#7615=DIRECTION('',(0.,0.,-1.));
#7616=DIRECTION('',(1.,0.,0.));
#7617=DIRECTION('',(0.,0.,-1.));
#7618=DIRECTION('',(0.,0.,-1.));
#7619=DIRECTION('',(0.707106781186548,0.707106781186548,0.));
#7620=DIRECTION('',(-0.707106781186548,0.707106781186548,0.));
#7621=DIRECTION('',(0.,1.,0.));
#7622=DIRECTION('',(0.,0.,1.));
#7623=DIRECTION('',(0.,0.,1.));
#7624=DIRECTION('',(0.,0.,1.));
#7625=DIRECTION('',(0.,0.,1.));
#7626=DIRECTION('',(0.93889289683167,0.344209425029349,0.));
#7627=DIRECTION('',(0.,0.,1.));
#7628=DIRECTION('',(0.,0.,1.));
#7629=DIRECTION('',(0.75187829354353,0.659301927570419,0.));
#7630=DIRECTION('',(0.,0.,1.));
#7631=DIRECTION('',(0.,0.,1.));
#7632=DIRECTION('',(0.471655365150941,0.881782975864432,0.));
#7633=DIRECTION('',(0.,0.,1.));
#7634=DIRECTION('',(0.,0.,1.));
#7635=DIRECTION('',(0.154146650584203,0.988047979661753,0.));
#7636=DIRECTION('',(0.,0.,1.));
#7637=DIRECTION('',(0.,0.,1.));
#7638=DIRECTION('',(-0.26914069578764,0.963100870039554,0.));
#7639=DIRECTION('',(0.,0.,1.));
#7640=DIRECTION('',(0.,0.,1.));
#7641=DIRECTION('',(-0.747019166767249,0.664802500358087,0.));
#7642=DIRECTION('',(0.,0.,1.));
#7643=DIRECTION('',(0.,0.,1.));
#7644=DIRECTION('',(-0.977136408299471,0.21261335700188,0.));
#7645=DIRECTION('',(0.,0.,1.));
#7646=DIRECTION('',(0.,0.,1.));
#7647=DIRECTION('',(-0.977138357012936,-0.212604400834178,0.));
#7648=DIRECTION('',(0.,0.,1.));
#7649=DIRECTION('',(0.,0.,1.));
#7650=DIRECTION('',(-0.747191852713784,-0.664608407438654,0.));
#7651=DIRECTION('',(0.,0.,1.));
#7652=DIRECTION('',(0.,0.,1.));
#7653=DIRECTION('',(-0.26914069578764,-0.963100870039554,0.));
#7654=DIRECTION('',(0.,0.,1.));
#7655=DIRECTION('',(0.,0.,1.));
#7656=DIRECTION('',(0.154871760372844,-0.987934581760866,0.));
#7657=DIRECTION('',(0.,0.,1.));
#7658=DIRECTION('',(0.,0.,1.));
#7659=DIRECTION('',(0.471687846590701,-0.881765601154086,0.));
#7660=DIRECTION('',(0.,0.,1.));
#7661=DIRECTION('',(0.,0.,1.));
#7662=DIRECTION('',(0.7524539387444,-0.658644874016369,0.));
#7663=DIRECTION('',(0.,0.,1.));
#7664=DIRECTION('',(0.,0.,1.));
#7665=DIRECTION('',(0.938915722496622,-0.344147157548405,0.));
#7666=DIRECTION('',(0.,0.,1.));
#7667=DIRECTION('',(0.,-1.,0.));
#7668=DIRECTION('',(0.,0.,-1.));
#7669=DIRECTION('',(0.,0.,1.));
#7670=DIRECTION('',(0.,0.,1.));
#7671=DIRECTION('',(0.925056067017784,-0.379830584436783,0.));
#7672=DIRECTION('',(0.,0.,1.));
#7673=DIRECTION('',(0.,0.,1.));
#7674=DIRECTION('',(0.719688714172738,-0.694296877922111,0.));
#7675=DIRECTION('',(0.,0.,1.));
#7676=DIRECTION('',(0.,0.,1.));
#7677=DIRECTION('',(0.437715229054507,-0.899113662588752,0.));
#7678=DIRECTION('',(0.,0.,1.));
#7679=DIRECTION('',(0.,0.,1.));
#7680=DIRECTION('',(0.142094690429549,-0.989853069375314,0.));
#7681=DIRECTION('',(0.,0.,1.));
#7682=DIRECTION('',(0.,0.,1.));
#7683=DIRECTION('',(-0.271345478506311,-0.962482016088706,0.));
#7684=DIRECTION('',(0.,0.,1.));
#7685=DIRECTION('',(0.,0.,1.));
#7686=DIRECTION('',(-0.752412603059735,-0.65869209404461,0.));
#7687=DIRECTION('',(0.,0.,1.));
#7688=DIRECTION('',(0.,0.,1.));
#7689=DIRECTION('',(-0.979005362661401,-0.203834491389998,0.));
#7690=DIRECTION('',(0.,0.,1.));
#7691=DIRECTION('',(0.,0.,1.));
#7692=DIRECTION('',(-0.979031183910867,0.203710434023608,0.));
#7693=DIRECTION('',(0.,0.,1.));
#7694=DIRECTION('',(0.,0.,1.));
#7695=DIRECTION('',(-0.7524126030599,0.658692094044422,0.));
#7696=DIRECTION('',(0.,0.,1.));
#7697=DIRECTION('',(0.,0.,1.));
#7698=DIRECTION('',(-0.27134547850602,0.962482016088789,0.));
#7699=DIRECTION('',(0.,0.,1.));
#7700=DIRECTION('',(0.,0.,1.));
#7701=DIRECTION('',(0.142094690429578,0.98985306937531,0.));
#7702=DIRECTION('',(0.,0.,1.));
#7703=DIRECTION('',(0.,0.,1.));
#7704=DIRECTION('',(0.438617020073131,0.898674084249772,0.));
#7705=DIRECTION('',(0.,0.,1.));
#7706=DIRECTION('',(0.,0.,1.));
#7707=DIRECTION('',(0.718729987603908,0.695289295846618,0.));
#7708=DIRECTION('',(0.,0.,1.));
#7709=DIRECTION('',(0.,0.,1.));
#7710=DIRECTION('',(0.925022942172875,0.379911248127557,0.));
#7711=DIRECTION('',(1.,0.,0.));
#7712=DIRECTION('',(0.,0.,-1.));
#7713=DIRECTION('',(0.,0.,1.));
#7714=DIRECTION('',(0.,0.,1.));
#7715=DIRECTION('',(0.,1.,0.));
#7716=DIRECTION('',(0.,0.,1.));
#7717=DIRECTION('',(0.,0.,1.));
#7718=DIRECTION('',(-1.,0.,0.));
#7719=DIRECTION('',(0.,0.,1.));
#7720=DIRECTION('',(0.,0.,1.));
#7721=DIRECTION('',(0.,-1.,0.));
#7722=DIRECTION('',(0.,0.,-1.));
#7723=DIRECTION('',(0.,0.,1.));
#7724=DIRECTION('',(-1.,0.,0.));
#7725=DIRECTION('',(0.,0.,1.));
#7726=DIRECTION('',(0.,0.,1.));
#7727=DIRECTION('',(-0.730859762704987,0.682527660434953,0.));
#7728=DIRECTION('',(-0.682527660434953,-0.730859762704987,0.));
#7729=DIRECTION('',(0.,0.,1.));
#7730=DIRECTION('',(0.,0.,1.));
#7731=DIRECTION('',(0.760530019385793,-0.649302771912338,0.));
#7732=DIRECTION('',(0.,0.,1.));
#7733=DIRECTION('',(0.,0.,1.));
#7734=DIRECTION('',(0.867096102723881,-0.498140892359839,0.));
#7735=DIRECTION('',(0.,0.,1.));
#7736=DIRECTION('',(0.,0.,1.));
#7737=DIRECTION('',(0.983635345068987,-0.180170774353154,0.));
#7738=DIRECTION('',(0.,0.,1.));
#7739=DIRECTION('',(0.,0.,1.));
#7740=DIRECTION('',(0.963623588854538,0.267263126905115,0.));
#7741=DIRECTION('',(0.,0.,1.));
#7742=DIRECTION('',(0.,0.,1.));
#7743=DIRECTION('',(0.686625098282755,0.727011674189759,0.));
#7744=DIRECTION('',(0.,0.,1.));
#7745=DIRECTION('',(0.,0.,1.));
#7746=DIRECTION('',(0.236916849705145,0.971529930741091,0.));
#7747=DIRECTION('',(0.,0.,1.));
#7748=DIRECTION('',(0.,0.,1.));
#7749=DIRECTION('',(-0.233164175096043,0.972437384848907,0.));
#7750=DIRECTION('',(0.,0.,1.));
#7751=DIRECTION('',(0.,0.,1.));
#7752=DIRECTION('',(-0.683650956351845,0.729809132499181,0.));
#7753=DIRECTION('',(0.,0.,1.));
#7754=DIRECTION('',(0.,0.,1.));
#7755=DIRECTION('',(-0.96574775840521,0.259482691398312,0.));
#7756=DIRECTION('',(0.,0.,1.));
#7757=DIRECTION('',(0.,1.,0.));
#7758=DIRECTION('',(0.,0.,1.));
#7759=DIRECTION('',(0.,0.,1.));
#7760=DIRECTION('',(0.,0.,1.));
#7761=DIRECTION('',(-0.972305380192824,0.233714029634699,0.));
#7762=DIRECTION('',(0.,0.,1.));
#7763=DIRECTION('',(0.,0.,1.));
#7764=DIRECTION('',(-0.708548782525149,0.705661833162407,0.));
#7765=DIRECTION('',(0.,0.,1.));
#7766=DIRECTION('',(0.,0.,1.));
#7767=DIRECTION('',(-0.236345809106891,0.971669006667193,0.));
#7768=DIRECTION('',(0.,0.,1.));
#7769=DIRECTION('',(0.,0.,1.));
#7770=DIRECTION('',(0.214108617363709,0.976809858657559,0.));
#7771=DIRECTION('',(0.,0.,1.));
#7772=DIRECTION('',(0.,0.,1.));
#7773=DIRECTION('',(0.65682441072577,0.754043562053775,0.));
#7774=DIRECTION('',(0.,0.,1.));
#7775=DIRECTION('',(0.,0.,1.));
#7776=DIRECTION('',(0.962286976204902,0.272036349457984,0.));
#7777=DIRECTION('',(0.,0.,1.));
#7778=DIRECTION('',(0.,0.,1.));
#7779=DIRECTION('',(0.978905146599572,-0.204315231837647,0.));
#7780=DIRECTION('',(0.,0.,1.));
#7781=DIRECTION('',(0.,0.,1.));
#7782=DIRECTION('',(0.849998816792422,-0.526784596824435,0.));
#7783=DIRECTION('',(0.,0.,1.));
#7784=DIRECTION('',(0.,0.,1.));
#7785=DIRECTION('',(0.756897448693212,-0.653533665668194,0.));
#7786=DIRECTION('',(0.,0.,1.));
#7787=DIRECTION('',(0.738428464191941,-0.674331819856612,0.));
#7788=DIRECTION('',(0.674331819856612,0.738428464191941,0.));
#7789=DIRECTION('',(0.892424541893199,-0.451196672224779,0.));
#7790=DIRECTION('',(0.451196672224779,0.892424541893199,0.));
#7791=DIRECTION('',(0.,0.,1.));
#7792=DIRECTION('',(0.,0.,1.));
#7793=DIRECTION('',(0.,1.,0.));
#7794=DIRECTION('',(0.,0.,1.));
#7795=DIRECTION('',(0.,0.,1.));
#7796=DIRECTION('',(-0.893602878314861,0.448858436333101,0.));
#7797=DIRECTION('',(-0.448858436333101,-0.893602878314861,0.));
#7798=DIRECTION('',(0.,0.,1.));
#7799=DIRECTION('',(-1.,0.,0.));
#7800=DIRECTION('',(0.,0.,1.));
#7801=DIRECTION('',(0.,0.,1.));
#7802=DIRECTION('',(0.,-1.,0.));
#7803=DIRECTION('',(0.,0.,-1.));
#7804=DIRECTION('',(0.,0.,1.));
#7805=DIRECTION('',(1.,0.,0.));
#7806=DIRECTION('',(0.,0.,-1.));
#7807=DIRECTION('',(0.,0.,1.));
#7808=DIRECTION('',(0.,1.,0.));
#7809=DIRECTION('',(0.,0.,1.));
#7810=DIRECTION('',(0.,0.,1.));
#7811=DIRECTION('',(1.,0.,0.));
#7812=DIRECTION('',(0.,0.,-1.));
#7813=DIRECTION('',(0.,0.,1.));
#7814=DIRECTION('',(-0.239562805128559,-0.970880869313499,0.));
#7815=DIRECTION('',(0.,0.,1.));
#7816=DIRECTION('',(0.,0.,1.));
#7817=DIRECTION('',(0.,0.,1.));
#7818=DIRECTION('',(0.220353454877529,-0.975420091511107,0.));
#7819=DIRECTION('',(0.,0.,1.));
#7820=DIRECTION('',(0.,0.,1.));
#7821=DIRECTION('',(0.648546924202005,-0.761174675818973,0.));
#7822=DIRECTION('',(0.,0.,1.));
#7823=DIRECTION('',(0.,0.,1.));
#7824=DIRECTION('',(0.957400461921544,-0.288763494078485,0.));
#7825=DIRECTION('',(0.,0.,1.));
#7826=DIRECTION('',(0.,0.,1.));
#7827=DIRECTION('',(0.925209599901263,0.379456448423986,0.));
#7828=DIRECTION('',(0.,0.,1.));
#7829=DIRECTION('',(0.,0.,1.));
#7830=DIRECTION('',(0.35972715412634,0.933057540875247,0.));
#7831=DIRECTION('',(0.,0.,1.));
#7832=DIRECTION('',(0.,0.,1.));
#7833=DIRECTION('',(-0.214298938905348,0.976768122321793,0.));
#7834=DIRECTION('',(0.,0.,1.));
#7835=DIRECTION('',(0.,0.,1.));
#7836=DIRECTION('',(-0.644841226430935,0.764316552676342,0.));
#7837=DIRECTION('',(0.,0.,1.));
#7838=DIRECTION('',(0.,0.,1.));
#7839=DIRECTION('',(0.,0.,1.));
#7840=DIRECTION('',(-0.248997117624799,-0.968504225811401,0.));
#7841=DIRECTION('',(0.,0.,1.));
#7842=DIRECTION('',(0.,0.,1.));
#7843=DIRECTION('',(-0.712327452390546,-0.701847277241135,0.));
#7844=DIRECTION('',(0.,0.,1.));
#7845=DIRECTION('',(0.,0.,1.));
#7846=DIRECTION('',(-0.971136742746769,-0.238523430478425,0.));
#7847=DIRECTION('',(0.,0.,1.));
#7848=DIRECTION('',(0.,0.,1.));
#7849=DIRECTION('',(-0.977680482625843,0.210097296252232,0.));
#7850=DIRECTION('',(0.,0.,1.));
#7851=DIRECTION('',(0.,0.,1.));
#7852=DIRECTION('',(-0.80550341524605,0.592591130567232,0.));
#7853=DIRECTION('',(0.,0.,1.));
#7854=DIRECTION('',(0.,0.,1.));
#7855=DIRECTION('',(0.,0.,1.));
#7856=DIRECTION('',(1.,0.,0.));
#7857=DIRECTION('',(0.,0.,-1.));
#7858=DIRECTION('',(0.,0.,1.));
#7859=DIRECTION('',(0.,0.,1.));
#7860=DIRECTION('',(-0.904987769600245,-0.425437582817943,0.));
#7861=DIRECTION('',(0.,0.,1.));
#7862=DIRECTION('',(0.,0.,1.));
#7863=DIRECTION('',(-0.344384944704273,-0.938828530595995,0.));
#7864=DIRECTION('',(0.,0.,1.));
#7865=DIRECTION('',(0.,0.,1.));
#7866=DIRECTION('',(0.389702367904672,-0.920940858279994,0.));
#7867=DIRECTION('',(0.,0.,1.));
#7868=DIRECTION('',(0.,0.,1.));
#7869=DIRECTION('',(0.925446052390333,-0.378879405768048,0.));
#7870=DIRECTION('',(0.,0.,1.));
#7871=DIRECTION('',(-1.,0.,0.));
#7872=DIRECTION('',(0.,0.,1.));
#7873=DIRECTION('',(0.,0.,1.));
#7874=DIRECTION('',(0.,0.,1.));
#7875=DIRECTION('',(0.928219755684749,0.372032371113784,0.));
#7876=DIRECTION('',(0.,0.,1.));
#7877=DIRECTION('',(0.,0.,1.));
#7878=DIRECTION('',(0.384140070058434,0.923274827218582,0.));
#7879=DIRECTION('',(0.,0.,1.));
#7880=DIRECTION('',(0.,0.,1.));
#7881=DIRECTION('',(-0.376116159082853,0.926572520031089,0.));
#7882=DIRECTION('',(0.,0.,1.));
#7883=DIRECTION('',(0.,0.,1.));
#7884=DIRECTION('',(0.40694566594854,0.913452366008047,0.));
#7885=DIRECTION('',(0.,0.,1.));
#7886=DIRECTION('',(0.,0.,1.));
#7887=DIRECTION('',(0.154731718646612,0.987956524977018,0.));
#7888=DIRECTION('',(0.,0.,1.));
#7889=DIRECTION('',(0.,0.,1.));
#7890=DIRECTION('',(0.,0.,1.));
#7891=DIRECTION('',(-0.766517593366431,0.642223309340088,0.));
#7892=DIRECTION('',(0.,0.,1.));
#7893=DIRECTION('',(0.,0.,1.));
#7894=DIRECTION('',(-0.971512549727232,0.23698811304049,0.));
#7895=DIRECTION('',(0.,0.,1.));
#7896=DIRECTION('',(0.,0.,1.));
#7897=DIRECTION('',(-0.970073055458312,-0.24281323496419,0.));
#7898=DIRECTION('',(0.,0.,1.));
#7899=DIRECTION('',(0.,0.,1.));
#7900=DIRECTION('',(-0.700546783209858,-0.713606477362923,0.));
#7901=DIRECTION('',(0.,-1.,0.));
#7902=DIRECTION('',(0.,0.,-1.));
#7903=DIRECTION('',(0.,0.,1.));
#7904=DIRECTION('',(0.,0.,1.));
#7905=DIRECTION('',(-1.,0.,0.));
#7906=DIRECTION('',(0.,0.,1.));
#7907=DIRECTION('',(0.,0.,1.));
#7908=DIRECTION('',(0.,-1.,0.));
#7909=DIRECTION('',(0.,0.,-1.));
#7910=DIRECTION('',(0.,0.,1.));
#7911=DIRECTION('',(0.845420628826775,-0.534101076907864,0.));
#7912=DIRECTION('',(0.534101076907864,0.845420628826775,0.));
#7913=DIRECTION('',(0.,0.,1.));
#7914=DIRECTION('',(1.,0.,0.));
#7915=DIRECTION('',(0.,0.,-1.));
#7916=DIRECTION('',(0.,0.,1.));
#7917=DIRECTION('',(0.,1.,0.));
#7918=DIRECTION('',(0.,0.,1.));
#7919=DIRECTION('',(0.,0.,1.));
#7920=DIRECTION('',(1.,0.,0.));
#7921=DIRECTION('',(0.,0.,-1.));
#7922=DIRECTION('',(0.,0.,1.));
#7923=DIRECTION('',(0.,1.,0.));
#7924=DIRECTION('',(0.,0.,1.));
#7925=DIRECTION('',(0.,0.,1.));
#7926=DIRECTION('',(-1.,0.,0.));
#7927=DIRECTION('',(0.,0.,1.));
#7928=DIRECTION('',(0.,0.,1.));
#7929=DIRECTION('',(0.,1.,0.));
#7930=DIRECTION('',(0.,0.,1.));
#7931=DIRECTION('',(0.,0.,1.));
#7932=DIRECTION('',(-1.,0.,0.));
#7933=DIRECTION('',(0.,0.,1.));
#7934=DIRECTION('',(0.,0.,1.));
#7935=DIRECTION('',(1.,0.,0.));
#7936=CARTESIAN_POINT('',(0.,0.,0.));
#7937=CARTESIAN_POINT('',(-0.0021,-0.0021,0.0005));
#7938=CARTESIAN_POINT('',(-0.0021,-0.0021,0.));
#7939=CARTESIAN_POINT('',(-0.0025,-0.0017,0.));
#7940=CARTESIAN_POINT('',(-0.0017,-0.0025,0.));
#7941=CARTESIAN_POINT('',(-0.0017,-0.0025,0.0005));
#7942=CARTESIAN_POINT('',(-0.0017,-0.0025,0.0005));
#7943=CARTESIAN_POINT('',(-0.0021,-0.0021,0.0005));
#7944=CARTESIAN_POINT('',(-0.0025,-0.0017,0.0005));
#7945=CARTESIAN_POINT('',(-0.0025,-0.0017,0.0005));
#7946=CARTESIAN_POINT('',(-0.001225,-0.0025,0.0005));
#7947=CARTESIAN_POINT('',(-0.001225,-0.0025,0.));
#7948=CARTESIAN_POINT('',(-0.00075,-0.0025,0.));
#7949=CARTESIAN_POINT('',(-0.00075,-0.0025,0.0005));
#7950=CARTESIAN_POINT('',(-0.00075,-0.0025,0.0005));
#7951=CARTESIAN_POINT('',(-0.001225,-0.0025,0.0005));
#7952=CARTESIAN_POINT('',(-0.00075,-0.002125,0.0005));
#7953=CARTESIAN_POINT('',(-0.00075,-0.002125,0.));
#7954=CARTESIAN_POINT('',(-0.00075,-0.00175,0.));
#7955=CARTESIAN_POINT('',(-0.00075,-0.00175,0.0005));
#7956=CARTESIAN_POINT('',(-0.00075,-0.00175,0.0005));
#7957=CARTESIAN_POINT('',(-0.00075,-0.002125,0.0005));
#7958=CARTESIAN_POINT('',(-0.00095,-0.00175,0.0005));
#7959=CARTESIAN_POINT('',(-0.00095,-0.00175,0.));
#7960=CARTESIAN_POINT('',(-0.00115,-0.00175,0.));
#7961=CARTESIAN_POINT('',(-0.00115,-0.00175,0.0005));
#7962=CARTESIAN_POINT('',(-0.00115,-0.00175,0.0005));
#7963=CARTESIAN_POINT('',(-0.00095,-0.00175,0.0005));
#7964=CARTESIAN_POINT('',(-0.00145,-0.00145,0.0005));
#7965=CARTESIAN_POINT('',(-0.00145,-0.00145,0.));
#7966=CARTESIAN_POINT('',(-0.00175,-0.00115,0.));
#7967=CARTESIAN_POINT('',(-0.00175,-0.00115,0.0005));
#7968=CARTESIAN_POINT('',(-0.00175,-0.00115,0.0005));
#7969=CARTESIAN_POINT('',(-0.00145,-0.00145,0.0005));
#7970=CARTESIAN_POINT('',(-0.00175,-0.00095,0.0005));
#7971=CARTESIAN_POINT('',(-0.00175,-0.00095,0.));
#7972=CARTESIAN_POINT('',(-0.00175,-0.00075,0.));
#7973=CARTESIAN_POINT('',(-0.00175,-0.00075,0.0005));
#7974=CARTESIAN_POINT('',(-0.00175,-0.00075,0.0005));
#7975=CARTESIAN_POINT('',(-0.00175,-0.00095,0.0005));
#7976=CARTESIAN_POINT('',(-0.002125,-0.00075,0.0005));
#7977=CARTESIAN_POINT('',(-0.002125,-0.00075,0.));
#7978=CARTESIAN_POINT('',(-0.0025,-0.00075,0.));
#7979=CARTESIAN_POINT('',(-0.0025,-0.00075,0.0005));
#7980=CARTESIAN_POINT('',(-0.0025,-0.00075,0.0005));
#7981=CARTESIAN_POINT('',(-0.002125,-0.00075,0.0005));
#7982=CARTESIAN_POINT('',(-0.0025,-0.001225,0.0005));
#7983=CARTESIAN_POINT('',(-0.0025,-0.001225,0.));
#7984=CARTESIAN_POINT('',(-0.0025,-0.001225,0.0005));
#7985=CARTESIAN_POINT('',(0.,0.,0.0005));
#7986=CARTESIAN_POINT('',(0.,0.,0.));
#7987=CARTESIAN_POINT('',(0.,0.,0.));
#7988=CARTESIAN_POINT('',(0.,0.,0.00275));
#7989=CARTESIAN_POINT('',(-0.000916992187500001,-0.00089330639721976,0.00275));
#7990=CARTESIAN_POINT('',(-0.000916992187500001,-0.00109521069409476,0.00275));
#7991=CARTESIAN_POINT('',(-0.000916992187500001,-0.00069140210034476,0.00275));
#7992=CARTESIAN_POINT('',(-0.00104573567708333,-0.00109521069409476,0.00275));
#7993=CARTESIAN_POINT('',(-0.00117447916666667,-0.00109521069409476,0.00275));
#7994=CARTESIAN_POINT('',(-0.00117447916666667,-0.00109228100659476,0.00275));
#7995=CARTESIAN_POINT('',(-0.00117447916666667,-0.00108935131909476,0.00275));
#7996=CARTESIAN_POINT('',(-0.00104874674479167,-0.00089037670971976,0.00275));
#7997=CARTESIAN_POINT('',(-0.000923014322916667,-0.00069140210034476,0.00275));
#7998=CARTESIAN_POINT('',(-0.000920003255208334,-0.00069140210034476,0.00275));
#7999=CARTESIAN_POINT('',(-0.000920003255208334,-0.00069140210034476,0.00275));
#8000=CARTESIAN_POINT('',(-0.000920003255208334,-0.00069140210034476,0.003));
#8001=CARTESIAN_POINT('',(-0.000916992187500001,-0.00069140210034476,0.003));
#8002=CARTESIAN_POINT('',(-0.000923014322916667,-0.00069140210034476,0.003));
#8003=CARTESIAN_POINT('',(-0.000916992187500001,-0.00069140210034476,0.00275));
#8004=CARTESIAN_POINT('',(-0.000923014322916667,-0.00069140210034476,0.00275));
#8005=CARTESIAN_POINT('',(-0.00104874674479167,-0.00089037670971976,0.00275));
#8006=CARTESIAN_POINT('',(-0.00104874674479167,-0.00089037670971976,0.003));
#8007=CARTESIAN_POINT('',(-0.00117447916666667,-0.00108935131909476,0.003));
#8008=CARTESIAN_POINT('',(-0.00117447916666667,-0.00108935131909476,0.00275));
#8009=CARTESIAN_POINT('',(-0.00117447916666667,-0.00109228100659476,0.00275));
#8010=CARTESIAN_POINT('',(-0.00117447916666667,-0.00109228100659476,0.003));
#8011=CARTESIAN_POINT('',(-0.00117447916666667,-0.00109521069409476,0.003));
#8012=CARTESIAN_POINT('',(-0.00117447916666667,-0.00109521069409476,0.00275));
#8013=CARTESIAN_POINT('',(-0.00104573567708333,-0.00109521069409476,0.00275));
#8014=CARTESIAN_POINT('',(-0.00104573567708333,-0.00109521069409476,0.003));
#8015=CARTESIAN_POINT('',(-0.000916992187500001,-0.00109521069409476,0.003));
#8016=CARTESIAN_POINT('',(-0.000916992187500001,-0.00109521069409476,0.00275));
#8017=CARTESIAN_POINT('',(-0.000916992187500001,-0.00089330639721976,0.00275));
#8018=CARTESIAN_POINT('',(-0.000916992187500001,-0.00089330639721976,0.003));
#8019=CARTESIAN_POINT('',(0.,0.,0.003));
#8020=CARTESIAN_POINT('',(0.,0.,0.));
#8021=CARTESIAN_POINT('',(-0.00075,0.002125,0.0005));
#8022=CARTESIAN_POINT('',(-0.00075,0.002125,0.));
#8023=CARTESIAN_POINT('',(-0.00075,0.0025,0.));
#8024=CARTESIAN_POINT('',(-0.00075,0.00175,0.));
#8025=CARTESIAN_POINT('',(-0.00075,0.0025,0.0005));
#8026=CARTESIAN_POINT('',(-0.00075,0.0025,0.0005));
#8027=CARTESIAN_POINT('',(-0.00075,0.002125,0.0005));
#8028=CARTESIAN_POINT('',(-0.00075,0.00175,0.0005));
#8029=CARTESIAN_POINT('',(-0.00075,0.00175,0.0005));
#8030=CARTESIAN_POINT('',(-0.001225,0.0025,0.0005));
#8031=CARTESIAN_POINT('',(-0.001225,0.0025,0.));
#8032=CARTESIAN_POINT('',(-0.0017,0.0025,0.));
#8033=CARTESIAN_POINT('',(-0.0017,0.0025,0.0005));
#8034=CARTESIAN_POINT('',(-0.0017,0.0025,0.0005));
#8035=CARTESIAN_POINT('',(-0.001225,0.0025,0.0005));
#8036=CARTESIAN_POINT('',(-0.0021,0.0021,0.0005));
#8037=CARTESIAN_POINT('',(-0.0021,0.0021,0.));
#8038=CARTESIAN_POINT('',(-0.0025,0.0017,0.));
#8039=CARTESIAN_POINT('',(-0.0025,0.0017,0.0005));
#8040=CARTESIAN_POINT('',(-0.0025,0.0017,0.0005));
#8041=CARTESIAN_POINT('',(-0.0021,0.0021,0.0005));
#8042=CARTESIAN_POINT('',(-0.0025,0.001225,0.0005));
#8043=CARTESIAN_POINT('',(-0.0025,0.001225,0.));
#8044=CARTESIAN_POINT('',(-0.0025,0.00075,0.));
#8045=CARTESIAN_POINT('',(-0.0025,0.00075,0.0005));
#8046=CARTESIAN_POINT('',(-0.0025,0.00075,0.0005));
#8047=CARTESIAN_POINT('',(-0.0025,0.001225,0.0005));
#8048=CARTESIAN_POINT('',(-0.002125,0.00075,0.0005));
#8049=CARTESIAN_POINT('',(-0.002125,0.00075,0.));
#8050=CARTESIAN_POINT('',(-0.00175,0.00075,0.));
#8051=CARTESIAN_POINT('',(-0.00175,0.00075,0.0005));
#8052=CARTESIAN_POINT('',(-0.00175,0.00075,0.0005));
#8053=CARTESIAN_POINT('',(-0.002125,0.00075,0.0005));
#8054=CARTESIAN_POINT('',(-0.00175,0.00095,0.0005));
#8055=CARTESIAN_POINT('',(-0.00175,0.00095,0.));
#8056=CARTESIAN_POINT('',(-0.00175,0.00115,0.));
#8057=CARTESIAN_POINT('',(-0.00175,0.00115,0.0005));
#8058=CARTESIAN_POINT('',(-0.00175,0.00115,0.0005));
#8059=CARTESIAN_POINT('',(-0.00175,0.00095,0.0005));
#8060=CARTESIAN_POINT('',(-0.00145,0.00145,0.0005));
#8061=CARTESIAN_POINT('',(-0.00145,0.00145,0.));
#8062=CARTESIAN_POINT('',(-0.00115,0.00175,0.));
#8063=CARTESIAN_POINT('',(-0.00115,0.00175,0.0005));
#8064=CARTESIAN_POINT('',(-0.00115,0.00175,0.0005));
#8065=CARTESIAN_POINT('',(-0.00145,0.00145,0.0005));
#8066=CARTESIAN_POINT('',(-0.00095,0.00175,0.0005));
#8067=CARTESIAN_POINT('',(-0.00095,0.00175,0.));
#8068=CARTESIAN_POINT('',(-0.00095,0.00175,0.0005));
#8069=CARTESIAN_POINT('',(0.,0.,0.0005));
#8070=CARTESIAN_POINT('',(0.,0.,0.));
#8071=CARTESIAN_POINT('',(0.,0.,0.));
#8072=CARTESIAN_POINT('',(0.002125,0.00075,0.0005));
#8073=CARTESIAN_POINT('',(0.002125,0.00075,0.));
#8074=CARTESIAN_POINT('',(0.0025,0.00075,0.));
#8075=CARTESIAN_POINT('',(0.00175,0.00075,0.));
#8076=CARTESIAN_POINT('',(0.0025,0.00075,0.0005));
#8077=CARTESIAN_POINT('',(0.0025,0.00075,0.0005));
#8078=CARTESIAN_POINT('',(0.002125,0.00075,0.0005));
#8079=CARTESIAN_POINT('',(0.00175,0.00075,0.0005));
#8080=CARTESIAN_POINT('',(0.00175,0.00075,0.0005));
#8081=CARTESIAN_POINT('',(0.0025,0.001225,0.0005));
#8082=CARTESIAN_POINT('',(0.0025,0.001225,0.));
#8083=CARTESIAN_POINT('',(0.0025,0.0017,0.));
#8084=CARTESIAN_POINT('',(0.0025,0.0017,0.0005));
#8085=CARTESIAN_POINT('',(0.0025,0.0017,0.0005));
#8086=CARTESIAN_POINT('',(0.0025,0.001225,0.0005));
#8087=CARTESIAN_POINT('',(0.0021,0.0021,0.0005));
#8088=CARTESIAN_POINT('',(0.0021,0.0021,0.));
#8089=CARTESIAN_POINT('',(0.0017,0.0025,0.));
#8090=CARTESIAN_POINT('',(0.0017,0.0025,0.0005));
#8091=CARTESIAN_POINT('',(0.0017,0.0025,0.0005));
#8092=CARTESIAN_POINT('',(0.0021,0.0021,0.0005));
#8093=CARTESIAN_POINT('',(0.001225,0.0025,0.0005));
#8094=CARTESIAN_POINT('',(0.001225,0.0025,0.));
#8095=CARTESIAN_POINT('',(0.00075,0.0025,0.));
#8096=CARTESIAN_POINT('',(0.00075,0.0025,0.0005));
#8097=CARTESIAN_POINT('',(0.00075,0.0025,0.0005));
#8098=CARTESIAN_POINT('',(0.001225,0.0025,0.0005));
#8099=CARTESIAN_POINT('',(0.00075,0.002125,0.0005));
#8100=CARTESIAN_POINT('',(0.00075,0.002125,0.));
#8101=CARTESIAN_POINT('',(0.00075,0.00175,0.));
#8102=CARTESIAN_POINT('',(0.00075,0.00175,0.0005));
#8103=CARTESIAN_POINT('',(0.00075,0.00175,0.0005));
#8104=CARTESIAN_POINT('',(0.00075,0.002125,0.0005));
#8105=CARTESIAN_POINT('',(0.00095,0.00175,0.0005));
#8106=CARTESIAN_POINT('',(0.00095,0.00175,0.));
#8107=CARTESIAN_POINT('',(0.00115,0.00175,0.));
#8108=CARTESIAN_POINT('',(0.00115,0.00175,0.0005));
#8109=CARTESIAN_POINT('',(0.00115,0.00175,0.0005));
#8110=CARTESIAN_POINT('',(0.00095,0.00175,0.0005));
#8111=CARTESIAN_POINT('',(0.00145,0.00145,0.0005));
#8112=CARTESIAN_POINT('',(0.00145,0.00145,0.));
#8113=CARTESIAN_POINT('',(0.00175,0.00115,0.));
#8114=CARTESIAN_POINT('',(0.00175,0.00115,0.0005));
#8115=CARTESIAN_POINT('',(0.00175,0.00115,0.0005));
#8116=CARTESIAN_POINT('',(0.00145,0.00145,0.0005));
#8117=CARTESIAN_POINT('',(0.00175,0.00095,0.0005));
#8118=CARTESIAN_POINT('',(0.00175,0.00095,0.));
#8119=CARTESIAN_POINT('',(0.00175,0.00095,0.0005));
#8120=CARTESIAN_POINT('',(0.,0.,0.0005));
#8121=CARTESIAN_POINT('',(0.,0.,0.));
#8122=CARTESIAN_POINT('',(0.,0.,0.));
#8123=CARTESIAN_POINT('',(0.00075,-0.002125,0.0005));
#8124=CARTESIAN_POINT('',(0.00075,-0.002125,0.));
#8125=CARTESIAN_POINT('',(0.00075,-0.0025,0.));
#8126=CARTESIAN_POINT('',(0.00075,-0.00175,0.));
#8127=CARTESIAN_POINT('',(0.00075,-0.0025,0.0005));
#8128=CARTESIAN_POINT('',(0.00075,-0.0025,0.0005));
#8129=CARTESIAN_POINT('',(0.00075,-0.002125,0.0005));
#8130=CARTESIAN_POINT('',(0.00075,-0.00175,0.0005));
#8131=CARTESIAN_POINT('',(0.00075,-0.00175,0.0005));
#8132=CARTESIAN_POINT('',(0.001225,-0.0025,0.0005));
#8133=CARTESIAN_POINT('',(0.001225,-0.0025,0.));
#8134=CARTESIAN_POINT('',(0.0017,-0.0025,0.));
#8135=CARTESIAN_POINT('',(0.0017,-0.0025,0.0005));
#8136=CARTESIAN_POINT('',(0.0017,-0.0025,0.0005));
#8137=CARTESIAN_POINT('',(0.001225,-0.0025,0.0005));
#8138=CARTESIAN_POINT('',(0.0021,-0.0021,0.0005));
#8139=CARTESIAN_POINT('',(0.0021,-0.0021,0.));
#8140=CARTESIAN_POINT('',(0.0025,-0.0017,0.));
#8141=CARTESIAN_POINT('',(0.0025,-0.0017,0.0005));
#8142=CARTESIAN_POINT('',(0.0025,-0.0017,0.0005));
#8143=CARTESIAN_POINT('',(0.0021,-0.0021,0.0005));
#8144=CARTESIAN_POINT('',(0.0025,-0.001225,0.0005));
#8145=CARTESIAN_POINT('',(0.0025,-0.001225,0.));
#8146=CARTESIAN_POINT('',(0.0025,-0.00075,0.));
#8147=CARTESIAN_POINT('',(0.0025,-0.00075,0.0005));
#8148=CARTESIAN_POINT('',(0.0025,-0.00075,0.0005));
#8149=CARTESIAN_POINT('',(0.0025,-0.001225,0.0005));
#8150=CARTESIAN_POINT('',(0.002125,-0.00075,0.0005));
#8151=CARTESIAN_POINT('',(0.002125,-0.00075,0.));
#8152=CARTESIAN_POINT('',(0.00175,-0.00075,0.));
#8153=CARTESIAN_POINT('',(0.00175,-0.00075,0.0005));
#8154=CARTESIAN_POINT('',(0.00175,-0.00075,0.0005));
#8155=CARTESIAN_POINT('',(0.002125,-0.00075,0.0005));
#8156=CARTESIAN_POINT('',(0.00175,-0.00095,0.0005));
#8157=CARTESIAN_POINT('',(0.00175,-0.00095,0.));
#8158=CARTESIAN_POINT('',(0.00175,-0.00115,0.));
#8159=CARTESIAN_POINT('',(0.00175,-0.00115,0.0005));
#8160=CARTESIAN_POINT('',(0.00175,-0.00115,0.0005));
#8161=CARTESIAN_POINT('',(0.00175,-0.00095,0.0005));
#8162=CARTESIAN_POINT('',(0.00145,-0.00145,0.0005));
#8163=CARTESIAN_POINT('',(0.00145,-0.00145,0.));
#8164=CARTESIAN_POINT('',(0.00115,-0.00175,0.));
#8165=CARTESIAN_POINT('',(0.00115,-0.00175,0.0005));
#8166=CARTESIAN_POINT('',(0.00115,-0.00175,0.0005));
#8167=CARTESIAN_POINT('',(0.00145,-0.00145,0.0005));
#8168=CARTESIAN_POINT('',(0.00095,-0.00175,0.0005));
#8169=CARTESIAN_POINT('',(0.00095,-0.00175,0.));
#8170=CARTESIAN_POINT('',(0.00095,-0.00175,0.0005));
#8171=CARTESIAN_POINT('',(0.,0.,0.0005));
#8172=CARTESIAN_POINT('',(0.,0.,0.));
#8173=CARTESIAN_POINT('',(0.,0.,0.));
#8174=CARTESIAN_POINT('',(0.,0.,0.00275));
#8175=CARTESIAN_POINT('',(-0.00174644660940672,0.00174644660940672,0.00275));
#8176=CARTESIAN_POINT('',(-0.00149644660940672,0.00174644660940672,0.00275));
#8177=CARTESIAN_POINT('',(-0.000515380859375,-0.00133202710034476,0.00275));
#8178=CARTESIAN_POINT('',(-0.00046728515625,-0.00133202710034476,0.00275));
#8179=CARTESIAN_POINT('',(-0.000563476562500001,-0.00133202710034476,0.00275));
#8180=CARTESIAN_POINT('',(-0.00039404296875,-0.000996903402428094,0.00275));
#8181=CARTESIAN_POINT('',(-0.000224609375,-0.000661779704511427,0.00275));
#8182=CARTESIAN_POINT('',(-0.000224609375,-0.000658768636803094,0.00275));
#8183=CARTESIAN_POINT('',(-0.000224609375,-0.00065575756909476,0.00275));
#8184=CARTESIAN_POINT('',(-0.000419921875,-0.00065575756909476,0.00275));
#8185=CARTESIAN_POINT('',(-0.000615234375,-0.00065575756909476,0.00275));
#8186=CARTESIAN_POINT('',(-0.000615234375,-0.000615067464928094,0.00275));
#8187=CARTESIAN_POINT('',(-0.000615234375,-0.000574377360761427,0.00275));
#8188=CARTESIAN_POINT('',(-0.00037255859375,-0.000574377360761427,0.00275));
#8189=CARTESIAN_POINT('',(-0.0001298828125,-0.000574377360761427,0.00275));
#8190=CARTESIAN_POINT('',(-0.0001298828125,-0.000617346110761427,0.00275));
#8191=CARTESIAN_POINT('',(-0.0001298828125,-0.000660314860761427,0.00275));
#8192=CARTESIAN_POINT('',(-0.000298583984375,-0.000996170980553094,0.00275));
#8193=CARTESIAN_POINT('',(0.000246744791666666,-0.00133202710034476,0.00275));
#8194=CARTESIAN_POINT('',(0.000485677083333334,-0.00133202710034476,0.00275));
#8195=CARTESIAN_POINT('',(7.81249999999979E-06,-0.00133202710034476,0.00275));
#8196=CARTESIAN_POINT('',(7.81249999999979E-06,-0.00129874259513643,0.00275));
#8197=CARTESIAN_POINT('',(7.81249999999979E-06,-0.00126545808992809,0.00275));
#8198=CARTESIAN_POINT('',(0.0001328125,-0.00112857657951143,0.00275));
#8199=CARTESIAN_POINT('',(0.000257793425119914,-0.000991677337434206,0.00275));
#8200=CARTESIAN_POINT('',(-0.000946434479956276,0.000127750954982689,0.00275));
#8201=CARTESIAN_POINT('',(0.000330381894026449,-0.000907936408525415,0.002750000000004));
#8202=CARTESIAN_POINT('',(9.04997522754511E-05,-0.000709183621469535,0.00275));
#8203=CARTESIAN_POINT('',(0.000372777083677,-0.00084059801600454,0.00275000025));
#8204=CARTESIAN_POINT('',(0.000222353990281025,-0.000774607735212558,0.00275));
#8205=CARTESIAN_POINT('',(0.00038648258315083,-0.000774245041751349,0.00275));
#8206=CARTESIAN_POINT('',(0.000262366252254056,-0.000770676288382421,0.00275));
#8207=CARTESIAN_POINT('',(0.000367562743304283,-0.00070496119051463,0.00275000025));
#8208=CARTESIAN_POINT('',(0.000262476083849054,-0.000773842015983613,0.00275));
#8209=CARTESIAN_POINT('',(0.000315516144503422,-0.000659897035175772,0.00275000025));
#8210=CARTESIAN_POINT('',(0.00024446720346065,-0.000812568535514731,0.00275));
#8211=CARTESIAN_POINT('',(0.000241534528841628,-0.000644115843433603,0.00275));
#8212=CARTESIAN_POINT('',(0.000237356671285629,-0.000799118439761571,0.00275));
#8213=CARTESIAN_POINT('',(0.000165501501246002,-0.000661892303929315,0.00275000025));
#8214=CARTESIAN_POINT('',(0.000224709124284829,-0.000770937128545073,0.00275));
#8215=CARTESIAN_POINT('',(0.000115503718505185,-0.000712044062344982,0.00275));
#8216=CARTESIAN_POINT('',(0.000253728815388343,-0.000783446919858403,0.00275));
#8217=CARTESIAN_POINT('',(9.81331250990587E-05,-0.00078759350659476,0.00275));
#8218=CARTESIAN_POINT('',(5.43619791666666E-05,-0.00078759350659476,0.00275));
#8219=CARTESIAN_POINT('',(1.09528316891353E-05,-0.00078759350659476,0.00275));
#8220=CARTESIAN_POINT('',(0.000231230751347851,-0.000782152735731021,0.00275));
#8221=CARTESIAN_POINT('',(4.13500186644518E-05,-0.00067052677768842,0.00275000024997332));
#8222=CARTESIAN_POINT('',(0.000222841522871527,-0.000780751743917244,0.00275));
#8223=CARTESIAN_POINT('',(0.000125230737516626,-0.000592173206108769,0.00275000024999945));
#8224=CARTESIAN_POINT('',(0.000240209110155722,-0.000815493795466526,0.00275));
#8225=CARTESIAN_POINT('',(0.000244468228791957,-0.000564218335555113,0.00275));
#8226=CARTESIAN_POINT('',(0.000249792882127485,-0.000806762119201633,0.00275));
#8227=CARTESIAN_POINT('',(0.000362485444758693,-0.000592164596258653,0.00275000025));
#8228=CARTESIAN_POINT('',(0.000263625136988351,-0.000778432008220903,0.00275));
#8229=CARTESIAN_POINT('',(0.000443132075443605,-0.000668035707994247,0.00275000025));
#8230=CARTESIAN_POINT('',(0.000272913601950155,-0.000771764399090203,0.00275));
#8231=CARTESIAN_POINT('',(0.000472291410093734,-0.000774246779040102,0.00275000025));
#8232=CARTESIAN_POINT('',(0.000243110580754596,-0.000774247440952628,0.00275));
#8233=CARTESIAN_POINT('',(0.000457457670184421,-0.000855832497127999,0.00275000000000179));
#8234=CARTESIAN_POINT('',(0.000115413745432411,-0.000713032493372217,0.00275));
#8235=CARTESIAN_POINT('',(0.000405579660893558,-0.0009441518161946,0.00275000025));
#8236=CARTESIAN_POINT('',(-0.000859388770336688,4.44107656896167E-05,0.00275));
#8237=CARTESIAN_POINT('',(0.000303663576728918,-0.00106261353151417,0.00275000025));
#8238=CARTESIAN_POINT('',(0.000218668619791667,-0.00115372306388643,0.00275));
#8239=CARTESIAN_POINT('',(0.000133626302083333,-0.00124478751701143,0.00275));
#8240=CARTESIAN_POINT('',(0.000133626302083333,-0.00124771720451143,0.00275));
#8241=CARTESIAN_POINT('',(0.000133626302083333,-0.00125064689201143,0.00275));
#8242=CARTESIAN_POINT('',(0.000309651692708333,-0.00125064689201143,0.00275));
#8243=CARTESIAN_POINT('',(0.000485677083333334,-0.00125064689201143,0.00275));
#8244=CARTESIAN_POINT('',(0.000485677083333334,-0.00129133699617809,0.00275));
#8245=CARTESIAN_POINT('',(-0.001225,-0.0025,0.00275));
#8246=CARTESIAN_POINT('',(-0.0017,-0.0025,0.00275));
#8247=CARTESIAN_POINT('',(0.0017,-0.0025,0.00275));
#8248=CARTESIAN_POINT('',(0.0021,-0.0021,0.00275));
#8249=CARTESIAN_POINT('',(0.0025,-0.0017,0.00275));
#8250=CARTESIAN_POINT('',(0.0025,-0.001225,0.00275));
#8251=CARTESIAN_POINT('',(0.0025,0.0017,0.00275));
#8252=CARTESIAN_POINT('',(0.0021,0.0021,0.00275));
#8253=CARTESIAN_POINT('',(0.0017,0.0025,0.00275));
#8254=CARTESIAN_POINT('',(0.001225,0.0025,0.00275));
#8255=CARTESIAN_POINT('',(-0.0017,0.0025,0.00275));
#8256=CARTESIAN_POINT('',(-0.0021,0.0021,0.00275));
#8257=CARTESIAN_POINT('',(-0.0025,0.0017,0.00275));
#8258=CARTESIAN_POINT('',(-0.0025,-0.001225,0.00275));
#8259=CARTESIAN_POINT('',(-0.0025,-0.0017,0.00275));
#8260=CARTESIAN_POINT('',(-0.0021,-0.0021,0.00275));
#8261=CARTESIAN_POINT('',(-0.000829752604166667,-0.000834794027428094,0.00275));
#8262=CARTESIAN_POINT('',(-0.000829752604166667,-0.000574377360761427,0.00275));
#8263=CARTESIAN_POINT('',(-0.000829752604166667,-0.00109521069409476,0.00275));
#8264=CARTESIAN_POINT('',(-0.000777994791666667,-0.00109521069409476,0.00275));
#8265=CARTESIAN_POINT('',(-0.000726236979166667,-0.00109521069409476,0.00275));
#8266=CARTESIAN_POINT('',(-0.000726236979166667,-0.00113590079826143,0.00275));
#8267=CARTESIAN_POINT('',(-0.000726236979166667,-0.00117659090242809,0.00275));
#8268=CARTESIAN_POINT('',(-0.000777994791666667,-0.00117659090242809,0.00275));
#8269=CARTESIAN_POINT('',(-0.000829752604166667,-0.00117659090242809,0.00275));
#8270=CARTESIAN_POINT('',(-0.000829752604166667,-0.00125430900138643,0.00275));
#8271=CARTESIAN_POINT('',(-0.000829752604166667,-0.00133202710034476,0.00275));
#8272=CARTESIAN_POINT('',(-0.000873372395833334,-0.00133202710034476,0.00275));
#8273=CARTESIAN_POINT('',(-0.000916992187500001,-0.00133202710034476,0.00275));
#8274=CARTESIAN_POINT('',(-0.000916992187500001,-0.00125430900138643,0.00275));
#8275=CARTESIAN_POINT('',(-0.000916992187500001,-0.00117659090242809,0.00275));
#8276=CARTESIAN_POINT('',(-0.00109529622395833,-0.00117659090242809,0.00275));
#8277=CARTESIAN_POINT('',(-0.00127360026041667,-0.00117659090242809,0.00275));
#8278=CARTESIAN_POINT('',(-0.00127360026041667,-0.00113891186596976,0.00275));
#8279=CARTESIAN_POINT('',(-0.00127360026041667,-0.00110123282951143,0.00275));
#8280=CARTESIAN_POINT('',(-0.001107177734375,-0.000837805095136427,0.00275));
#8281=CARTESIAN_POINT('',(-0.000940755208333334,-0.000574377360761427,0.00275));
#8282=CARTESIAN_POINT('',(-0.000901448567708334,-0.000574377360761427,0.00275));
#8283=CARTESIAN_POINT('',(1.29977910647273E-06,0.00095343744188905,0.00275));
#8284=CARTESIAN_POINT('',(0.000332479440601376,0.000264715534951157,0.00275));
#8285=CARTESIAN_POINT('',(-7.81210469204882E-06,0.000189193326196991,0.00275));
#8286=CARTESIAN_POINT('',(-1.57703469710911E-05,0.000951111555246884,0.00275));
#8287=CARTESIAN_POINT('',(-0.000373327731516098,0.000278343026488531,0.00275));
#8288=CARTESIAN_POINT('',(-6.3510014438209E-05,0.000855956800957498,0.00275));
#8289=CARTESIAN_POINT('',(-0.000637452309574107,0.000538387337016981,0.00275000025));
#8290=CARTESIAN_POINT('',(6.21694758533291E-05,0.000917017662933473,0.00275));
#8291=CARTESIAN_POINT('',(-0.000733960781028108,0.000938225900090062,0.00275000025));
#8292=CARTESIAN_POINT('',(0.000262788699729716,0.000938204772113501,0.00275));
#8293=CARTESIAN_POINT('',(-0.000620880366012999,0.00140011547124045,0.00275));
#8294=CARTESIAN_POINT('',(0.000271366160811295,0.000959982675061654,0.00275));
#8295=CARTESIAN_POINT('',(-0.000327383753021288,0.00175368076046403,0.00275));
#8296=CARTESIAN_POINT('',(-0.000327383753021288,0.00175368076046403,0.00275));
#8297=CARTESIAN_POINT('',(-0.000146865557653638,0.00188673511998069,0.00275));
#8298=CARTESIAN_POINT('',(4.2600737915426E-05,0.00188673511998069,0.00275));
#8299=CARTESIAN_POINT('',(4.2600737915426E-05,0.00188673511998069,0.00275));
#8300=CARTESIAN_POINT('',(4.16284608418883E-05,0.00136724434654655,0.00275));
#8301=CARTESIAN_POINT('',(0.00020073456876099,0.00186179029104145,0.00275));
#8302=CARTESIAN_POINT('',(5.45005162493301E-06,0.00122854144654283,0.00275));
#8303=CARTESIAN_POINT('',(0.000341430229978889,0.00179967539475092,0.00275));
#8304=CARTESIAN_POINT('',(0.000413095017074912,0.00172831153936052,0.00275));
#8305=CARTESIAN_POINT('',(0.000416089764952795,0.00182945342365962,0.00275));
#8306=CARTESIAN_POINT('',(0.000419770382339438,0.0017208162125709,0.00275));
#8307=CARTESIAN_POINT('',(0.000498181333945976,0.00179589740662954,0.00275000005001021));
#8308=CARTESIAN_POINT('',(0.000418231306427447,0.0017171356631602,0.00275));
#8309=CARTESIAN_POINT('',(0.000530431550834253,0.0017151656423668,0.00275000025));
#8310=CARTESIAN_POINT('',(0.000530466722809894,0.00163541021867142,0.00275));
#8311=CARTESIAN_POINT('',(0.000530473717065018,0.00155565545199463,0.00275));
#8312=CARTESIAN_POINT('',(0.000409108634641876,0.00155497062946034,0.00275));
#8313=CARTESIAN_POINT('',(0.00049443249291799,0.00146855529269841,0.00275000025));
#8314=CARTESIAN_POINT('',(0.00040845166388492,0.00154898559256795,0.00275));
#8315=CARTESIAN_POINT('',(0.000405967901612868,0.00143126099689902,0.00275));
#8316=CARTESIAN_POINT('',(0.000401824848882437,0.00155209652002739,0.00275));
#8317=CARTESIAN_POINT('',(0.000322568615048821,0.00146118039391653,0.00275000000000152));
#8318=CARTESIAN_POINT('',(0.000379427820925128,0.00153212241540849,0.00275));
#8319=CARTESIAN_POINT('',(0.000288791765877331,0.00153075520087011,0.00275000025));
#8320=CARTESIAN_POINT('',(0.000288868017371725,0.00153950992738236,0.00275));
#8321=CARTESIAN_POINT('',(0.000288868017371725,0.00154826350366635,0.00275));
#8322=CARTESIAN_POINT('',(0.000288868017371725,0.00154826350366635,0.00275));
#8323=CARTESIAN_POINT('',(0.000197052728348523,0.00164552546237737,0.00275));
#8324=CARTESIAN_POINT('',(2.50935853474427E-05,0.00164552546237737,0.00275));
#8325=CARTESIAN_POINT('',(2.50935853474427E-05,0.00164552546237737,0.00275));
#8326=CARTESIAN_POINT('',(2.50935853474427E-05,0.00164552546237737,0.00275));
#8327=CARTESIAN_POINT('',(-9.94017218026609E-05,0.00164552546237737,0.00275));
#8328=CARTESIAN_POINT('',(-0.000218839407099792,0.00154456754923533,0.00275));
#8329=CARTESIAN_POINT('',(-0.000218839407099792,0.00154456754923533,0.00275));
#8330=CARTESIAN_POINT('',(0.000263287777028045,0.00099364121586402,0.00275));
#8331=CARTESIAN_POINT('',(-0.000411583617711968,0.00127914103860943,0.00275000025));
#8332=CARTESIAN_POINT('',(0.000340502227725643,0.000938283131081157,0.00275));
#8333=CARTESIAN_POINT('',(-0.000485067431236269,0.000938228622787839,0.00275000000000048));
#8334=CARTESIAN_POINT('',(6.53251553948931E-05,0.000922983490882165,0.00275));
#8335=CARTESIAN_POINT('',(-0.000420675230189427,0.000665649997587743,0.00275000025));
#8336=CARTESIAN_POINT('',(-2.46219715300792E-05,0.00087918901616693,0.00275));
#8337=CARTESIAN_POINT('',(-0.000247470653427574,0.000488821484304492,0.00275000024999999));
#8338=CARTESIAN_POINT('',(-1.35825474878696E-05,0.000908343311883738,0.00275));
#8339=CARTESIAN_POINT('',(-7.19738494461537E-06,0.000427805739315422,0.00275));
#8340=CARTESIAN_POINT('',(-7.19738494461537E-06,0.000427805739315422,0.00275));
#8341=CARTESIAN_POINT('',(0.000234401320493554,0.000427805739315422,0.00275));
#8342=CARTESIAN_POINT('',(0.000391187597935716,0.000634390139617625,0.00275));
#8343=CARTESIAN_POINT('',(0.000391187597935716,0.000634390139617625,0.00275));
#8344=CARTESIAN_POINT('',(0.000503386240128218,0.000551291943289571,0.00275));
#8345=CARTESIAN_POINT('',(0.000435882897337185,0.000673188069114113,0.00275000024999984));
#8346=CARTESIAN_POINT('',(0.000485327912260387,0.000567082703466486,0.00275));
#8347=CARTESIAN_POINT('',(0.00048806292839156,0.000684104463945724,0.00275));
#8348=CARTESIAN_POINT('',(0.000491657899088248,0.000559598017462063,0.00275));
#8349=CARTESIAN_POINT('',(0.000576651546359802,0.000650619383919552,0.00275));
#8350=CARTESIAN_POINT('',(0.000493984641414324,0.000566058844232395,0.00275));
#8351=CARTESIAN_POINT('',(0.000612371865335701,0.000559698780420075,0.00275000025));
#8352=CARTESIAN_POINT('',(0.000483843315305346,0.000556964674031719,0.00275));
#8353=CARTESIAN_POINT('',(0.000590350431401551,0.000485018360816277,0.00275000025));
#8354=CARTESIAN_POINT('',(3.783230381761E-05,0.000870553811818068,0.00275));
#8355=CARTESIAN_POINT('',(0.000960087071276225,-0.000860929777761,0.00275));
#8356=CARTESIAN_POINT('',(0.00122333442033693,-0.000707092731358387,0.0027500000000087));
#8357=CARTESIAN_POINT('',(0.00126096558178753,-0.000811193767011427,0.00275));
#8358=CARTESIAN_POINT('',(0.00121516927083333,-0.000811193767011427,0.00275));
#8359=CARTESIAN_POINT('',(0.001169193126997,-0.000811193767011427,0.00275));
#8360=CARTESIAN_POINT('',(0.000979348295008926,-0.000847475149557199,0.00275));
#8361=CARTESIAN_POINT('',(0.00114105411049958,-0.000741680687809334,0.00275000025));
#8362=CARTESIAN_POINT('',(0.000978037366826389,-0.000850233876340637,0.00275));
#8363=CARTESIAN_POINT('',(0.00109220377604167,-0.00069115795971976,0.00275));
#8364=CARTESIAN_POINT('',(0.000969132623223049,-0.000863347089688697,0.00275));
#8365=CARTESIAN_POINT('',(0.0010287272441487,-0.000660233410117489,0.00275));
#8366=CARTESIAN_POINT('',(0.000957280036481229,-0.00090288073944358,0.00275));
#8367=CARTESIAN_POINT('',(0.000956216632753071,-0.000649950867572802,0.00275));
#8368=CARTESIAN_POINT('',(0.000953148008496553,-0.000879781836598718,0.00275));
#8369=CARTESIAN_POINT('',(0.000831810238940544,-0.000684558018799268,0.00275));
#8370=CARTESIAN_POINT('',(0.000962968475353455,-0.000886132502539741,0.00275));
#8371=CARTESIAN_POINT('',(0.000743320486597765,-0.00078706826623241,0.00275000000000021));
#8372=CARTESIAN_POINT('',(0.00109282593442889,-0.000940326573298764,0.00275));
#8373=CARTESIAN_POINT('',(0.000711054464222012,-0.000953246081040427,0.00275));
#8374=CARTESIAN_POINT('',(0.00109236295641727,-0.000966165525670512,0.00275));
#8375=CARTESIAN_POINT('',(0.000743321502695166,-0.00111933434958902,0.00275000025));
#8376=CARTESIAN_POINT('',(0.000962968475344497,-0.00102027195857421,0.00275));
#8377=CARTESIAN_POINT('',(0.000831810643507524,-0.0012218467055462,0.00275000025));
#8378=CARTESIAN_POINT('',(0.000953148008496951,-0.00102662262450631,0.00275));
#8379=CARTESIAN_POINT('',(0.000956216927183148,-0.00125645358960199,0.00275000025));
#8380=CARTESIAN_POINT('',(0.000957280036481228,-0.00100352372166255,0.00275));
#8381=CARTESIAN_POINT('',(0.00102872718513779,-0.00124617084629605,0.00275));
#8382=CARTESIAN_POINT('',(0.000968841046263845,-0.00104199366778197,0.00275));
#8383=CARTESIAN_POINT('',(0.00109221017762416,-0.00121533682298483,0.00275));
#8384=CARTESIAN_POINT('',(0.000979799034599716,-0.00105832691510327,0.00275));
#8385=CARTESIAN_POINT('',(0.00114104829262081,-0.00116463843553272,0.0027500002499958));
#8386=CARTESIAN_POINT('',(0.000977147240406787,-0.0010578606670168,0.00275));
#8387=CARTESIAN_POINT('',(0.00116920271453727,-0.00109521069409476,0.00275));
#8388=CARTESIAN_POINT('',(0.00121516927083333,-0.00109521069409476,0.00275));
#8389=CARTESIAN_POINT('',(0.00126097457021529,-0.00109521069409476,0.00275));
#8390=CARTESIAN_POINT('',(0.000957795629435288,-0.00104447322121409,0.00275));
#8391=CARTESIAN_POINT('',(0.0012233285215571,-0.00119922679913703,0.00275000025));
#8392=CARTESIAN_POINT('',(0.00098143858093439,-0.00105677469354179,0.00275));
#8393=CARTESIAN_POINT('',(0.00115527962244959,-0.00127710333821246,0.00275000025));
#8394=CARTESIAN_POINT('',(0.000971994631400106,-0.00104326393296326,0.00275));
#8395=CARTESIAN_POINT('',(0.0010641320065079,-0.00132577476825691,0.00275000024999928));
#8396=CARTESIAN_POINT('',(0.000958999114889622,-0.00100067406337082,0.00275));
#8397=CARTESIAN_POINT('',(0.000956215195712673,-0.00134232782590719,0.00275));
#8398=CARTESIAN_POINT('',(0.000950055924145929,-0.00102525497256925,0.00275));
#8399=CARTESIAN_POINT('',(0.000783890150226733,-0.00129515121634958,0.00275));
#8400=CARTESIAN_POINT('',(0.000959390490145464,-0.00102171159608123,0.00275));
#8401=CARTESIAN_POINT('',(0.000665112217203944,-0.00116043651076964,0.00275000000000026));
#8402=CARTESIAN_POINT('',(0.00108548893381274,-0.000966447187965816,0.00275));
#8403=CARTESIAN_POINT('',(0.000622361993397373,-0.000953204938862771,0.00275));
#8404=CARTESIAN_POINT('',(0.00108541064201053,-0.000940005619239792,0.00275));
#8405=CARTESIAN_POINT('',(0.000665108470120444,-0.000746048796154586,0.00275000025));
#8406=CARTESIAN_POINT('',(0.000959407846959984,-0.00088496376283768,0.00275));
#8407=CARTESIAN_POINT('',(0.000783308263445635,-0.000611692496800422,0.00275));
#8408=CARTESIAN_POINT('',(0.000950055924145929,-0.000881312248953607,0.00275));
#8409=CARTESIAN_POINT('',(0.00095621606049261,-0.000564239412416728,0.00275000025));
#8410=CARTESIAN_POINT('',(0.000959009510365452,-0.000907433187284665,0.00275));
#8411=CARTESIAN_POINT('',(0.00106413216829748,-0.000580710615010609,0.00275000025));
#8412=CARTESIAN_POINT('',(0.000973092047330209,-0.000861152750102449,0.00275));
#8413=CARTESIAN_POINT('',(0.00115527834484512,-0.000629384170956299,0.00275));
#8414=CARTESIAN_POINT('',(0.000979779464085482,-0.000851492066853262,0.00275));
#8415=CARTESIAN_POINT('',(0.,0.0025,0.0005));
#8416=CARTESIAN_POINT('',(0.001225,0.0025,0.0005));
#8417=CARTESIAN_POINT('',(0.0017,0.0025,0.0005));
#8418=CARTESIAN_POINT('',(-0.0017,0.0025,0.0005));
#8419=CARTESIAN_POINT('',(-0.0017,0.0025,0.00275));
#8420=CARTESIAN_POINT('',(0.0017,0.0025,0.00275));
#8421=CARTESIAN_POINT('',(-0.0025,-1.0842021724855E-18,0.0005));
#8422=CARTESIAN_POINT('',(-0.0025,-0.001225,0.0005));
#8423=CARTESIAN_POINT('',(-0.0025,0.0017,0.0005));
#8424=CARTESIAN_POINT('',(-0.0025,-0.0017,0.0005));
#8425=CARTESIAN_POINT('',(-0.0025,-0.0017,0.00275));
#8426=CARTESIAN_POINT('',(-0.0025,0.0017,0.00275));
#8427=CARTESIAN_POINT('',(-2.16840434497101E-19,-0.0025,0.0005));
#8428=CARTESIAN_POINT('',(-0.001225,-0.0025,0.0005));
#8429=CARTESIAN_POINT('',(-0.0017,-0.0025,0.0005));
#8430=CARTESIAN_POINT('',(0.0017,-0.0025,0.0005));
#8431=CARTESIAN_POINT('',(0.0017,-0.0025,0.00275));
#8432=CARTESIAN_POINT('',(-0.0017,-0.0025,0.00275));
#8433=CARTESIAN_POINT('',(0.0025,0.,0.0005));
#8434=CARTESIAN_POINT('',(0.0025,-0.001225,0.0005));
#8435=CARTESIAN_POINT('',(0.0025,-0.0017,0.0005));
#8436=CARTESIAN_POINT('',(0.0025,0.0017,0.0005));
#8437=CARTESIAN_POINT('',(0.0025,0.0017,0.00275));
#8438=CARTESIAN_POINT('',(0.0025,-0.0017,0.00275));
#8439=CARTESIAN_POINT('',(0.,0.,0.0005));
#8440=CARTESIAN_POINT('',(-0.0021,0.0021,0.0005));
#8441=CARTESIAN_POINT('',(0.0021,0.0021,0.0005));
#8442=CARTESIAN_POINT('',(0.0021,-0.0021,0.0005));
#8443=CARTESIAN_POINT('',(-0.0021,-0.0021,0.0005));
#8444=CARTESIAN_POINT('',(-0.0021,-0.0021,0.00275));
#8445=CARTESIAN_POINT('',(0.0021,-0.0021,0.00275));
#8446=CARTESIAN_POINT('',(0.0021,0.0021,0.00275));
#8447=CARTESIAN_POINT('',(-0.0021,0.0021,0.00275));
#8448=CARTESIAN_POINT('',(7.81249999999979E-06,-0.00129874259513643,0.00275));
#8449=CARTESIAN_POINT('',(7.81249999999979E-06,-0.00129874259513643,0.003));
#8450=CARTESIAN_POINT('',(7.81249999999979E-06,-0.00133202710034476,0.003));
#8451=CARTESIAN_POINT('',(7.81249999999979E-06,-0.00126545808992809,0.003));
#8452=CARTESIAN_POINT('',(7.81249999999979E-06,-0.00126545808992809,0.00275));
#8453=CARTESIAN_POINT('',(7.81249999999979E-06,-0.00133202710034476,0.00275));
#8454=CARTESIAN_POINT('',(0.000246744791666666,-0.00133202710034476,0.00275));
#8455=CARTESIAN_POINT('',(0.000246744791666666,-0.00133202710034476,0.003));
#8456=CARTESIAN_POINT('',(0.000485677083333334,-0.00133202710034476,0.003));
#8457=CARTESIAN_POINT('',(0.000485677083333334,-0.00133202710034476,0.00275));
#8458=CARTESIAN_POINT('',(0.000485677083333334,-0.00129133699617809,0.00275));
#8459=CARTESIAN_POINT('',(0.000485677083333334,-0.00129133699617809,0.003));
#8460=CARTESIAN_POINT('',(0.000485677083333334,-0.00125064689201143,0.003));
#8461=CARTESIAN_POINT('',(0.000485677083333334,-0.00125064689201143,0.00275));
#8462=CARTESIAN_POINT('',(0.000309651692708333,-0.00125064689201143,0.00275));
#8463=CARTESIAN_POINT('',(0.000309651692708333,-0.00125064689201143,0.003));
#8464=CARTESIAN_POINT('',(0.000133626302083333,-0.00125064689201143,0.003));
#8465=CARTESIAN_POINT('',(0.000133626302083333,-0.00125064689201143,0.00275));
#8466=CARTESIAN_POINT('',(0.000133626302083333,-0.00124771720451143,0.00275));
#8467=CARTESIAN_POINT('',(0.000133626302083333,-0.00124771720451143,0.003));
#8468=CARTESIAN_POINT('',(0.000133626302083333,-0.00124478751701143,0.003));
#8469=CARTESIAN_POINT('',(0.000133626302083333,-0.00124478751701143,0.00275));
#8470=CARTESIAN_POINT('',(0.000218668619791667,-0.00115372306388643,0.00275));
#8471=CARTESIAN_POINT('',(0.000218668619791667,-0.00115372306388643,0.003));
#8472=CARTESIAN_POINT('',(0.00030366357672892,-0.00106261353151417,0.003));
#8473=CARTESIAN_POINT('',(0.0003037109375,-0.00106265861076143,0.00275));
#8474=CARTESIAN_POINT('',(-0.000859388770336688,4.44107656896167E-05,0.00275));
#8475=CARTESIAN_POINT('',(-0.000859388770336688,4.44107656896167E-05,0.003));
#8476=CARTESIAN_POINT('',(0.000405579436762833,-0.000944152097585343,0.003));
#8477=CARTESIAN_POINT('',(0.000405598958333333,-0.000944169027428094,0.00275));
#8478=CARTESIAN_POINT('',(0.000115413745432411,-0.000713032493372217,0.00275));
#8479=CARTESIAN_POINT('',(0.000115413745432411,-0.000713032493372217,0.003));
#8480=CARTESIAN_POINT('',(0.000457457010795001,-0.000855834230778513,0.003));
#8481=CARTESIAN_POINT('',(0.000457356770833334,-0.000855790121178094,0.00275));
#8482=CARTESIAN_POINT('',(0.000243110580754596,-0.000774247440952628,0.00275));
#8483=CARTESIAN_POINT('',(0.000243110580754596,-0.000774247440952628,0.003));
#8484=CARTESIAN_POINT('',(0.00047229141018132,-0.000774246699879487,0.003));
#8485=CARTESIAN_POINT('',(0.000472330729166667,-0.000774247152428094,0.00275));
#8486=CARTESIAN_POINT('',(0.000272913601950155,-0.000771764399090203,0.00275));
#8487=CARTESIAN_POINT('',(0.000272913601950155,-0.000771764399090203,0.003));
#8488=CARTESIAN_POINT('',(0.000443132068766945,-0.000668035694439845,0.003));
#8489=CARTESIAN_POINT('',(0.000443115234375,-0.000668045980553094,0.00275));
#8490=CARTESIAN_POINT('',(0.000263625136988351,-0.000778432008220903,0.00275));
#8491=CARTESIAN_POINT('',(0.000263625136988351,-0.000778432008220903,0.003));
#8492=CARTESIAN_POINT('',(0.000362485522936862,-0.000592164637312779,0.003));
#8493=CARTESIAN_POINT('',(0.000362467447916667,-0.000592199626386427,0.00275));
#8494=CARTESIAN_POINT('',(0.000249792882127485,-0.000806762119201633,0.00275));
#8495=CARTESIAN_POINT('',(0.000249792882127485,-0.000806762119201633,0.003));
#8496=CARTESIAN_POINT('',(0.000244467696672199,-0.000564218646179838,0.003));
#8497=CARTESIAN_POINT('',(0.000244466145833334,-0.000564123454511427,0.00275));
#8498=CARTESIAN_POINT('',(0.000240209110155722,-0.000815493795466526,0.00275));
#8499=CARTESIAN_POINT('',(0.000240209110155722,-0.000815493795466526,0.003));
#8500=CARTESIAN_POINT('',(0.000125230683741278,-0.000592173233741614,0.003));
#8501=CARTESIAN_POINT('',(0.000125244140625,-0.000592199626386427,0.00275));
#8502=CARTESIAN_POINT('',(0.000222841522871527,-0.000780751743917244,0.00275));
#8503=CARTESIAN_POINT('',(0.000222841522871527,-0.000780751743917244,0.003));
#8504=CARTESIAN_POINT('',(4.13503127847126E-05,-0.000670526277379828,0.003));
#8505=CARTESIAN_POINT('',(4.14225260416665E-05,-0.000670568767011427,0.00275));
#8506=CARTESIAN_POINT('',(0.000231230751347851,-0.000782152735731021,0.00275));
#8507=CARTESIAN_POINT('',(0.000231230751347851,-0.000782152735731021,0.003));
#8508=CARTESIAN_POINT('',(1.09528316891353E-05,-0.00078759350659476,0.003));
#8509=CARTESIAN_POINT('',(1.0952831689134E-05,-0.00078759350659476,0.00275));
#8510=CARTESIAN_POINT('',(5.43619791666666E-05,-0.00078759350659476,0.00275));
#8511=CARTESIAN_POINT('',(5.43619791666666E-05,-0.00078759350659476,0.003));
#8512=CARTESIAN_POINT('',(9.81331250990587E-05,-0.00078759350659476,0.003));
#8513=CARTESIAN_POINT('',(9.81331250990577E-05,-0.00078759350659476,0.00275));
#8514=CARTESIAN_POINT('',(0.000253728815388343,-0.000783446919858403,0.00275));
#8515=CARTESIAN_POINT('',(0.000253728815388343,-0.000783446919858403,0.003));
#8516=CARTESIAN_POINT('',(0.000115503559265927,-0.000712044347980132,0.003));
#8517=CARTESIAN_POINT('',(0.000115559895833333,-0.000712072673261427,0.00275));
#8518=CARTESIAN_POINT('',(0.000224709124284829,-0.000770937128545073,0.00275));
#8519=CARTESIAN_POINT('',(0.000224709124284829,-0.000770937128545073,0.003));
#8520=CARTESIAN_POINT('',(0.000165501418158667,-0.000661892347436131,0.003));
#8521=CARTESIAN_POINT('',(0.00016552734375,-0.000661942464928094,0.00275));
#8522=CARTESIAN_POINT('',(0.000237356671285629,-0.000799118439761571,0.00275));
#8523=CARTESIAN_POINT('',(0.000237356671285629,-0.000799118439761571,0.003));
#8524=CARTESIAN_POINT('',(0.000241534605609494,-0.000644116038201176,0.003));
#8525=CARTESIAN_POINT('',(0.000241536458333334,-0.00064403881909476,0.00275));
#8526=CARTESIAN_POINT('',(0.00024446720346065,-0.000812568535514731,0.00275));
#8527=CARTESIAN_POINT('',(0.00024446720346065,-0.000812568535514731,0.003));
#8528=CARTESIAN_POINT('',(0.00031551614623961,-0.000659897035983704,0.003));
#8529=CARTESIAN_POINT('',(0.000315511067708333,-0.00065990795971976,0.00275));
#8530=CARTESIAN_POINT('',(0.000262476083849054,-0.000773842015983613,0.00275));
#8531=CARTESIAN_POINT('',(0.000262476083849054,-0.000773842015983613,0.003));
#8532=CARTESIAN_POINT('',(0.00036756270952615,-0.000704961135248444,0.003));
#8533=CARTESIAN_POINT('',(0.000367513020833334,-0.000704992595136427,0.00275));
#8534=CARTESIAN_POINT('',(0.000262366252254056,-0.000770676288382421,0.00275));
#8535=CARTESIAN_POINT('',(0.000262366252254056,-0.000770676288382421,0.003));
#8536=CARTESIAN_POINT('',(0.00038648258315083,-0.000774245041751349,0.003));
#8537=CARTESIAN_POINT('',(0.000386555989583334,-0.000774247152428094,0.00275));
#8538=CARTESIAN_POINT('',(0.00022277515022168,-0.000774700211782059,0.00275));
#8539=CARTESIAN_POINT('',(0.000222353990281025,-0.000774607735212558,0.003));
#8540=CARTESIAN_POINT('',(0.000372777083677,-0.00084059801600454,0.003));
#8541=CARTESIAN_POINT('',(0.000372721354166667,-0.00084057202221976,0.00275));
#8542=CARTESIAN_POINT('',(9.04997522754511E-05,-0.000709183621469535,0.00275));
#8543=CARTESIAN_POINT('',(9.04997522754511E-05,-0.000709183621469535,0.003));
#8544=CARTESIAN_POINT('',(0.000330382085234789,-0.000907936171676798,0.003));
#8545=CARTESIAN_POINT('',(0.000330403645833334,-0.00090795483471976,0.00275));
#8546=CARTESIAN_POINT('',(-0.000946434479956276,0.000127750954982689,0.00275));
#8547=CARTESIAN_POINT('',(-0.000946434479956276,0.000127750954982689,0.003));
#8548=CARTESIAN_POINT('',(0.000257793425119914,-0.000991677337434206,0.003));
#8549=CARTESIAN_POINT('',(0.0002578125,-0.00099169506909476,0.00275));
#8550=CARTESIAN_POINT('',(0.0001328125,-0.00112857657951143,0.00275));
#8551=CARTESIAN_POINT('',(0.0001328125,-0.00112857657951143,0.003));
#8552=CARTESIAN_POINT('',(0.,0.,0.003));
#8553=CARTESIAN_POINT('',(-0.00039404296875,-0.000996903402428094,0.00275));
#8554=CARTESIAN_POINT('',(-0.00039404296875,-0.000996903402428094,0.003));
#8555=CARTESIAN_POINT('',(-0.000563476562500001,-0.00133202710034476,0.003));
#8556=CARTESIAN_POINT('',(-0.000224609375,-0.000661779704511427,0.003));
#8557=CARTESIAN_POINT('',(-0.000224609375,-0.000661779704511427,0.00275));
#8558=CARTESIAN_POINT('',(-0.000563476562500001,-0.00133202710034476,0.00275));
#8559=CARTESIAN_POINT('',(-0.000515380859375,-0.00133202710034476,0.00275));
#8560=CARTESIAN_POINT('',(-0.000515380859375,-0.00133202710034476,0.003));
#8561=CARTESIAN_POINT('',(-0.00046728515625,-0.00133202710034476,0.003));
#8562=CARTESIAN_POINT('',(-0.00046728515625,-0.00133202710034476,0.00275));
#8563=CARTESIAN_POINT('',(-0.000298583984375,-0.000996170980553094,0.00275));
#8564=CARTESIAN_POINT('',(-0.000298583984375,-0.000996170980553094,0.003));
#8565=CARTESIAN_POINT('',(-0.0001298828125,-0.000660314860761427,0.003));
#8566=CARTESIAN_POINT('',(-0.0001298828125,-0.000660314860761427,0.00275));
#8567=CARTESIAN_POINT('',(-0.0001298828125,-0.000617346110761427,0.00275));
#8568=CARTESIAN_POINT('',(-0.0001298828125,-0.000617346110761427,0.003));
#8569=CARTESIAN_POINT('',(-0.0001298828125,-0.000574377360761427,0.003));
#8570=CARTESIAN_POINT('',(-0.0001298828125,-0.000574377360761427,0.00275));
#8571=CARTESIAN_POINT('',(-0.00037255859375,-0.000574377360761427,0.00275));
#8572=CARTESIAN_POINT('',(-0.00037255859375,-0.000574377360761427,0.003));
#8573=CARTESIAN_POINT('',(-0.000615234375,-0.000574377360761427,0.003));
#8574=CARTESIAN_POINT('',(-0.000615234375,-0.000574377360761427,0.00275));
#8575=CARTESIAN_POINT('',(-0.000615234375,-0.000615067464928094,0.00275));
#8576=CARTESIAN_POINT('',(-0.000615234375,-0.000615067464928094,0.003));
#8577=CARTESIAN_POINT('',(-0.000615234375,-0.00065575756909476,0.003));
#8578=CARTESIAN_POINT('',(-0.000615234375,-0.00065575756909476,0.00275));
#8579=CARTESIAN_POINT('',(-0.000419921875,-0.00065575756909476,0.00275));
#8580=CARTESIAN_POINT('',(-0.000419921875,-0.00065575756909476,0.003));
#8581=CARTESIAN_POINT('',(-0.000224609375,-0.00065575756909476,0.003));
#8582=CARTESIAN_POINT('',(-0.000224609375,-0.00065575756909476,0.00275));
#8583=CARTESIAN_POINT('',(-0.000224609375,-0.000658768636803094,0.00275));
#8584=CARTESIAN_POINT('',(-0.000224609375,-0.000658768636803094,0.003));
#8585=CARTESIAN_POINT('',(0.,0.,0.003));
#8586=CARTESIAN_POINT('',(-0.000916992187500001,-0.00089330639721976,0.00275));
#8587=CARTESIAN_POINT('',(-0.000916992187500001,-0.00089330639721976,0.003));
#8588=CARTESIAN_POINT('',(-0.000916992187500001,-0.00109521069409476,0.003));
#8589=CARTESIAN_POINT('',(-0.000916992187500001,-0.00069140210034476,0.003));
#8590=CARTESIAN_POINT('',(-0.000916992187500001,-0.00069140210034476,0.00275));
#8591=CARTESIAN_POINT('',(-0.000916992187500001,-0.00069140210034476,0.00275));
#8592=CARTESIAN_POINT('',(-0.000916992187500001,-0.00089330639721976,0.00275));
#8593=CARTESIAN_POINT('',(-0.000916992187500001,-0.00109521069409476,0.00275));
#8594=CARTESIAN_POINT('',(-0.000916992187500001,-0.00109521069409476,0.00275));
#8595=CARTESIAN_POINT('',(-0.00104573567708333,-0.00109521069409476,0.00275));
#8596=CARTESIAN_POINT('',(-0.00104573567708333,-0.00109521069409476,0.003));
#8597=CARTESIAN_POINT('',(-0.00117447916666667,-0.00109521069409476,0.003));
#8598=CARTESIAN_POINT('',(-0.00104573567708333,-0.00109521069409476,0.00275));
#8599=CARTESIAN_POINT('',(-0.00117447916666667,-0.00109521069409476,0.00275));
#8600=CARTESIAN_POINT('',(-0.00117447916666667,-0.00109521069409476,0.00275));
#8601=CARTESIAN_POINT('',(-0.00117447916666667,-0.00109228100659476,0.00275));
#8602=CARTESIAN_POINT('',(-0.00117447916666667,-0.00109228100659476,0.003));
#8603=CARTESIAN_POINT('',(-0.00117447916666667,-0.00108935131909476,0.003));
#8604=CARTESIAN_POINT('',(-0.00117447916666667,-0.00109228100659476,0.00275));
#8605=CARTESIAN_POINT('',(-0.00117447916666667,-0.00108935131909476,0.00275));
#8606=CARTESIAN_POINT('',(-0.00117447916666667,-0.00108935131909476,0.00275));
#8607=CARTESIAN_POINT('',(-0.00104874674479167,-0.00089037670971976,0.00275));
#8608=CARTESIAN_POINT('',(-0.00104874674479167,-0.00089037670971976,0.003));
#8609=CARTESIAN_POINT('',(-0.000923014322916667,-0.00069140210034476,0.003));
#8610=CARTESIAN_POINT('',(-0.00104874674479167,-0.00089037670971976,0.00275));
#8611=CARTESIAN_POINT('',(-0.000923014322916667,-0.00069140210034476,0.00275));
#8612=CARTESIAN_POINT('',(-0.000923014322916667,-0.00069140210034476,0.00275));
#8613=CARTESIAN_POINT('',(-0.000777994791666667,-0.00109521069409476,0.00275));
#8614=CARTESIAN_POINT('',(-0.000777994791666667,-0.00109521069409476,0.003));
#8615=CARTESIAN_POINT('',(-0.000829752604166667,-0.00109521069409476,0.003));
#8616=CARTESIAN_POINT('',(-0.000726236979166667,-0.00109521069409476,0.003));
#8617=CARTESIAN_POINT('',(-0.000726236979166667,-0.00109521069409476,0.00275));
#8618=CARTESIAN_POINT('',(-0.000829752604166667,-0.00109521069409476,0.00275));
#8619=CARTESIAN_POINT('',(-0.000829752604166667,-0.000834794027428094,0.00275));
#8620=CARTESIAN_POINT('',(-0.000829752604166667,-0.000834794027428094,0.003));
#8621=CARTESIAN_POINT('',(-0.000829752604166667,-0.000574377360761427,0.003));
#8622=CARTESIAN_POINT('',(-0.000829752604166667,-0.000574377360761427,0.00275));
#8623=CARTESIAN_POINT('',(-0.000901448567708334,-0.000574377360761427,0.00275));
#8624=CARTESIAN_POINT('',(-0.000901448567708334,-0.000574377360761427,0.003));
#8625=CARTESIAN_POINT('',(-0.000940755208333334,-0.000574377360761427,0.003));
#8626=CARTESIAN_POINT('',(-0.000940755208333334,-0.000574377360761427,0.00275));
#8627=CARTESIAN_POINT('',(-0.001107177734375,-0.000837805095136427,0.00275));
#8628=CARTESIAN_POINT('',(-0.001107177734375,-0.000837805095136427,0.003));
#8629=CARTESIAN_POINT('',(-0.00127360026041667,-0.00110123282951143,0.003));
#8630=CARTESIAN_POINT('',(-0.00127360026041667,-0.00110123282951143,0.00275));
#8631=CARTESIAN_POINT('',(-0.00127360026041667,-0.00113891186596976,0.00275));
#8632=CARTESIAN_POINT('',(-0.00127360026041667,-0.00113891186596976,0.003));
#8633=CARTESIAN_POINT('',(-0.00127360026041667,-0.00117659090242809,0.003));
#8634=CARTESIAN_POINT('',(-0.00127360026041667,-0.00117659090242809,0.00275));
#8635=CARTESIAN_POINT('',(-0.00109529622395833,-0.00117659090242809,0.00275));
#8636=CARTESIAN_POINT('',(-0.00109529622395833,-0.00117659090242809,0.003));
#8637=CARTESIAN_POINT('',(-0.000916992187500001,-0.00117659090242809,0.003));
#8638=CARTESIAN_POINT('',(-0.000916992187500001,-0.00117659090242809,0.00275));
#8639=CARTESIAN_POINT('',(-0.000916992187500001,-0.00125430900138643,0.00275));
#8640=CARTESIAN_POINT('',(-0.000916992187500001,-0.00125430900138643,0.003));
#8641=CARTESIAN_POINT('',(-0.000916992187500001,-0.00133202710034476,0.003));
#8642=CARTESIAN_POINT('',(-0.000916992187500001,-0.00133202710034476,0.00275));
#8643=CARTESIAN_POINT('',(-0.000873372395833334,-0.00133202710034476,0.00275));
#8644=CARTESIAN_POINT('',(-0.000873372395833334,-0.00133202710034476,0.003));
#8645=CARTESIAN_POINT('',(-0.000829752604166667,-0.00133202710034476,0.003));
#8646=CARTESIAN_POINT('',(-0.000829752604166667,-0.00133202710034476,0.00275));
#8647=CARTESIAN_POINT('',(-0.000829752604166667,-0.00125430900138643,0.00275));
#8648=CARTESIAN_POINT('',(-0.000829752604166667,-0.00125430900138643,0.003));
#8649=CARTESIAN_POINT('',(-0.000829752604166667,-0.00117659090242809,0.003));
#8650=CARTESIAN_POINT('',(-0.000829752604166667,-0.00117659090242809,0.00275));
#8651=CARTESIAN_POINT('',(-0.000777994791666667,-0.00117659090242809,0.00275));
#8652=CARTESIAN_POINT('',(-0.000777994791666667,-0.00117659090242809,0.003));
#8653=CARTESIAN_POINT('',(-0.000726236979166667,-0.00117659090242809,0.003));
#8654=CARTESIAN_POINT('',(-0.000726236979166667,-0.00117659090242809,0.00275));
#8655=CARTESIAN_POINT('',(-0.000726236979166667,-0.00113590079826143,0.00275));
#8656=CARTESIAN_POINT('',(-0.000726236979166667,-0.00113590079826143,0.003));
#8657=CARTESIAN_POINT('',(-0.000920003255208334,-0.00069140210034476,0.00275));
#8658=CARTESIAN_POINT('',(-0.000920003255208334,-0.00069140210034476,0.003));
#8659=CARTESIAN_POINT('',(-0.000920003255208334,-0.00069140210034476,0.00275));
#8660=CARTESIAN_POINT('',(0.,0.,0.003));
#8661=CARTESIAN_POINT('',(-1.57703469710911E-05,0.000951111555246884,0.00275));
#8662=CARTESIAN_POINT('',(-1.57703469710911E-05,0.000951111555246884,0.003));
#8663=CARTESIAN_POINT('',(-7.81210469204882E-06,0.000189193326196991,0.003));
#8664=CARTESIAN_POINT('',(-0.000373327731516098,0.000278343026488531,0.003));
#8665=CARTESIAN_POINT('',(-0.000373291397532888,0.000278411370735298,0.00275));
#8666=CARTESIAN_POINT('',(-7.81210469205101E-06,0.00018919332619699,0.00275));
#8667=CARTESIAN_POINT('',(1.29977910647273E-06,0.00095343744188905,0.00275));
#8668=CARTESIAN_POINT('',(1.29977910647273E-06,0.00095343744188905,0.003));
#8669=CARTESIAN_POINT('',(0.000332479336407976,0.000264715483676017,0.003));
#8670=CARTESIAN_POINT('',(0.000332441374874261,0.000264794696515755,0.00275));
#8671=CARTESIAN_POINT('',(3.783230381761E-05,0.000870553811818068,0.00275));
#8672=CARTESIAN_POINT('',(3.783230381761E-05,0.000870553811818068,0.003));
#8673=CARTESIAN_POINT('',(0.000590350134893546,0.00048501792188271,0.003));
#8674=CARTESIAN_POINT('',(0.000590380089375881,0.000484995771037501,0.00275));
#8675=CARTESIAN_POINT('',(0.000483843315305346,0.000556964674031719,0.00275));
#8676=CARTESIAN_POINT('',(0.000483843315305346,0.000556964674031719,0.003));
#8677=CARTESIAN_POINT('',(0.000612371780725975,0.000559698131508385,0.003));
#8678=CARTESIAN_POINT('',(0.000612555815961994,0.000559692955327563,0.00275));
#8679=CARTESIAN_POINT('',(0.000493984641414324,0.000566058844232395,0.00275));
#8680=CARTESIAN_POINT('',(0.000493984641414324,0.000566058844232395,0.003));
#8681=CARTESIAN_POINT('',(0.000576651936464878,0.000650619779235311,0.003));
#8682=CARTESIAN_POINT('',(0.000576568891238917,0.000650535624763654,0.00275));
#8683=CARTESIAN_POINT('',(0.000491657899088248,0.000559598017462063,0.00275));
#8684=CARTESIAN_POINT('',(0.000491657899088248,0.000559598017462063,0.003));
#8685=CARTESIAN_POINT('',(0.000488062806245051,0.000684104210236214,0.003));
#8686=CARTESIAN_POINT('',(0.00048806050881189,0.000684188262477666,0.00275));
#8687=CARTESIAN_POINT('',(0.000485327912260387,0.000567082703466486,0.00275));
#8688=CARTESIAN_POINT('',(0.000485327912260387,0.000567082703466486,0.003));
#8689=CARTESIAN_POINT('',(0.000435882997544724,0.000673188205996145,0.003));
#8690=CARTESIAN_POINT('',(0.000435928098942784,0.00067310039918461,0.00275));
#8691=CARTESIAN_POINT('',(0.000503386240128218,0.000551291943289571,0.00275));
#8692=CARTESIAN_POINT('',(0.000503386240128218,0.000551291943289571,0.003));
#8693=CARTESIAN_POINT('',(0.000391187597935716,0.000634390139617625,0.003));
#8694=CARTESIAN_POINT('',(0.000391187597935716,0.000634390139617625,0.00275));
#8695=CARTESIAN_POINT('',(-7.19738494461537E-06,0.000427805739315422,0.00275));
#8696=CARTESIAN_POINT('',(-7.19738494461537E-06,0.000427805739315422,0.003));
#8697=CARTESIAN_POINT('',(0.000153868418680831,0.000427805739315422,0.00275));
#8698=CARTESIAN_POINT('',(0.000153868418680831,0.000427805739315422,0.003));
#8699=CARTESIAN_POINT('',(0.000286663412974275,0.000496667206082823,0.00275));
#8700=CARTESIAN_POINT('',(0.000286663412974275,0.000496667206082823,0.003));
#8701=CARTESIAN_POINT('',(0.000391187597935716,0.000634390139617625,0.00275));
#8702=CARTESIAN_POINT('',(0.000391187597935716,0.000634390139617625,0.003));
#8703=CARTESIAN_POINT('',(-7.19738494461537E-06,0.000427805739315422,0.003));
#8704=CARTESIAN_POINT('',(0.000234401320493554,0.000427805739315422,0.003));
#8705=CARTESIAN_POINT('',(0.000391187597935716,0.000634390139617625,0.003));
#8706=CARTESIAN_POINT('',(-7.19738494461537E-06,0.000427805739315422,0.003));
#8707=CARTESIAN_POINT('',(-7.19738494461537E-06,0.000427805739315422,0.00275));
#8708=CARTESIAN_POINT('',(-1.35825474878696E-05,0.000908343311883738,0.00275));
#8709=CARTESIAN_POINT('',(-1.35825474878696E-05,0.000908343311883738,0.003));
#8710=CARTESIAN_POINT('',(-0.000247470771669299,0.000488821526693774,0.003));
#8711=CARTESIAN_POINT('',(-0.000247434422960831,0.000488886249385942,0.00275));
#8712=CARTESIAN_POINT('',(-2.46219715300792E-05,0.00087918901616693,0.00275));
#8713=CARTESIAN_POINT('',(-2.46219715300792E-05,0.00087918901616693,0.003));
#8714=CARTESIAN_POINT('',(-0.000420675008206113,0.000665649578351503,0.003));
#8715=CARTESIAN_POINT('',(-0.000420560709466443,0.000665708490322573,0.00275));
#8716=CARTESIAN_POINT('',(6.53251553948931E-05,0.000922983490882165,0.00275));
#8717=CARTESIAN_POINT('',(6.53251553948931E-05,0.000922983490882165,0.003));
#8718=CARTESIAN_POINT('',(-0.000485067430691112,0.000938224674094328,0.003));
#8719=CARTESIAN_POINT('',(-0.000485337173967982,0.000938236498630846,0.00275));
#8720=CARTESIAN_POINT('',(0.000340502227725643,0.000938283131081157,0.00275));
#8721=CARTESIAN_POINT('',(0.000340502227725643,0.000938283131081157,0.003));
#8722=CARTESIAN_POINT('',(-0.000411583735487948,0.00127914075404991,0.003));
#8723=CARTESIAN_POINT('',(-0.000411807133182452,0.00127923692587168,0.00275));
#8724=CARTESIAN_POINT('',(0.000263287777028045,0.00099364121586402,0.00275));
#8725=CARTESIAN_POINT('',(0.000263287777028045,0.00099364121586402,0.003));
#8726=CARTESIAN_POINT('',(-0.000218839407099792,0.00154456754923533,0.003));
#8727=CARTESIAN_POINT('',(-0.000218839407099792,0.00154456754923533,0.00275));
#8728=CARTESIAN_POINT('',(2.50935853474427E-05,0.00164552546237737,0.00275));
#8729=CARTESIAN_POINT('',(2.50935853474427E-05,0.00164552546237737,0.003));
#8730=CARTESIAN_POINT('',(-5.79032860859597E-05,0.00164552546237737,0.00275));
#8731=CARTESIAN_POINT('',(-5.79032860859597E-05,0.00164552546237737,0.003));
#8732=CARTESIAN_POINT('',(-0.000139214283568371,0.00161187282466336,0.00275));
#8733=CARTESIAN_POINT('',(-0.000139214283568371,0.00161187282466336,0.003));
#8734=CARTESIAN_POINT('',(-0.000218839407099792,0.00154456754923533,0.00275));
#8735=CARTESIAN_POINT('',(-0.000218839407099792,0.00154456754923533,0.003));
#8736=CARTESIAN_POINT('',(2.50935853474427E-05,0.00164552546237737,0.003));
#8737=CARTESIAN_POINT('',(-9.94017218026609E-05,0.00164552546237737,0.003));
#8738=CARTESIAN_POINT('',(-0.000218839407099792,0.00154456754923533,0.003));
#8739=CARTESIAN_POINT('',(2.50935853474427E-05,0.00164552546237737,0.003));
#8740=CARTESIAN_POINT('',(2.50935853474427E-05,0.00164552546237737,0.00275));
#8741=CARTESIAN_POINT('',(0.000288868017371725,0.00154826350366635,0.00275));
#8742=CARTESIAN_POINT('',(0.000288868017371725,0.00154826350366635,0.003));
#8743=CARTESIAN_POINT('',(0.00022765782468959,0.0016131048094737,0.00275));
#8744=CARTESIAN_POINT('',(0.00022765782468959,0.0016131048094737,0.003));
#8745=CARTESIAN_POINT('',(0.00013973301401483,0.00164552546237737,0.00275));
#8746=CARTESIAN_POINT('',(0.00013973301401483,0.00164552546237737,0.003));
#8747=CARTESIAN_POINT('',(2.50935853474427E-05,0.00164552546237737,0.00275));
#8748=CARTESIAN_POINT('',(2.50935853474427E-05,0.00164552546237737,0.003));
#8749=CARTESIAN_POINT('',(0.000288868017371725,0.00154826350366635,0.003));
#8750=CARTESIAN_POINT('',(0.000197052728348523,0.00164552546237737,0.003));
#8751=CARTESIAN_POINT('',(2.50935853474427E-05,0.00164552546237737,0.003));
#8752=CARTESIAN_POINT('',(0.000288868017371725,0.00154826350366635,0.003));
#8753=CARTESIAN_POINT('',(0.000288868017371725,0.00154826350366635,0.00275));
#8754=CARTESIAN_POINT('',(0.000288868017371725,0.00153950992738236,0.00275));
#8755=CARTESIAN_POINT('',(0.000288868017371725,0.00153950992738236,0.003));
#8756=CARTESIAN_POINT('',(0.000288791765877331,0.00153075520087011,0.003));
#8757=CARTESIAN_POINT('',(0.000288868017371725,0.00153075635109837,0.00275));
#8758=CARTESIAN_POINT('',(0.000379427820925128,0.00153212241540849,0.00275));
#8759=CARTESIAN_POINT('',(0.000379427820925128,0.00153212241540849,0.003));
#8760=CARTESIAN_POINT('',(0.000322566482661679,0.00146118225360732,0.003));
#8761=CARTESIAN_POINT('',(0.000322520655085737,0.00146111678866128,0.00275));
#8762=CARTESIAN_POINT('',(0.000401824848882437,0.00155209652002739,0.00275));
#8763=CARTESIAN_POINT('',(0.000401824848882437,0.00155209652002739,0.003));
#8764=CARTESIAN_POINT('',(0.000405967853277973,0.00143126128874141,0.003));
#8765=CARTESIAN_POINT('',(0.00040597141565979,0.00143116010537829,0.00275));
#8766=CARTESIAN_POINT('',(0.00040845166388492,0.00154898559256795,0.00275));
#8767=CARTESIAN_POINT('',(0.00040845166388492,0.00154898559256795,0.003));
#8768=CARTESIAN_POINT('',(0.000494432413805572,0.00146855522660367,0.003));
#8769=CARTESIAN_POINT('',(0.000494479798086817,0.00146850869752332,0.00275));
#8770=CARTESIAN_POINT('',(0.000409108634641876,0.00155497062946034,0.00275));
#8771=CARTESIAN_POINT('',(0.000409108634641876,0.00155497062946034,0.003));
#8772=CARTESIAN_POINT('',(0.000530473717065018,0.00155565545199463,0.003));
#8773=CARTESIAN_POINT('',(0.000530466722809894,0.00155565541252839,0.00275));
#8774=CARTESIAN_POINT('',(0.000530466722809894,0.00163541021867142,0.00275));
#8775=CARTESIAN_POINT('',(0.000530466722809894,0.00163541021867142,0.003));
#8776=CARTESIAN_POINT('',(0.000530431550834253,0.0017151656423668,0.003));
#8777=CARTESIAN_POINT('',(0.000530466722809894,0.00171516502481446,0.00275));
#8778=CARTESIAN_POINT('',(0.000418231306427447,0.0017171356631602,0.00275));
#8779=CARTESIAN_POINT('',(0.000418231306427447,0.0017171356631602,0.003));
#8780=CARTESIAN_POINT('',(0.000498181430278551,0.00179589730448414,0.003));
#8781=CARTESIAN_POINT('',(0.000498175752517836,0.0017958924505446,0.00275));
#8782=CARTESIAN_POINT('',(0.000419770382339438,0.0017208162125709,0.00275));
#8783=CARTESIAN_POINT('',(0.000419770382339438,0.0017208162125709,0.003));
#8784=CARTESIAN_POINT('',(0.000416089889935734,0.0018294533793428,0.003));
#8785=CARTESIAN_POINT('',(0.000416086659365737,0.00182954508825862,0.00275));
#8786=CARTESIAN_POINT('',(0.000413095017074912,0.00172831153936052,0.00275));
#8787=CARTESIAN_POINT('',(0.000413095017074912,0.00172831153936052,0.003));
#8788=CARTESIAN_POINT('',(0.000341430229978889,0.00179967539475092,0.003));
#8789=CARTESIAN_POINT('',(0.000341430229978888,0.00179967539475092,0.00275));
#8790=CARTESIAN_POINT('',(5.45005162493301E-06,0.00122854144654283,0.00275));
#8791=CARTESIAN_POINT('',(5.45005162493301E-06,0.00122854144654283,0.003));
#8792=CARTESIAN_POINT('',(0.000200734604383435,0.00186179027383093,0.003));
#8793=CARTESIAN_POINT('',(0.000200748682779542,0.00186183605855067,0.00275));
#8794=CARTESIAN_POINT('',(4.16284608418883E-05,0.00136724434654655,0.00275));
#8795=CARTESIAN_POINT('',(4.16284608418883E-05,0.00136724434654655,0.003));
#8796=CARTESIAN_POINT('',(4.2600737915426E-05,0.00188673511998069,0.003));
#8797=CARTESIAN_POINT('',(4.2600737915426E-05,0.00188673511998069,0.00275));
#8798=CARTESIAN_POINT('',(-0.000327383753021288,0.00175368076046403,0.00275));
#8799=CARTESIAN_POINT('',(-0.000327383753021288,0.00175368076046403,0.003));
#8800=CARTESIAN_POINT('',(-0.000207038289442855,0.00184238366680847,0.00275));
#8801=CARTESIAN_POINT('',(-0.000207038289442855,0.00184238366680847,0.003));
#8802=CARTESIAN_POINT('',(-8.37101257972832E-05,0.00188673511998069,0.00275));
#8803=CARTESIAN_POINT('',(-8.37101257972832E-05,0.00188673511998069,0.003));
#8804=CARTESIAN_POINT('',(4.2600737915426E-05,0.00188673511998069,0.00275));
#8805=CARTESIAN_POINT('',(4.2600737915426E-05,0.00188673511998069,0.003));
#8806=CARTESIAN_POINT('',(-0.000327383753021288,0.00175368076046403,0.003));
#8807=CARTESIAN_POINT('',(-0.000146865557653638,0.00188673511998069,0.003));
#8808=CARTESIAN_POINT('',(4.2600737915426E-05,0.00188673511998069,0.003));
#8809=CARTESIAN_POINT('',(-0.000327383753021288,0.00175368076046403,0.003));
#8810=CARTESIAN_POINT('',(-0.000327383753021288,0.00175368076046403,0.00275));
#8811=CARTESIAN_POINT('',(0.000271366160811295,0.000959982675061654,0.00275));
#8812=CARTESIAN_POINT('',(0.000271366160811295,0.000959982675061654,0.003));
#8813=CARTESIAN_POINT('',(-0.000620880150529729,0.0014001156486461,0.003));
#8814=CARTESIAN_POINT('',(-0.000621114868328563,0.00140023080250818,0.00275));
#8815=CARTESIAN_POINT('',(0.000262788699729716,0.000938204772113501,0.00275));
#8816=CARTESIAN_POINT('',(0.000262788699729716,0.000938204772113501,0.003));
#8817=CARTESIAN_POINT('',(-0.000733960781028108,0.000938225900090062,0.003));
#8818=CARTESIAN_POINT('',(-0.000734327788268189,0.000938236498630846,0.00275));
#8819=CARTESIAN_POINT('',(6.21694758533291E-05,0.000917017662933473,0.00275));
#8820=CARTESIAN_POINT('',(6.21694758533291E-05,0.000917017662933473,0.003));
#8821=CARTESIAN_POINT('',(-0.000637452309575084,0.000538387337016448,0.003));
#8822=CARTESIAN_POINT('',(-0.000637260353474592,0.000538489848328561,0.00275));
#8823=CARTESIAN_POINT('',(-6.3510014438209E-05,0.000855956800957498,0.00275));
#8824=CARTESIAN_POINT('',(-6.3510014438209E-05,0.000855956800957498,0.003));
#8825=CARTESIAN_POINT('',(0.,0.,0.003));
#8826=CARTESIAN_POINT('',(0.00121516927083333,-0.000811193767011427,0.00275));
#8827=CARTESIAN_POINT('',(0.00121516927083333,-0.000811193767011427,0.003));
#8828=CARTESIAN_POINT('',(0.00126096558178753,-0.000811193767011427,0.003));
#8829=CARTESIAN_POINT('',(0.001169193126997,-0.000811193767011427,0.003));
#8830=CARTESIAN_POINT('',(0.001169193126997,-0.000811193767011427,0.00275));
#8831=CARTESIAN_POINT('',(0.00126096558178753,-0.000811193767011427,0.00275));
#8832=CARTESIAN_POINT('',(0.000960087071276225,-0.000860929777761,0.00275));
#8833=CARTESIAN_POINT('',(0.000960087071276225,-0.000860929777761,0.003));
#8834=CARTESIAN_POINT('',(0.00122333449471441,-0.000707092854775587,0.003));
#8835=CARTESIAN_POINT('',(0.00122330729166667,-0.000707108480553094,0.00275));
#8836=CARTESIAN_POINT('',(0.000979779464085482,-0.000851492066853262,0.00275));
#8837=CARTESIAN_POINT('',(0.000979779464085482,-0.000851492066853262,0.003));
#8838=CARTESIAN_POINT('',(0.00115527834175269,-0.000629384168189565,0.003));
#8839=CARTESIAN_POINT('',(0.0011552734375,-0.00062939038159476,0.00275));
#8840=CARTESIAN_POINT('',(0.000973092047330209,-0.000861152750102449,0.00275));
#8841=CARTESIAN_POINT('',(0.000973092047330209,-0.000861152750102449,0.003));
#8842=CARTESIAN_POINT('',(0.00106413218409003,-0.000580710620091847,0.003));
#8843=CARTESIAN_POINT('',(0.00106412760416667,-0.000580725017011427,0.00275));
#8844=CARTESIAN_POINT('',(0.000959009510365452,-0.000907433187284665,0.00275));
#8845=CARTESIAN_POINT('',(0.000959009510365452,-0.000907433187284665,0.003));
#8846=CARTESIAN_POINT('',(0.00095621621682512,-0.000564239418791307,0.003));
#8847=CARTESIAN_POINT('',(0.000956217447916667,-0.000564123454511427,0.00275));
#8848=CARTESIAN_POINT('',(0.000950055924145929,-0.000881312248953607,0.00275));
#8849=CARTESIAN_POINT('',(0.000950055924145929,-0.000881312248953607,0.003));
#8850=CARTESIAN_POINT('',(0.000783308263445635,-0.000611692496800422,0.003));
#8851=CARTESIAN_POINT('',(0.000783308263445636,-0.000611692496800421,0.00275));
#8852=CARTESIAN_POINT('',(0.000959407846959984,-0.00088496376283768,0.00275));
#8853=CARTESIAN_POINT('',(0.000959407846959984,-0.00088496376283768,0.003));
#8854=CARTESIAN_POINT('',(0.000665108686740218,-0.000746048326744818,0.003));
#8855=CARTESIAN_POINT('',(0.000665201822916667,-0.00074608960034476,0.00275));
#8856=CARTESIAN_POINT('',(0.00108541064201053,-0.000940005619239792,0.00275));
#8857=CARTESIAN_POINT('',(0.00108541064201053,-0.000940005619239792,0.003));
#8858=CARTESIAN_POINT('',(0.000622361993397373,-0.000953204938862771,0.003));
#8859=CARTESIAN_POINT('',(0.000622362060256632,-0.000953202592660241,0.00275));
#8860=CARTESIAN_POINT('',(0.00108548893381274,-0.000966447187965816,0.00275));
#8861=CARTESIAN_POINT('',(0.00108548893381274,-0.000966447187965816,0.003));
#8862=CARTESIAN_POINT('',(0.000665111837569452,-0.00116043570585821,0.003));
#8863=CARTESIAN_POINT('',(0.000665201822916667,-0.00116039624096976,0.00275));
#8864=CARTESIAN_POINT('',(0.000959390490145464,-0.00102171159608123,0.00275));
#8865=CARTESIAN_POINT('',(0.000959390490145464,-0.00102171159608123,0.003));
#8866=CARTESIAN_POINT('',(0.000783890337065918,-0.00129515156266093,0.003));
#8867=CARTESIAN_POINT('',(0.000783935546875001,-0.00129508048576143,0.00275));
#8868=CARTESIAN_POINT('',(0.000950055924145929,-0.00102525497256925,0.00275));
#8869=CARTESIAN_POINT('',(0.000950055924145929,-0.00102525497256925,0.003));
#8870=CARTESIAN_POINT('',(0.000956214618120583,-0.00134232777563575,0.003));
#8871=CARTESIAN_POINT('',(0.000956217447916667,-0.00134244376701143,0.00275));
#8872=CARTESIAN_POINT('',(0.000958999114889622,-0.00100067406337082,0.00275));
#8873=CARTESIAN_POINT('',(0.000958999114889622,-0.00100067406337082,0.003));
#8874=CARTESIAN_POINT('',(0.00106413203937481,-0.00132577475766078,0.003));
#8875=CARTESIAN_POINT('',(0.00106412760416667,-0.00132576082430309,0.00275));
#8876=CARTESIAN_POINT('',(0.000971994631400106,-0.00104326393296326,0.00275));
#8877=CARTESIAN_POINT('',(0.000971994631400106,-0.00104326393296326,0.003));
#8878=CARTESIAN_POINT('',(0.00115527962539951,-0.00127710333606228,0.003));
#8879=CARTESIAN_POINT('',(0.0011552734375,-0.00127709545971976,0.00275));
#8880=CARTESIAN_POINT('',(0.00098143858093439,-0.00105677469354179,0.00275));
#8881=CARTESIAN_POINT('',(0.00098143858093439,-0.00105677469354179,0.003));
#8882=CARTESIAN_POINT('',(0.00122332850262042,-0.0011992268316294,0.003));
#8883=CARTESIAN_POINT('',(0.00122330729166667,-0.00119921460034476,0.00275));
#8884=CARTESIAN_POINT('',(0.000957795629435288,-0.00104447322121409,0.00275));
#8885=CARTESIAN_POINT('',(0.000957795629435288,-0.00104447322121409,0.003));
#8886=CARTESIAN_POINT('',(0.00126097457021529,-0.00109521069409476,0.003));
#8887=CARTESIAN_POINT('',(0.00126097457021529,-0.00109521069409476,0.00275));
#8888=CARTESIAN_POINT('',(0.00121516927083333,-0.00109521069409476,0.00275));
#8889=CARTESIAN_POINT('',(0.00121516927083333,-0.00109521069409476,0.003));
#8890=CARTESIAN_POINT('',(0.00116920271453727,-0.00109521069409476,0.003));
#8891=CARTESIAN_POINT('',(0.00116920271453727,-0.00109521069409476,0.00275));
#8892=CARTESIAN_POINT('',(0.000977147240406787,-0.0010578606670168,0.00275));
#8893=CARTESIAN_POINT('',(0.000977147240406787,-0.0010578606670168,0.003));
#8894=CARTESIAN_POINT('',(0.00114104824914718,-0.00116463850266271,0.003));
#8895=CARTESIAN_POINT('',(0.00114103190104167,-0.00116462801180309,0.00275));
#8896=CARTESIAN_POINT('',(0.000979799034599716,-0.00105832691510327,0.00275));
#8897=CARTESIAN_POINT('',(0.000979799034599716,-0.00105832691510327,0.003));
#8898=CARTESIAN_POINT('',(0.0010922099926518,-0.00121533658974949,0.003));
#8899=CARTESIAN_POINT('',(0.00109221017762416,-0.00121533682298483,0.00275));
#8900=CARTESIAN_POINT('',(0.000968841046263845,-0.00104199366778197,0.00275));
#8901=CARTESIAN_POINT('',(0.000968841046263845,-0.00104199366778197,0.003));
#8902=CARTESIAN_POINT('',(0.00102872717803682,-0.00124617081273179,0.003));
#8903=CARTESIAN_POINT('',(0.00102872721354167,-0.00124617098055309,0.00275));
#8904=CARTESIAN_POINT('',(0.000957280036481228,-0.00100352372166255,0.00275));
#8905=CARTESIAN_POINT('',(0.000957280036481228,-0.00100352372166255,0.003));
#8906=CARTESIAN_POINT('',(0.000956216973351942,-0.00125645358874113,0.003));
#8907=CARTESIAN_POINT('',(0.000956217447916667,-0.00125650626701143,0.00275));
#8908=CARTESIAN_POINT('',(0.000953148008496951,-0.00102662262450631,0.00275));
#8909=CARTESIAN_POINT('',(0.000953148008496951,-0.00102662262450631,0.003));
#8910=CARTESIAN_POINT('',(0.000831810736625263,-0.00122184676723187,0.003));
#8911=CARTESIAN_POINT('',(0.000831868489583334,-0.00122175691805309,0.00275));
#8912=CARTESIAN_POINT('',(0.000962968475344497,-0.00102027195857421,0.00275));
#8913=CARTESIAN_POINT('',(0.000962968475344497,-0.00102027195857421,0.003));
#8914=CARTESIAN_POINT('',(0.000743321772797927,-0.00111933496509389,0.003));
#8915=CARTESIAN_POINT('',(0.000743408203125,-0.00111929923576143,0.00275));
#8916=CARTESIAN_POINT('',(0.00109236295641727,-0.000966165525670512,0.00275));
#8917=CARTESIAN_POINT('',(0.00109236295641727,-0.000966165525670512,0.003));
#8918=CARTESIAN_POINT('',(0.000711054464222012,-0.000953246081040427,0.003));
#8919=CARTESIAN_POINT('',(0.000711054557487161,-0.000953243323078955,0.00275));
#8920=CARTESIAN_POINT('',(0.00109282593442889,-0.000940326573298764,0.00275));
#8921=CARTESIAN_POINT('',(0.00109282593442889,-0.000940326573298764,0.003));
#8922=CARTESIAN_POINT('',(0.000743320000050722,-0.000787069344651083,0.003));
#8923=CARTESIAN_POINT('',(0.000743408203125,-0.00078710522534476,0.00275));
#8924=CARTESIAN_POINT('',(0.000962968475353455,-0.000886132502539741,0.00275));
#8925=CARTESIAN_POINT('',(0.000962968475353455,-0.000886132502539741,0.003));
#8926=CARTESIAN_POINT('',(0.000831809792349533,-0.00068455827353799,0.003));
#8927=CARTESIAN_POINT('',(0.000831868489583334,-0.000684647543053094,0.00275));
#8928=CARTESIAN_POINT('',(0.000953148008496553,-0.000879781836598718,0.00275));
#8929=CARTESIAN_POINT('',(0.000953148008496553,-0.000879781836598718,0.003));
#8930=CARTESIAN_POINT('',(0.000956216510906062,-0.000649950876316808,0.003));
#8931=CARTESIAN_POINT('',(0.000956217447916667,-0.00064989819409476,0.00275));
#8932=CARTESIAN_POINT('',(0.000957280036481229,-0.00090288073944358,0.00275));
#8933=CARTESIAN_POINT('',(0.000957280036481229,-0.00090288073944358,0.003));
#8934=CARTESIAN_POINT('',(0.00102872725180046,-0.000660233392508587,0.003));
#8935=CARTESIAN_POINT('',(0.00102872721354167,-0.000660233480553094,0.00275));
#8936=CARTESIAN_POINT('',(0.000969132623223049,-0.000863347089688697,0.00275));
#8937=CARTESIAN_POINT('',(0.000969132623223049,-0.000863347089688697,0.003));
#8938=CARTESIAN_POINT('',(0.00109220377604167,-0.00069115795971976,0.003));
#8939=CARTESIAN_POINT('',(0.00109220377604167,-0.00069115795971976,0.00275));
#8940=CARTESIAN_POINT('',(0.000978037366826389,-0.000850233876340637,0.00275));
#8941=CARTESIAN_POINT('',(0.000978037366826389,-0.000850233876340637,0.003));
#8942=CARTESIAN_POINT('',(0.00114105409342352,-0.000741680661708755,0.003));
#8943=CARTESIAN_POINT('',(0.00114103190104167,-0.00074169506909476,0.00275));
#8944=CARTESIAN_POINT('',(0.000979348295008926,-0.000847475149557199,0.00275));
#8945=CARTESIAN_POINT('',(0.000979348295008926,-0.000847475149557199,0.003));
#8946=CARTESIAN_POINT('',(0.,0.,0.003));
#8947=CARTESIAN_POINT('',(-0.00174644660940672,0.00174644660940672,0.00275));
#8948=CARTESIAN_POINT('',(-0.00174644660940672,0.00174644660940672,0.003));
#8949=CARTESIAN_POINT('',(-0.00149644660940672,0.00174644660940672,0.003));
#8950=CARTESIAN_POINT('',(0.,0.,0.003));
#8951=CARTESIAN_POINT('',(0.,0.,0.00275));
#8952=CARTESIAN_POINT('',(0.,0.,0.));
#8953=CARTESIAN_POINT('',(0.,0.,0.003));
#8954=CARTESIAN_POINT('',(-0.00174644660940672,0.00174644660940672,0.003));
#8955=CARTESIAN_POINT('',(-0.00149644660940672,0.00174644660940672,0.003));
#8956=CARTESIAN_POINT('',(1.29977910647273E-06,0.00095343744188905,0.003));
#8957=CARTESIAN_POINT('',(0.000332479336407976,0.000264715483676017,0.003));
#8958=CARTESIAN_POINT('',(-7.81210469204882E-06,0.000189193326196991,0.003));
#8959=CARTESIAN_POINT('',(-1.57703469710911E-05,0.000951111555246884,0.003));
#8960=CARTESIAN_POINT('',(-0.000373327731516098,0.000278343026488531,0.003));
#8961=CARTESIAN_POINT('',(-6.3510014438209E-05,0.000855956800957498,0.003));
#8962=CARTESIAN_POINT('',(-0.000637452309575084,0.000538387337016448,0.003));
#8963=CARTESIAN_POINT('',(6.21694758533291E-05,0.000917017662933473,0.003));
#8964=CARTESIAN_POINT('',(-0.000733960781028108,0.000938225900090062,0.003));
#8965=CARTESIAN_POINT('',(0.000262788699729716,0.000938204772113501,0.003));
#8966=CARTESIAN_POINT('',(-0.000620880150529729,0.0014001156486461,0.003));
#8967=CARTESIAN_POINT('',(0.000271366160811295,0.000959982675061654,0.003));
#8968=CARTESIAN_POINT('',(-0.000327383753021288,0.00175368076046403,0.003));
#8969=CARTESIAN_POINT('',(-0.000327383753021288,0.00175368076046403,0.003));
#8970=CARTESIAN_POINT('',(-0.000146865557653638,0.00188673511998069,0.003));
#8971=CARTESIAN_POINT('',(4.2600737915426E-05,0.00188673511998069,0.003));
#8972=CARTESIAN_POINT('',(4.2600737915426E-05,0.00188673511998069,0.003));
#8973=CARTESIAN_POINT('',(4.16284608418883E-05,0.00136724434654655,0.003));
#8974=CARTESIAN_POINT('',(0.000200734604383435,0.00186179027383093,0.003));
#8975=CARTESIAN_POINT('',(5.45005162493301E-06,0.00122854144654283,0.003));
#8976=CARTESIAN_POINT('',(0.000341430229978889,0.00179967539475092,0.003));
#8977=CARTESIAN_POINT('',(0.000413095017074912,0.00172831153936052,0.003));
#8978=CARTESIAN_POINT('',(0.000416089889935735,0.0018294533793428,0.003));
#8979=CARTESIAN_POINT('',(0.000419770382339438,0.0017208162125709,0.003));
#8980=CARTESIAN_POINT('',(0.000498181430278551,0.00179589730448414,0.003));
#8981=CARTESIAN_POINT('',(0.000418231306427447,0.0017171356631602,0.003));
#8982=CARTESIAN_POINT('',(0.000530431550834253,0.0017151656423668,0.003));
#8983=CARTESIAN_POINT('',(0.000530466722809894,0.00163541021867142,0.003));
#8984=CARTESIAN_POINT('',(0.000530473717065018,0.00155565545199463,0.003));
#8985=CARTESIAN_POINT('',(0.000409108634641876,0.00155497062946034,0.003));
#8986=CARTESIAN_POINT('',(0.000494432413805572,0.00146855522660367,0.003));
#8987=CARTESIAN_POINT('',(0.00040845166388492,0.00154898559256795,0.003));
#8988=CARTESIAN_POINT('',(0.000405967853277973,0.00143126128874141,0.003));
#8989=CARTESIAN_POINT('',(0.000401824848882437,0.00155209652002739,0.003));
#8990=CARTESIAN_POINT('',(0.000322566482661679,0.00146118225360732,0.003));
#8991=CARTESIAN_POINT('',(0.000379427820925128,0.00153212241540849,0.003));
#8992=CARTESIAN_POINT('',(0.000288791765877331,0.00153075520087011,0.003));
#8993=CARTESIAN_POINT('',(0.000288868017371725,0.00153950992738236,0.003));
#8994=CARTESIAN_POINT('',(0.000288868017371725,0.00154826350366635,0.003));
#8995=CARTESIAN_POINT('',(0.000288868017371725,0.00154826350366635,0.003));
#8996=CARTESIAN_POINT('',(0.000197052728348523,0.00164552546237737,0.003));
#8997=CARTESIAN_POINT('',(2.50935853474427E-05,0.00164552546237737,0.003));
#8998=CARTESIAN_POINT('',(2.50935853474427E-05,0.00164552546237737,0.003));
#8999=CARTESIAN_POINT('',(2.50935853474427E-05,0.00164552546237737,0.003));
#9000=CARTESIAN_POINT('',(-9.94017218026609E-05,0.00164552546237737,0.003));
#9001=CARTESIAN_POINT('',(-0.000218839407099792,0.00154456754923533,0.003));
#9002=CARTESIAN_POINT('',(-0.000218839407099792,0.00154456754923533,0.003));
#9003=CARTESIAN_POINT('',(0.000263287777028045,0.00099364121586402,0.003));
#9004=CARTESIAN_POINT('',(-0.000411583735487948,0.00127914075404991,0.003));
#9005=CARTESIAN_POINT('',(0.000340502227725643,0.000938283131081157,0.003));
#9006=CARTESIAN_POINT('',(-0.000485067430691112,0.000938224674094328,0.003));
#9007=CARTESIAN_POINT('',(6.53251553948931E-05,0.000922983490882165,0.003));
#9008=CARTESIAN_POINT('',(-0.000420675008206113,0.000665649578351503,0.003));
#9009=CARTESIAN_POINT('',(-2.46219715300792E-05,0.00087918901616693,0.003));
#9010=CARTESIAN_POINT('',(-0.000247470771669299,0.000488821526693774,0.003));
#9011=CARTESIAN_POINT('',(-1.35825474878696E-05,0.000908343311883738,0.003));
#9012=CARTESIAN_POINT('',(-7.19738494461537E-06,0.000427805739315422,0.003));
#9013=CARTESIAN_POINT('',(-7.19738494461537E-06,0.000427805739315422,0.003));
#9014=CARTESIAN_POINT('',(0.000234401320493554,0.000427805739315422,0.003));
#9015=CARTESIAN_POINT('',(0.000391187597935716,0.000634390139617625,0.003));
#9016=CARTESIAN_POINT('',(0.000391187597935716,0.000634390139617625,0.003));
#9017=CARTESIAN_POINT('',(0.000503386240128218,0.000551291943289571,0.003));
#9018=CARTESIAN_POINT('',(0.000435882997544724,0.000673188205996145,0.003));
#9019=CARTESIAN_POINT('',(0.000485327912260387,0.000567082703466486,0.003));
#9020=CARTESIAN_POINT('',(0.000488062806245051,0.000684104210236214,0.003));
#9021=CARTESIAN_POINT('',(0.000491657899088248,0.000559598017462063,0.003));
#9022=CARTESIAN_POINT('',(0.000576651936464878,0.000650619779235311,0.003));
#9023=CARTESIAN_POINT('',(0.000493984641414324,0.000566058844232395,0.003));
#9024=CARTESIAN_POINT('',(0.000612371780725975,0.000559698131508385,0.003));
#9025=CARTESIAN_POINT('',(0.000483843315305346,0.000556964674031719,0.003));
#9026=CARTESIAN_POINT('',(0.000590350134893546,0.00048501792188271,0.003));
#9027=CARTESIAN_POINT('',(3.783230381761E-05,0.000870553811818068,0.003));
#9028=CARTESIAN_POINT('',(-0.000515380859375,-0.00133202710034476,0.003));
#9029=CARTESIAN_POINT('',(-0.00046728515625,-0.00133202710034476,0.003));
#9030=CARTESIAN_POINT('',(-0.000563476562500001,-0.00133202710034476,0.003));
#9031=CARTESIAN_POINT('',(-0.00039404296875,-0.000996903402428094,0.003));
#9032=CARTESIAN_POINT('',(-0.000224609375,-0.000661779704511427,0.003));
#9033=CARTESIAN_POINT('',(-0.000224609375,-0.000658768636803094,0.003));
#9034=CARTESIAN_POINT('',(-0.000224609375,-0.00065575756909476,0.003));
#9035=CARTESIAN_POINT('',(-0.000419921875,-0.00065575756909476,0.003));
#9036=CARTESIAN_POINT('',(-0.000615234375,-0.00065575756909476,0.003));
#9037=CARTESIAN_POINT('',(-0.000615234375,-0.000615067464928094,0.003));
#9038=CARTESIAN_POINT('',(-0.000615234375,-0.000574377360761427,0.003));
#9039=CARTESIAN_POINT('',(-0.00037255859375,-0.000574377360761427,0.003));
#9040=CARTESIAN_POINT('',(-0.0001298828125,-0.000574377360761427,0.003));
#9041=CARTESIAN_POINT('',(-0.0001298828125,-0.000617346110761427,0.003));
#9042=CARTESIAN_POINT('',(-0.0001298828125,-0.000660314860761427,0.003));
#9043=CARTESIAN_POINT('',(-0.000298583984375,-0.000996170980553094,0.003));
#9044=CARTESIAN_POINT('',(0.000246744791666666,-0.00133202710034476,0.003));
#9045=CARTESIAN_POINT('',(0.000485677083333334,-0.00133202710034476,0.003));
#9046=CARTESIAN_POINT('',(7.81249999999979E-06,-0.00133202710034476,0.003));
#9047=CARTESIAN_POINT('',(7.81249999999979E-06,-0.00129874259513643,0.003));
#9048=CARTESIAN_POINT('',(7.81249999999979E-06,-0.00126545808992809,0.003));
#9049=CARTESIAN_POINT('',(0.0001328125,-0.00112857657951143,0.003));
#9050=CARTESIAN_POINT('',(0.000257793425119914,-0.000991677337434206,0.003));
#9051=CARTESIAN_POINT('',(-0.000946434479956276,0.000127750954982689,0.003));
#9052=CARTESIAN_POINT('',(0.000330382085234789,-0.000907936171676798,0.003));
#9053=CARTESIAN_POINT('',(9.04997522754511E-05,-0.000709183621469535,0.003));
#9054=CARTESIAN_POINT('',(0.000372777083677,-0.00084059801600454,0.003));
#9055=CARTESIAN_POINT('',(0.000222353990281025,-0.000774607735212558,0.003));
#9056=CARTESIAN_POINT('',(0.00038648258315083,-0.000774245041751349,0.003));
#9057=CARTESIAN_POINT('',(0.000262366252254056,-0.000770676288382421,0.003));
#9058=CARTESIAN_POINT('',(0.00036756270952615,-0.000704961135248444,0.003));
#9059=CARTESIAN_POINT('',(0.000262476083849054,-0.000773842015983613,0.003));
#9060=CARTESIAN_POINT('',(0.00031551614623961,-0.000659897035983704,0.003));
#9061=CARTESIAN_POINT('',(0.00024446720346065,-0.000812568535514731,0.003));
#9062=CARTESIAN_POINT('',(0.000241534605609494,-0.000644116038201176,0.003));
#9063=CARTESIAN_POINT('',(0.000237356671285629,-0.000799118439761571,0.003));
#9064=CARTESIAN_POINT('',(0.000165501418158667,-0.000661892347436131,0.003));
#9065=CARTESIAN_POINT('',(0.000224709124284829,-0.000770937128545073,0.003));
#9066=CARTESIAN_POINT('',(0.000115503559265927,-0.000712044347980132,0.003));
#9067=CARTESIAN_POINT('',(0.000253728815388343,-0.000783446919858403,0.003));
#9068=CARTESIAN_POINT('',(9.81331250990587E-05,-0.00078759350659476,0.003));
#9069=CARTESIAN_POINT('',(5.43619791666666E-05,-0.00078759350659476,0.003));
#9070=CARTESIAN_POINT('',(1.09528316891353E-05,-0.00078759350659476,0.003));
#9071=CARTESIAN_POINT('',(0.000231230751347851,-0.000782152735731021,0.003));
#9072=CARTESIAN_POINT('',(4.13503127847126E-05,-0.000670526277379828,0.003));
#9073=CARTESIAN_POINT('',(0.000222841522871527,-0.000780751743917244,0.003));
#9074=CARTESIAN_POINT('',(0.000125230683741278,-0.000592173233741614,0.003));
#9075=CARTESIAN_POINT('',(0.000240209110155722,-0.000815493795466526,0.003));
#9076=CARTESIAN_POINT('',(0.000244467696672199,-0.000564218646179838,0.003));
#9077=CARTESIAN_POINT('',(0.000249792882127485,-0.000806762119201633,0.003));
#9078=CARTESIAN_POINT('',(0.000362485522936862,-0.000592164637312779,0.003));
#9079=CARTESIAN_POINT('',(0.000263625136988351,-0.000778432008220903,0.003));
#9080=CARTESIAN_POINT('',(0.000443132068766945,-0.000668035694439845,0.003));
#9081=CARTESIAN_POINT('',(0.000272913601950155,-0.000771764399090203,0.003));
#9082=CARTESIAN_POINT('',(0.00047229141018132,-0.000774246699879487,0.003));
#9083=CARTESIAN_POINT('',(0.000243110580754596,-0.000774247440952628,0.003));
#9084=CARTESIAN_POINT('',(0.000457457010795001,-0.000855834230778513,0.003));
#9085=CARTESIAN_POINT('',(0.000115413745432411,-0.000713032493372217,0.003));
#9086=CARTESIAN_POINT('',(0.000405579436762833,-0.000944152097585343,0.003));
#9087=CARTESIAN_POINT('',(-0.000859388770336688,4.44107656896167E-05,0.003));
#9088=CARTESIAN_POINT('',(0.00030366357672892,-0.00106261353151418,0.003));
#9089=CARTESIAN_POINT('',(0.000218668619791667,-0.00115372306388643,0.003));
#9090=CARTESIAN_POINT('',(0.000133626302083333,-0.00124478751701143,0.003));
#9091=CARTESIAN_POINT('',(0.000133626302083333,-0.00124771720451143,0.003));
#9092=CARTESIAN_POINT('',(0.000133626302083333,-0.00125064689201143,0.003));
#9093=CARTESIAN_POINT('',(0.000309651692708333,-0.00125064689201143,0.003));
#9094=CARTESIAN_POINT('',(0.000485677083333334,-0.00125064689201143,0.003));
#9095=CARTESIAN_POINT('',(0.000485677083333334,-0.00129133699617809,0.003));
#9096=CARTESIAN_POINT('',(0.000960087071276225,-0.000860929777761,0.003));
#9097=CARTESIAN_POINT('',(0.00122333449471441,-0.000707092854775587,0.003));
#9098=CARTESIAN_POINT('',(0.00126096558178753,-0.000811193767011427,0.003));
#9099=CARTESIAN_POINT('',(0.00121516927083333,-0.000811193767011427,0.003));
#9100=CARTESIAN_POINT('',(0.001169193126997,-0.000811193767011427,0.003));
#9101=CARTESIAN_POINT('',(0.000979348295008926,-0.000847475149557199,0.003));
#9102=CARTESIAN_POINT('',(0.00114105409342352,-0.000741680661708755,0.003));
#9103=CARTESIAN_POINT('',(0.000978037366826389,-0.000850233876340637,0.003));
#9104=CARTESIAN_POINT('',(0.00109220377604167,-0.00069115795971976,0.003));
#9105=CARTESIAN_POINT('',(0.000969132623223049,-0.000863347089688697,0.003));
#9106=CARTESIAN_POINT('',(0.00102872725180046,-0.000660233392508587,0.003));
#9107=CARTESIAN_POINT('',(0.000957280036481229,-0.00090288073944358,0.003));
#9108=CARTESIAN_POINT('',(0.000956216510906062,-0.000649950876316808,0.003));
#9109=CARTESIAN_POINT('',(0.000953148008496553,-0.000879781836598718,0.003));
#9110=CARTESIAN_POINT('',(0.000831809792349533,-0.00068455827353799,0.003));
#9111=CARTESIAN_POINT('',(0.000962968475353455,-0.000886132502539741,0.003));
#9112=CARTESIAN_POINT('',(0.000743320000050722,-0.000787069344651083,0.003));
#9113=CARTESIAN_POINT('',(0.00109282593442889,-0.000940326573298764,0.003));
#9114=CARTESIAN_POINT('',(0.000711054464222012,-0.000953246081040427,0.003));
#9115=CARTESIAN_POINT('',(0.00109236295641727,-0.000966165525670512,0.003));
#9116=CARTESIAN_POINT('',(0.000743321772797927,-0.00111933496509389,0.003));
#9117=CARTESIAN_POINT('',(0.000962968475344497,-0.00102027195857421,0.003));
#9118=CARTESIAN_POINT('',(0.000831810736625263,-0.00122184676723187,0.003));
#9119=CARTESIAN_POINT('',(0.000953148008496951,-0.00102662262450631,0.003));
#9120=CARTESIAN_POINT('',(0.000956216973351942,-0.00125645358874113,0.003));
#9121=CARTESIAN_POINT('',(0.000957280036481228,-0.00100352372166255,0.003));
#9122=CARTESIAN_POINT('',(0.00102872717803682,-0.00124617081273179,0.003));
#9123=CARTESIAN_POINT('',(0.000968841046263845,-0.00104199366778197,0.003));
#9124=CARTESIAN_POINT('',(0.00109221000524881,-0.00121533658078415,0.003));
#9125=CARTESIAN_POINT('',(0.000979799034599716,-0.00105832691510327,0.003));
#9126=CARTESIAN_POINT('',(0.00114104824914718,-0.00116463850266271,0.003));
#9127=CARTESIAN_POINT('',(0.000977147240406787,-0.0010578606670168,0.003));
#9128=CARTESIAN_POINT('',(0.00116920271453727,-0.00109521069409476,0.003));
#9129=CARTESIAN_POINT('',(0.00121516927083333,-0.00109521069409476,0.003));
#9130=CARTESIAN_POINT('',(0.00126097457021529,-0.00109521069409476,0.003));
#9131=CARTESIAN_POINT('',(0.000957795629435288,-0.00104447322121409,0.003));
#9132=CARTESIAN_POINT('',(0.00122332850262042,-0.0011992268316294,0.003));
#9133=CARTESIAN_POINT('',(0.00098143858093439,-0.00105677469354179,0.003));
#9134=CARTESIAN_POINT('',(0.00115527962539951,-0.00127710333606228,0.003));
#9135=CARTESIAN_POINT('',(0.000971994631400106,-0.00104326393296326,0.003));
#9136=CARTESIAN_POINT('',(0.00106413203937481,-0.00132577475766078,0.003));
#9137=CARTESIAN_POINT('',(0.000958999114889622,-0.00100067406337082,0.003));
#9138=CARTESIAN_POINT('',(0.000956214618120583,-0.00134232777563575,0.003));
#9139=CARTESIAN_POINT('',(0.000950055924145929,-0.00102525497256925,0.003));
#9140=CARTESIAN_POINT('',(0.000783890337065918,-0.00129515156266093,0.003));
#9141=CARTESIAN_POINT('',(0.000959390490145464,-0.00102171159608123,0.003));
#9142=CARTESIAN_POINT('',(0.000665111837569452,-0.00116043570585821,0.003));
#9143=CARTESIAN_POINT('',(0.00108548893381274,-0.000966447187965816,0.003));
#9144=CARTESIAN_POINT('',(0.000622361993397373,-0.000953204938862771,0.003));
#9145=CARTESIAN_POINT('',(0.00108541064201053,-0.000940005619239792,0.003));
#9146=CARTESIAN_POINT('',(0.000665108686740218,-0.000746048326744818,0.003));
#9147=CARTESIAN_POINT('',(0.000959407846959984,-0.00088496376283768,0.003));
#9148=CARTESIAN_POINT('',(0.000783308263445635,-0.000611692496800422,0.003));
#9149=CARTESIAN_POINT('',(0.000950055924145929,-0.000881312248953607,0.003));
#9150=CARTESIAN_POINT('',(0.00095621621682512,-0.000564239418791307,0.003));
#9151=CARTESIAN_POINT('',(0.000959009510365452,-0.000907433187284665,0.003));
#9152=CARTESIAN_POINT('',(0.00106413218409003,-0.000580710620091847,0.003));
#9153=CARTESIAN_POINT('',(0.000973092047330209,-0.000861152750102449,0.003));
#9154=CARTESIAN_POINT('',(0.00115527834175269,-0.000629384168189565,0.003));
#9155=CARTESIAN_POINT('',(0.000979779464085482,-0.000851492066853262,0.003));
#9156=CARTESIAN_POINT('',(-0.001225,-0.0025,0.003));
#9157=CARTESIAN_POINT('',(-0.0017,-0.0025,0.003));
#9158=CARTESIAN_POINT('',(0.0017,-0.0025,0.003));
#9159=CARTESIAN_POINT('',(0.0021,-0.0021,0.003));
#9160=CARTESIAN_POINT('',(0.0025,-0.0017,0.003));
#9161=CARTESIAN_POINT('',(0.0025,-0.001225,0.003));
#9162=CARTESIAN_POINT('',(0.0025,0.0017,0.003));
#9163=CARTESIAN_POINT('',(0.0021,0.0021,0.003));
#9164=CARTESIAN_POINT('',(0.0017,0.0025,0.003));
#9165=CARTESIAN_POINT('',(0.001225,0.0025,0.003));
#9166=CARTESIAN_POINT('',(-0.0017,0.0025,0.003));
#9167=CARTESIAN_POINT('',(-0.0021,0.0021,0.003));
#9168=CARTESIAN_POINT('',(-0.0025,0.0017,0.003));
#9169=CARTESIAN_POINT('',(-0.0025,-0.001225,0.003));
#9170=CARTESIAN_POINT('',(-0.0025,-0.0017,0.003));
#9171=CARTESIAN_POINT('',(-0.0021,-0.0021,0.003));
#9172=CARTESIAN_POINT('',(-0.000829752604166667,-0.000834794027428094,0.003));
#9173=CARTESIAN_POINT('',(-0.000829752604166667,-0.000574377360761427,0.003));
#9174=CARTESIAN_POINT('',(-0.000829752604166667,-0.00109521069409476,0.003));
#9175=CARTESIAN_POINT('',(-0.000777994791666667,-0.00109521069409476,0.003));
#9176=CARTESIAN_POINT('',(-0.000726236979166667,-0.00109521069409476,0.003));
#9177=CARTESIAN_POINT('',(-0.000726236979166667,-0.00113590079826143,0.003));
#9178=CARTESIAN_POINT('',(-0.000726236979166667,-0.00117659090242809,0.003));
#9179=CARTESIAN_POINT('',(-0.000777994791666667,-0.00117659090242809,0.003));
#9180=CARTESIAN_POINT('',(-0.000829752604166667,-0.00117659090242809,0.003));
#9181=CARTESIAN_POINT('',(-0.000829752604166667,-0.00125430900138643,0.003));
#9182=CARTESIAN_POINT('',(-0.000829752604166667,-0.00133202710034476,0.003));
#9183=CARTESIAN_POINT('',(-0.000873372395833334,-0.00133202710034476,0.003));
#9184=CARTESIAN_POINT('',(-0.000916992187500001,-0.00133202710034476,0.003));
#9185=CARTESIAN_POINT('',(-0.000916992187500001,-0.00125430900138643,0.003));
#9186=CARTESIAN_POINT('',(-0.000916992187500001,-0.00117659090242809,0.003));
#9187=CARTESIAN_POINT('',(-0.00109529622395833,-0.00117659090242809,0.003));
#9188=CARTESIAN_POINT('',(-0.00127360026041667,-0.00117659090242809,0.003));
#9189=CARTESIAN_POINT('',(-0.00127360026041667,-0.00113891186596976,0.003));
#9190=CARTESIAN_POINT('',(-0.00127360026041667,-0.00110123282951143,0.003));
#9191=CARTESIAN_POINT('',(-0.001107177734375,-0.000837805095136427,0.003));
#9192=CARTESIAN_POINT('',(-0.000940755208333334,-0.000574377360761427,0.003));
#9193=CARTESIAN_POINT('',(-0.000901448567708334,-0.000574377360761427,0.003));
#9194=CARTESIAN_POINT('',(0.,0.,0.00275));
#9195=CARTESIAN_POINT('',(-0.00174644660940672,0.00174644660940672,0.00275));
#9196=CARTESIAN_POINT('',(-0.00149644660940672,0.00174644660940672,0.00275));
#9197=CARTESIAN_POINT('',(-1.57703469710911E-05,0.000951111555246884,0.00275));
#9198=CARTESIAN_POINT('',(-7.81210469204882E-06,0.000189193326196991,0.00275));
#9199=CARTESIAN_POINT('',(-0.000373327722383569,0.000278343023056982,0.00275));
#9200=CARTESIAN_POINT('',(1.29977910647273E-06,0.00095343744188905,0.00275));
#9201=CARTESIAN_POINT('',(0.000332479336407976,0.000264715483676017,0.00275));
#9202=CARTESIAN_POINT('',(3.783230381761E-05,0.000870553811818068,0.00275));
#9203=CARTESIAN_POINT('',(0.000590350134893546,0.00048501792188271,0.00275));
#9204=CARTESIAN_POINT('',(0.000483843315305346,0.000556964674031719,0.00275));
#9205=CARTESIAN_POINT('',(0.000612371780725975,0.000559698131508385,0.00275));
#9206=CARTESIAN_POINT('',(0.000493984641414324,0.000566058844232395,0.00275));
#9207=CARTESIAN_POINT('',(0.000576651936464878,0.000650619779235311,0.00275));
#9208=CARTESIAN_POINT('',(0.000491657899088248,0.000559598017462063,0.00275));
#9209=CARTESIAN_POINT('',(0.000488062806245051,0.000684104210236214,0.00275));
#9210=CARTESIAN_POINT('',(0.000485327912260387,0.000567082703466486,0.00275));
#9211=CARTESIAN_POINT('',(0.000435882997544724,0.000673188205996145,0.00275));
#9212=CARTESIAN_POINT('',(0.000503386240128218,0.000551291943289571,0.00275));
#9213=CARTESIAN_POINT('',(0.000391187597935716,0.000634390139617625,0.00275));
#9214=CARTESIAN_POINT('',(-7.19738494461537E-06,0.000427805739315422,0.00275));
#9215=CARTESIAN_POINT('',(0.000234401320493554,0.000427805739315422,0.00275));
#9216=CARTESIAN_POINT('',(0.000391187597935716,0.000634390139617625,0.00275));
#9217=CARTESIAN_POINT('',(-7.19738494461537E-06,0.000427805739315422,0.00275));
#9218=CARTESIAN_POINT('',(-1.35825474878696E-05,0.000908343311883738,0.00275));
#9219=CARTESIAN_POINT('',(-0.000247470771669299,0.000488821526693774,0.00275));
#9220=CARTESIAN_POINT('',(-2.46219715300792E-05,0.00087918901616693,0.00275));
#9221=CARTESIAN_POINT('',(-0.000420675008206113,0.000665649578351503,0.00275));
#9222=CARTESIAN_POINT('',(6.53251553948931E-05,0.000922983490882165,0.00275));
#9223=CARTESIAN_POINT('',(-0.000485067430691112,0.000938224674094328,0.00275));
#9224=CARTESIAN_POINT('',(0.000340502227725643,0.000938283131081157,0.00275));
#9225=CARTESIAN_POINT('',(-0.000411583735487948,0.00127914075404991,0.00275));
#9226=CARTESIAN_POINT('',(0.000263287777028045,0.00099364121586402,0.00275));
#9227=CARTESIAN_POINT('',(-0.000218839407099792,0.00154456754923533,0.00275));
#9228=CARTESIAN_POINT('',(2.50935853474427E-05,0.00164552546237737,0.00275));
#9229=CARTESIAN_POINT('',(-9.94017218026609E-05,0.00164552546237737,0.00275));
#9230=CARTESIAN_POINT('',(-0.000218839407099792,0.00154456754923533,0.00275));
#9231=CARTESIAN_POINT('',(2.50935853474427E-05,0.00164552546237737,0.00275));
#9232=CARTESIAN_POINT('',(0.000288868017371725,0.00154826350366635,0.00275));
#9233=CARTESIAN_POINT('',(0.000197052728348523,0.00164552546237737,0.00275));
#9234=CARTESIAN_POINT('',(2.50935853474427E-05,0.00164552546237737,0.00275));
#9235=CARTESIAN_POINT('',(0.000288868017371725,0.00154826350366635,0.00275));
#9236=CARTESIAN_POINT('',(0.000288868017371725,0.00153950992738236,0.00275));
#9237=CARTESIAN_POINT('',(0.000288791765877331,0.00153075520087011,0.00275));
#9238=CARTESIAN_POINT('',(0.000379427820925128,0.00153212241540849,0.00275));
#9239=CARTESIAN_POINT('',(0.000322566482661679,0.00146118225360732,0.00275));
#9240=CARTESIAN_POINT('',(0.000401824848882437,0.00155209652002739,0.00275));
#9241=CARTESIAN_POINT('',(0.000405967853277973,0.00143126128874141,0.00275));
#9242=CARTESIAN_POINT('',(0.00040845166388492,0.00154898559256795,0.00275));
#9243=CARTESIAN_POINT('',(0.000494432413805572,0.00146855522660367,0.00275));
#9244=CARTESIAN_POINT('',(0.000409108634641876,0.00155497062946034,0.00275));
#9245=CARTESIAN_POINT('',(0.000530473717065018,0.00155565545199463,0.00275000025));
#9246=CARTESIAN_POINT('',(0.000530466722809894,0.00163541021867142,0.00275));
#9247=CARTESIAN_POINT('',(0.000530431550834253,0.0017151656423668,0.00275));
#9248=CARTESIAN_POINT('',(0.000418231306427447,0.0017171356631602,0.00275));
#9249=CARTESIAN_POINT('',(0.000498181430278551,0.00179589730448414,0.00275));
#9250=CARTESIAN_POINT('',(0.000419770382339438,0.0017208162125709,0.00275));
#9251=CARTESIAN_POINT('',(0.000416089889935734,0.0018294533793428,0.00275));
#9252=CARTESIAN_POINT('',(0.000413095017074912,0.00172831153936052,0.00275));
#9253=CARTESIAN_POINT('',(0.000341430229978889,0.00179967539475092,0.00275));
#9254=CARTESIAN_POINT('',(5.45005162493301E-06,0.00122854144654283,0.00275));
#9255=CARTESIAN_POINT('',(0.000200734604383435,0.00186179027383093,0.00275));
#9256=CARTESIAN_POINT('',(4.16284608418883E-05,0.00136724434654655,0.00275));
#9257=CARTESIAN_POINT('',(4.2600737915426E-05,0.00188673511998069,0.00275));
#9258=CARTESIAN_POINT('',(-0.000327383753021288,0.00175368076046403,0.00275));
#9259=CARTESIAN_POINT('',(-0.000146865557653638,0.00188673511998069,0.00275));
#9260=CARTESIAN_POINT('',(4.2600737915426E-05,0.00188673511998069,0.00275));
#9261=CARTESIAN_POINT('',(-0.000327383753021288,0.00175368076046403,0.00275));
#9262=CARTESIAN_POINT('',(0.000271366160811295,0.000959982675061654,0.00275));
#9263=CARTESIAN_POINT('',(-0.000620880150529729,0.0014001156486461,0.00275));
#9264=CARTESIAN_POINT('',(0.000262788699729716,0.000938204772113501,0.00275));
#9265=CARTESIAN_POINT('',(-0.000733960781028108,0.000938225900090062,0.00275));
#9266=CARTESIAN_POINT('',(6.21694758533291E-05,0.000917017662933473,0.00275));
#9267=CARTESIAN_POINT('',(-0.000637452309575084,0.000538387337016448,0.00275));
#9268=CARTESIAN_POINT('',(-6.3510014438209E-05,0.000855956800957498,0.00275));
#9269=CARTESIAN_POINT('',(7.81249999999979E-06,-0.00129874259513643,0.00275));
#9270=CARTESIAN_POINT('',(7.81249999999979E-06,-0.00133202710034476,0.00275));
#9271=CARTESIAN_POINT('',(7.81249999999968E-06,-0.00126545808992809,0.00275));
#9272=CARTESIAN_POINT('',(0.000246744791666666,-0.00133202710034476,0.00275));
#9273=CARTESIAN_POINT('',(0.000485677083333334,-0.00133202710034476,0.00275));
#9274=CARTESIAN_POINT('',(0.000485677083333334,-0.00129133699617809,0.00275));
#9275=CARTESIAN_POINT('',(0.000485677083333334,-0.00125064689201143,0.00275));
#9276=CARTESIAN_POINT('',(0.000309651692708333,-0.00125064689201143,0.00275));
#9277=CARTESIAN_POINT('',(0.000133626302083333,-0.00125064689201143,0.00275));
#9278=CARTESIAN_POINT('',(0.000133626302083333,-0.00124771720451143,0.00275));
#9279=CARTESIAN_POINT('',(0.000133626302083333,-0.00124478751701143,0.00275));
#9280=CARTESIAN_POINT('',(0.000218668619791667,-0.00115372306388643,0.00275));
#9281=CARTESIAN_POINT('',(0.00030366357672892,-0.00106261353151417,0.00275));
#9282=CARTESIAN_POINT('',(-0.000859388770336688,4.44107656896167E-05,0.00275));
#9283=CARTESIAN_POINT('',(0.000405579436762833,-0.000944152097585343,0.00275));
#9284=CARTESIAN_POINT('',(0.000115413745432411,-0.000713032493372217,0.00275));
#9285=CARTESIAN_POINT('',(0.000457457010795001,-0.000855834230778513,0.00275));
#9286=CARTESIAN_POINT('',(0.000243110580754596,-0.000774247440952628,0.00275));
#9287=CARTESIAN_POINT('',(0.00047229141018132,-0.000774246699879487,0.00275));
#9288=CARTESIAN_POINT('',(0.000272913601950155,-0.000771764399090203,0.00275));
#9289=CARTESIAN_POINT('',(0.000443132068766945,-0.000668035694439845,0.00275));
#9290=CARTESIAN_POINT('',(0.000263625136988351,-0.000778432008220903,0.00275));
#9291=CARTESIAN_POINT('',(0.000362485522936862,-0.000592164637312779,0.00275));
#9292=CARTESIAN_POINT('',(0.000249792882127485,-0.000806762119201633,0.00275));
#9293=CARTESIAN_POINT('',(0.000244467696672199,-0.000564218646179838,0.00275));
#9294=CARTESIAN_POINT('',(0.000240209110155722,-0.000815493795466526,0.00275));
#9295=CARTESIAN_POINT('',(0.000125230683741278,-0.000592173233741614,0.00275));
#9296=CARTESIAN_POINT('',(0.000222841522871527,-0.000780751743917244,0.00275));
#9297=CARTESIAN_POINT('',(4.13503127847126E-05,-0.000670526277379828,0.00275));
#9298=CARTESIAN_POINT('',(0.000231230751347851,-0.000782152735731021,0.00275));
#9299=CARTESIAN_POINT('',(1.09528316891353E-05,-0.00078759350659476,0.00275));
#9300=CARTESIAN_POINT('',(5.43619791666666E-05,-0.00078759350659476,0.00275));
#9301=CARTESIAN_POINT('',(9.81331250990587E-05,-0.00078759350659476,0.00275));
#9302=CARTESIAN_POINT('',(0.000253728815388343,-0.000783446919858403,0.00275));
#9303=CARTESIAN_POINT('',(0.000115503559265927,-0.000712044347980132,0.00275));
#9304=CARTESIAN_POINT('',(0.000224709124284829,-0.000770937128545073,0.00275));
#9305=CARTESIAN_POINT('',(0.000165501418158667,-0.000661892347436131,0.00275));
#9306=CARTESIAN_POINT('',(0.000237356671285629,-0.000799118439761571,0.00275));
#9307=CARTESIAN_POINT('',(0.000241534605609494,-0.000644116038201176,0.00275));
#9308=CARTESIAN_POINT('',(0.00024446720346065,-0.000812568535514731,0.00275));
#9309=CARTESIAN_POINT('',(0.00031551614623961,-0.000659897035983704,0.00275));
#9310=CARTESIAN_POINT('',(0.000262476083849054,-0.000773842015983613,0.00275));
#9311=CARTESIAN_POINT('',(0.00036756270952615,-0.000704961135248444,0.00275));
#9312=CARTESIAN_POINT('',(0.000262366252254056,-0.000770676288382421,0.00275));
#9313=CARTESIAN_POINT('',(0.00038648258315083,-0.000774245041751349,0.00275));
#9314=CARTESIAN_POINT('',(0.000222353990281025,-0.000774607735212558,0.00275));
#9315=CARTESIAN_POINT('',(0.000372777083677,-0.00084059801600454,0.00275));
#9316=CARTESIAN_POINT('',(9.04997522754511E-05,-0.000709183621469535,0.00275));
#9317=CARTESIAN_POINT('',(0.000330382085234789,-0.000907936171676798,0.00275));
#9318=CARTESIAN_POINT('',(-0.000946434479956276,0.000127750954982689,0.00275));
#9319=CARTESIAN_POINT('',(0.000257793425119909,-0.000991677337434202,0.00275000025));
#9320=CARTESIAN_POINT('',(0.0001328125,-0.00112857657951143,0.00275));
#9321=CARTESIAN_POINT('',(-0.001225,-0.0025,0.00275));
#9322=CARTESIAN_POINT('',(-0.0017,-0.0025,0.00275));
#9323=CARTESIAN_POINT('',(0.0017,-0.0025,0.00275));
#9324=CARTESIAN_POINT('',(-0.0021,-0.0021,0.00275));
#9325=CARTESIAN_POINT('',(-0.0025,-0.0017,0.00275));
#9326=CARTESIAN_POINT('',(-0.0025,-0.001225,0.00275));
#9327=CARTESIAN_POINT('',(-0.0025,0.0017,0.00275));
#9328=CARTESIAN_POINT('',(-0.0021,0.0021,0.00275));
#9329=CARTESIAN_POINT('',(-0.0017,0.0025,0.00275));
#9330=CARTESIAN_POINT('',(0.001225,0.0025,0.00275));
#9331=CARTESIAN_POINT('',(0.0017,0.0025,0.00275));
#9332=CARTESIAN_POINT('',(0.0021,0.0021,0.00275));
#9333=CARTESIAN_POINT('',(0.0025,0.0017,0.00275));
#9334=CARTESIAN_POINT('',(0.0025,-0.001225,0.00275));
#9335=CARTESIAN_POINT('',(0.0025,-0.0017,0.00275));
#9336=CARTESIAN_POINT('',(0.0021,-0.0021,0.00275));
#9337=CARTESIAN_POINT('',(0.00121516927083333,-0.000811193767011427,0.00275));
#9338=CARTESIAN_POINT('',(0.00126096558178753,-0.000811193767011427,0.00275));
#9339=CARTESIAN_POINT('',(0.001169193126997,-0.000811193767011427,0.00275));
#9340=CARTESIAN_POINT('',(0.000960087071276225,-0.000860929777761,0.00275));
#9341=CARTESIAN_POINT('',(0.00122333449471441,-0.000707092854775587,0.00275));
#9342=CARTESIAN_POINT('',(0.000979779464085482,-0.000851492066853262,0.00275));
#9343=CARTESIAN_POINT('',(0.00115527834175269,-0.000629384168189565,0.00275));
#9344=CARTESIAN_POINT('',(0.000973092047330209,-0.000861152750102449,0.00275));
#9345=CARTESIAN_POINT('',(0.00106413218409003,-0.000580710620091847,0.00275));
#9346=CARTESIAN_POINT('',(0.000959009510365452,-0.000907433187284665,0.00275));
#9347=CARTESIAN_POINT('',(0.00095621621682512,-0.000564239418791307,0.00275));
#9348=CARTESIAN_POINT('',(0.000950055924145929,-0.000881312248953607,0.00275));
#9349=CARTESIAN_POINT('',(0.000783308263445635,-0.000611692496800422,0.00275));
#9350=CARTESIAN_POINT('',(0.000959407846959984,-0.00088496376283768,0.00275));
#9351=CARTESIAN_POINT('',(0.000665108686740218,-0.000746048326744818,0.00275));
#9352=CARTESIAN_POINT('',(0.00108541064201053,-0.000940005619239792,0.00275));
#9353=CARTESIAN_POINT('',(0.000622361993397373,-0.000953204938862771,0.00275));
#9354=CARTESIAN_POINT('',(0.00108548893381274,-0.000966447187965816,0.00275));
#9355=CARTESIAN_POINT('',(0.000665111837569452,-0.00116043570585821,0.00275));
#9356=CARTESIAN_POINT('',(0.000959390490145464,-0.00102171159608123,0.00275));
#9357=CARTESIAN_POINT('',(0.000783890337065918,-0.00129515156266093,0.00275));
#9358=CARTESIAN_POINT('',(0.000950055924145929,-0.00102525497256925,0.00275));
#9359=CARTESIAN_POINT('',(0.000956214618120583,-0.00134232777563575,0.00275));
#9360=CARTESIAN_POINT('',(0.000958999114889622,-0.00100067406337082,0.00275));
#9361=CARTESIAN_POINT('',(0.00106413203937481,-0.00132577475766078,0.00275));
#9362=CARTESIAN_POINT('',(0.000971994631400106,-0.00104326393296326,0.00275));
#9363=CARTESIAN_POINT('',(0.00115527962539951,-0.00127710333606228,0.00275));
#9364=CARTESIAN_POINT('',(0.00098143858093439,-0.00105677469354179,0.00275));
#9365=CARTESIAN_POINT('',(0.00122332850262042,-0.0011992268316294,0.00275));
#9366=CARTESIAN_POINT('',(0.000957795629435288,-0.00104447322121409,0.00275));
#9367=CARTESIAN_POINT('',(0.00126097457021529,-0.00109521069409476,0.00275));
#9368=CARTESIAN_POINT('',(0.00121516927083333,-0.00109521069409476,0.00275));
#9369=CARTESIAN_POINT('',(0.00116920271453727,-0.00109521069409476,0.00275));
#9370=CARTESIAN_POINT('',(0.000977147240406787,-0.0010578606670168,0.00275));
#9371=CARTESIAN_POINT('',(0.00114104824914718,-0.00116463850266271,0.00275));
#9372=CARTESIAN_POINT('',(0.000979799034599716,-0.00105832691510327,0.00275));
#9373=CARTESIAN_POINT('',(0.00109220982027645,-0.00121533634754881,0.00275));
#9374=CARTESIAN_POINT('',(0.000968841046263845,-0.00104199366778197,0.00275));
#9375=CARTESIAN_POINT('',(0.00102872717803682,-0.00124617081273179,0.00275));
#9376=CARTESIAN_POINT('',(0.000957280036481228,-0.00100352372166255,0.00275));
#9377=CARTESIAN_POINT('',(0.000956216973351942,-0.00125645358874113,0.00275));
#9378=CARTESIAN_POINT('',(0.000953148008496951,-0.00102662262450631,0.00275));
#9379=CARTESIAN_POINT('',(0.000831810736625263,-0.00122184676723187,0.00275));
#9380=CARTESIAN_POINT('',(0.000962968475344497,-0.00102027195857421,0.00275));
#9381=CARTESIAN_POINT('',(0.000743321772797927,-0.00111933496509389,0.00275));
#9382=CARTESIAN_POINT('',(0.00109236295641727,-0.000966165525670512,0.00275));
#9383=CARTESIAN_POINT('',(0.000711054464222012,-0.000953246081040427,0.00275));
#9384=CARTESIAN_POINT('',(0.00109282593442889,-0.000940326573298764,0.00275));
#9385=CARTESIAN_POINT('',(0.000743320000050722,-0.000787069344651083,0.00275));
#9386=CARTESIAN_POINT('',(0.000962968475353455,-0.000886132502539741,0.00275));
#9387=CARTESIAN_POINT('',(0.000831809792349533,-0.00068455827353799,0.00275));
#9388=CARTESIAN_POINT('',(0.000953148008496553,-0.000879781836598718,0.00275));
#9389=CARTESIAN_POINT('',(0.000956216510906062,-0.000649950876316808,0.00275));
#9390=CARTESIAN_POINT('',(0.000957280036481229,-0.00090288073944358,0.00275));
#9391=CARTESIAN_POINT('',(0.00102872725180046,-0.000660233392508587,0.00275));
#9392=CARTESIAN_POINT('',(0.000969132623223049,-0.000863347089688697,0.00275));
#9393=CARTESIAN_POINT('',(0.00109220377604167,-0.00069115795971976,0.00275));
#9394=CARTESIAN_POINT('',(0.000978037366826389,-0.000850233876340637,0.00275));
#9395=CARTESIAN_POINT('',(0.00114105409342352,-0.000741680661708755,0.00275));
#9396=CARTESIAN_POINT('',(0.000979348295008926,-0.000847475149557199,0.00275));
#9397=CARTESIAN_POINT('',(-0.00039404296875,-0.000996903402428094,0.00275));
#9398=CARTESIAN_POINT('',(-0.000563476562500001,-0.00133202710034476,0.00275));
#9399=CARTESIAN_POINT('',(-0.000224609375,-0.000661779704511427,0.00275));
#9400=CARTESIAN_POINT('',(-0.000515380859375,-0.00133202710034476,0.00275));
#9401=CARTESIAN_POINT('',(-0.00046728515625,-0.00133202710034476,0.00275));
#9402=CARTESIAN_POINT('',(-0.000298583984375,-0.000996170980553094,0.00275));
#9403=CARTESIAN_POINT('',(-0.0001298828125,-0.000660314860761427,0.00275));
#9404=CARTESIAN_POINT('',(-0.0001298828125,-0.000617346110761427,0.00275));
#9405=CARTESIAN_POINT('',(-0.0001298828125,-0.000574377360761427,0.00275));
#9406=CARTESIAN_POINT('',(-0.00037255859375,-0.000574377360761427,0.00275));
#9407=CARTESIAN_POINT('',(-0.000615234375,-0.000574377360761427,0.00275));
#9408=CARTESIAN_POINT('',(-0.000615234375,-0.000615067464928094,0.00275));
#9409=CARTESIAN_POINT('',(-0.000615234375,-0.00065575756909476,0.00275));
#9410=CARTESIAN_POINT('',(-0.000419921875,-0.00065575756909476,0.00275));
#9411=CARTESIAN_POINT('',(-0.000224609375,-0.00065575756909476,0.00275));
#9412=CARTESIAN_POINT('',(-0.000224609375,-0.000658768636803094,0.00275));
#9413=CARTESIAN_POINT('',(-0.000777994791666667,-0.00109521069409476,0.00275));
#9414=CARTESIAN_POINT('',(-0.000829752604166667,-0.00109521069409476,0.00275));
#9415=CARTESIAN_POINT('',(-0.000726236979166667,-0.00109521069409476,0.00275));
#9416=CARTESIAN_POINT('',(-0.000829752604166667,-0.000834794027428094,0.00275));
#9417=CARTESIAN_POINT('',(-0.000829752604166667,-0.000574377360761427,0.00275));
#9418=CARTESIAN_POINT('',(-0.000901448567708334,-0.000574377360761427,0.00275));
#9419=CARTESIAN_POINT('',(-0.000940755208333334,-0.000574377360761427,0.00275));
#9420=CARTESIAN_POINT('',(-0.001107177734375,-0.000837805095136427,0.00275));
#9421=CARTESIAN_POINT('',(-0.00127360026041667,-0.00110123282951143,0.00275));
#9422=CARTESIAN_POINT('',(-0.00127360026041667,-0.00113891186596976,0.00275));
#9423=CARTESIAN_POINT('',(-0.00127360026041667,-0.00117659090242809,0.00275));
#9424=CARTESIAN_POINT('',(-0.00109529622395833,-0.00117659090242809,0.00275));
#9425=CARTESIAN_POINT('',(-0.000916992187500001,-0.00117659090242809,0.00275));
#9426=CARTESIAN_POINT('',(-0.000916992187500001,-0.00125430900138643,0.00275));
#9427=CARTESIAN_POINT('',(-0.000916992187500001,-0.00133202710034476,0.00275));
#9428=CARTESIAN_POINT('',(-0.000873372395833334,-0.00133202710034476,0.00275));
#9429=CARTESIAN_POINT('',(-0.000829752604166667,-0.00133202710034476,0.00275));
#9430=CARTESIAN_POINT('',(-0.000829752604166667,-0.00125430900138643,0.00275));
#9431=CARTESIAN_POINT('',(-0.000829752604166667,-0.00117659090242809,0.00275));
#9432=CARTESIAN_POINT('',(-0.000777994791666667,-0.00117659090242809,0.00275));
#9433=CARTESIAN_POINT('',(-0.000726236979166667,-0.00117659090242809,0.00275));
#9434=CARTESIAN_POINT('',(-0.000726236979166667,-0.00113590079826143,0.00275));
#9435=CARTESIAN_POINT('',(-0.001225,-0.0025,0.003));
#9436=CARTESIAN_POINT('',(0.0017,-0.0025,0.003));
#9437=CARTESIAN_POINT('',(-0.0017,-0.0025,0.003));
#9438=CARTESIAN_POINT('',(0.0021,-0.0021,0.003));
#9439=CARTESIAN_POINT('',(0.0025,-0.0017,0.003));
#9440=CARTESIAN_POINT('',(0.0025,-0.001225,0.003));
#9441=CARTESIAN_POINT('',(0.0025,0.0017,0.003));
#9442=CARTESIAN_POINT('',(0.0021,0.0021,0.003));
#9443=CARTESIAN_POINT('',(0.0017,0.0025,0.003));
#9444=CARTESIAN_POINT('',(0.001225,0.0025,0.003));
#9445=CARTESIAN_POINT('',(-0.0017,0.0025,0.003));
#9446=CARTESIAN_POINT('',(-0.0021,0.0021,0.003));
#9447=CARTESIAN_POINT('',(-0.0025,0.0017,0.003));
#9448=CARTESIAN_POINT('',(-0.0025,-0.001225,0.003));
#9449=CARTESIAN_POINT('',(-0.0025,-0.0017,0.003));
#9450=CARTESIAN_POINT('',(-0.0021,-0.0021,0.003));
#9451=CARTESIAN_POINT('',(0.00121516927083333,-0.000811193767011427,0.00275));
#9452=CARTESIAN_POINT('',(0.00126096558178753,-0.000811193767011427,0.00275));
#9453=CARTESIAN_POINT('',(0.001169193126997,-0.000811193767011427,0.00275));
#9454=CARTESIAN_POINT('',(0.000960087071276225,-0.000860929777761,0.00275));
#9455=CARTESIAN_POINT('',(0.00122330729166667,-0.000707108480553094,0.00275));
#9456=CARTESIAN_POINT('',(0.000979779464085482,-0.000851492066853262,0.00275));
#9457=CARTESIAN_POINT('',(0.0011552734375,-0.00062939038159476,0.00275));
#9458=CARTESIAN_POINT('',(0.000973092047330209,-0.000861152750102449,0.00275));
#9459=CARTESIAN_POINT('',(0.00106412760416667,-0.000580725017011427,0.00275));
#9460=CARTESIAN_POINT('',(0.000959009510365452,-0.000907433187284665,0.00275));
#9461=CARTESIAN_POINT('',(0.000956217447916667,-0.000564123454511427,0.00275));
#9462=CARTESIAN_POINT('',(0.000950055924145929,-0.000881312248953607,0.00275));
#9463=CARTESIAN_POINT('',(0.000783308263445636,-0.000611692496800421,0.00275));
#9464=CARTESIAN_POINT('',(0.000959407846959984,-0.00088496376283768,0.00275));
#9465=CARTESIAN_POINT('',(0.000665201822916667,-0.00074608960034476,0.00275));
#9466=CARTESIAN_POINT('',(0.00108541064201053,-0.000940005619239792,0.00275));
#9467=CARTESIAN_POINT('',(0.000622362060256632,-0.000953202592660241,0.00275));
#9468=CARTESIAN_POINT('',(0.00108548893381274,-0.000966447187965816,0.00275));
#9469=CARTESIAN_POINT('',(0.000665201822916667,-0.00116039624096976,0.00275));
#9470=CARTESIAN_POINT('',(0.000959390490145464,-0.00102171159608123,0.00275));
#9471=CARTESIAN_POINT('',(0.000783935546875001,-0.00129508048576143,0.00275));
#9472=CARTESIAN_POINT('',(0.000950055924145929,-0.00102525497256925,0.00275));
#9473=CARTESIAN_POINT('',(0.000956217447916667,-0.00134244376701143,0.00275));
#9474=CARTESIAN_POINT('',(0.000958999114889622,-0.00100067406337082,0.00275));
#9475=CARTESIAN_POINT('',(0.00106412760416667,-0.00132576082430309,0.00275));
#9476=CARTESIAN_POINT('',(0.000971994631400106,-0.00104326393296326,0.00275));
#9477=CARTESIAN_POINT('',(0.0011552734375,-0.00127709545971976,0.00275));
#9478=CARTESIAN_POINT('',(0.00098143858093439,-0.00105677469354179,0.00275));
#9479=CARTESIAN_POINT('',(0.00122330729166667,-0.00119921460034476,0.00275));
#9480=CARTESIAN_POINT('',(0.000957795629435288,-0.00104447322121409,0.00275));
#9481=CARTESIAN_POINT('',(0.00126097457021529,-0.00109521069409476,0.00275));
#9482=CARTESIAN_POINT('',(0.00121516927083333,-0.00109521069409476,0.00275));
#9483=CARTESIAN_POINT('',(0.00116920271453727,-0.00109521069409476,0.00275));
#9484=CARTESIAN_POINT('',(0.000977147240406787,-0.0010578606670168,0.00275));
#9485=CARTESIAN_POINT('',(0.00114103190104167,-0.00116462801180309,0.00275));
#9486=CARTESIAN_POINT('',(0.000979799034599716,-0.00105832691510327,0.00275));
#9487=CARTESIAN_POINT('',(0.00109220983287345,-0.00121533633858346,0.00275));
#9488=CARTESIAN_POINT('',(0.000968841046263845,-0.00104199366778197,0.00275));
#9489=CARTESIAN_POINT('',(0.00102872721354167,-0.00124617098055309,0.00275));
#9490=CARTESIAN_POINT('',(0.000957280036481228,-0.00100352372166255,0.00275));
#9491=CARTESIAN_POINT('',(0.000956217447916667,-0.00125650626701143,0.00275));
#9492=CARTESIAN_POINT('',(0.000953148008496951,-0.00102662262450631,0.00275));
#9493=CARTESIAN_POINT('',(0.000831868489583334,-0.00122175691805309,0.00275));
#9494=CARTESIAN_POINT('',(0.000962968475344497,-0.00102027195857421,0.00275));
#9495=CARTESIAN_POINT('',(0.000743408203125,-0.00111929923576143,0.00275));
#9496=CARTESIAN_POINT('',(0.00109236295641727,-0.000966165525670512,0.00275));
#9497=CARTESIAN_POINT('',(0.000711054557487161,-0.000953243323078955,0.00275));
#9498=CARTESIAN_POINT('',(0.00109282593442889,-0.000940326573298764,0.00275));
#9499=CARTESIAN_POINT('',(0.000743408203125,-0.00078710522534476,0.00275));
#9500=CARTESIAN_POINT('',(0.000962968475353455,-0.000886132502539741,0.00275));
#9501=CARTESIAN_POINT('',(0.000831868489583334,-0.000684647543053094,0.00275));
#9502=CARTESIAN_POINT('',(0.000953148008496553,-0.000879781836598718,0.00275));
#9503=CARTESIAN_POINT('',(0.000956217447916667,-0.00064989819409476,0.00275));
#9504=CARTESIAN_POINT('',(0.000957280036481229,-0.00090288073944358,0.00275));
#9505=CARTESIAN_POINT('',(0.00102872721354167,-0.000660233480553094,0.00275));
#9506=CARTESIAN_POINT('',(0.000969132623223049,-0.000863347089688697,0.00275));
#9507=CARTESIAN_POINT('',(0.00109220377604167,-0.00069115795971976,0.00275));
#9508=CARTESIAN_POINT('',(0.000978037366826389,-0.000850233876340637,0.00275));
#9509=CARTESIAN_POINT('',(0.00114103190104167,-0.00074169506909476,0.00275));
#9510=CARTESIAN_POINT('',(0.000979348295008926,-0.000847475149557199,0.00275));
#9511=CARTESIAN_POINT('',(7.81249999999979E-06,-0.00129874259513643,0.00275));
#9512=CARTESIAN_POINT('',(7.81249999999979E-06,-0.00133202710034476,0.00275));
#9513=CARTESIAN_POINT('',(7.81249999999979E-06,-0.00126545808992809,0.00275));
#9514=CARTESIAN_POINT('',(0.000246744791666666,-0.00133202710034476,0.00275));
#9515=CARTESIAN_POINT('',(0.000485677083333334,-0.00133202710034476,0.00275));
#9516=CARTESIAN_POINT('',(0.000485677083333334,-0.00129133699617809,0.00275));
#9517=CARTESIAN_POINT('',(0.000485677083333334,-0.00125064689201143,0.00275));
#9518=CARTESIAN_POINT('',(0.000309651692708333,-0.00125064689201143,0.00275));
#9519=CARTESIAN_POINT('',(0.000133626302083333,-0.00125064689201143,0.00275));
#9520=CARTESIAN_POINT('',(0.000133626302083333,-0.00124771720451143,0.00275));
#9521=CARTESIAN_POINT('',(0.000133626302083333,-0.00124478751701143,0.00275));
#9522=CARTESIAN_POINT('',(0.000218668619791667,-0.00115372306388643,0.00275));
#9523=CARTESIAN_POINT('',(0.0003037109375,-0.00106265861076143,0.00275));
#9524=CARTESIAN_POINT('',(-0.000859388770336688,4.44107656896167E-05,0.00275));
#9525=CARTESIAN_POINT('',(0.000405598958333333,-0.000944169027428094,0.00275));
#9526=CARTESIAN_POINT('',(0.000115413745432411,-0.000713032493372217,0.00275));
#9527=CARTESIAN_POINT('',(0.000457356770833334,-0.000855790121178094,0.00275));
#9528=CARTESIAN_POINT('',(0.000243110580754596,-0.000774247440952628,0.00275));
#9529=CARTESIAN_POINT('',(0.000472330729166667,-0.000774247152428094,0.00275));
#9530=CARTESIAN_POINT('',(0.000272913601950155,-0.000771764399090203,0.00275));
#9531=CARTESIAN_POINT('',(0.000443115234375,-0.000668045980553094,0.00275));
#9532=CARTESIAN_POINT('',(0.000263625136988351,-0.000778432008220903,0.00275));
#9533=CARTESIAN_POINT('',(0.000362467447916667,-0.000592199626386427,0.00275));
#9534=CARTESIAN_POINT('',(0.000249792882127485,-0.000806762119201633,0.00275));
#9535=CARTESIAN_POINT('',(0.000244466145833334,-0.000564123454511427,0.00275));
#9536=CARTESIAN_POINT('',(0.000240209110155722,-0.000815493795466526,0.00275));
#9537=CARTESIAN_POINT('',(0.000125244140625,-0.000592199626386427,0.00275));
#9538=CARTESIAN_POINT('',(0.000222841522871527,-0.000780751743917244,0.00275));
#9539=CARTESIAN_POINT('',(4.14225260416665E-05,-0.000670568767011427,0.00275));
#9540=CARTESIAN_POINT('',(0.000231230751347851,-0.000782152735731021,0.00275));
#9541=CARTESIAN_POINT('',(1.0952831689134E-05,-0.00078759350659476,0.00275));
#9542=CARTESIAN_POINT('',(5.43619791666666E-05,-0.00078759350659476,0.00275));
#9543=CARTESIAN_POINT('',(9.81331250990577E-05,-0.00078759350659476,0.00275));
#9544=CARTESIAN_POINT('',(0.000253728815388343,-0.000783446919858403,0.00275));
#9545=CARTESIAN_POINT('',(0.000115559895833333,-0.000712072673261427,0.00275));
#9546=CARTESIAN_POINT('',(0.000224709124284829,-0.000770937128545073,0.00275));
#9547=CARTESIAN_POINT('',(0.00016552734375,-0.000661942464928094,0.00275));
#9548=CARTESIAN_POINT('',(0.000237356671285629,-0.000799118439761571,0.00275));
#9549=CARTESIAN_POINT('',(0.000241536458333334,-0.00064403881909476,0.00275));
#9550=CARTESIAN_POINT('',(0.00024446720346065,-0.000812568535514731,0.00275));
#9551=CARTESIAN_POINT('',(0.000315511067708333,-0.00065990795971976,0.00275));
#9552=CARTESIAN_POINT('',(0.000262476083849054,-0.000773842015983613,0.00275));
#9553=CARTESIAN_POINT('',(0.000367513020833334,-0.000704992595136427,0.00275));
#9554=CARTESIAN_POINT('',(0.000262366252254056,-0.000770676288382421,0.00275));
#9555=CARTESIAN_POINT('',(0.000386555989583334,-0.000774247152428094,0.00275));
#9556=CARTESIAN_POINT('',(0.00022277515022168,-0.000774700211782059,0.00275));
#9557=CARTESIAN_POINT('',(0.000372721354166667,-0.00084057202221976,0.00275));
#9558=CARTESIAN_POINT('',(9.04997522754511E-05,-0.000709183621469535,0.00275));
#9559=CARTESIAN_POINT('',(0.000330403645833334,-0.00090795483471976,0.00275));
#9560=CARTESIAN_POINT('',(-0.000946434479956276,0.000127750954982689,0.00275));
#9561=CARTESIAN_POINT('',(0.0002578125,-0.00099169506909476,0.00275));
#9562=CARTESIAN_POINT('',(0.0001328125,-0.00112857657951143,0.00275));
#9563=CARTESIAN_POINT('',(-0.00039404296875,-0.000996903402428094,0.00275));
#9564=CARTESIAN_POINT('',(-0.000563476562500001,-0.00133202710034476,0.00275));
#9565=CARTESIAN_POINT('',(-0.000224609375,-0.000661779704511427,0.00275));
#9566=CARTESIAN_POINT('',(-0.000515380859375,-0.00133202710034476,0.00275));
#9567=CARTESIAN_POINT('',(-0.00046728515625,-0.00133202710034476,0.00275));
#9568=CARTESIAN_POINT('',(-0.000298583984375,-0.000996170980553094,0.00275));
#9569=CARTESIAN_POINT('',(-0.0001298828125,-0.000660314860761427,0.00275));
#9570=CARTESIAN_POINT('',(-0.0001298828125,-0.000617346110761427,0.00275));
#9571=CARTESIAN_POINT('',(-0.0001298828125,-0.000574377360761427,0.00275));
#9572=CARTESIAN_POINT('',(-0.00037255859375,-0.000574377360761427,0.00275));
#9573=CARTESIAN_POINT('',(-0.000615234375,-0.000574377360761427,0.00275));
#9574=CARTESIAN_POINT('',(-0.000615234375,-0.000615067464928094,0.00275));
#9575=CARTESIAN_POINT('',(-0.000615234375,-0.00065575756909476,0.00275));
#9576=CARTESIAN_POINT('',(-0.000419921875,-0.00065575756909476,0.00275));
#9577=CARTESIAN_POINT('',(-0.000224609375,-0.00065575756909476,0.00275));
#9578=CARTESIAN_POINT('',(-0.000224609375,-0.000658768636803094,0.00275));
#9579=CARTESIAN_POINT('',(-1.57703469710911E-05,0.000951111555246884,0.00275));
#9580=CARTESIAN_POINT('',(-7.81210469205101E-06,0.00018919332619699,0.00275));
#9581=CARTESIAN_POINT('',(-0.000373291397532888,0.000278411370735298,0.00275));
#9582=CARTESIAN_POINT('',(1.29977910647273E-06,0.00095343744188905,0.00275));
#9583=CARTESIAN_POINT('',(0.000332441374874261,0.000264794696515755,0.00275));
#9584=CARTESIAN_POINT('',(3.783230381761E-05,0.000870553811818068,0.00275));
#9585=CARTESIAN_POINT('',(0.000590380089375881,0.000484995771037501,0.00275));
#9586=CARTESIAN_POINT('',(0.000483843315305346,0.000556964674031719,0.00275));
#9587=CARTESIAN_POINT('',(0.000612555815961994,0.000559692955327563,0.00275));
#9588=CARTESIAN_POINT('',(0.000493984641414324,0.000566058844232395,0.00275));
#9589=CARTESIAN_POINT('',(0.000576568891238917,0.000650535624763654,0.00275));
#9590=CARTESIAN_POINT('',(0.000491657899088248,0.000559598017462063,0.00275));
#9591=CARTESIAN_POINT('',(0.00048806050881189,0.000684188262477666,0.00275));
#9592=CARTESIAN_POINT('',(0.000485327912260387,0.000567082703466486,0.00275));
#9593=CARTESIAN_POINT('',(0.000435928098942784,0.00067310039918461,0.00275));
#9594=CARTESIAN_POINT('',(0.000503386240128218,0.000551291943289571,0.00275));
#9595=CARTESIAN_POINT('',(0.000391187597935716,0.000634390139617625,0.00275));
#9596=CARTESIAN_POINT('',(-7.19738494461537E-06,0.000427805739315422,0.00275));
#9597=CARTESIAN_POINT('',(-7.19738494461537E-06,0.000427805739315422,0.003));
#9598=CARTESIAN_POINT('',(0.000153868418680831,0.000427805739315422,0.00275));
#9599=CARTESIAN_POINT('',(0.000153868418680831,0.000427805739315422,0.003));
#9600=CARTESIAN_POINT('',(0.000286663412974275,0.000496667206082823,0.00275));
#9601=CARTESIAN_POINT('',(0.000286663412974275,0.000496667206082823,0.003));
#9602=CARTESIAN_POINT('',(0.000391187597935716,0.000634390139617625,0.00275));
#9603=CARTESIAN_POINT('',(0.000391187597935716,0.000634390139617625,0.003));
#9604=CARTESIAN_POINT('',(-7.19738494461537E-06,0.000427805739315422,0.00275));
#9605=CARTESIAN_POINT('',(-1.35825474878696E-05,0.000908343311883738,0.00275));
#9606=CARTESIAN_POINT('',(-0.000247434422960831,0.000488886249385942,0.00275));
#9607=CARTESIAN_POINT('',(-2.46219715300792E-05,0.00087918901616693,0.00275));
#9608=CARTESIAN_POINT('',(-0.000420560709466443,0.000665708490322573,0.00275));
#9609=CARTESIAN_POINT('',(6.53251553948931E-05,0.000922983490882165,0.00275));
#9610=CARTESIAN_POINT('',(-0.000485337173967982,0.000938236498630846,0.00275));
#9611=CARTESIAN_POINT('',(0.000340502227725643,0.000938283131081157,0.00275));
#9612=CARTESIAN_POINT('',(-0.000411807133182452,0.00127923692587168,0.00275));
#9613=CARTESIAN_POINT('',(0.000263287777028045,0.00099364121586402,0.00275));
#9614=CARTESIAN_POINT('',(-0.000218839407099792,0.00154456754923533,0.00275));
#9615=CARTESIAN_POINT('',(2.50935853474427E-05,0.00164552546237737,0.00275));
#9616=CARTESIAN_POINT('',(2.50935853474427E-05,0.00164552546237737,0.003));
#9617=CARTESIAN_POINT('',(-5.79032860859597E-05,0.00164552546237737,0.00275));
#9618=CARTESIAN_POINT('',(-5.79032860859597E-05,0.00164552546237737,0.003));
#9619=CARTESIAN_POINT('',(-0.000139214283568371,0.00161187282466336,0.00275));
#9620=CARTESIAN_POINT('',(-0.000139214283568371,0.00161187282466336,0.003));
#9621=CARTESIAN_POINT('',(-0.000218839407099792,0.00154456754923533,0.00275));
#9622=CARTESIAN_POINT('',(-0.000218839407099792,0.00154456754923533,0.003));
#9623=CARTESIAN_POINT('',(2.50935853474427E-05,0.00164552546237737,0.00275));
#9624=CARTESIAN_POINT('',(0.000288868017371725,0.00154826350366635,0.00275));
#9625=CARTESIAN_POINT('',(0.000288868017371725,0.00154826350366635,0.003));
#9626=CARTESIAN_POINT('',(0.00022765782468959,0.0016131048094737,0.00275));
#9627=CARTESIAN_POINT('',(0.00022765782468959,0.0016131048094737,0.003));
#9628=CARTESIAN_POINT('',(0.00013973301401483,0.00164552546237737,0.00275));
#9629=CARTESIAN_POINT('',(0.00013973301401483,0.00164552546237737,0.003));
#9630=CARTESIAN_POINT('',(2.50935853474427E-05,0.00164552546237737,0.00275));
#9631=CARTESIAN_POINT('',(2.50935853474427E-05,0.00164552546237737,0.003));
#9632=CARTESIAN_POINT('',(0.000288868017371725,0.00154826350366635,0.00275));
#9633=CARTESIAN_POINT('',(0.000288868017371725,0.00153950992738236,0.00275));
#9634=CARTESIAN_POINT('',(0.000288868017371725,0.00153075635109837,0.00275));
#9635=CARTESIAN_POINT('',(0.000379427820925128,0.00153212241540849,0.00275));
#9636=CARTESIAN_POINT('',(0.000322520655085737,0.00146111678866128,0.00275));
#9637=CARTESIAN_POINT('',(0.000401824848882437,0.00155209652002739,0.00275));
#9638=CARTESIAN_POINT('',(0.00040597141565979,0.00143116010537829,0.00275));
#9639=CARTESIAN_POINT('',(0.00040845166388492,0.00154898559256795,0.00275));
#9640=CARTESIAN_POINT('',(0.000494479798086817,0.00146850869752332,0.00275));
#9641=CARTESIAN_POINT('',(0.000409108634641876,0.00155497062946034,0.00275));
#9642=CARTESIAN_POINT('',(0.000530466722809894,0.00155565541252839,0.00275));
#9643=CARTESIAN_POINT('',(0.000530466722809894,0.00163541021867142,0.00275));
#9644=CARTESIAN_POINT('',(0.000530466722809894,0.00171516502481446,0.00275));
#9645=CARTESIAN_POINT('',(0.000418231306427447,0.0017171356631602,0.00275));
#9646=CARTESIAN_POINT('',(0.000498175752517836,0.0017958924505446,0.00275));
#9647=CARTESIAN_POINT('',(0.000419770382339438,0.0017208162125709,0.00275));
#9648=CARTESIAN_POINT('',(0.000416086659365737,0.00182954508825862,0.00275));
#9649=CARTESIAN_POINT('',(0.000413095017074912,0.00172831153936052,0.00275));
#9650=CARTESIAN_POINT('',(0.000341430229978888,0.00179967539475092,0.00275));
#9651=CARTESIAN_POINT('',(5.45005162493301E-06,0.00122854144654283,0.00275));
#9652=CARTESIAN_POINT('',(0.000200748682779542,0.00186183605855067,0.00275));
#9653=CARTESIAN_POINT('',(4.16284608418883E-05,0.00136724434654655,0.00275));
#9654=CARTESIAN_POINT('',(4.2600737915426E-05,0.00188673511998069,0.00275));
#9655=CARTESIAN_POINT('',(-0.000327383753021288,0.00175368076046403,0.00275));
#9656=CARTESIAN_POINT('',(-0.000327383753021288,0.00175368076046403,0.003));
#9657=CARTESIAN_POINT('',(-0.000207038289442855,0.00184238366680847,0.00275));
#9658=CARTESIAN_POINT('',(-0.000207038289442855,0.00184238366680847,0.003));
#9659=CARTESIAN_POINT('',(-8.37101257972832E-05,0.00188673511998069,0.00275));
#9660=CARTESIAN_POINT('',(-8.37101257972832E-05,0.00188673511998069,0.003));
#9661=CARTESIAN_POINT('',(4.2600737915426E-05,0.00188673511998069,0.00275));
#9662=CARTESIAN_POINT('',(4.2600737915426E-05,0.00188673511998069,0.003));
#9663=CARTESIAN_POINT('',(-0.000327383753021288,0.00175368076046403,0.00275));
#9664=CARTESIAN_POINT('',(0.000271366160811295,0.000959982675061654,0.00275));
#9665=CARTESIAN_POINT('',(-0.000621114868328563,0.00140023080250818,0.00275));
#9666=CARTESIAN_POINT('',(0.000262788699729716,0.000938204772113501,0.00275));
#9667=CARTESIAN_POINT('',(-0.000734327788268189,0.000938236498630846,0.00275));
#9668=CARTESIAN_POINT('',(6.21694758533291E-05,0.000917017662933473,0.00275));
#9669=CARTESIAN_POINT('',(-0.000637260353474592,0.000538489848328561,0.00275));
#9670=CARTESIAN_POINT('',(-6.3510014438209E-05,0.000855956800957498,0.00275));
#9671=CARTESIAN_POINT('',(-0.000777994791666667,-0.00109521069409476,0.00275));
#9672=CARTESIAN_POINT('',(-0.000829752604166667,-0.00109521069409476,0.00275));
#9673=CARTESIAN_POINT('',(-0.000726236979166667,-0.00109521069409476,0.00275));
#9674=CARTESIAN_POINT('',(-0.000829752604166667,-0.000834794027428094,0.00275));
#9675=CARTESIAN_POINT('',(-0.000829752604166667,-0.000574377360761427,0.00275));
#9676=CARTESIAN_POINT('',(-0.000901448567708334,-0.000574377360761427,0.00275));
#9677=CARTESIAN_POINT('',(-0.000940755208333334,-0.000574377360761427,0.00275));
#9678=CARTESIAN_POINT('',(-0.001107177734375,-0.000837805095136427,0.00275));
#9679=CARTESIAN_POINT('',(-0.00127360026041667,-0.00110123282951143,0.00275));
#9680=CARTESIAN_POINT('',(-0.00127360026041667,-0.00113891186596976,0.00275));
#9681=CARTESIAN_POINT('',(-0.00127360026041667,-0.00117659090242809,0.00275));
#9682=CARTESIAN_POINT('',(-0.00109529622395833,-0.00117659090242809,0.00275));
#9683=CARTESIAN_POINT('',(-0.000916992187500001,-0.00117659090242809,0.00275));
#9684=CARTESIAN_POINT('',(-0.000916992187500001,-0.00125430900138643,0.00275));
#9685=CARTESIAN_POINT('',(-0.000916992187500001,-0.00133202710034476,0.00275));
#9686=CARTESIAN_POINT('',(-0.000873372395833334,-0.00133202710034476,0.00275));
#9687=CARTESIAN_POINT('',(-0.000829752604166667,-0.00133202710034476,0.00275));
#9688=CARTESIAN_POINT('',(-0.000829752604166667,-0.00125430900138643,0.00275));
#9689=CARTESIAN_POINT('',(-0.000829752604166667,-0.00117659090242809,0.00275));
#9690=CARTESIAN_POINT('',(-0.000777994791666667,-0.00117659090242809,0.00275));
#9691=CARTESIAN_POINT('',(-0.000726236979166667,-0.00117659090242809,0.00275));
#9692=CARTESIAN_POINT('',(-0.000726236979166667,-0.00113590079826143,0.00275));
#9693=CARTESIAN_POINT('',(-0.00174644660940672,0.00174644660940672,0.00275));
#9694=MECHANICAL_DESIGN_GEOMETRIC_PRESENTATION_REPRESENTATION('',(#5594),#9701);
#9695=MECHANICAL_DESIGN_GEOMETRIC_PRESENTATION_REPRESENTATION('',(#5595),#9702);
#9696=MECHANICAL_DESIGN_GEOMETRIC_PRESENTATION_REPRESENTATION('',(#5596),#9703);
#9697=MECHANICAL_DESIGN_GEOMETRIC_PRESENTATION_REPRESENTATION('',(#5597),#9704);
#9698=MECHANICAL_DESIGN_GEOMETRIC_PRESENTATION_REPRESENTATION('',(#5598),#9705);
#9699=MECHANICAL_DESIGN_GEOMETRIC_PRESENTATION_REPRESENTATION('',(#5599),#9706);
#9700=MECHANICAL_DESIGN_GEOMETRIC_PRESENTATION_REPRESENTATION('',(#5600),#9707);
#9701=(
GEOMETRIC_REPRESENTATION_CONTEXT(3)
GLOBAL_UNCERTAINTY_ASSIGNED_CONTEXT((#9708))
GLOBAL_UNIT_ASSIGNED_CONTEXT((#9729,#9722,#9715))
REPRESENTATION_CONTEXT('Part 1','TOP_LEVEL_ASSEMBLY_PART')
);
#9702=(
GEOMETRIC_REPRESENTATION_CONTEXT(3)
GLOBAL_UNCERTAINTY_ASSIGNED_CONTEXT((#9709))
GLOBAL_UNIT_ASSIGNED_CONTEXT((#9730,#9723,#9716))
REPRESENTATION_CONTEXT('Part 7','TOP_LEVEL_ASSEMBLY_PART')
);
#9703=(
GEOMETRIC_REPRESENTATION_CONTEXT(3)
GLOBAL_UNCERTAINTY_ASSIGNED_CONTEXT((#9710))
GLOBAL_UNIT_ASSIGNED_CONTEXT((#9731,#9724,#9717))
REPRESENTATION_CONTEXT('Part 4','TOP_LEVEL_ASSEMBLY_PART')
);
#9704=(
GEOMETRIC_REPRESENTATION_CONTEXT(3)
GLOBAL_UNCERTAINTY_ASSIGNED_CONTEXT((#9711))
GLOBAL_UNIT_ASSIGNED_CONTEXT((#9732,#9725,#9718))
REPRESENTATION_CONTEXT('Part 3','TOP_LEVEL_ASSEMBLY_PART')
);
#9705=(
GEOMETRIC_REPRESENTATION_CONTEXT(3)
GLOBAL_UNCERTAINTY_ASSIGNED_CONTEXT((#9712))
GLOBAL_UNIT_ASSIGNED_CONTEXT((#9733,#9726,#9719))
REPRESENTATION_CONTEXT('Part 2','TOP_LEVEL_ASSEMBLY_PART')
);
#9706=(
GEOMETRIC_REPRESENTATION_CONTEXT(3)
GLOBAL_UNCERTAINTY_ASSIGNED_CONTEXT((#9713))
GLOBAL_UNIT_ASSIGNED_CONTEXT((#9734,#9727,#9720))
REPRESENTATION_CONTEXT('Part 5','TOP_LEVEL_ASSEMBLY_PART')
);
#9707=(
GEOMETRIC_REPRESENTATION_CONTEXT(3)
GLOBAL_UNCERTAINTY_ASSIGNED_CONTEXT((#9714))
GLOBAL_UNIT_ASSIGNED_CONTEXT((#9735,#9728,#9721))
REPRESENTATION_CONTEXT('Part 6','TOP_LEVEL_ASSEMBLY_PART')
);
#9708=UNCERTAINTY_MEASURE_WITH_UNIT(LENGTH_MEASURE(1.E-08),#9729,'DISTANCE_ACCURACY_VALUE','Maximum Tolerance applied to model');
#9709=UNCERTAINTY_MEASURE_WITH_UNIT(LENGTH_MEASURE(1.E-08),#9730,'DISTANCE_ACCURACY_VALUE','Maximum Tolerance applied to model');
#9710=UNCERTAINTY_MEASURE_WITH_UNIT(LENGTH_MEASURE(1.E-08),#9731,'DISTANCE_ACCURACY_VALUE','Maximum Tolerance applied to model');
#9711=UNCERTAINTY_MEASURE_WITH_UNIT(LENGTH_MEASURE(1.E-08),#9732,'DISTANCE_ACCURACY_VALUE','Maximum Tolerance applied to model');
#9712=UNCERTAINTY_MEASURE_WITH_UNIT(LENGTH_MEASURE(1.E-08),#9733,'DISTANCE_ACCURACY_VALUE','Maximum Tolerance applied to model');
#9713=UNCERTAINTY_MEASURE_WITH_UNIT(LENGTH_MEASURE(2.E-05),#9734,'DISTANCE_ACCURACY_VALUE','Maximum Tolerance applied to model');
#9714=UNCERTAINTY_MEASURE_WITH_UNIT(LENGTH_MEASURE(2.E-05),#9735,'DISTANCE_ACCURACY_VALUE','Maximum Tolerance applied to model');
#9715=(
NAMED_UNIT(*)
SI_UNIT($,.STERADIAN.)
SOLID_ANGLE_UNIT()
);
#9716=(
NAMED_UNIT(*)
SI_UNIT($,.STERADIAN.)
SOLID_ANGLE_UNIT()
);
#9717=(
NAMED_UNIT(*)
SI_UNIT($,.STERADIAN.)
SOLID_ANGLE_UNIT()
);
#9718=(
NAMED_UNIT(*)
SI_UNIT($,.STERADIAN.)
SOLID_ANGLE_UNIT()
);
#9719=(
NAMED_UNIT(*)
SI_UNIT($,.STERADIAN.)
SOLID_ANGLE_UNIT()
);
#9720=(
NAMED_UNIT(*)
SI_UNIT($,.STERADIAN.)
SOLID_ANGLE_UNIT()
);
#9721=(
NAMED_UNIT(*)
SI_UNIT($,.STERADIAN.)
SOLID_ANGLE_UNIT()
);
#9722=(
NAMED_UNIT(*)
PLANE_ANGLE_UNIT()
SI_UNIT($,.RADIAN.)
);
#9723=(
NAMED_UNIT(*)
PLANE_ANGLE_UNIT()
SI_UNIT($,.RADIAN.)
);
#9724=(
NAMED_UNIT(*)
PLANE_ANGLE_UNIT()
SI_UNIT($,.RADIAN.)
);
#9725=(
NAMED_UNIT(*)
PLANE_ANGLE_UNIT()
SI_UNIT($,.RADIAN.)
);
#9726=(
NAMED_UNIT(*)
PLANE_ANGLE_UNIT()
SI_UNIT($,.RADIAN.)
);
#9727=(
NAMED_UNIT(*)
PLANE_ANGLE_UNIT()
SI_UNIT($,.RADIAN.)
);
#9728=(
NAMED_UNIT(*)
PLANE_ANGLE_UNIT()
SI_UNIT($,.RADIAN.)
);
#9729=(
LENGTH_UNIT()
NAMED_UNIT(*)
SI_UNIT($,.METRE.)
);
#9730=(
LENGTH_UNIT()
NAMED_UNIT(*)
SI_UNIT($,.METRE.)
);
#9731=(
LENGTH_UNIT()
NAMED_UNIT(*)
SI_UNIT($,.METRE.)
);
#9732=(
LENGTH_UNIT()
NAMED_UNIT(*)
SI_UNIT($,.METRE.)
);
#9733=(
LENGTH_UNIT()
NAMED_UNIT(*)
SI_UNIT($,.METRE.)
);
#9734=(
LENGTH_UNIT()
NAMED_UNIT(*)
SI_UNIT($,.METRE.)
);
#9735=(
LENGTH_UNIT()
NAMED_UNIT(*)
SI_UNIT($,.METRE.)
);
#9736=PRODUCT_DEFINITION_SHAPE('','',#9743);
#9737=PRODUCT_DEFINITION_SHAPE('','',#9744);
#9738=PRODUCT_DEFINITION_SHAPE('','',#9745);
#9739=PRODUCT_DEFINITION_SHAPE('','',#9746);
#9740=PRODUCT_DEFINITION_SHAPE('','',#9747);
#9741=PRODUCT_DEFINITION_SHAPE('','',#9748);
#9742=PRODUCT_DEFINITION_SHAPE('','',#9749);
#9743=PRODUCT_DEFINITION('','',#9757,#9750);
#9744=PRODUCT_DEFINITION('','',#9758,#9751);
#9745=PRODUCT_DEFINITION('','',#9759,#9752);
#9746=PRODUCT_DEFINITION('','',#9760,#9753);
#9747=PRODUCT_DEFINITION('','',#9761,#9754);
#9748=PRODUCT_DEFINITION('','',#9762,#9755);
#9749=PRODUCT_DEFINITION('','',#9763,#9756);
#9750=PRODUCT_DEFINITION_CONTEXT('',#9799,'design');
#9751=PRODUCT_DEFINITION_CONTEXT('',#9800,'design');
#9752=PRODUCT_DEFINITION_CONTEXT('',#9801,'design');
#9753=PRODUCT_DEFINITION_CONTEXT('',#9802,'design');
#9754=PRODUCT_DEFINITION_CONTEXT('',#9803,'design');
#9755=PRODUCT_DEFINITION_CONTEXT('',#9804,'design');
#9756=PRODUCT_DEFINITION_CONTEXT('',#9805,'design');
#9757=PRODUCT_DEFINITION_FORMATION_WITH_SPECIFIED_SOURCE('','',#9771,.NOT_KNOWN.);
#9758=PRODUCT_DEFINITION_FORMATION_WITH_SPECIFIED_SOURCE('','',#9772,.NOT_KNOWN.);
#9759=PRODUCT_DEFINITION_FORMATION_WITH_SPECIFIED_SOURCE('','',#9773,.NOT_KNOWN.);
#9760=PRODUCT_DEFINITION_FORMATION_WITH_SPECIFIED_SOURCE('','',#9774,.NOT_KNOWN.);
#9761=PRODUCT_DEFINITION_FORMATION_WITH_SPECIFIED_SOURCE('','',#9775,.NOT_KNOWN.);
#9762=PRODUCT_DEFINITION_FORMATION_WITH_SPECIFIED_SOURCE('','',#9776,.NOT_KNOWN.);
#9763=PRODUCT_DEFINITION_FORMATION_WITH_SPECIFIED_SOURCE('','',#9777,.NOT_KNOWN.);
#9764=PRODUCT_RELATED_PRODUCT_CATEGORY('','',(#9771));
#9765=PRODUCT_RELATED_PRODUCT_CATEGORY('','',(#9772));
#9766=PRODUCT_RELATED_PRODUCT_CATEGORY('','',(#9773));
#9767=PRODUCT_RELATED_PRODUCT_CATEGORY('','',(#9774));
#9768=PRODUCT_RELATED_PRODUCT_CATEGORY('','',(#9775));
#9769=PRODUCT_RELATED_PRODUCT_CATEGORY('','',(#9776));
#9770=PRODUCT_RELATED_PRODUCT_CATEGORY('','',(#9777));
#9771=PRODUCT('Part 1','Part 1','Part 1',(#9785));
#9772=PRODUCT('Part 7','Part 7','Part 7',(#9786));
#9773=PRODUCT('Part 4','Part 4','Part 4',(#9787));
#9774=PRODUCT('Part 3','Part 3','Part 3',(#9788));
#9775=PRODUCT('Part 2','Part 2','Part 2',(#9789));
#9776=PRODUCT('Part 5','Part 5','Part 5',(#9790));
#9777=PRODUCT('Part 6','Part 6','Part 6',(#9791));
#9778=PRODUCT_CATEGORY('','');
#9779=PRODUCT_CATEGORY('','');
#9780=PRODUCT_CATEGORY('','');
#9781=PRODUCT_CATEGORY('','');
#9782=PRODUCT_CATEGORY('','');
#9783=PRODUCT_CATEGORY('','');
#9784=PRODUCT_CATEGORY('','');
#9785=PRODUCT_CONTEXT('',#9799,'mechanical');
#9786=PRODUCT_CONTEXT('',#9800,'mechanical');
#9787=PRODUCT_CONTEXT('',#9801,'mechanical');
#9788=PRODUCT_CONTEXT('',#9802,'mechanical');
#9789=PRODUCT_CONTEXT('',#9803,'mechanical');
#9790=PRODUCT_CONTEXT('',#9804,'mechanical');
#9791=PRODUCT_CONTEXT('',#9805,'mechanical');
#9792=APPLICATION_PROTOCOL_DEFINITION('international standard','ap242_managed_model_based_3d_engineering',2020,#9799);
#9793=APPLICATION_PROTOCOL_DEFINITION('international standard','ap242_managed_model_based_3d_engineering',2020,#9800);
#9794=APPLICATION_PROTOCOL_DEFINITION('international standard','ap242_managed_model_based_3d_engineering',2020,#9801);
#9795=APPLICATION_PROTOCOL_DEFINITION('international standard','ap242_managed_model_based_3d_engineering',2020,#9802);
#9796=APPLICATION_PROTOCOL_DEFINITION('international standard','ap242_managed_model_based_3d_engineering',2020,#9803);
#9797=APPLICATION_PROTOCOL_DEFINITION('international standard','ap242_managed_model_based_3d_engineering',2020,#9804);
#9798=APPLICATION_PROTOCOL_DEFINITION('international standard','ap242_managed_model_based_3d_engineering',2020,#9805);
#9799=APPLICATION_CONTEXT('managed model based 3d engineering');
#9800=APPLICATION_CONTEXT('managed model based 3d engineering');
#9801=APPLICATION_CONTEXT('managed model based 3d engineering');
#9802=APPLICATION_CONTEXT('managed model based 3d engineering');
#9803=APPLICATION_CONTEXT('managed model based 3d engineering');
#9804=APPLICATION_CONTEXT('managed model based 3d engineering');
#9805=APPLICATION_CONTEXT('managed model based 3d engineering');
ENDSEC;
END-ISO-10303-21;
